page_date,box_name,box_subname,level_today_masl,level_max_masl,level_min_masl,turbined_m3s,spilled_m3s,pumping_mwh,unparsed_fields,version,n_versions,first_seen_utc,raw_file,content_sha256
2026-08-28,PLANICIE BANDERITA,Barreales,414.86,422.5,410.5,,,,,1,1,2026-09-28T22:43:27+00:00,20260828__f0557d13f0d7.html,f0557d13f0d7861ab61093da927a8e7083b25195f385ae1e79ccdacf410fb545
2026-08-28,ALICURA,,697.42,705.0,692.0,366.0,,,,1,1,2026-09-28T22:43:27+00:00,20260828__f0557d13f0d7.html,f0557d13f0d7861ab61093da927a8e7083b25195f385ae1e79ccdacf410fb545
2026-08-28,Mari Menuco,,413.41,413.5,410.5,126.0,,,,1,1,2026-09-28T22:43:27+00:00,20260828__f0557d13f0d7.html,f0557d13f0d7861ab61093da927a8e7083b25195f385ae1e79ccdacf410fb545
2026-08-28,EL CHOCON,,375.7,381.5,367.0,326.0,,,,1,1,2026-09-28T22:43:27+00:00,20260828__f0557d13f0d7.html,f0557d13f0d7861ab61093da927a8e7083b25195f385ae1e79ccdacf410fb545
2026-08-28,PIEDRA DEL AGUILA,,578.61,592.0,564.0,735.0,0.0,,,1,1,2026-09-28T22:43:27+00:00,20260828__f0557d13f0d7.html,f0557d13f0d7861ab61093da927a8e7083b25195f385ae1e79ccdacf410fb545
2026-08-28,ARROYITO,,312.95,317.0,310.5,300.0,0.0,,,1,1,2026-09-28T22:43:27+00:00,20260828__f0557d13f0d7.html,f0557d13f0d7861ab61093da927a8e7083b25195f385ae1e79ccdacf410fb545
2026-08-28,P.P.LEUFU,,478.68,,,672.0,0.0,,,1,1,2026-09-28T22:43:27+00:00,20260828__f0557d13f0d7.html,f0557d13f0d7861ab61093da927a8e7083b25195f385ae1e79ccdacf410fb545
2026-08-28,YACYRETA,,82.69,83.5,75.0,11400.0,1000.0,,,1,1,2026-09-28T22:43:27+00:00,20260828__f0557d13f0d7.html,f0557d13f0d7861ab61093da927a8e7083b25195f385ae1e79ccdacf410fb545
2026-08-28,SALTO GRANDE,,35.19,35.5,31.0,7853.0,0.0,,,1,1,2026-09-28T22:43:27+00:00,20260828__f0557d13f0d7.html,f0557d13f0d7861ab61093da927a8e7083b25195f385ae1e79ccdacf410fb545
2026-08-28,AMEGHINO,,134.53,166.0,137.7,0.0,0.0,,,1,1,2026-09-28T22:43:27+00:00,20260828__f0557d13f0d7.html,f0557d13f0d7861ab61093da927a8e7083b25195f385ae1e79ccdacf410fb545
2026-08-28,FUTALEUFU,,471.83,494.5,465.0,176.0,0.0,,,1,1,2026-09-28T22:43:27+00:00,20260828__f0557d13f0d7.html,f0557d13f0d7861ab61093da927a8e7083b25195f385ae1e79ccdacf410fb545
2026-08-28,RIO GRANDE,,874.45,876.0,866.0,18.0,,774.0,,1,1,2026-09-28T22:43:27+00:00,20260828__f0557d13f0d7.html,f0557d13f0d7861ab61093da927a8e7083b25195f385ae1e79ccdacf410fb545
2026-08-28,LOS CARACOLES,,1081.95,1110.0,1080.0,41.0,0.0,,,1,1,2026-09-28T22:43:27+00:00,20260828__f0557d13f0d7.html,f0557d13f0d7861ab61093da927a8e7083b25195f385ae1e79ccdacf410fb545
2026-08-28,PUNTA NEGRA,,925.8,950.0,920.0,60.0,0.0,,,1,1,2026-09-28T22:43:27+00:00,20260828__f0557d13f0d7.html,f0557d13f0d7861ab61093da927a8e7083b25195f385ae1e79ccdacf410fb545
2026-08-28,ULLUM,,,,,59.0,,,,1,1,2026-09-28T22:43:27+00:00,20260828__f0557d13f0d7.html,f0557d13f0d7861ab61093da927a8e7083b25195f385ae1e79ccdacf410fb545
2026-08-28,QUEBRADA DE ULLUM,,759.6,768.0,745.0,0.0,32.0,,,1,1,2026-09-28T22:43:27+00:00,20260828__f0557d13f0d7.html,f0557d13f0d7861ab61093da927a8e7083b25195f385ae1e79ccdacf410fb545
2026-08-29,PLANICIE BANDERITA,Barreales,415.01,422.5,410.5,,,,,1,1,2026-09-28T22:43:33+00:00,20260829__45a8e3f03c94.html,45a8e3f03c94174ae7d7100ce261d3e1f670f5ec5d5f77b3e90bb916750f572c
2026-08-29,ALICURA,,697.58,705.0,692.0,22.0,,,,1,1,2026-09-28T22:43:33+00:00,20260829__45a8e3f03c94.html,45a8e3f03c94174ae7d7100ce261d3e1f670f5ec5d5f77b3e90bb916750f572c
2026-08-29,Mari Menuco,,413.41,413.5,410.5,221.0,,,,1,1,2026-09-28T22:43:33+00:00,20260829__45a8e3f03c94.html,45a8e3f03c94174ae7d7100ce261d3e1f670f5ec5d5f77b3e90bb916750f572c
2026-08-29,EL CHOCON,,375.74,381.5,367.0,275.0,,,,1,1,2026-09-28T22:43:33+00:00,20260829__45a8e3f03c94.html,45a8e3f03c94174ae7d7100ce261d3e1f670f5ec5d5f77b3e90bb916750f572c
2026-08-29,PIEDRA DEL AGUILA,,578.63,592.0,564.0,626.0,0.0,,,1,1,2026-09-28T22:43:33+00:00,20260829__45a8e3f03c94.html,45a8e3f03c94174ae7d7100ce261d3e1f670f5ec5d5f77b3e90bb916750f572c
2026-08-29,ARROYITO,,313.51,317.0,310.5,300.0,0.0,,,1,1,2026-09-28T22:43:33+00:00,20260829__45a8e3f03c94.html,45a8e3f03c94174ae7d7100ce261d3e1f670f5ec5d5f77b3e90bb916750f572c
2026-08-29,P.P.LEUFU,,478.6,,,651.0,0.0,,,1,1,2026-09-28T22:43:33+00:00,20260829__45a8e3f03c94.html,45a8e3f03c94174ae7d7100ce261d3e1f670f5ec5d5f77b3e90bb916750f572c
2026-08-29,YACYRETA,,82.8,83.5,75.0,10100.0,1000.0,,,1,1,2026-09-28T22:43:33+00:00,20260829__45a8e3f03c94.html,45a8e3f03c94174ae7d7100ce261d3e1f670f5ec5d5f77b3e90bb916750f572c
2026-08-29,SALTO GRANDE,,35.06,35.5,31.0,7905.0,0.0,,,1,1,2026-09-28T22:43:33+00:00,20260829__45a8e3f03c94.html,45a8e3f03c94174ae7d7100ce261d3e1f670f5ec5d5f77b3e90bb916750f572c
2026-08-29,AMEGHINO,,134.55,166.0,137.7,0.0,0.0,,,1,1,2026-09-28T22:43:33+00:00,20260829__45a8e3f03c94.html,45a8e3f03c94174ae7d7100ce261d3e1f670f5ec5d5f77b3e90bb916750f572c
2026-08-29,FUTALEUFU,,471.95,494.5,465.0,176.0,0.0,,,1,1,2026-09-28T22:43:33+00:00,20260829__45a8e3f03c94.html,45a8e3f03c94174ae7d7100ce261d3e1f670f5ec5d5f77b3e90bb916750f572c
2026-08-29,RIO GRANDE,,874.28,876.0,866.0,0.0,,0.0,,1,1,2026-09-28T22:43:33+00:00,20260829__45a8e3f03c94.html,45a8e3f03c94174ae7d7100ce261d3e1f670f5ec5d5f77b3e90bb916750f572c
2026-08-29,LOS CARACOLES,,1081.8,1110.0,1080.0,40.0,0.0,,,1,1,2026-09-28T22:43:33+00:00,20260829__45a8e3f03c94.html,45a8e3f03c94174ae7d7100ce261d3e1f670f5ec5d5f77b3e90bb916750f572c
2026-08-29,PUNTA NEGRA,,925.74,950.0,920.0,60.0,0.0,,,1,1,2026-09-28T22:43:33+00:00,20260829__45a8e3f03c94.html,45a8e3f03c94174ae7d7100ce261d3e1f670f5ec5d5f77b3e90bb916750f572c
2026-08-29,ULLUM,,,,,58.0,,,,1,1,2026-09-28T22:43:33+00:00,20260829__45a8e3f03c94.html,45a8e3f03c94174ae7d7100ce261d3e1f670f5ec5d5f77b3e90bb916750f572c
2026-08-29,QUEBRADA DE ULLUM,,759.75,768.0,745.0,31.0,31.0,,,1,1,2026-09-28T22:43:33+00:00,20260829__45a8e3f03c94.html,45a8e3f03c94174ae7d7100ce261d3e1f670f5ec5d5f77b3e90bb916750f572c
2026-08-30,PLANICIE BANDERITA,Barreales,415.07,422.5,410.5,,,,,1,1,2026-09-28T22:43:36+00:00,20260830__6391a81fcf8a.html,6391a81fcf8ae5a7e0213132b5589eeb42a5cfe9f343276be39aab5183e46654
2026-08-30,ALICURA,,698.05,705.0,692.0,87.0,,,,1,1,2026-09-28T22:43:36+00:00,20260830__6391a81fcf8a.html,6391a81fcf8ae5a7e0213132b5589eeb42a5cfe9f343276be39aab5183e46654
2026-08-30,Mari Menuco,,413.41,413.5,410.5,221.0,,,,1,1,2026-09-28T22:43:36+00:00,20260830__6391a81fcf8a.html,6391a81fcf8ae5a7e0213132b5589eeb42a5cfe9f343276be39aab5183e46654
2026-08-30,EL CHOCON,,375.81,381.5,367.0,79.0,,,,1,1,2026-09-28T22:43:36+00:00,20260830__6391a81fcf8a.html,6391a81fcf8ae5a7e0213132b5589eeb42a5cfe9f343276be39aab5183e46654
2026-08-30,PIEDRA DEL AGUILA,,578.65,592.0,564.0,260.0,0.0,,,1,1,2026-09-28T22:43:36+00:00,20260830__6391a81fcf8a.html,6391a81fcf8ae5a7e0213132b5589eeb42a5cfe9f343276be39aab5183e46654
2026-08-30,ARROYITO,,313.48,317.0,310.5,300.0,0.0,,,1,1,2026-09-28T22:43:36+00:00,20260830__6391a81fcf8a.html,6391a81fcf8ae5a7e0213132b5589eeb42a5cfe9f343276be39aab5183e46654
2026-08-30,P.P.LEUFU,,478.62,,,254.0,0.0,,,1,1,2026-09-28T22:43:36+00:00,20260830__6391a81fcf8a.html,6391a81fcf8ae5a7e0213132b5589eeb42a5cfe9f343276be39aab5183e46654
2026-08-30,YACYRETA,,82.79,83.5,75.0,9300.0,1000.0,,,1,1,2026-09-28T22:43:36+00:00,20260830__6391a81fcf8a.html,6391a81fcf8ae5a7e0213132b5589eeb42a5cfe9f343276be39aab5183e46654
2026-08-30,SALTO GRANDE,,34.85,35.5,31.0,8001.0,0.0,,,1,1,2026-09-28T22:43:36+00:00,20260830__6391a81fcf8a.html,6391a81fcf8ae5a7e0213132b5589eeb42a5cfe9f343276be39aab5183e46654
2026-08-30,AMEGHINO,,134.6,166.0,137.7,0.0,0.0,,,1,1,2026-09-28T22:43:36+00:00,20260830__6391a81fcf8a.html,6391a81fcf8ae5a7e0213132b5589eeb42a5cfe9f343276be39aab5183e46654
2026-08-30,FUTALEUFU,,471.95,494.5,465.0,176.0,0.0,,,1,1,2026-09-28T22:43:36+00:00,20260830__6391a81fcf8a.html,6391a81fcf8ae5a7e0213132b5589eeb42a5cfe9f343276be39aab5183e46654
2026-08-30,RIO GRANDE,,874.21,876.0,866.0,24.0,,1165.5,,1,1,2026-09-28T22:43:36+00:00,20260830__6391a81fcf8a.html,6391a81fcf8ae5a7e0213132b5589eeb42a5cfe9f343276be39aab5183e46654
2026-08-30,LOS CARACOLES,,1081.6,1110.0,1080.0,42.0,0.0,,,1,1,2026-09-28T22:43:36+00:00,20260830__6391a81fcf8a.html,6391a81fcf8ae5a7e0213132b5589eeb42a5cfe9f343276be39aab5183e46654
2026-08-30,PUNTA NEGRA,,925.53,950.0,920.0,60.0,0.0,,,1,1,2026-09-28T22:43:36+00:00,20260830__6391a81fcf8a.html,6391a81fcf8ae5a7e0213132b5589eeb42a5cfe9f343276be39aab5183e46654
2026-08-30,ULLUM,,,,,59.0,,,,1,1,2026-09-28T22:43:36+00:00,20260830__6391a81fcf8a.html,6391a81fcf8ae5a7e0213132b5589eeb42a5cfe9f343276be39aab5183e46654
2026-08-30,QUEBRADA DE ULLUM,,759.89,768.0,745.0,31.0,0.0,,,1,1,2026-09-28T22:43:36+00:00,20260830__6391a81fcf8a.html,6391a81fcf8ae5a7e0213132b5589eeb42a5cfe9f343276be39aab5183e46654
2026-09-01,PLANICIE BANDERITA,Barreales,415.2,422.5,410.5,,,,,1,1,2026-09-28T22:43:42+00:00,20260901__4dbd5e211f40.html,4dbd5e211f40d48cd6ca069be8744e6aae5cf87798cfc61cce97f46ad245f146
2026-09-01,ALICURA,,698.86,705.0,692.0,261.0,,,,1,1,2026-09-28T22:43:42+00:00,20260901__4dbd5e211f40.html,4dbd5e211f40d48cd6ca069be8744e6aae5cf87798cfc61cce97f46ad245f146
2026-09-01,Mari Menuco,,413.36,413.5,410.5,253.0,,,,1,1,2026-09-28T22:43:42+00:00,20260901__4dbd5e211f40.html,4dbd5e211f40d48cd6ca069be8744e6aae5cf87798cfc61cce97f46ad245f146
2026-09-01,EL CHOCON,,375.86,381.5,367.0,549.0,,,,1,1,2026-09-28T22:43:42+00:00,20260901__4dbd5e211f40.html,4dbd5e211f40d48cd6ca069be8744e6aae5cf87798cfc61cce97f46ad245f146
2026-09-01,PIEDRA DEL AGUILA,,579.03,592.0,564.0,647.0,0.0,,,1,1,2026-09-28T22:43:42+00:00,20260901__4dbd5e211f40.html,4dbd5e211f40d48cd6ca069be8744e6aae5cf87798cfc61cce97f46ad245f146
2026-09-01,ARROYITO,,313.24,317.0,310.5,300.0,0.0,,,1,1,2026-09-28T22:43:42+00:00,20260901__4dbd5e211f40.html,4dbd5e211f40d48cd6ca069be8744e6aae5cf87798cfc61cce97f46ad245f146
2026-09-01,P.P.LEUFU,,478.7,,,651.0,0.0,,,1,1,2026-09-28T22:43:42+00:00,20260901__4dbd5e211f40.html,4dbd5e211f40d48cd6ca069be8744e6aae5cf87798cfc61cce97f46ad245f146
2026-09-01,YACYRETA,,82.81,83.5,75.0,10900.0,1000.0,,,1,1,2026-09-28T22:43:42+00:00,20260901__4dbd5e211f40.html,4dbd5e211f40d48cd6ca069be8744e6aae5cf87798cfc61cce97f46ad245f146
2026-09-01,SALTO GRANDE,,34.67,35.5,31.0,7640.0,0.0,,,1,1,2026-09-28T22:43:42+00:00,20260901__4dbd5e211f40.html,4dbd5e211f40d48cd6ca069be8744e6aae5cf87798cfc61cce97f46ad245f146
2026-09-01,AMEGHINO,,134.7,166.0,137.7,0.0,0.0,,,1,1,2026-09-28T22:43:42+00:00,20260901__4dbd5e211f40.html,4dbd5e211f40d48cd6ca069be8744e6aae5cf87798cfc61cce97f46ad245f146
2026-09-01,FUTALEUFU,,472.18,494.5,465.0,175.0,0.0,,,1,1,2026-09-28T22:43:42+00:00,20260901__4dbd5e211f40.html,4dbd5e211f40d48cd6ca069be8744e6aae5cf87798cfc61cce97f46ad245f146
2026-09-01,RIO GRANDE,,874.7,876.0,866.0,18.0,,0.0,,1,1,2026-09-28T22:43:42+00:00,20260901__4dbd5e211f40.html,4dbd5e211f40d48cd6ca069be8744e6aae5cf87798cfc61cce97f46ad245f146
2026-09-01,LOS CARACOLES,,1081.52,1110.0,1080.0,19.0,0.0,,,1,1,2026-09-28T22:43:42+00:00,20260901__4dbd5e211f40.html,4dbd5e211f40d48cd6ca069be8744e6aae5cf87798cfc61cce97f46ad245f146
2026-09-01,PUNTA NEGRA,,924.68,950.0,920.0,60.0,0.0,,,1,1,2026-09-28T22:43:42+00:00,20260901__4dbd5e211f40.html,4dbd5e211f40d48cd6ca069be8744e6aae5cf87798cfc61cce97f46ad245f146
2026-09-01,ULLUM,,,,,58.0,,,,1,1,2026-09-28T22:43:42+00:00,20260901__4dbd5e211f40.html,4dbd5e211f40d48cd6ca069be8744e6aae5cf87798cfc61cce97f46ad245f146
2026-09-01,QUEBRADA DE ULLUM,,760.58,768.0,745.0,0.0,7.0,,,1,1,2026-09-28T22:43:42+00:00,20260901__4dbd5e211f40.html,4dbd5e211f40d48cd6ca069be8744e6aae5cf87798cfc61cce97f46ad245f146
2026-09-02,PLANICIE BANDERITA,Barreales,415.24,422.5,410.5,,,,,1,1,2026-09-28T22:43:45+00:00,20260902__002cb823b2da.html,002cb823b2dab9ae46739040b757e751fb896a3672fe01799466b6e8e2e2eb3b
2026-09-02,ALICURA,,698.94,705.0,692.0,43.0,,,,1,1,2026-09-28T22:43:45+00:00,20260902__002cb823b2da.html,002cb823b2dab9ae46739040b757e751fb896a3672fe01799466b6e8e2e2eb3b
2026-09-02,Mari Menuco,,413.36,413.5,410.5,221.0,,,,1,1,2026-09-28T22:43:45+00:00,20260902__002cb823b2da.html,002cb823b2dab9ae46739040b757e751fb896a3672fe01799466b6e8e2e2eb3b
2026-09-02,EL CHOCON,,375.83,381.5,367.0,157.0,,,,1,1,2026-09-28T22:43:45+00:00,20260902__002cb823b2da.html,002cb823b2dab9ae46739040b757e751fb896a3672fe01799466b6e8e2e2eb3b
2026-09-02,PIEDRA DEL AGUILA,,579.21,592.0,564.0,138.0,0.0,,,1,1,2026-09-28T22:43:45+00:00,20260902__002cb823b2da.html,002cb823b2dab9ae46739040b757e751fb896a3672fe01799466b6e8e2e2eb3b
2026-09-02,ARROYITO,,313.68,317.0,310.5,300.0,0.0,,,1,1,2026-09-28T22:43:45+00:00,20260902__002cb823b2da.html,002cb823b2dab9ae46739040b757e751fb896a3672fe01799466b6e8e2e2eb3b
2026-09-02,P.P.LEUFU,,478.15,,,216.0,0.0,,,1,1,2026-09-28T22:43:45+00:00,20260902__002cb823b2da.html,002cb823b2dab9ae46739040b757e751fb896a3672fe01799466b6e8e2e2eb3b
2026-09-02,YACYRETA,,82.74,83.5,75.0,12900.0,1000.0,,,1,1,2026-09-28T22:43:45+00:00,20260902__002cb823b2da.html,002cb823b2dab9ae46739040b757e751fb896a3672fe01799466b6e8e2e2eb3b
2026-09-02,SALTO GRANDE,,34.64,35.5,31.0,7649.0,0.0,,,1,1,2026-09-28T22:43:45+00:00,20260902__002cb823b2da.html,002cb823b2dab9ae46739040b757e751fb896a3672fe01799466b6e8e2e2eb3b
2026-09-02,AMEGHINO,,134.8,166.0,137.7,0.0,0.0,,,1,1,2026-09-28T22:43:45+00:00,20260902__002cb823b2da.html,002cb823b2dab9ae46739040b757e751fb896a3672fe01799466b6e8e2e2eb3b
2026-09-02,FUTALEUFU,,472.27,494.5,465.0,175.0,0.0,,,1,1,2026-09-28T22:43:45+00:00,20260902__002cb823b2da.html,002cb823b2dab9ae46739040b757e751fb896a3672fe01799466b6e8e2e2eb3b
2026-09-02,RIO GRANDE,,875.02,876.0,866.0,18.0,,909.0,,1,1,2026-09-28T22:43:45+00:00,20260902__002cb823b2da.html,002cb823b2dab9ae46739040b757e751fb896a3672fe01799466b6e8e2e2eb3b
2026-09-02,LOS CARACOLES,,1081.49,1110.0,1080.0,28.0,0.0,,,1,1,2026-09-28T22:43:45+00:00,20260902__002cb823b2da.html,002cb823b2dab9ae46739040b757e751fb896a3672fe01799466b6e8e2e2eb3b
2026-09-02,PUNTA NEGRA,,924.4,950.0,920.0,60.0,0.0,,,1,1,2026-09-28T22:43:45+00:00,20260902__002cb823b2da.html,002cb823b2dab9ae46739040b757e751fb896a3672fe01799466b6e8e2e2eb3b
2026-09-02,ULLUM,,,,,59.0,,,,1,1,2026-09-28T22:43:45+00:00,20260902__002cb823b2da.html,002cb823b2dab9ae46739040b757e751fb896a3672fe01799466b6e8e2e2eb3b
2026-09-02,QUEBRADA DE ULLUM,,760.88,768.0,745.0,0.0,7.0,,,1,1,2026-09-28T22:43:45+00:00,20260902__002cb823b2da.html,002cb823b2dab9ae46739040b757e751fb896a3672fe01799466b6e8e2e2eb3b
2026-09-03,PLANICIE BANDERITA,Barreales,415.23,422.5,410.5,,,,,1,1,2026-09-28T22:43:48+00:00,20260903__167a9e0f68e1.html,167a9e0f68e1338fec3be8f7d2b0f555d990117f860348efa7ff032a64d70df8
2026-09-03,ALICURA,,699.31,705.0,692.0,0.0,,,,1,1,2026-09-28T22:43:48+00:00,20260903__167a9e0f68e1.html,167a9e0f68e1338fec3be8f7d2b0f555d990117f860348efa7ff032a64d70df8
2026-09-03,Mari Menuco,,413.44,413.5,410.5,221.0,,,,1,1,2026-09-28T22:43:48+00:00,20260903__167a9e0f68e1.html,167a9e0f68e1338fec3be8f7d2b0f555d990117f860348efa7ff032a64d70df8
2026-09-03,EL CHOCON,,375.89,381.5,367.0,0.0,,,,1,1,2026-09-28T22:43:48+00:00,20260903__167a9e0f68e1.html,167a9e0f68e1338fec3be8f7d2b0f555d990117f860348efa7ff032a64d70df8
2026-09-03,PIEDRA DEL AGUILA,,579.46,592.0,564.0,92.0,0.0,,,1,1,2026-09-28T22:43:48+00:00,20260903__167a9e0f68e1.html,167a9e0f68e1338fec3be8f7d2b0f555d990117f860348efa7ff032a64d70df8
2026-09-03,ARROYITO,,313.27,317.0,310.5,300.0,0.0,,,1,1,2026-09-28T22:43:48+00:00,20260903__167a9e0f68e1.html,167a9e0f68e1338fec3be8f7d2b0f555d990117f860348efa7ff032a64d70df8
2026-09-03,P.P.LEUFU,,477.86,,,220.0,0.0,,,1,1,2026-09-28T22:43:48+00:00,20260903__167a9e0f68e1.html,167a9e0f68e1338fec3be8f7d2b0f555d990117f860348efa7ff032a64d70df8
2026-09-03,YACYRETA,,82.84,83.5,75.0,13300.0,1000.0,,,1,1,2026-09-28T22:43:48+00:00,20260903__167a9e0f68e1.html,167a9e0f68e1338fec3be8f7d2b0f555d990117f860348efa7ff032a64d70df8
2026-09-03,SALTO GRANDE,,34.7,35.5,31.0,7625.0,0.0,,,1,1,2026-09-28T22:43:48+00:00,20260903__167a9e0f68e1.html,167a9e0f68e1338fec3be8f7d2b0f555d990117f860348efa7ff032a64d70df8
2026-09-03,AMEGHINO,,134.9,166.0,137.7,0.0,0.0,,,1,1,2026-09-28T22:43:48+00:00,20260903__167a9e0f68e1.html,167a9e0f68e1338fec3be8f7d2b0f555d990117f860348efa7ff032a64d70df8
2026-09-03,FUTALEUFU,,472.39,494.5,465.0,175.0,0.0,,,1,1,2026-09-28T22:43:48+00:00,20260903__167a9e0f68e1.html,167a9e0f68e1338fec3be8f7d2b0f555d990117f860348efa7ff032a64d70df8
2026-09-03,RIO GRANDE,,875.2,876.0,866.0,18.0,,972.0,,1,1,2026-09-28T22:43:48+00:00,20260903__167a9e0f68e1.html,167a9e0f68e1338fec3be8f7d2b0f555d990117f860348efa7ff032a64d70df8
2026-09-03,LOS CARACOLES,,1081.44,1110.0,1080.0,32.0,0.0,,,1,1,2026-09-28T22:43:48+00:00,20260903__167a9e0f68e1.html,167a9e0f68e1338fec3be8f7d2b0f555d990117f860348efa7ff032a64d70df8
2026-09-03,PUNTA NEGRA,,924.16,950.0,920.0,60.0,0.0,,,1,1,2026-09-28T22:43:48+00:00,20260903__167a9e0f68e1.html,167a9e0f68e1338fec3be8f7d2b0f555d990117f860348efa7ff032a64d70df8
2026-09-03,ULLUM,,,,,24.0,,,,1,1,2026-09-28T22:43:48+00:00,20260903__167a9e0f68e1.html,167a9e0f68e1338fec3be8f7d2b0f555d990117f860348efa7ff032a64d70df8
2026-09-03,QUEBRADA DE ULLUM,,761.15,768.0,745.0,0.0,7.0,,,1,1,2026-09-28T22:43:48+00:00,20260903__167a9e0f68e1.html,167a9e0f68e1338fec3be8f7d2b0f555d990117f860348efa7ff032a64d70df8
2026-09-04,PLANICIE BANDERITA,Barreales,415.26,422.5,410.5,,,,,1,1,2026-09-28T22:43:51+00:00,20260904__83dfb8019f11.html,83dfb8019f113d08702ee80448d98d8c2c9db9d4046c0443fe3453bb40c176b6
2026-09-04,ALICURA,,699.74,705.0,692.0,61.0,,,,1,1,2026-09-28T22:43:51+00:00,20260904__83dfb8019f11.html,83dfb8019f113d08702ee80448d98d8c2c9db9d4046c0443fe3453bb40c176b6
2026-09-04,Mari Menuco,,413.38,413.5,410.5,227.0,,,,1,1,2026-09-28T22:43:51+00:00,20260904__83dfb8019f11.html,83dfb8019f113d08702ee80448d98d8c2c9db9d4046c0443fe3453bb40c176b6
2026-09-04,EL CHOCON,,375.89,381.5,367.0,289.0,,,,1,1,2026-09-28T22:43:51+00:00,20260904__83dfb8019f11.html,83dfb8019f113d08702ee80448d98d8c2c9db9d4046c0443fe3453bb40c176b6
2026-09-04,PIEDRA DEL AGUILA,,579.65,592.0,564.0,227.0,0.0,,,1,1,2026-09-28T22:43:51+00:00,20260904__83dfb8019f11.html,83dfb8019f113d08702ee80448d98d8c2c9db9d4046c0443fe3453bb40c176b6
2026-09-04,ARROYITO,,312.99,317.0,310.5,300.0,0.0,,,1,1,2026-09-28T22:43:51+00:00,20260904__83dfb8019f11.html,83dfb8019f113d08702ee80448d98d8c2c9db9d4046c0443fe3453bb40c176b6
2026-09-04,P.P.LEUFU,,478.26,,,216.0,0.0,,,1,1,2026-09-28T22:43:51+00:00,20260904__83dfb8019f11.html,83dfb8019f113d08702ee80448d98d8c2c9db9d4046c0443fe3453bb40c176b6
2026-09-04,YACYRETA,,82.92,83.5,75.0,13100.0,2200.0,,,1,1,2026-09-28T22:43:51+00:00,20260904__83dfb8019f11.html,83dfb8019f113d08702ee80448d98d8c2c9db9d4046c0443fe3453bb40c176b6
2026-09-04,SALTO GRANDE,,34.61,35.5,31.0,7658.0,0.0,,,1,1,2026-09-28T22:43:51+00:00,20260904__83dfb8019f11.html,83dfb8019f113d08702ee80448d98d8c2c9db9d4046c0443fe3453bb40c176b6
2026-09-04,AMEGHINO,,135.0,166.0,137.7,0.0,0.0,,,1,1,2026-09-28T22:43:51+00:00,20260904__83dfb8019f11.html,83dfb8019f113d08702ee80448d98d8c2c9db9d4046c0443fe3453bb40c176b6
2026-09-04,FUTALEUFU,,472.51,494.5,465.0,175.0,0.0,,,1,1,2026-09-28T22:43:51+00:00,20260904__83dfb8019f11.html,83dfb8019f113d08702ee80448d98d8c2c9db9d4046c0443fe3453bb40c176b6
2026-09-04,RIO GRANDE,,875.01,876.0,866.0,18.0,,164.25,,1,1,2026-09-28T22:43:51+00:00,20260904__83dfb8019f11.html,83dfb8019f113d08702ee80448d98d8c2c9db9d4046c0443fe3453bb40c176b6
2026-09-04,LOS CARACOLES,,1081.35,1110.0,1080.0,33.0,0.0,,,1,1,2026-09-28T22:43:51+00:00,20260904__83dfb8019f11.html,83dfb8019f113d08702ee80448d98d8c2c9db9d4046c0443fe3453bb40c176b6
2026-09-04,PUNTA NEGRA,,923.81,950.0,920.0,32.0,0.0,,,1,1,2026-09-28T22:43:51+00:00,20260904__83dfb8019f11.html,83dfb8019f113d08702ee80448d98d8c2c9db9d4046c0443fe3453bb40c176b6
2026-09-04,ULLUM,,,,,60.0,,,,1,1,2026-09-28T22:43:51+00:00,20260904__83dfb8019f11.html,83dfb8019f113d08702ee80448d98d8c2c9db9d4046c0443fe3453bb40c176b6
2026-09-04,QUEBRADA DE ULLUM,,761.42,768.0,745.0,0.0,7.0,,,1,1,2026-09-28T22:43:51+00:00,20260904__83dfb8019f11.html,83dfb8019f113d08702ee80448d98d8c2c9db9d4046c0443fe3453bb40c176b6
2026-09-05,PLANICIE BANDERITA,Barreales,415.3,422.5,410.5,,,,,1,1,2026-09-28T22:43:54+00:00,20260905__4bc93d3782bf.html,4bc93d3782bff974cf5c8fb1c6d44b02f2994adb195facbbbbc1cd843a7ed03d
2026-09-05,ALICURA,,699.65,705.0,692.0,129.0,,,,1,1,2026-09-28T22:43:54+00:00,20260905__4bc93d3782bf.html,4bc93d3782bff974cf5c8fb1c6d44b02f2994adb195facbbbbc1cd843a7ed03d
2026-09-05,Mari Menuco,,413.43,413.5,410.5,227.0,,,,1,1,2026-09-28T22:43:54+00:00,20260905__4bc93d3782bf.html,4bc93d3782bff974cf5c8fb1c6d44b02f2994adb195facbbbbc1cd843a7ed03d
2026-09-05,EL CHOCON,,375.9,381.5,367.0,314.0,,,,1,1,2026-09-28T22:43:54+00:00,20260905__4bc93d3782bf.html,4bc93d3782bff974cf5c8fb1c6d44b02f2994adb195facbbbbc1cd843a7ed03d
2026-09-05,PIEDRA DEL AGUILA,,579.96,592.0,564.0,229.0,0.0,,,1,1,2026-09-28T22:43:54+00:00,20260905__4bc93d3782bf.html,4bc93d3782bff974cf5c8fb1c6d44b02f2994adb195facbbbbc1cd843a7ed03d
2026-09-05,ARROYITO,,312.4,317.0,310.5,300.0,0.0,,,1,1,2026-09-28T22:43:54+00:00,20260905__4bc93d3782bf.html,4bc93d3782bff974cf5c8fb1c6d44b02f2994adb195facbbbbc1cd843a7ed03d
2026-09-05,P.P.LEUFU,,478.34,,,216.0,0.0,,,1,1,2026-09-28T22:43:54+00:00,20260905__4bc93d3782bf.html,4bc93d3782bff974cf5c8fb1c6d44b02f2994adb195facbbbbc1cd843a7ed03d
2026-09-05,YACYRETA,,82.96,83.5,75.0,13200.0,2200.0,,,1,1,2026-09-28T22:43:54+00:00,20260905__4bc93d3782bf.html,4bc93d3782bff974cf5c8fb1c6d44b02f2994adb195facbbbbc1cd843a7ed03d
2026-09-05,SALTO GRANDE,,34.58,35.5,31.0,7633.0,0.0,,,1,1,2026-09-28T22:43:54+00:00,20260905__4bc93d3782bf.html,4bc93d3782bff974cf5c8fb1c6d44b02f2994adb195facbbbbc1cd843a7ed03d
2026-09-05,AMEGHINO,,135.1,166.0,137.7,0.0,0.0,,,1,1,2026-09-28T22:43:54+00:00,20260905__4bc93d3782bf.html,4bc93d3782bff974cf5c8fb1c6d44b02f2994adb195facbbbbc1cd843a7ed03d
2026-09-05,FUTALEUFU,,472.59,494.5,465.0,175.0,0.0,,,1,1,2026-09-28T22:43:54+00:00,20260905__4bc93d3782bf.html,4bc93d3782bff974cf5c8fb1c6d44b02f2994adb195facbbbbc1cd843a7ed03d
2026-09-05,RIO GRANDE,,874.9,876.0,866.0,1.0,,0.0,,1,1,2026-09-28T22:43:54+00:00,20260905__4bc93d3782bf.html,4bc93d3782bff974cf5c8fb1c6d44b02f2994adb195facbbbbc1cd843a7ed03d
2026-09-05,LOS CARACOLES,,1081.29,1110.0,1080.0,0.0,0.0,,,1,1,2026-09-28T22:43:54+00:00,20260905__4bc93d3782bf.html,4bc93d3782bff974cf5c8fb1c6d44b02f2994adb195facbbbbc1cd843a7ed03d
2026-09-05,PUNTA NEGRA,,923.59,950.0,920.0,0.0,0.0,,,1,1,2026-09-28T22:43:54+00:00,20260905__4bc93d3782bf.html,4bc93d3782bff974cf5c8fb1c6d44b02f2994adb195facbbbbc1cd843a7ed03d
2026-09-05,ULLUM,,,,,0.0,,,,1,1,2026-09-28T22:43:54+00:00,20260905__4bc93d3782bf.html,4bc93d3782bff974cf5c8fb1c6d44b02f2994adb195facbbbbc1cd843a7ed03d
2026-09-05,QUEBRADA DE ULLUM,,761.66,768.0,745.0,0.0,0.0,,,1,1,2026-09-28T22:43:54+00:00,20260905__4bc93d3782bf.html,4bc93d3782bff974cf5c8fb1c6d44b02f2994adb195facbbbbc1cd843a7ed03d
2026-09-06,PLANICIE BANDERITA,Barreales,415.35,422.5,410.5,,,,,1,1,2026-09-28T22:44:06+00:00,20260906__1e0cac5e744c.html,1e0cac5e744cce28fb5bd4607978127b4609682033045164a3688f0893670eb2
2026-09-06,ALICURA,,699.88,705.0,692.0,624.0,,,,1,1,2026-09-28T22:44:06+00:00,20260906__1e0cac5e744c.html,1e0cac5e744cce28fb5bd4607978127b4609682033045164a3688f0893670eb2
2026-09-06,Mari Menuco,,413.34,413.5,410.5,228.0,,,,1,1,2026-09-28T22:44:06+00:00,20260906__1e0cac5e744c.html,1e0cac5e744cce28fb5bd4607978127b4609682033045164a3688f0893670eb2
2026-09-06,EL CHOCON,,375.91,381.5,367.0,588.0,,,,1,1,2026-09-28T22:44:06+00:00,20260906__1e0cac5e744c.html,1e0cac5e744cce28fb5bd4607978127b4609682033045164a3688f0893670eb2
2026-09-06,PIEDRA DEL AGUILA,,580.17,592.0,564.0,245.0,0.0,,,1,1,2026-09-28T22:44:06+00:00,20260906__1e0cac5e744c.html,1e0cac5e744cce28fb5bd4607978127b4609682033045164a3688f0893670eb2
2026-09-06,ARROYITO,,311.71,317.0,310.5,300.0,0.0,,,1,1,2026-09-28T22:44:06+00:00,20260906__1e0cac5e744c.html,1e0cac5e744cce28fb5bd4607978127b4609682033045164a3688f0893670eb2
2026-09-06,P.P.LEUFU,,478.57,,,214.0,0.0,,,1,1,2026-09-28T22:44:06+00:00,20260906__1e0cac5e744c.html,1e0cac5e744cce28fb5bd4607978127b4609682033045164a3688f0893670eb2
2026-09-06,YACYRETA,,82.96,83.5,75.0,13200.0,1600.0,,,1,1,2026-09-28T22:44:06+00:00,20260906__1e0cac5e744c.html,1e0cac5e744cce28fb5bd4607978127b4609682033045164a3688f0893670eb2
2026-09-06,SALTO GRANDE,,34.61,35.5,31.0,7606.0,0.0,,,1,1,2026-09-28T22:44:06+00:00,20260906__1e0cac5e744c.html,1e0cac5e744cce28fb5bd4607978127b4609682033045164a3688f0893670eb2
2026-09-06,AMEGHINO,,135.15,166.0,137.7,0.0,0.0,,,1,1,2026-09-28T22:44:06+00:00,20260906__1e0cac5e744c.html,1e0cac5e744cce28fb5bd4607978127b4609682033045164a3688f0893670eb2
2026-09-06,FUTALEUFU,,472.64,494.5,465.0,175.0,0.0,,,1,1,2026-09-28T22:44:06+00:00,20260906__1e0cac5e744c.html,1e0cac5e744cce28fb5bd4607978127b4609682033045164a3688f0893670eb2
2026-09-06,RIO GRANDE,,874.47,876.0,866.0,22.0,,0.0,,1,1,2026-09-28T22:44:06+00:00,20260906__1e0cac5e744c.html,1e0cac5e744cce28fb5bd4607978127b4609682033045164a3688f0893670eb2
2026-09-06,LOS CARACOLES,,1081.19,1110.0,1080.0,31.0,0.0,,,1,1,2026-09-28T22:44:06+00:00,20260906__1e0cac5e744c.html,1e0cac5e744cce28fb5bd4607978127b4609682033045164a3688f0893670eb2
2026-09-06,PUNTA NEGRA,,923.53,950.0,920.0,60.0,0.0,,,1,1,2026-09-28T22:44:06+00:00,20260906__1e0cac5e744c.html,1e0cac5e744cce28fb5bd4607978127b4609682033045164a3688f0893670eb2
2026-09-06,ULLUM,,,,,61.0,,,,1,1,2026-09-28T22:44:06+00:00,20260906__1e0cac5e744c.html,1e0cac5e744cce28fb5bd4607978127b4609682033045164a3688f0893670eb2
2026-09-06,QUEBRADA DE ULLUM,,761.93,768.0,745.0,0.0,7.0,,,1,1,2026-09-28T22:44:06+00:00,20260906__1e0cac5e744c.html,1e0cac5e744cce28fb5bd4607978127b4609682033045164a3688f0893670eb2
2026-09-07,PLANICIE BANDERITA,Barreales,415.35,422.5,410.5,,,,,1,1,2026-09-28T22:44:10+00:00,20260907__f6cb1ee40168.html,f6cb1ee401686fed89e252a032815aef64f3c67c50d804b8557ae8709e48e787
2026-09-07,ALICURA,,699.32,705.0,692.0,829.0,,,,1,1,2026-09-28T22:44:10+00:00,20260907__f6cb1ee40168.html,f6cb1ee401686fed89e252a032815aef64f3c67c50d804b8557ae8709e48e787
2026-09-07,Mari Menuco,,413.4,413.5,410.5,227.0,,,,1,1,2026-09-28T22:44:10+00:00,20260907__f6cb1ee40168.html,f6cb1ee401686fed89e252a032815aef64f3c67c50d804b8557ae8709e48e787
2026-09-07,EL CHOCON,,375.85,381.5,367.0,392.0,,,,1,1,2026-09-28T22:44:10+00:00,20260907__f6cb1ee40168.html,f6cb1ee401686fed89e252a032815aef64f3c67c50d804b8557ae8709e48e787
2026-09-07,PIEDRA DEL AGUILA,,580.53,592.0,564.0,208.0,0.0,,,1,1,2026-09-28T22:44:10+00:00,20260907__f6cb1ee40168.html,f6cb1ee401686fed89e252a032815aef64f3c67c50d804b8557ae8709e48e787
2026-09-07,ARROYITO,,312.7,317.0,310.5,300.0,0.0,,,1,1,2026-09-28T22:44:10+00:00,20260907__f6cb1ee40168.html,f6cb1ee401686fed89e252a032815aef64f3c67c50d804b8557ae8709e48e787
2026-09-07,P.P.LEUFU,,478.42,,,216.0,0.0,,,1,1,2026-09-28T22:44:10+00:00,20260907__f6cb1ee40168.html,f6cb1ee401686fed89e252a032815aef64f3c67c50d804b8557ae8709e48e787
2026-09-07,YACYRETA,,82.05,83.5,75.0,12700.0,1000.0,,,1,1,2026-09-28T22:44:10+00:00,20260907__f6cb1ee40168.html,f6cb1ee401686fed89e252a032815aef64f3c67c50d804b8557ae8709e48e787
2026-09-07,SALTO GRANDE,,34.7,35.5,31.0,7755.0,1000.0,,,1,1,2026-09-28T22:44:10+00:00,20260907__f6cb1ee40168.html,f6cb1ee401686fed89e252a032815aef64f3c67c50d804b8557ae8709e48e787
2026-09-07,AMEGHINO,,135.17,166.0,137.7,0.0,0.0,,,1,1,2026-09-28T22:44:10+00:00,20260907__f6cb1ee40168.html,f6cb1ee401686fed89e252a032815aef64f3c67c50d804b8557ae8709e48e787
2026-09-07,FUTALEUFU,,472.7,494.5,465.0,174.0,0.0,,,1,1,2026-09-28T22:44:10+00:00,20260907__f6cb1ee40168.html,f6cb1ee401686fed89e252a032815aef64f3c67c50d804b8557ae8709e48e787
2026-09-07,RIO GRANDE,,874.21,876.0,866.0,27.0,,1206.0,,1,1,2026-09-28T22:44:10+00:00,20260907__f6cb1ee40168.html,f6cb1ee401686fed89e252a032815aef64f3c67c50d804b8557ae8709e48e787
2026-09-07,LOS CARACOLES,,1081.14,1110.0,1080.0,32.0,0.0,,,1,1,2026-09-28T22:44:10+00:00,20260907__f6cb1ee40168.html,f6cb1ee401686fed89e252a032815aef64f3c67c50d804b8557ae8709e48e787
2026-09-07,PUNTA NEGRA,,923.25,950.0,920.0,60.0,0.0,,,1,1,2026-09-28T22:44:10+00:00,20260907__f6cb1ee40168.html,f6cb1ee401686fed89e252a032815aef64f3c67c50d804b8557ae8709e48e787
2026-09-07,ULLUM,,,,,61.0,,,,1,1,2026-09-28T22:44:10+00:00,20260907__f6cb1ee40168.html,f6cb1ee401686fed89e252a032815aef64f3c67c50d804b8557ae8709e48e787
2026-09-07,QUEBRADA DE ULLUM,,762.21,768.0,745.0,0.0,7.0,,,1,1,2026-09-28T22:44:10+00:00,20260907__f6cb1ee40168.html,f6cb1ee401686fed89e252a032815aef64f3c67c50d804b8557ae8709e48e787
2026-09-08,PLANICIE BANDERITA,Barreales,415.36,422.5,410.5,,,,,1,1,2026-09-28T22:44:12+00:00,20260908__3e5c2f2ebec0.html,3e5c2f2ebec09ae652750627f7d083ca40d195520748fe4718185640ed26931d
2026-09-08,ALICURA,,699.12,705.0,692.0,360.0,,,,1,1,2026-09-28T22:44:12+00:00,20260908__3e5c2f2ebec0.html,3e5c2f2ebec09ae652750627f7d083ca40d195520748fe4718185640ed26931d
2026-09-08,Mari Menuco,,413.43,413.5,410.5,227.0,,,,1,1,2026-09-28T22:44:12+00:00,20260908__3e5c2f2ebec0.html,3e5c2f2ebec09ae652750627f7d083ca40d195520748fe4718185640ed26931d
2026-09-08,EL CHOCON,,375.84,381.5,367.0,431.0,,,,1,1,2026-09-28T22:44:12+00:00,20260908__3e5c2f2ebec0.html,3e5c2f2ebec09ae652750627f7d083ca40d195520748fe4718185640ed26931d
2026-09-08,PIEDRA DEL AGUILA,,580.82,592.0,564.0,540.0,0.0,,,1,1,2026-09-28T22:44:12+00:00,20260908__3e5c2f2ebec0.html,3e5c2f2ebec09ae652750627f7d083ca40d195520748fe4718185640ed26931d
2026-09-08,ARROYITO,,312.93,317.0,310.5,300.0,0.0,,,1,1,2026-09-28T22:44:12+00:00,20260908__3e5c2f2ebec0.html,3e5c2f2ebec09ae652750627f7d083ca40d195520748fe4718185640ed26931d
2026-09-08,P.P.LEUFU,,478.37,,,483.0,0.0,,,1,1,2026-09-28T22:44:12+00:00,20260908__3e5c2f2ebec0.html,3e5c2f2ebec09ae652750627f7d083ca40d195520748fe4718185640ed26931d
2026-09-08,YACYRETA,,82.9,83.5,75.0,12400.0,1000.0,,,1,1,2026-09-28T22:44:12+00:00,20260908__3e5c2f2ebec0.html,3e5c2f2ebec09ae652750627f7d083ca40d195520748fe4718185640ed26931d
2026-09-08,SALTO GRANDE,,34.83,35.5,31.0,7818.0,1500.0,,,1,1,2026-09-28T22:44:12+00:00,20260908__3e5c2f2ebec0.html,3e5c2f2ebec09ae652750627f7d083ca40d195520748fe4718185640ed26931d
2026-09-08,AMEGHINO,,135.2,166.0,137.7,0.0,0.0,,,1,1,2026-09-28T22:44:12+00:00,20260908__3e5c2f2ebec0.html,3e5c2f2ebec09ae652750627f7d083ca40d195520748fe4718185640ed26931d
2026-09-08,FUTALEUFU,,472.77,494.5,465.0,174.0,0.0,,,1,1,2026-09-28T22:44:12+00:00,20260908__3e5c2f2ebec0.html,3e5c2f2ebec09ae652750627f7d083ca40d195520748fe4718185640ed26931d
2026-09-08,RIO GRANDE,,873.99,876.0,866.0,18.0,,1095.75,,1,1,2026-09-28T22:44:12+00:00,20260908__3e5c2f2ebec0.html,3e5c2f2ebec09ae652750627f7d083ca40d195520748fe4718185640ed26931d
2026-09-08,LOS CARACOLES,,1081.24,1110.0,1080.0,18.0,0.0,,,1,1,2026-09-28T22:44:12+00:00,20260908__3e5c2f2ebec0.html,3e5c2f2ebec09ae652750627f7d083ca40d195520748fe4718185640ed26931d
2026-09-08,PUNTA NEGRA,,923.1,950.0,920.0,42.0,0.0,,,1,1,2026-09-28T22:44:12+00:00,20260908__3e5c2f2ebec0.html,3e5c2f2ebec09ae652750627f7d083ca40d195520748fe4718185640ed26931d
2026-09-08,ULLUM,,,,,43.0,,,,1,1,2026-09-28T22:44:12+00:00,20260908__3e5c2f2ebec0.html,3e5c2f2ebec09ae652750627f7d083ca40d195520748fe4718185640ed26931d
2026-09-08,QUEBRADA DE ULLUM,,762.19,768.0,745.0,41.0,0.0,,,1,1,2026-09-28T22:44:12+00:00,20260908__3e5c2f2ebec0.html,3e5c2f2ebec09ae652750627f7d083ca40d195520748fe4718185640ed26931d
2026-09-09,PLANICIE BANDERITA,Barreales,415.38,422.5,410.5,,,,,1,1,2026-09-28T22:44:16+00:00,20260909__c619720b9c64.html,c619720b9c6428a65cfe3aed95ca48e9a374a6ac63ea810bdc00562328c006a2
2026-09-09,ALICURA,,699.18,705.0,692.0,107.0,,,,1,1,2026-09-28T22:44:16+00:00,20260909__c619720b9c64.html,c619720b9c6428a65cfe3aed95ca48e9a374a6ac63ea810bdc00562328c006a2
2026-09-09,Mari Menuco,,413.45,413.5,410.5,227.0,,,,1,1,2026-09-28T22:44:16+00:00,20260909__c619720b9c64.html,c619720b9c6428a65cfe3aed95ca48e9a374a6ac63ea810bdc00562328c006a2
2026-09-09,EL CHOCON,,375.84,381.5,367.0,94.0,,,,1,1,2026-09-28T22:44:16+00:00,20260909__c619720b9c64.html,c619720b9c6428a65cfe3aed95ca48e9a374a6ac63ea810bdc00562328c006a2
2026-09-09,PIEDRA DEL AGUILA,,580.96,592.0,564.0,209.0,0.0,,,1,1,2026-09-28T22:44:16+00:00,20260909__c619720b9c64.html,c619720b9c6428a65cfe3aed95ca48e9a374a6ac63ea810bdc00562328c006a2
2026-09-09,ARROYITO,,312.81,317.0,310.5,300.0,0.0,,,1,1,2026-09-28T22:44:16+00:00,20260909__c619720b9c64.html,c619720b9c6428a65cfe3aed95ca48e9a374a6ac63ea810bdc00562328c006a2
2026-09-09,P.P.LEUFU,,478.62,,,234.0,0.0,,,1,1,2026-09-28T22:44:16+00:00,20260909__c619720b9c64.html,c619720b9c6428a65cfe3aed95ca48e9a374a6ac63ea810bdc00562328c006a2
2026-09-09,YACYRETA,,82.86,83.5,75.0,12200.0,1000.0,,,1,1,2026-09-28T22:44:16+00:00,20260909__c619720b9c64.html,c619720b9c6428a65cfe3aed95ca48e9a374a6ac63ea810bdc00562328c006a2
2026-09-09,SALTO GRANDE,,34.92,35.5,31.0,7808.0,1500.0,,,1,1,2026-09-28T22:44:16+00:00,20260909__c619720b9c64.html,c619720b9c6428a65cfe3aed95ca48e9a374a6ac63ea810bdc00562328c006a2
2026-09-09,AMEGHINO,,135.22,166.0,137.7,0.0,0.0,,,1,1,2026-09-28T22:44:16+00:00,20260909__c619720b9c64.html,c619720b9c6428a65cfe3aed95ca48e9a374a6ac63ea810bdc00562328c006a2
2026-09-09,FUTALEUFU,,472.85,494.5,465.0,174.0,0.0,,,1,1,2026-09-28T22:44:16+00:00,20260909__c619720b9c64.html,c619720b9c6428a65cfe3aed95ca48e9a374a6ac63ea810bdc00562328c006a2
2026-09-09,RIO GRANDE,,874.38,876.0,866.0,18.0,,1908.0,,1,1,2026-09-28T22:44:16+00:00,20260909__c619720b9c64.html,c619720b9c6428a65cfe3aed95ca48e9a374a6ac63ea810bdc00562328c006a2
2026-09-09,LOS CARACOLES,,1081.2,1110.0,1080.0,33.0,0.0,,,1,1,2026-09-28T22:44:16+00:00,20260909__c619720b9c64.html,c619720b9c6428a65cfe3aed95ca48e9a374a6ac63ea810bdc00562328c006a2
2026-09-09,PUNTA NEGRA,,922.58,950.0,920.0,32.0,0.0,,,1,1,2026-09-28T22:44:16+00:00,20260909__c619720b9c64.html,c619720b9c6428a65cfe3aed95ca48e9a374a6ac63ea810bdc00562328c006a2
2026-09-09,ULLUM,,,,,31.0,,,,1,1,2026-09-28T22:44:16+00:00,20260909__c619720b9c64.html,c619720b9c6428a65cfe3aed95ca48e9a374a6ac63ea810bdc00562328c006a2
2026-09-09,QUEBRADA DE ULLUM,,762.19,768.0,745.0,41.0,0.0,,,1,1,2026-09-28T22:44:16+00:00,20260909__c619720b9c64.html,c619720b9c6428a65cfe3aed95ca48e9a374a6ac63ea810bdc00562328c006a2
2026-09-10,PLANICIE BANDERITA,Barreales,415.39,422.5,410.5,,,,,1,1,2026-09-28T22:44:22+00:00,20260910__7f50dda3b8bf.html,7f50dda3b8bfa62ee26c4e72429af980a29a3bd0744449dd94c1c07c373f8b52
2026-09-10,ALICURA,,699.28,705.0,692.0,346.0,,,,1,1,2026-09-28T22:44:22+00:00,20260910__7f50dda3b8bf.html,7f50dda3b8bfa62ee26c4e72429af980a29a3bd0744449dd94c1c07c373f8b52
2026-09-10,Mari Menuco,,413.39,413.5,410.5,284.0,,,,1,1,2026-09-28T22:44:22+00:00,20260910__7f50dda3b8bf.html,7f50dda3b8bfa62ee26c4e72429af980a29a3bd0744449dd94c1c07c373f8b52
2026-09-10,EL CHOCON,,375.87,381.5,367.0,706.0,,,,1,1,2026-09-28T22:44:22+00:00,20260910__7f50dda3b8bf.html,7f50dda3b8bfa62ee26c4e72429af980a29a3bd0744449dd94c1c07c373f8b52
2026-09-10,PIEDRA DEL AGUILA,,581.07,592.0,564.0,634.0,0.0,,,1,1,2026-09-28T22:44:22+00:00,20260910__7f50dda3b8bf.html,7f50dda3b8bfa62ee26c4e72429af980a29a3bd0744449dd94c1c07c373f8b52
2026-09-10,ARROYITO,,312.23,317.0,310.5,300.0,0.0,,,1,1,2026-09-28T22:44:22+00:00,20260910__7f50dda3b8bf.html,7f50dda3b8bfa62ee26c4e72429af980a29a3bd0744449dd94c1c07c373f8b52
2026-09-10,P.P.LEUFU,,478.19,,,607.0,0.0,,,1,1,2026-09-28T22:44:22+00:00,20260910__7f50dda3b8bf.html,7f50dda3b8bfa62ee26c4e72429af980a29a3bd0744449dd94c1c07c373f8b52
2026-09-10,YACYRETA,,82.8,83.5,75.0,12200.0,1000.0,,,1,1,2026-09-28T22:44:22+00:00,20260910__7f50dda3b8bf.html,7f50dda3b8bfa62ee26c4e72429af980a29a3bd0744449dd94c1c07c373f8b52
2026-09-10,SALTO GRANDE,,35.08,35.5,31.0,7399.0,0.0,,,1,1,2026-09-28T22:44:22+00:00,20260910__7f50dda3b8bf.html,7f50dda3b8bfa62ee26c4e72429af980a29a3bd0744449dd94c1c07c373f8b52
2026-09-10,AMEGHINO,,135.27,166.0,137.7,0.0,0.0,,,1,1,2026-09-28T22:44:22+00:00,20260910__7f50dda3b8bf.html,7f50dda3b8bfa62ee26c4e72429af980a29a3bd0744449dd94c1c07c373f8b52
2026-09-10,FUTALEUFU,,472.92,494.5,465.0,174.0,0.0,,,1,1,2026-09-28T22:44:22+00:00,20260910__7f50dda3b8bf.html,7f50dda3b8bfa62ee26c4e72429af980a29a3bd0744449dd94c1c07c373f8b52
2026-09-10,RIO GRANDE,,874.21,876.0,866.0,18.0,,319.5,,1,1,2026-09-28T22:44:22+00:00,20260910__7f50dda3b8bf.html,7f50dda3b8bfa62ee26c4e72429af980a29a3bd0744449dd94c1c07c373f8b52
2026-09-10,LOS CARACOLES,,1081.13,1110.0,1080.0,29.0,0.0,,,1,1,2026-09-28T22:44:22+00:00,20260910__7f50dda3b8bf.html,7f50dda3b8bfa62ee26c4e72429af980a29a3bd0744449dd94c1c07c373f8b52
2026-09-10,PUNTA NEGRA,,922.72,950.0,920.0,32.0,0.0,,,1,1,2026-09-28T22:44:22+00:00,20260910__7f50dda3b8bf.html,7f50dda3b8bfa62ee26c4e72429af980a29a3bd0744449dd94c1c07c373f8b52
2026-09-10,ULLUM,,,,,29.0,,,,1,1,2026-09-28T22:44:22+00:00,20260910__7f50dda3b8bf.html,7f50dda3b8bfa62ee26c4e72429af980a29a3bd0744449dd94c1c07c373f8b52
2026-09-10,QUEBRADA DE ULLUM,,761.96,768.0,745.0,43.0,0.0,,,1,1,2026-09-28T22:44:22+00:00,20260910__7f50dda3b8bf.html,7f50dda3b8bfa62ee26c4e72429af980a29a3bd0744449dd94c1c07c373f8b52
2026-09-11,PLANICIE BANDERITA,Barreales,415.39,422.5,410.5,,,,,1,1,2026-09-28T22:44:28+00:00,20260911__5dac1680486c.html,5dac1680486c77585d48144188160d00bcc96166cf6ed2510670e808ad1cb943
2026-09-11,ALICURA,,699.47,705.0,692.0,43.0,,,,1,1,2026-09-28T22:44:28+00:00,20260911__5dac1680486c.html,5dac1680486c77585d48144188160d00bcc96166cf6ed2510670e808ad1cb943
2026-09-11,Mari Menuco,,413.5,413.5,410.5,227.0,,,,1,1,2026-09-28T22:44:28+00:00,20260911__5dac1680486c.html,5dac1680486c77585d48144188160d00bcc96166cf6ed2510670e808ad1cb943
2026-09-11,EL CHOCON,,375.88,381.5,367.0,165.0,,,,1,1,2026-09-28T22:44:28+00:00,20260911__5dac1680486c.html,5dac1680486c77585d48144188160d00bcc96166cf6ed2510670e808ad1cb943
2026-09-11,PIEDRA DEL AGUILA,,581.14,592.0,564.0,362.0,0.0,,,1,1,2026-09-28T22:44:28+00:00,20260911__5dac1680486c.html,5dac1680486c77585d48144188160d00bcc96166cf6ed2510670e808ad1cb943
2026-09-11,ARROYITO,,312.69,317.0,310.5,300.0,0.0,,,1,1,2026-09-28T22:44:28+00:00,20260911__5dac1680486c.html,5dac1680486c77585d48144188160d00bcc96166cf6ed2510670e808ad1cb943
2026-09-11,P.P.LEUFU,,477.87,,,220.0,0.0,,,1,1,2026-09-28T22:44:28+00:00,20260911__5dac1680486c.html,5dac1680486c77585d48144188160d00bcc96166cf6ed2510670e808ad1cb943
2026-09-11,YACYRETA,,82.84,83.5,75.0,13000.0,1000.0,,,1,1,2026-09-28T22:44:28+00:00,20260911__5dac1680486c.html,5dac1680486c77585d48144188160d00bcc96166cf6ed2510670e808ad1cb943
2026-09-11,SALTO GRANDE,,35.18,35.5,31.0,7391.0,0.0,,,1,1,2026-09-28T22:44:28+00:00,20260911__5dac1680486c.html,5dac1680486c77585d48144188160d00bcc96166cf6ed2510670e808ad1cb943
2026-09-11,AMEGHINO,,135.33,166.0,137.7,0.0,0.0,,,1,1,2026-09-28T22:44:28+00:00,20260911__5dac1680486c.html,5dac1680486c77585d48144188160d00bcc96166cf6ed2510670e808ad1cb943
2026-09-11,FUTALEUFU,,472.9,494.5,465.0,174.0,0.0,,,1,1,2026-09-28T22:44:28+00:00,20260911__5dac1680486c.html,5dac1680486c77585d48144188160d00bcc96166cf6ed2510670e808ad1cb943
2026-09-11,RIO GRANDE,,874.39,876.0,866.0,18.0,,1296.0,,1,1,2026-09-28T22:44:28+00:00,20260911__5dac1680486c.html,5dac1680486c77585d48144188160d00bcc96166cf6ed2510670e808ad1cb943
2026-09-11,LOS CARACOLES,,1081.13,1110.0,1080.0,29.0,0.0,,,1,1,2026-09-28T22:44:28+00:00,20260911__5dac1680486c.html,5dac1680486c77585d48144188160d00bcc96166cf6ed2510670e808ad1cb943
2026-09-11,PUNTA NEGRA,,922.82,950.0,920.0,32.0,0.0,,,1,1,2026-09-28T22:44:28+00:00,20260911__5dac1680486c.html,5dac1680486c77585d48144188160d00bcc96166cf6ed2510670e808ad1cb943
2026-09-11,ULLUM,,,,,31.0,,,,1,1,2026-09-28T22:44:28+00:00,20260911__5dac1680486c.html,5dac1680486c77585d48144188160d00bcc96166cf6ed2510670e808ad1cb943
2026-09-11,QUEBRADA DE ULLUM,,761.96,768.0,745.0,45.0,0.0,,,1,1,2026-09-28T22:44:28+00:00,20260911__5dac1680486c.html,5dac1680486c77585d48144188160d00bcc96166cf6ed2510670e808ad1cb943
2026-09-12,PLANICIE BANDERITA,Barreales,415.39,422.5,410.5,,,,,1,1,2026-09-28T22:44:31+00:00,20260912__4cda247835da.html,4cda247835dafc30128c0544364cd95dad5b3e5e6f55c8dc6e19cb84fa755a53
2026-09-12,ALICURA,,699.82,705.0,692.0,227.0,,,,1,1,2026-09-28T22:44:31+00:00,20260912__4cda247835da.html,4cda247835dafc30128c0544364cd95dad5b3e5e6f55c8dc6e19cb84fa755a53
2026-09-12,Mari Menuco,,413.41,413.5,410.5,227.0,,,,1,1,2026-09-28T22:44:31+00:00,20260912__4cda247835da.html,4cda247835dafc30128c0544364cd95dad5b3e5e6f55c8dc6e19cb84fa755a53
2026-09-12,EL CHOCON,,375.93,381.5,367.0,313.0,,,,1,1,2026-09-28T22:44:31+00:00,20260912__4cda247835da.html,4cda247835dafc30128c0544364cd95dad5b3e5e6f55c8dc6e19cb84fa755a53
2026-09-12,PIEDRA DEL AGUILA,,581.24,592.0,564.0,206.0,0.0,,,1,1,2026-09-28T22:44:31+00:00,20260912__4cda247835da.html,4cda247835dafc30128c0544364cd95dad5b3e5e6f55c8dc6e19cb84fa755a53
2026-09-12,ARROYITO,,312.05,317.0,310.5,300.0,0.0,,,1,1,2026-09-28T22:44:31+00:00,20260912__4cda247835da.html,4cda247835dafc30128c0544364cd95dad5b3e5e6f55c8dc6e19cb84fa755a53
2026-09-12,P.P.LEUFU,,478.16,,,216.0,0.0,,,1,1,2026-09-28T22:44:31+00:00,20260912__4cda247835da.html,4cda247835dafc30128c0544364cd95dad5b3e5e6f55c8dc6e19cb84fa755a53
2026-09-12,YACYRETA,,82.9,83.5,75.0,13100.0,2600.0,,,1,1,2026-09-28T22:44:31+00:00,20260912__4cda247835da.html,4cda247835dafc30128c0544364cd95dad5b3e5e6f55c8dc6e19cb84fa755a53
2026-09-12,SALTO GRANDE,,35.03,35.5,31.0,7472.0,0.0,,,1,1,2026-09-28T22:44:31+00:00,20260912__4cda247835da.html,4cda247835dafc30128c0544364cd95dad5b3e5e6f55c8dc6e19cb84fa755a53
2026-09-12,AMEGHINO,,135.38,166.0,137.7,0.0,0.0,,,1,1,2026-09-28T22:44:31+00:00,20260912__4cda247835da.html,4cda247835dafc30128c0544364cd95dad5b3e5e6f55c8dc6e19cb84fa755a53
2026-09-12,FUTALEUFU,,472.95,494.5,465.0,174.0,0.0,,,1,1,2026-09-28T22:44:31+00:00,20260912__4cda247835da.html,4cda247835dafc30128c0544364cd95dad5b3e5e6f55c8dc6e19cb84fa755a53
2026-09-12,RIO GRANDE,,874.85,876.0,866.0,2.0,,0.0,,1,1,2026-09-28T22:44:31+00:00,20260912__4cda247835da.html,4cda247835dafc30128c0544364cd95dad5b3e5e6f55c8dc6e19cb84fa755a53
2026-09-12,LOS CARACOLES,,1081.07,1110.0,1080.0,31.0,0.0,,,1,1,2026-09-28T22:44:31+00:00,20260912__4cda247835da.html,4cda247835dafc30128c0544364cd95dad5b3e5e6f55c8dc6e19cb84fa755a53
2026-09-12,PUNTA NEGRA,,922.23,950.0,920.0,37.0,0.0,,,1,1,2026-09-28T22:44:31+00:00,20260912__4cda247835da.html,4cda247835dafc30128c0544364cd95dad5b3e5e6f55c8dc6e19cb84fa755a53
2026-09-12,ULLUM,,,,,40.0,,,,1,1,2026-09-28T22:44:31+00:00,20260912__4cda247835da.html,4cda247835dafc30128c0544364cd95dad5b3e5e6f55c8dc6e19cb84fa755a53
2026-09-12,QUEBRADA DE ULLUM,,761.83,768.0,745.0,44.0,0.0,,,1,1,2026-09-28T22:44:31+00:00,20260912__4cda247835da.html,4cda247835dafc30128c0544364cd95dad5b3e5e6f55c8dc6e19cb84fa755a53
2026-09-13,PLANICIE BANDERITA,Barreales,415.37,422.5,410.5,,,,,1,1,2026-09-28T22:44:34+00:00,20260913__604be2555cd7.html,604be2555cd732ea07086d88290f66f9898ff8a60391c90a169e86a3b9443ee8
2026-09-13,ALICURA,,699.45,705.0,692.0,407.0,,,,1,1,2026-09-28T22:44:34+00:00,20260913__604be2555cd7.html,604be2555cd732ea07086d88290f66f9898ff8a60391c90a169e86a3b9443ee8
2026-09-13,Mari Menuco,,413.45,413.5,410.5,227.0,,,,1,1,2026-09-28T22:44:34+00:00,20260913__604be2555cd7.html,604be2555cd732ea07086d88290f66f9898ff8a60391c90a169e86a3b9443ee8
2026-09-13,EL CHOCON,,375.9,381.5,367.0,314.0,,,,1,1,2026-09-28T22:44:34+00:00,20260913__604be2555cd7.html,604be2555cd732ea07086d88290f66f9898ff8a60391c90a169e86a3b9443ee8
2026-09-13,PIEDRA DEL AGUILA,,581.43,592.0,564.0,225.0,0.0,,,1,1,2026-09-28T22:44:34+00:00,20260913__604be2555cd7.html,604be2555cd732ea07086d88290f66f9898ff8a60391c90a169e86a3b9443ee8
2026-09-13,ARROYITO,,312.4,317.0,310.5,300.0,0.0,,,1,1,2026-09-28T22:44:34+00:00,20260913__604be2555cd7.html,604be2555cd732ea07086d88290f66f9898ff8a60391c90a169e86a3b9443ee8
2026-09-13,P.P.LEUFU,,478.52,,,214.0,0.0,,,1,1,2026-09-28T22:44:34+00:00,20260913__604be2555cd7.html,604be2555cd732ea07086d88290f66f9898ff8a60391c90a169e86a3b9443ee8
2026-09-13,YACYRETA,,82.98,83.5,75.0,13100.0,4800.0,,,1,1,2026-09-28T22:44:34+00:00,20260913__604be2555cd7.html,604be2555cd732ea07086d88290f66f9898ff8a60391c90a169e86a3b9443ee8
2026-09-13,SALTO GRANDE,,34.79,35.5,31.0,7566.0,0.0,,,1,1,2026-09-28T22:44:34+00:00,20260913__604be2555cd7.html,604be2555cd732ea07086d88290f66f9898ff8a60391c90a169e86a3b9443ee8
2026-09-13,AMEGHINO,,135.45,166.0,137.7,0.0,0.0,,,1,1,2026-09-28T22:44:34+00:00,20260913__604be2555cd7.html,604be2555cd732ea07086d88290f66f9898ff8a60391c90a169e86a3b9443ee8
2026-09-13,FUTALEUFU,,472.98,494.5,465.0,174.0,0.0,,,1,1,2026-09-28T22:44:34+00:00,20260913__604be2555cd7.html,604be2555cd732ea07086d88290f66f9898ff8a60391c90a169e86a3b9443ee8
2026-09-13,RIO GRANDE,,874.72,876.0,866.0,18.0,,49.5,,1,1,2026-09-28T22:44:34+00:00,20260913__604be2555cd7.html,604be2555cd732ea07086d88290f66f9898ff8a60391c90a169e86a3b9443ee8
2026-09-13,LOS CARACOLES,,1080.98,1110.0,1080.0,32.0,0.0,,,1,1,2026-09-28T22:44:34+00:00,20260913__604be2555cd7.html,604be2555cd732ea07086d88290f66f9898ff8a60391c90a169e86a3b9443ee8
2026-09-13,PUNTA NEGRA,,922.94,950.0,920.0,60.0,0.0,,,1,1,2026-09-28T22:44:34+00:00,20260913__604be2555cd7.html,604be2555cd732ea07086d88290f66f9898ff8a60391c90a169e86a3b9443ee8
2026-09-13,ULLUM,,,,,61.0,,,,1,1,2026-09-28T22:44:34+00:00,20260913__604be2555cd7.html,604be2555cd732ea07086d88290f66f9898ff8a60391c90a169e86a3b9443ee8
2026-09-13,QUEBRADA DE ULLUM,,761.92,768.0,745.0,43.0,0.0,,,1,1,2026-09-28T22:44:34+00:00,20260913__604be2555cd7.html,604be2555cd732ea07086d88290f66f9898ff8a60391c90a169e86a3b9443ee8
2026-09-14,PLANICIE BANDERITA,Barreales,415.37,422.5,410.5,,,,,1,1,2026-09-28T22:44:37+00:00,20260914__4478c0429e33.html,4478c0429e331a9497b2bf407cf83b2cfd9ce65df745aa218357ff8c644771e9
2026-09-14,ALICURA,,699.29,705.0,692.0,433.0,,,,1,1,2026-09-28T22:44:37+00:00,20260914__4478c0429e33.html,4478c0429e331a9497b2bf407cf83b2cfd9ce65df745aa218357ff8c644771e9
2026-09-14,Mari Menuco,,413.5,413.5,410.5,227.0,,,,1,1,2026-09-28T22:44:37+00:00,20260914__4478c0429e33.html,4478c0429e331a9497b2bf407cf83b2cfd9ce65df745aa218357ff8c644771e9
2026-09-14,EL CHOCON,,375.9,381.5,367.0,157.0,,,,1,1,2026-09-28T22:44:37+00:00,20260914__4478c0429e33.html,4478c0429e331a9497b2bf407cf83b2cfd9ce65df745aa218357ff8c644771e9
2026-09-14,PIEDRA DEL AGUILA,,581.61,592.0,564.0,406.0,0.0,,,1,1,2026-09-28T22:44:37+00:00,20260914__4478c0429e33.html,4478c0429e331a9497b2bf407cf83b2cfd9ce65df745aa218357ff8c644771e9
2026-09-14,ARROYITO,,312.31,317.0,310.5,300.0,0.0,,,1,1,2026-09-28T22:44:37+00:00,20260914__4478c0429e33.html,4478c0429e331a9497b2bf407cf83b2cfd9ce65df745aa218357ff8c644771e9
2026-09-14,P.P.LEUFU,,478.36,,,389.0,0.0,,,1,1,2026-09-28T22:44:37+00:00,20260914__4478c0429e33.html,4478c0429e331a9497b2bf407cf83b2cfd9ce65df745aa218357ff8c644771e9
2026-09-14,YACYRETA,,83.02,83.5,75.0,13100.0,5500.0,,,1,1,2026-09-28T22:44:37+00:00,20260914__4478c0429e33.html,4478c0429e331a9497b2bf407cf83b2cfd9ce65df745aa218357ff8c644771e9
2026-09-14,SALTO GRANDE,,34.5,35.5,31.0,7665.0,0.0,,,1,1,2026-09-28T22:44:37+00:00,20260914__4478c0429e33.html,4478c0429e331a9497b2bf407cf83b2cfd9ce65df745aa218357ff8c644771e9
2026-09-14,AMEGHINO,,135.54,166.0,137.7,0.0,0.0,,,1,1,2026-09-28T22:44:37+00:00,20260914__4478c0429e33.html,4478c0429e331a9497b2bf407cf83b2cfd9ce65df745aa218357ff8c644771e9
2026-09-14,FUTALEUFU,,473.0,494.5,465.0,174.0,0.0,,,1,1,2026-09-28T22:44:37+00:00,20260914__4478c0429e33.html,4478c0429e331a9497b2bf407cf83b2cfd9ce65df745aa218357ff8c644771e9
2026-09-14,RIO GRANDE,,875.01,876.0,866.0,26.0,,1725.75,,1,1,2026-09-28T22:44:37+00:00,20260914__4478c0429e33.html,4478c0429e331a9497b2bf407cf83b2cfd9ce65df745aa218357ff8c644771e9
2026-09-14,LOS CARACOLES,,1080.95,1110.0,1080.0,30.0,0.0,,,1,1,2026-09-28T22:44:37+00:00,20260914__4478c0429e33.html,4478c0429e331a9497b2bf407cf83b2cfd9ce65df745aa218357ff8c644771e9
2026-09-14,PUNTA NEGRA,,922.94,950.0,920.0,60.0,0.0,,,1,1,2026-09-28T22:44:37+00:00,20260914__4478c0429e33.html,4478c0429e331a9497b2bf407cf83b2cfd9ce65df745aa218357ff8c644771e9
2026-09-14,ULLUM,,,,,60.0,,,,1,1,2026-09-28T22:44:37+00:00,20260914__4478c0429e33.html,4478c0429e331a9497b2bf407cf83b2cfd9ce65df745aa218357ff8c644771e9
2026-09-14,QUEBRADA DE ULLUM,,761.95,768.0,745.0,43.0,0.0,,,1,1,2026-09-28T22:44:37+00:00,20260914__4478c0429e33.html,4478c0429e331a9497b2bf407cf83b2cfd9ce65df745aa218357ff8c644771e9
2026-09-15,PLANICIE BANDERITA,Barreales,415.35,422.5,410.5,,,,,1,1,2026-09-28T22:44:41+00:00,20260915__c49163aa6825.html,c49163aa6825bf55bd4e92e218331366c6c241c457c35f8a2f0a4df35afcca55
2026-09-15,ALICURA,,699.33,705.0,692.0,259.0,,,,1,1,2026-09-28T22:44:41+00:00,20260915__c49163aa6825.html,c49163aa6825bf55bd4e92e218331366c6c241c457c35f8a2f0a4df35afcca55
2026-09-15,Mari Menuco,,413.43,413.5,410.5,227.0,,,,1,1,2026-09-28T22:44:41+00:00,20260915__c49163aa6825.html,c49163aa6825bf55bd4e92e218331366c6c241c457c35f8a2f0a4df35afcca55
2026-09-15,EL CHOCON,,375.95,381.5,367.0,783.0,,,,1,1,2026-09-28T22:44:41+00:00,20260915__c49163aa6825.html,c49163aa6825bf55bd4e92e218331366c6c241c457c35f8a2f0a4df35afcca55
2026-09-15,PIEDRA DEL AGUILA,,581.77,592.0,564.0,675.0,0.0,,,1,1,2026-09-28T22:44:41+00:00,20260915__c49163aa6825.html,c49163aa6825bf55bd4e92e218331366c6c241c457c35f8a2f0a4df35afcca55
2026-09-15,ARROYITO,,311.4,317.0,310.5,300.0,0.0,,,1,1,2026-09-28T22:44:41+00:00,20260915__c49163aa6825.html,c49163aa6825bf55bd4e92e218331366c6c241c457c35f8a2f0a4df35afcca55
2026-09-15,P.P.LEUFU,,478.34,,,649.0,0.0,,,1,1,2026-09-28T22:44:41+00:00,20260915__c49163aa6825.html,c49163aa6825bf55bd4e92e218331366c6c241c457c35f8a2f0a4df35afcca55
2026-09-15,YACYRETA,,83.04,83.5,75.0,13100.0,5500.0,,,1,1,2026-09-28T22:44:41+00:00,20260915__c49163aa6825.html,c49163aa6825bf55bd4e92e218331366c6c241c457c35f8a2f0a4df35afcca55
2026-09-15,SALTO GRANDE,,34.32,35.5,31.0,7696.0,0.0,,,1,1,2026-09-28T22:44:41+00:00,20260915__c49163aa6825.html,c49163aa6825bf55bd4e92e218331366c6c241c457c35f8a2f0a4df35afcca55
2026-09-15,AMEGHINO,,135.6,166.0,137.7,0.0,0.0,,,1,1,2026-09-28T22:44:41+00:00,20260915__c49163aa6825.html,c49163aa6825bf55bd4e92e218331366c6c241c457c35f8a2f0a4df35afcca55
2026-09-15,FUTALEUFU,,473.01,494.5,465.0,174.0,0.0,,,1,1,2026-09-28T22:44:41+00:00,20260915__c49163aa6825.html,c49163aa6825bf55bd4e92e218331366c6c241c457c35f8a2f0a4df35afcca55
2026-09-15,RIO GRANDE,,875.08,876.0,866.0,28.0,,0.0,,1,1,2026-09-28T22:44:41+00:00,20260915__c49163aa6825.html,c49163aa6825bf55bd4e92e218331366c6c241c457c35f8a2f0a4df35afcca55
2026-09-15,LOS CARACOLES,,1080.95,1110.0,1080.0,30.0,0.0,,,1,1,2026-09-28T22:44:41+00:00,20260915__c49163aa6825.html,c49163aa6825bf55bd4e92e218331366c6c241c457c35f8a2f0a4df35afcca55
2026-09-15,PUNTA NEGRA,,922.94,950.0,920.0,60.0,0.0,,,1,1,2026-09-28T22:44:41+00:00,20260915__c49163aa6825.html,c49163aa6825bf55bd4e92e218331366c6c241c457c35f8a2f0a4df35afcca55
2026-09-15,ULLUM,,,,,60.0,,,,1,1,2026-09-28T22:44:41+00:00,20260915__c49163aa6825.html,c49163aa6825bf55bd4e92e218331366c6c241c457c35f8a2f0a4df35afcca55
2026-09-15,QUEBRADA DE ULLUM,,761.95,768.0,745.0,43.0,0.0,,,1,1,2026-09-28T22:44:41+00:00,20260915__c49163aa6825.html,c49163aa6825bf55bd4e92e218331366c6c241c457c35f8a2f0a4df35afcca55
2026-09-16,PLANICIE BANDERITA,Barreales,415.35,422.5,410.5,,,,,1,1,2026-09-28T22:44:44+00:00,20260916__2098e9eec0b7.html,2098e9eec0b76b564abca6bd3e2e1eb1df2b37df84de55660d467d417b894719
2026-09-16,ALICURA,,699.33,705.0,692.0,416.0,,,,1,1,2026-09-28T22:44:44+00:00,20260916__2098e9eec0b7.html,2098e9eec0b76b564abca6bd3e2e1eb1df2b37df84de55660d467d417b894719
2026-09-16,Mari Menuco,,413.39,413.5,410.5,227.0,,,,1,1,2026-09-28T22:44:44+00:00,20260916__2098e9eec0b7.html,2098e9eec0b76b564abca6bd3e2e1eb1df2b37df84de55660d467d417b894719
2026-09-16,EL CHOCON,,375.89,381.5,367.0,475.0,,,,1,1,2026-09-28T22:44:44+00:00,20260916__2098e9eec0b7.html,2098e9eec0b76b564abca6bd3e2e1eb1df2b37df84de55660d467d417b894719
2026-09-16,PIEDRA DEL AGUILA,,581.82,592.0,564.0,222.0,0.0,,,1,1,2026-09-28T22:44:44+00:00,20260916__2098e9eec0b7.html,2098e9eec0b76b564abca6bd3e2e1eb1df2b37df84de55660d467d417b894719
2026-09-16,ARROYITO,,312.32,317.0,310.5,300.0,0.0,,,1,1,2026-09-28T22:44:44+00:00,20260916__2098e9eec0b7.html,2098e9eec0b76b564abca6bd3e2e1eb1df2b37df84de55660d467d417b894719
2026-09-16,P.P.LEUFU,,478.33,,,216.0,0.0,,,1,1,2026-09-28T22:44:44+00:00,20260916__2098e9eec0b7.html,2098e9eec0b76b564abca6bd3e2e1eb1df2b37df84de55660d467d417b894719
2026-09-16,YACYRETA,,83.08,83.5,75.0,13100.0,5500.0,,,1,1,2026-09-28T22:44:44+00:00,20260916__2098e9eec0b7.html,2098e9eec0b76b564abca6bd3e2e1eb1df2b37df84de55660d467d417b894719
2026-09-16,SALTO GRANDE,,34.28,35.5,31.0,7659.0,0.0,,,1,1,2026-09-28T22:44:44+00:00,20260916__2098e9eec0b7.html,2098e9eec0b76b564abca6bd3e2e1eb1df2b37df84de55660d467d417b894719
2026-09-16,AMEGHINO,,135.65,166.0,137.7,0.0,0.0,,,1,1,2026-09-28T22:44:44+00:00,20260916__2098e9eec0b7.html,2098e9eec0b76b564abca6bd3e2e1eb1df2b37df84de55660d467d417b894719
2026-09-16,FUTALEUFU,,473.01,494.5,465.0,174.0,0.0,,,1,1,2026-09-28T22:44:44+00:00,20260916__2098e9eec0b7.html,2098e9eec0b76b564abca6bd3e2e1eb1df2b37df84de55660d467d417b894719
2026-09-16,RIO GRANDE,,874.8,876.0,866.0,18.0,,0.0,,1,1,2026-09-28T22:44:44+00:00,20260916__2098e9eec0b7.html,2098e9eec0b76b564abca6bd3e2e1eb1df2b37df84de55660d467d417b894719
2026-09-16,LOS CARACOLES,,1080.95,1110.0,1080.0,27.0,0.0,,,1,1,2026-09-28T22:44:44+00:00,20260916__2098e9eec0b7.html,2098e9eec0b76b564abca6bd3e2e1eb1df2b37df84de55660d467d417b894719
2026-09-16,PUNTA NEGRA,,921.74,950.0,920.0,0.0,0.0,,,1,1,2026-09-28T22:44:44+00:00,20260916__2098e9eec0b7.html,2098e9eec0b76b564abca6bd3e2e1eb1df2b37df84de55660d467d417b894719
2026-09-16,ULLUM,,,,,10.0,,,,1,1,2026-09-28T22:44:44+00:00,20260916__2098e9eec0b7.html,2098e9eec0b76b564abca6bd3e2e1eb1df2b37df84de55660d467d417b894719
2026-09-16,QUEBRADA DE ULLUM,,761.71,768.0,745.0,44.0,0.0,,,1,1,2026-09-28T22:44:44+00:00,20260916__2098e9eec0b7.html,2098e9eec0b76b564abca6bd3e2e1eb1df2b37df84de55660d467d417b894719
2026-09-17,PLANICIE BANDERITA,Barreales,415.36,422.5,410.5,,,,,1,1,2026-09-28T22:44:52+00:00,20260917__e7d82ed25cdb.html,e7d82ed25cdb2699a19384f61ae9bce9493bb74fc22ff051bf5cb32cfbe74ff2
2026-09-17,ALICURA,,699.55,705.0,692.0,692.0,,,,1,1,2026-09-28T22:44:52+00:00,20260917__e7d82ed25cdb.html,e7d82ed25cdb2699a19384f61ae9bce9493bb74fc22ff051bf5cb32cfbe74ff2
2026-09-17,Mari Menuco,,413.4,413.5,410.5,308.0,,,,1,1,2026-09-28T22:44:52+00:00,20260917__e7d82ed25cdb.html,e7d82ed25cdb2699a19384f61ae9bce9493bb74fc22ff051bf5cb32cfbe74ff2
2026-09-17,EL CHOCON,,375.9,381.5,367.0,1163.0,,,,1,1,2026-09-28T22:44:52+00:00,20260917__e7d82ed25cdb.html,e7d82ed25cdb2699a19384f61ae9bce9493bb74fc22ff051bf5cb32cfbe74ff2
2026-09-17,PIEDRA DEL AGUILA,,581.89,592.0,564.0,240.0,0.0,,,1,1,2026-09-28T22:44:52+00:00,20260917__e7d82ed25cdb.html,e7d82ed25cdb2699a19384f61ae9bce9493bb74fc22ff051bf5cb32cfbe74ff2
2026-09-17,ARROYITO,,312.61,317.0,310.5,300.0,0.0,,,1,1,2026-09-28T22:44:52+00:00,20260917__e7d82ed25cdb.html,e7d82ed25cdb2699a19384f61ae9bce9493bb74fc22ff051bf5cb32cfbe74ff2
2026-09-17,P.P.LEUFU,,478.72,,,214.0,0.0,,,1,1,2026-09-28T22:44:52+00:00,20260917__e7d82ed25cdb.html,e7d82ed25cdb2699a19384f61ae9bce9493bb74fc22ff051bf5cb32cfbe74ff2
2026-09-17,YACYRETA,,83.11,83.5,75.0,13100.0,5900.0,,,1,1,2026-09-28T22:44:52+00:00,20260917__e7d82ed25cdb.html,e7d82ed25cdb2699a19384f61ae9bce9493bb74fc22ff051bf5cb32cfbe74ff2
2026-09-17,SALTO GRANDE,,34.48,35.5,31.0,7558.0,0.0,,,1,1,2026-09-28T22:44:52+00:00,20260917__e7d82ed25cdb.html,e7d82ed25cdb2699a19384f61ae9bce9493bb74fc22ff051bf5cb32cfbe74ff2
2026-09-17,AMEGHINO,,135.7,166.0,137.7,0.0,0.0,,,1,1,2026-09-28T22:44:52+00:00,20260917__e7d82ed25cdb.html,e7d82ed25cdb2699a19384f61ae9bce9493bb74fc22ff051bf5cb32cfbe74ff2
2026-09-17,FUTALEUFU,,473.02,494.5,465.0,174.0,0.0,,,1,1,2026-09-28T22:44:52+00:00,20260917__e7d82ed25cdb.html,e7d82ed25cdb2699a19384f61ae9bce9493bb74fc22ff051bf5cb32cfbe74ff2
2026-09-17,RIO GRANDE,,874.96,876.0,866.0,18.0,,1282.5,,1,1,2026-09-28T22:44:52+00:00,20260917__e7d82ed25cdb.html,e7d82ed25cdb2699a19384f61ae9bce9493bb74fc22ff051bf5cb32cfbe74ff2
2026-09-17,LOS CARACOLES,,1080.95,1110.0,1080.0,27.0,0.0,,,1,1,2026-09-28T22:44:52+00:00,20260917__e7d82ed25cdb.html,e7d82ed25cdb2699a19384f61ae9bce9493bb74fc22ff051bf5cb32cfbe74ff2
2026-09-17,PUNTA NEGRA,,921.74,950.0,920.0,0.0,0.0,,,1,1,2026-09-28T22:44:52+00:00,20260917__e7d82ed25cdb.html,e7d82ed25cdb2699a19384f61ae9bce9493bb74fc22ff051bf5cb32cfbe74ff2
2026-09-17,ULLUM,,,,,10.0,,,,1,1,2026-09-28T22:44:52+00:00,20260917__e7d82ed25cdb.html,e7d82ed25cdb2699a19384f61ae9bce9493bb74fc22ff051bf5cb32cfbe74ff2
2026-09-17,QUEBRADA DE ULLUM,,761.71,768.0,745.0,44.0,0.0,,,1,1,2026-09-28T22:44:52+00:00,20260917__e7d82ed25cdb.html,e7d82ed25cdb2699a19384f61ae9bce9493bb74fc22ff051bf5cb32cfbe74ff2
2026-09-18,PLANICIE BANDERITA,Barreales,415.36,422.5,410.5,,,,,1,1,2026-09-28T22:44:56+00:00,20260918__d8cf455865cb.html,d8cf455865cb5a3578da0825618181c947df4d216fde449d6850765516e1824c
2026-09-18,ALICURA,,699.69,705.0,692.0,90.0,,,,1,1,2026-09-28T22:44:56+00:00,20260918__d8cf455865cb.html,d8cf455865cb5a3578da0825618181c947df4d216fde449d6850765516e1824c
2026-09-18,Mari Menuco,,413.41,413.5,410.5,425.0,,,,1,1,2026-09-28T22:44:56+00:00,20260918__d8cf455865cb.html,d8cf455865cb5a3578da0825618181c947df4d216fde449d6850765516e1824c
2026-09-18,EL CHOCON,,375.86,381.5,367.0,137.0,,,,1,1,2026-09-28T22:44:56+00:00,20260918__d8cf455865cb.html,d8cf455865cb5a3578da0825618181c947df4d216fde449d6850765516e1824c
2026-09-18,PIEDRA DEL AGUILA,,582.02,592.0,564.0,205.0,0.0,,,1,1,2026-09-28T22:44:56+00:00,20260918__d8cf455865cb.html,d8cf455865cb5a3578da0825618181c947df4d216fde449d6850765516e1824c
2026-09-18,ARROYITO,,313.5,317.0,310.5,336.0,0.0,,,1,1,2026-09-28T22:44:56+00:00,20260918__d8cf455865cb.html,d8cf455865cb5a3578da0825618181c947df4d216fde449d6850765516e1824c
2026-09-18,P.P.LEUFU,,478.48,,,216.0,0.0,,,1,1,2026-09-28T22:44:56+00:00,20260918__d8cf455865cb.html,d8cf455865cb5a3578da0825618181c947df4d216fde449d6850765516e1824c
2026-09-18,YACYRETA,,83.08,83.5,75.0,13100.0,6700.0,,,1,1,2026-09-28T22:44:56+00:00,20260918__d8cf455865cb.html,d8cf455865cb5a3578da0825618181c947df4d216fde449d6850765516e1824c
2026-09-18,SALTO GRANDE,,34.65,35.5,31.0,7498.0,2000.0,,,1,1,2026-09-28T22:44:56+00:00,20260918__d8cf455865cb.html,d8cf455865cb5a3578da0825618181c947df4d216fde449d6850765516e1824c
2026-09-18,AMEGHINO,,135.75,166.0,137.7,0.0,0.0,,,1,1,2026-09-28T22:44:56+00:00,20260918__d8cf455865cb.html,d8cf455865cb5a3578da0825618181c947df4d216fde449d6850765516e1824c
2026-09-18,FUTALEUFU,,473.0,494.5,465.0,174.0,0.0,,,1,1,2026-09-28T22:44:56+00:00,20260918__d8cf455865cb.html,d8cf455865cb5a3578da0825618181c947df4d216fde449d6850765516e1824c
2026-09-18,RIO GRANDE,,874.79,876.0,866.0,18.0,,1077.75,,1,1,2026-09-28T22:44:56+00:00,20260918__d8cf455865cb.html,d8cf455865cb5a3578da0825618181c947df4d216fde449d6850765516e1824c
2026-09-18,LOS CARACOLES,,1080.46,1110.0,1080.0,0.0,0.0,,,1,1,2026-09-28T22:44:56+00:00,20260918__d8cf455865cb.html,d8cf455865cb5a3578da0825618181c947df4d216fde449d6850765516e1824c
2026-09-18,PUNTA NEGRA,,922.4,950.0,920.0,0.0,0.0,,,1,1,2026-09-28T22:44:56+00:00,20260918__d8cf455865cb.html,d8cf455865cb5a3578da0825618181c947df4d216fde449d6850765516e1824c
2026-09-18,ULLUM,,,,,0.0,,,,1,1,2026-09-28T22:44:56+00:00,20260918__d8cf455865cb.html,d8cf455865cb5a3578da0825618181c947df4d216fde449d6850765516e1824c
2026-09-18,QUEBRADA DE ULLUM,,761.24,768.0,745.0,0.0,0.0,,,1,1,2026-09-28T22:44:56+00:00,20260918__d8cf455865cb.html,d8cf455865cb5a3578da0825618181c947df4d216fde449d6850765516e1824c
2026-09-19,PLANICIE BANDERITA,Barreales,415.29,422.5,410.5,,,,,1,1,2026-09-28T22:45:01+00:00,20260919__1a0e6f563072.html,1a0e6f5630722ca66d4b5a23c9b27eefe60a651792feafb9c5d2c8bb6d599867
2026-09-19,ALICURA,,700.01,705.0,692.0,0.0,,,,1,1,2026-09-28T22:45:01+00:00,20260919__1a0e6f563072.html,1a0e6f5630722ca66d4b5a23c9b27eefe60a651792feafb9c5d2c8bb6d599867
2026-09-19,Mari Menuco,,413.46,413.5,410.5,443.0,,,,1,1,2026-09-28T22:45:01+00:00,20260919__1a0e6f563072.html,1a0e6f5630722ca66d4b5a23c9b27eefe60a651792feafb9c5d2c8bb6d599867
2026-09-19,EL CHOCON,,375.87,381.5,367.0,0.0,,,,1,1,2026-09-28T22:45:01+00:00,20260919__1a0e6f563072.html,1a0e6f5630722ca66d4b5a23c9b27eefe60a651792feafb9c5d2c8bb6d599867
2026-09-19,PIEDRA DEL AGUILA,,582.14,592.0,564.0,204.0,0.0,,,1,1,2026-09-28T22:45:01+00:00,20260919__1a0e6f563072.html,1a0e6f5630722ca66d4b5a23c9b27eefe60a651792feafb9c5d2c8bb6d599867
2026-09-19,ARROYITO,,313.18,317.0,310.5,336.0,0.0,,,1,1,2026-09-28T22:45:01+00:00,20260919__1a0e6f563072.html,1a0e6f5630722ca66d4b5a23c9b27eefe60a651792feafb9c5d2c8bb6d599867
2026-09-19,P.P.LEUFU,,478.18,,,216.0,0.0,,,1,1,2026-09-28T22:45:01+00:00,20260919__1a0e6f563072.html,1a0e6f5630722ca66d4b5a23c9b27eefe60a651792feafb9c5d2c8bb6d599867
2026-09-19,YACYRETA,,83.05,83.5,75.0,13100.0,6900.0,,,1,1,2026-09-28T22:45:01+00:00,20260919__1a0e6f563072.html,1a0e6f5630722ca66d4b5a23c9b27eefe60a651792feafb9c5d2c8bb6d599867
2026-09-19,SALTO GRANDE,,34.87,35.5,31.0,7836.0,2000.0,,,1,1,2026-09-28T22:45:01+00:00,20260919__1a0e6f563072.html,1a0e6f5630722ca66d4b5a23c9b27eefe60a651792feafb9c5d2c8bb6d599867
2026-09-19,AMEGHINO,,135.8,166.0,137.7,0.0,0.0,,,1,1,2026-09-28T22:45:01+00:00,20260919__1a0e6f563072.html,1a0e6f5630722ca66d4b5a23c9b27eefe60a651792feafb9c5d2c8bb6d599867
2026-09-19,FUTALEUFU,,473.0,494.5,465.0,174.0,0.0,,,1,1,2026-09-28T22:45:01+00:00,20260919__1a0e6f563072.html,1a0e6f5630722ca66d4b5a23c9b27eefe60a651792feafb9c5d2c8bb6d599867
2026-09-19,RIO GRANDE,,874.52,876.0,866.0,0.0,,2288.25,,1,1,2026-09-28T22:45:01+00:00,20260919__1a0e6f563072.html,1a0e6f5630722ca66d4b5a23c9b27eefe60a651792feafb9c5d2c8bb6d599867
2026-09-19,LOS CARACOLES,,1080.96,1110.0,1080.0,35.0,0.0,,,1,1,2026-09-28T22:45:01+00:00,20260919__1a0e6f563072.html,1a0e6f5630722ca66d4b5a23c9b27eefe60a651792feafb9c5d2c8bb6d599867
2026-09-19,PUNTA NEGRA,,922.64,950.0,920.0,14.0,2.0,,,1,1,2026-09-28T22:45:01+00:00,20260919__1a0e6f563072.html,1a0e6f5630722ca66d4b5a23c9b27eefe60a651792feafb9c5d2c8bb6d599867
2026-09-19,ULLUM,,,,,13.0,,,,1,1,2026-09-28T22:45:01+00:00,20260919__1a0e6f563072.html,1a0e6f5630722ca66d4b5a23c9b27eefe60a651792feafb9c5d2c8bb6d599867
2026-09-19,QUEBRADA DE ULLUM,,761.04,768.0,745.0,44.0,0.0,,,1,1,2026-09-28T22:45:01+00:00,20260919__1a0e6f563072.html,1a0e6f5630722ca66d4b5a23c9b27eefe60a651792feafb9c5d2c8bb6d599867
2026-09-20,PLANICIE BANDERITA,Barreales,415.25,422.5,410.5,,,,,1,1,2026-09-28T22:45:04+00:00,20260920__fb482905d41a.html,fb482905d41ae1b40576c934a6d74264c04b0b5430dd2c734e62b465f80b0198
2026-09-20,ALICURA,,700.4,705.0,692.0,0.0,,,,1,1,2026-09-28T22:45:04+00:00,20260920__fb482905d41a.html,fb482905d41ae1b40576c934a6d74264c04b0b5430dd2c734e62b465f80b0198
2026-09-20,Mari Menuco,,413.41,413.5,410.5,443.0,,,,1,1,2026-09-28T22:45:04+00:00,20260920__fb482905d41a.html,fb482905d41ae1b40576c934a6d74264c04b0b5430dd2c734e62b465f80b0198
2026-09-20,EL CHOCON,,375.89,381.5,367.0,0.0,,,,1,1,2026-09-28T22:45:04+00:00,20260920__fb482905d41a.html,fb482905d41ae1b40576c934a6d74264c04b0b5430dd2c734e62b465f80b0198
2026-09-20,PIEDRA DEL AGUILA,,582.23,592.0,564.0,204.0,0.0,,,1,1,2026-09-28T22:45:04+00:00,20260920__fb482905d41a.html,fb482905d41ae1b40576c934a6d74264c04b0b5430dd2c734e62b465f80b0198
2026-09-20,ARROYITO,,312.38,317.0,310.5,336.0,0.0,,,1,1,2026-09-28T22:45:04+00:00,20260920__fb482905d41a.html,fb482905d41ae1b40576c934a6d74264c04b0b5430dd2c734e62b465f80b0198
2026-09-20,P.P.LEUFU,,477.88,,,220.0,0.0,,,1,1,2026-09-28T22:45:04+00:00,20260920__fb482905d41a.html,fb482905d41ae1b40576c934a6d74264c04b0b5430dd2c734e62b465f80b0198
2026-09-20,YACYRETA,,83.12,83.5,75.0,13100.0,6900.0,,,1,1,2026-09-28T22:45:04+00:00,20260920__fb482905d41a.html,fb482905d41ae1b40576c934a6d74264c04b0b5430dd2c734e62b465f80b0198
2026-09-20,SALTO GRANDE,,34.96,35.5,31.0,7807.0,2000.0,,,1,1,2026-09-28T22:45:04+00:00,20260920__fb482905d41a.html,fb482905d41ae1b40576c934a6d74264c04b0b5430dd2c734e62b465f80b0198
2026-09-20,AMEGHINO,,135.85,166.0,137.7,0.0,0.0,,,1,1,2026-09-28T22:45:04+00:00,20260920__fb482905d41a.html,fb482905d41ae1b40576c934a6d74264c04b0b5430dd2c734e62b465f80b0198
2026-09-20,FUTALEUFU,,473.06,494.5,465.0,174.0,0.0,,,1,1,2026-09-28T22:45:04+00:00,20260920__fb482905d41a.html,fb482905d41ae1b40576c934a6d74264c04b0b5430dd2c734e62b465f80b0198
2026-09-20,RIO GRANDE,,874.3,876.0,866.0,28.0,,1534.5,,1,1,2026-09-28T22:45:04+00:00,20260920__fb482905d41a.html,fb482905d41ae1b40576c934a6d74264c04b0b5430dd2c734e62b465f80b0198
2026-09-20,LOS CARACOLES,,1086.1,1110.0,1080.0,27.0,0.0,,,1,1,2026-09-28T22:45:04+00:00,20260920__fb482905d41a.html,fb482905d41ae1b40576c934a6d74264c04b0b5430dd2c734e62b465f80b0198
2026-09-20,PUNTA NEGRA,,922.54,950.0,920.0,32.0,0.0,,,1,1,2026-09-28T22:45:04+00:00,20260920__fb482905d41a.html,fb482905d41ae1b40576c934a6d74264c04b0b5430dd2c734e62b465f80b0198
2026-09-20,ULLUM,,,,,30.0,,,,1,1,2026-09-28T22:45:04+00:00,20260920__fb482905d41a.html,fb482905d41ae1b40576c934a6d74264c04b0b5430dd2c734e62b465f80b0198
2026-09-20,QUEBRADA DE ULLUM,,760.93,768.0,745.0,44.0,0.0,,,1,1,2026-09-28T22:45:04+00:00,20260920__fb482905d41a.html,fb482905d41ae1b40576c934a6d74264c04b0b5430dd2c734e62b465f80b0198
2026-09-21,PLANICIE BANDERITA,Barreales,415.21,422.5,410.5,,,,,1,1,2026-09-28T22:45:07+00:00,20260921__aa1e1730c0f6.html,aa1e1730c0f67944326d25abf335bfd6f5f7eba366e080fc4a20f185a822f454
2026-09-21,ALICURA,,700.68,705.0,692.0,154.0,,,,1,1,2026-09-28T22:45:07+00:00,20260921__aa1e1730c0f6.html,aa1e1730c0f67944326d25abf335bfd6f5f7eba366e080fc4a20f185a822f454
2026-09-21,Mari Menuco,,413.42,413.5,410.5,456.0,,,,1,1,2026-09-28T22:45:07+00:00,20260921__aa1e1730c0f6.html,aa1e1730c0f67944326d25abf335bfd6f5f7eba366e080fc4a20f185a822f454
2026-09-21,EL CHOCON,,375.89,381.5,367.0,235.0,,,,1,1,2026-09-28T22:45:07+00:00,20260921__aa1e1730c0f6.html,aa1e1730c0f67944326d25abf335bfd6f5f7eba366e080fc4a20f185a822f454
2026-09-21,PIEDRA DEL AGUILA,,582.42,592.0,564.0,204.0,0.0,,,1,1,2026-09-28T22:45:07+00:00,20260921__aa1e1730c0f6.html,aa1e1730c0f67944326d25abf335bfd6f5f7eba366e080fc4a20f185a822f454
2026-09-21,ARROYITO,,311.82,317.0,310.5,336.0,0.0,,,1,1,2026-09-28T22:45:07+00:00,20260921__aa1e1730c0f6.html,aa1e1730c0f67944326d25abf335bfd6f5f7eba366e080fc4a20f185a822f454
2026-09-21,P.P.LEUFU,,477.71,,,220.0,0.0,,,1,1,2026-09-28T22:45:07+00:00,20260921__aa1e1730c0f6.html,aa1e1730c0f67944326d25abf335bfd6f5f7eba366e080fc4a20f185a822f454
2026-09-21,YACYRETA,,83.21,83.5,75.0,13100.0,6900.0,,,1,1,2026-09-28T22:45:07+00:00,20260921__aa1e1730c0f6.html,aa1e1730c0f67944326d25abf335bfd6f5f7eba366e080fc4a20f185a822f454
2026-09-21,SALTO GRANDE,,34.93,35.5,31.0,7439.0,3000.0,,,1,1,2026-09-28T22:45:07+00:00,20260921__aa1e1730c0f6.html,aa1e1730c0f67944326d25abf335bfd6f5f7eba366e080fc4a20f185a822f454
2026-09-21,AMEGHINO,,135.85,166.0,137.7,0.0,0.0,,,1,1,2026-09-28T22:45:07+00:00,20260921__aa1e1730c0f6.html,aa1e1730c0f67944326d25abf335bfd6f5f7eba366e080fc4a20f185a822f454
2026-09-21,FUTALEUFU,,473.15,494.5,465.0,174.0,0.0,,,1,1,2026-09-28T22:45:07+00:00,20260921__aa1e1730c0f6.html,aa1e1730c0f67944326d25abf335bfd6f5f7eba366e080fc4a20f185a822f454
2026-09-21,RIO GRANDE,,875.1,876.0,866.0,18.0,,2342.25,,1,1,2026-09-28T22:45:07+00:00,20260921__aa1e1730c0f6.html,aa1e1730c0f67944326d25abf335bfd6f5f7eba366e080fc4a20f185a822f454
2026-09-21,LOS CARACOLES,,1081.29,1110.0,1080.0,11.0,0.0,,,1,1,2026-09-28T22:45:07+00:00,20260921__aa1e1730c0f6.html,aa1e1730c0f67944326d25abf335bfd6f5f7eba366e080fc4a20f185a822f454
2026-09-21,PUNTA NEGRA,,922.43,950.0,920.0,31.0,0.0,,,1,1,2026-09-28T22:45:07+00:00,20260921__aa1e1730c0f6.html,aa1e1730c0f67944326d25abf335bfd6f5f7eba366e080fc4a20f185a822f454
2026-09-21,ULLUM,,,,,29.0,,,,1,1,2026-09-28T22:45:07+00:00,20260921__aa1e1730c0f6.html,aa1e1730c0f67944326d25abf335bfd6f5f7eba366e080fc4a20f185a822f454
2026-09-21,QUEBRADA DE ULLUM,,760.86,768.0,745.0,30.0,0.0,,,1,1,2026-09-28T22:45:07+00:00,20260921__aa1e1730c0f6.html,aa1e1730c0f67944326d25abf335bfd6f5f7eba366e080fc4a20f185a822f454
2026-09-22,PLANICIE BANDERITA,Barreales,415.2,422.5,410.5,,,,,1,1,2026-09-28T22:45:11+00:00,20260922__45327806ae2a.html,45327806ae2a0bd262f52240bbbfab2932d79d4854ea07fd8aa6a62b42e35d16
2026-09-22,ALICURA,,700.84,705.0,692.0,812.0,,,,1,1,2026-09-28T22:45:11+00:00,20260922__45327806ae2a.html,45327806ae2a0bd262f52240bbbfab2932d79d4854ea07fd8aa6a62b42e35d16
2026-09-22,Mari Menuco,,413.38,413.5,410.5,506.0,,,,1,1,2026-09-28T22:45:11+00:00,20260922__45327806ae2a.html,45327806ae2a0bd262f52240bbbfab2932d79d4854ea07fd8aa6a62b42e35d16
2026-09-22,EL CHOCON,,375.89,381.5,367.0,863.0,,,,1,1,2026-09-28T22:45:11+00:00,20260922__45327806ae2a.html,45327806ae2a0bd262f52240bbbfab2932d79d4854ea07fd8aa6a62b42e35d16
2026-09-22,PIEDRA DEL AGUILA,,582.55,592.0,564.0,402.0,0.0,,,1,1,2026-09-28T22:45:11+00:00,20260922__45327806ae2a.html,45327806ae2a0bd262f52240bbbfab2932d79d4854ea07fd8aa6a62b42e35d16
2026-09-22,ARROYITO,,311.67,317.0,310.5,336.0,0.0,,,1,1,2026-09-28T22:45:11+00:00,20260922__45327806ae2a.html,45327806ae2a0bd262f52240bbbfab2932d79d4854ea07fd8aa6a62b42e35d16
2026-09-22,P.P.LEUFU,,477.96,,,392.0,0.0,,,1,1,2026-09-28T22:45:11+00:00,20260922__45327806ae2a.html,45327806ae2a0bd262f52240bbbfab2932d79d4854ea07fd8aa6a62b42e35d16
2026-09-22,YACYRETA,,83.15,83.5,75.0,13100.0,6300.0,,,1,1,2026-09-28T22:45:11+00:00,20260922__45327806ae2a.html,45327806ae2a0bd262f52240bbbfab2932d79d4854ea07fd8aa6a62b42e35d16
2026-09-22,SALTO GRANDE,,34.82,35.5,31.0,7501.0,3000.0,,,1,1,2026-09-28T22:45:11+00:00,20260922__45327806ae2a.html,45327806ae2a0bd262f52240bbbfab2932d79d4854ea07fd8aa6a62b42e35d16
2026-09-22,AMEGHINO,,135.87,166.0,137.7,0.0,0.0,,,1,1,2026-09-28T22:45:11+00:00,20260922__45327806ae2a.html,45327806ae2a0bd262f52240bbbfab2932d79d4854ea07fd8aa6a62b42e35d16
2026-09-22,FUTALEUFU,,473.16,494.5,465.0,174.0,0.0,,,1,1,2026-09-28T22:45:11+00:00,20260922__45327806ae2a.html,45327806ae2a0bd262f52240bbbfab2932d79d4854ea07fd8aa6a62b42e35d16
2026-09-22,RIO GRANDE,,875.16,876.0,866.0,28.0,,0.0,,1,1,2026-09-28T22:45:11+00:00,20260922__45327806ae2a.html,45327806ae2a0bd262f52240bbbfab2932d79d4854ea07fd8aa6a62b42e35d16
2026-09-22,LOS CARACOLES,,1081.39,1110.0,1080.0,31.0,0.0,,,1,1,2026-09-28T22:45:11+00:00,20260922__45327806ae2a.html,45327806ae2a0bd262f52240bbbfab2932d79d4854ea07fd8aa6a62b42e35d16
2026-09-22,PUNTA NEGRA,,922.5,950.0,920.0,29.0,0.0,,,1,1,2026-09-28T22:45:11+00:00,20260922__45327806ae2a.html,45327806ae2a0bd262f52240bbbfab2932d79d4854ea07fd8aa6a62b42e35d16
2026-09-22,ULLUM,,,,,29.0,,,,1,1,2026-09-28T22:45:11+00:00,20260922__45327806ae2a.html,45327806ae2a0bd262f52240bbbfab2932d79d4854ea07fd8aa6a62b42e35d16
2026-09-22,QUEBRADA DE ULLUM,,760.66,768.0,745.0,36.0,0.0,,,1,1,2026-09-28T22:45:11+00:00,20260922__45327806ae2a.html,45327806ae2a0bd262f52240bbbfab2932d79d4854ea07fd8aa6a62b42e35d16
2026-09-23,PLANICIE BANDERITA,Barreales,415.22,422.5,410.5,,,,,1,1,2026-09-28T22:45:15+00:00,20260923__87118fb05881.html,87118fb058815d7e0632a46017d80d2239271aec01f65cfb743c68b517ac08b1
2026-09-23,ALICURA,,700.24,705.0,692.0,270.0,,,,1,1,2026-09-28T22:45:15+00:00,20260923__87118fb05881.html,87118fb058815d7e0632a46017d80d2239271aec01f65cfb743c68b517ac08b1
2026-09-23,Mari Menuco,,413.44,413.5,410.5,449.0,,,,1,1,2026-09-28T22:45:15+00:00,20260923__87118fb05881.html,87118fb058815d7e0632a46017d80d2239271aec01f65cfb743c68b517ac08b1
2026-09-23,EL CHOCON,,375.8,381.5,367.0,416.0,,,,1,1,2026-09-28T22:45:15+00:00,20260923__87118fb05881.html,87118fb058815d7e0632a46017d80d2239271aec01f65cfb743c68b517ac08b1
2026-09-23,PIEDRA DEL AGUILA,,582.8,592.0,564.0,223.0,0.0,,,1,1,2026-09-28T22:45:15+00:00,20260923__87118fb05881.html,87118fb058815d7e0632a46017d80d2239271aec01f65cfb743c68b517ac08b1
2026-09-23,ARROYITO,,313.28,317.0,310.5,336.0,0.0,,,1,1,2026-09-28T22:45:15+00:00,20260923__87118fb05881.html,87118fb058815d7e0632a46017d80d2239271aec01f65cfb743c68b517ac08b1
2026-09-23,P.P.LEUFU,,478.39,,,221.0,0.0,,,1,1,2026-09-28T22:45:15+00:00,20260923__87118fb05881.html,87118fb058815d7e0632a46017d80d2239271aec01f65cfb743c68b517ac08b1
2026-09-23,YACYRETA,,83.07,83.5,75.0,13100.0,5000.0,,,1,1,2026-09-28T22:45:15+00:00,20260923__87118fb05881.html,87118fb058815d7e0632a46017d80d2239271aec01f65cfb743c68b517ac08b1
2026-09-23,SALTO GRANDE,,34.72,35.5,31.0,7559.0,0.0,,,1,1,2026-09-28T22:45:15+00:00,20260923__87118fb05881.html,87118fb058815d7e0632a46017d80d2239271aec01f65cfb743c68b517ac08b1
2026-09-23,AMEGHINO,,135.9,166.0,137.7,0.0,0.0,,,1,1,2026-09-28T22:45:15+00:00,20260923__87118fb05881.html,87118fb058815d7e0632a46017d80d2239271aec01f65cfb743c68b517ac08b1
2026-09-23,FUTALEUFU,,473.2,494.5,465.0,174.0,0.0,,,1,1,2026-09-28T22:45:15+00:00,20260923__87118fb05881.html,87118fb058815d7e0632a46017d80d2239271aec01f65cfb743c68b517ac08b1
2026-09-23,RIO GRANDE,,874.66,876.0,866.0,68.0,,0.0,,1,1,2026-09-28T22:45:15+00:00,20260923__87118fb05881.html,87118fb058815d7e0632a46017d80d2239271aec01f65cfb743c68b517ac08b1
2026-09-23,LOS CARACOLES,,1081.44,1110.0,1080.0,28.0,0.0,,,1,1,2026-09-28T22:45:15+00:00,20260923__87118fb05881.html,87118fb058815d7e0632a46017d80d2239271aec01f65cfb743c68b517ac08b1
2026-09-23,PUNTA NEGRA,,922.45,950.0,920.0,31.0,0.0,,,1,1,2026-09-28T22:45:15+00:00,20260923__87118fb05881.html,87118fb058815d7e0632a46017d80d2239271aec01f65cfb743c68b517ac08b1
2026-09-23,ULLUM,,,,,31.0,,,,1,1,2026-09-28T22:45:15+00:00,20260923__87118fb05881.html,87118fb058815d7e0632a46017d80d2239271aec01f65cfb743c68b517ac08b1
2026-09-23,QUEBRADA DE ULLUM,,760.71,768.0,745.0,42.0,0.0,,,1,1,2026-09-28T22:45:15+00:00,20260923__87118fb05881.html,87118fb058815d7e0632a46017d80d2239271aec01f65cfb743c68b517ac08b1
2026-09-24,PLANICIE BANDERITA,Barreales,415.2,422.5,410.5,,,,,1,1,2026-09-28T22:45:21+00:00,20260924__6faf972e2e49.html,6faf972e2e49aff78723efce4de9e4d8610f4bf07d9aa73f87f6fffeb2e3d83b
2026-09-24,ALICURA,,700.12,705.0,692.0,689.0,,,,1,1,2026-09-28T22:45:21+00:00,20260924__6faf972e2e49.html,6faf972e2e49aff78723efce4de9e4d8610f4bf07d9aa73f87f6fffeb2e3d83b
2026-09-24,Mari Menuco,,413.38,413.5,410.5,476.0,,,,1,1,2026-09-28T22:45:21+00:00,20260924__6faf972e2e49.html,6faf972e2e49aff78723efce4de9e4d8610f4bf07d9aa73f87f6fffeb2e3d83b
2026-09-24,EL CHOCON,,375.79,381.5,367.0,466.0,,,,1,1,2026-09-28T22:45:21+00:00,20260924__6faf972e2e49.html,6faf972e2e49aff78723efce4de9e4d8610f4bf07d9aa73f87f6fffeb2e3d83b
2026-09-24,PIEDRA DEL AGUILA,,583.03,592.0,564.0,795.0,0.0,,,1,1,2026-09-28T22:45:21+00:00,20260924__6faf972e2e49.html,6faf972e2e49aff78723efce4de9e4d8610f4bf07d9aa73f87f6fffeb2e3d83b
2026-09-24,ARROYITO,,313.41,317.0,310.5,336.0,0.0,,,1,1,2026-09-28T22:45:21+00:00,20260924__6faf972e2e49.html,6faf972e2e49aff78723efce4de9e4d8610f4bf07d9aa73f87f6fffeb2e3d83b
2026-09-24,P.P.LEUFU,,478.23,,,638.0,0.0,,,1,1,2026-09-28T22:45:21+00:00,20260924__6faf972e2e49.html,6faf972e2e49aff78723efce4de9e4d8610f4bf07d9aa73f87f6fffeb2e3d83b
2026-09-24,YACYRETA,,83.03,83.5,75.0,13100.0,4000.0,,,1,1,2026-09-28T22:45:21+00:00,20260924__6faf972e2e49.html,6faf972e2e49aff78723efce4de9e4d8610f4bf07d9aa73f87f6fffeb2e3d83b
2026-09-24,SALTO GRANDE,,34.59,35.5,31.0,7603.0,0.0,,,1,1,2026-09-28T22:45:21+00:00,20260924__6faf972e2e49.html,6faf972e2e49aff78723efce4de9e4d8610f4bf07d9aa73f87f6fffeb2e3d83b
2026-09-24,AMEGHINO,,135.95,166.0,137.7,0.0,0.0,,,1,1,2026-09-28T22:45:21+00:00,20260924__6faf972e2e49.html,6faf972e2e49aff78723efce4de9e4d8610f4bf07d9aa73f87f6fffeb2e3d83b
2026-09-24,FUTALEUFU,,473.37,494.5,465.0,173.0,0.0,,,1,1,2026-09-28T22:45:21+00:00,20260924__6faf972e2e49.html,6faf972e2e49aff78723efce4de9e4d8610f4bf07d9aa73f87f6fffeb2e3d83b
2026-09-24,RIO GRANDE,,874.22,876.0,866.0,18.0,,0.0,,1,1,2026-09-28T22:45:21+00:00,20260924__6faf972e2e49.html,6faf972e2e49aff78723efce4de9e4d8610f4bf07d9aa73f87f6fffeb2e3d83b
2026-09-24,LOS CARACOLES,,1081.51,1110.0,1080.0,29.0,0.0,,,1,1,2026-09-28T22:45:21+00:00,20260924__6faf972e2e49.html,6faf972e2e49aff78723efce4de9e4d8610f4bf07d9aa73f87f6fffeb2e3d83b
2026-09-24,PUNTA NEGRA,,922.15,950.0,920.0,26.0,0.0,,,1,1,2026-09-28T22:45:21+00:00,20260924__6faf972e2e49.html,6faf972e2e49aff78723efce4de9e4d8610f4bf07d9aa73f87f6fffeb2e3d83b
2026-09-24,ULLUM,,,,,26.0,,,,1,1,2026-09-28T22:45:21+00:00,20260924__6faf972e2e49.html,6faf972e2e49aff78723efce4de9e4d8610f4bf07d9aa73f87f6fffeb2e3d83b
2026-09-24,QUEBRADA DE ULLUM,,760.6,768.0,745.0,43.0,0.0,,,1,1,2026-09-28T22:45:21+00:00,20260924__6faf972e2e49.html,6faf972e2e49aff78723efce4de9e4d8610f4bf07d9aa73f87f6fffeb2e3d83b
2026-09-25,PLANICIE BANDERITA,Barreales,415.22,422.5,410.5,,,,,1,1,2026-09-28T22:45:25+00:00,20260925__0c86e146770f.html,0c86e146770f2f406ca8618cbe1664912f9a61d134e133ef7aec21f6de775266
2026-09-25,ALICURA,,700.15,705.0,692.0,689.0,,,,1,1,2026-09-28T22:45:25+00:00,20260925__0c86e146770f.html,0c86e146770f2f406ca8618cbe1664912f9a61d134e133ef7aec21f6de775266
2026-09-25,Mari Menuco,,413.39,413.5,410.5,410.0,,,,1,1,2026-09-28T22:45:25+00:00,20260925__0c86e146770f.html,0c86e146770f2f406ca8618cbe1664912f9a61d134e133ef7aec21f6de775266
2026-09-25,EL CHOCON,,375.79,381.5,367.0,483.0,,,,1,1,2026-09-28T22:45:25+00:00,20260925__0c86e146770f.html,0c86e146770f2f406ca8618cbe1664912f9a61d134e133ef7aec21f6de775266
2026-09-25,PIEDRA DEL AGUILA,,583.41,592.0,564.0,681.0,0.0,,,1,1,2026-09-28T22:45:25+00:00,20260925__0c86e146770f.html,0c86e146770f2f406ca8618cbe1664912f9a61d134e133ef7aec21f6de775266
2026-09-25,ARROYITO,,313.11,317.0,310.5,336.0,0.0,,,1,1,2026-09-28T22:45:25+00:00,20260925__0c86e146770f.html,0c86e146770f2f406ca8618cbe1664912f9a61d134e133ef7aec21f6de775266
2026-09-25,P.P.LEUFU,,478.29,,,746.0,0.0,,,1,1,2026-09-28T22:45:25+00:00,20260925__0c86e146770f.html,0c86e146770f2f406ca8618cbe1664912f9a61d134e133ef7aec21f6de775266
2026-09-25,YACYRETA,,83.04,83.5,75.0,13200.0,4400.0,,,1,1,2026-09-28T22:45:25+00:00,20260925__0c86e146770f.html,0c86e146770f2f406ca8618cbe1664912f9a61d134e133ef7aec21f6de775266
2026-09-25,SALTO GRANDE,,34.49,35.5,31.0,7626.0,0.0,,,1,1,2026-09-28T22:45:25+00:00,20260925__0c86e146770f.html,0c86e146770f2f406ca8618cbe1664912f9a61d134e133ef7aec21f6de775266
2026-09-25,AMEGHINO,,136.0,166.0,137.7,0.0,0.0,,,1,1,2026-09-28T22:45:25+00:00,20260925__0c86e146770f.html,0c86e146770f2f406ca8618cbe1664912f9a61d134e133ef7aec21f6de775266
2026-09-25,FUTALEUFU,,473.77,494.5,465.0,173.0,0.0,,,1,1,2026-09-28T22:45:25+00:00,20260925__0c86e146770f.html,0c86e146770f2f406ca8618cbe1664912f9a61d134e133ef7aec21f6de775266
2026-09-25,RIO GRANDE,,874.17,876.0,866.0,18.0,,393.75,,1,1,2026-09-28T22:45:25+00:00,20260925__0c86e146770f.html,0c86e146770f2f406ca8618cbe1664912f9a61d134e133ef7aec21f6de775266
2026-09-25,LOS CARACOLES,,1081.65,1110.0,1080.0,30.0,0.0,,,1,1,2026-09-28T22:45:25+00:00,20260925__0c86e146770f.html,0c86e146770f2f406ca8618cbe1664912f9a61d134e133ef7aec21f6de775266
2026-09-25,PUNTA NEGRA,,922.16,950.0,920.0,29.0,0.0,,,1,1,2026-09-28T22:45:25+00:00,20260925__0c86e146770f.html,0c86e146770f2f406ca8618cbe1664912f9a61d134e133ef7aec21f6de775266
2026-09-25,ULLUM,,,,,29.0,,,,1,1,2026-09-28T22:45:25+00:00,20260925__0c86e146770f.html,0c86e146770f2f406ca8618cbe1664912f9a61d134e133ef7aec21f6de775266
2026-09-25,QUEBRADA DE ULLUM,,760.51,768.0,745.0,40.0,0.0,,,1,1,2026-09-28T22:45:25+00:00,20260925__0c86e146770f.html,0c86e146770f2f406ca8618cbe1664912f9a61d134e133ef7aec21f6de775266
2026-09-26,PLANICIE BANDERITA,Barreales,415.35,422.5,410.5,,,,,1,1,2026-09-28T22:45:31+00:00,20260926__b4da19f64d7c.html,b4da19f64d7c245c795b2df810bb7bd11bf8fcfd0aec9c64f1c363bb63ffd286
2026-09-26,ALICURA,,700.35,705.0,692.0,557.0,,,,1,1,2026-09-28T22:45:31+00:00,20260926__b4da19f64d7c.html,b4da19f64d7c245c795b2df810bb7bd11bf8fcfd0aec9c64f1c363bb63ffd286
2026-09-26,Mari Menuco,,413.47,413.5,410.5,411.0,,,,1,1,2026-09-28T22:45:31+00:00,20260926__b4da19f64d7c.html,b4da19f64d7c245c795b2df810bb7bd11bf8fcfd0aec9c64f1c363bb63ffd286
2026-09-26,EL CHOCON,,375.79,381.5,367.0,157.0,,,,1,1,2026-09-28T22:45:31+00:00,20260926__b4da19f64d7c.html,b4da19f64d7c245c795b2df810bb7bd11bf8fcfd0aec9c64f1c363bb63ffd286
2026-09-26,PIEDRA DEL AGUILA,,584.07,592.0,564.0,661.0,0.0,,,1,1,2026-09-28T22:45:31+00:00,20260926__b4da19f64d7c.html,b4da19f64d7c245c795b2df810bb7bd11bf8fcfd0aec9c64f1c363bb63ffd286
2026-09-26,ARROYITO,,313.25,317.0,310.5,336.0,0.0,,,1,1,2026-09-28T22:45:31+00:00,20260926__b4da19f64d7c.html,b4da19f64d7c245c795b2df810bb7bd11bf8fcfd0aec9c64f1c363bb63ffd286
2026-09-26,P.P.LEUFU,,478.77,,,641.0,0.0,,,1,1,2026-09-28T22:45:31+00:00,20260926__b4da19f64d7c.html,b4da19f64d7c245c795b2df810bb7bd11bf8fcfd0aec9c64f1c363bb63ffd286
2026-09-26,YACYRETA,,83.05,83.5,75.0,13900.0,4400.0,,,1,1,2026-09-28T22:45:31+00:00,20260926__b4da19f64d7c.html,b4da19f64d7c245c795b2df810bb7bd11bf8fcfd0aec9c64f1c363bb63ffd286
2026-09-26,SALTO GRANDE,,34.49,35.5,31.0,7609.0,0.0,,,1,1,2026-09-28T22:45:31+00:00,20260926__b4da19f64d7c.html,b4da19f64d7c245c795b2df810bb7bd11bf8fcfd0aec9c64f1c363bb63ffd286
2026-09-26,AMEGHINO,,136.06,166.0,137.7,0.0,0.0,,,1,1,2026-09-28T22:45:31+00:00,20260926__b4da19f64d7c.html,b4da19f64d7c245c795b2df810bb7bd11bf8fcfd0aec9c64f1c363bb63ffd286
2026-09-26,FUTALEUFU,,474.01,494.5,465.0,172.0,0.0,,,1,1,2026-09-28T22:45:31+00:00,20260926__b4da19f64d7c.html,b4da19f64d7c245c795b2df810bb7bd11bf8fcfd0aec9c64f1c363bb63ffd286
2026-09-26,RIO GRANDE,,874.12,876.0,866.0,0.0,,353.25,,1,1,2026-09-28T22:45:31+00:00,20260926__b4da19f64d7c.html,b4da19f64d7c245c795b2df810bb7bd11bf8fcfd0aec9c64f1c363bb63ffd286
2026-09-26,LOS CARACOLES,,1081.6,1110.0,1080.0,0.0,0.0,,,1,1,2026-09-28T22:45:31+00:00,20260926__b4da19f64d7c.html,b4da19f64d7c245c795b2df810bb7bd11bf8fcfd0aec9c64f1c363bb63ffd286
2026-09-26,PUNTA NEGRA,,922.3,950.0,920.0,0.0,0.0,,,1,1,2026-09-28T22:45:31+00:00,20260926__b4da19f64d7c.html,b4da19f64d7c245c795b2df810bb7bd11bf8fcfd0aec9c64f1c363bb63ffd286
2026-09-26,ULLUM,,,,,0.0,,,,1,1,2026-09-28T22:45:31+00:00,20260926__b4da19f64d7c.html,b4da19f64d7c245c795b2df810bb7bd11bf8fcfd0aec9c64f1c363bb63ffd286
2026-09-26,QUEBRADA DE ULLUM,,760.42,768.0,745.0,0.0,0.0,,,1,1,2026-09-28T22:45:31+00:00,20260926__b4da19f64d7c.html,b4da19f64d7c245c795b2df810bb7bd11bf8fcfd0aec9c64f1c363bb63ffd286
2026-09-27,PLANICIE BANDERITA,Barreales,415.65,422.5,410.5,,,,,1,1,2026-09-28T22:45:38+00:00,20260927__3badc8599bdc.html,3badc8599bdc388edb105a5ab15f2931dcec41ffc0544c633d1bc023bdd07b89
2026-09-27,ALICURA,,700.51,705.0,692.0,451.0,,,,1,1,2026-09-28T22:45:38+00:00,20260927__3badc8599bdc.html,3badc8599bdc388edb105a5ab15f2931dcec41ffc0544c633d1bc023bdd07b89
2026-09-27,Mari Menuco,,413.39,413.5,410.5,411.0,,,,1,1,2026-09-28T22:45:38+00:00,20260927__3badc8599bdc.html,3badc8599bdc388edb105a5ab15f2931dcec41ffc0544c633d1bc023bdd07b89
2026-09-27,EL CHOCON,,375.81,381.5,367.0,292.0,,,,1,1,2026-09-28T22:45:38+00:00,20260927__3badc8599bdc.html,3badc8599bdc388edb105a5ab15f2931dcec41ffc0544c633d1bc023bdd07b89
2026-09-27,PIEDRA DEL AGUILA,,584.6,592.0,564.0,308.0,0.0,,,1,1,2026-09-28T22:45:38+00:00,20260927__3badc8599bdc.html,3badc8599bdc388edb105a5ab15f2931dcec41ffc0544c633d1bc023bdd07b89
2026-09-27,ARROYITO,,313.07,317.0,310.5,336.0,0.0,,,1,1,2026-09-28T22:45:38+00:00,20260927__3badc8599bdc.html,3badc8599bdc388edb105a5ab15f2931dcec41ffc0544c633d1bc023bdd07b89
2026-09-27,P.P.LEUFU,,478.79,,,488.0,0.0,,,1,1,2026-09-28T22:45:38+00:00,20260927__3badc8599bdc.html,3badc8599bdc388edb105a5ab15f2931dcec41ffc0544c633d1bc023bdd07b89
2026-09-27,YACYRETA,,82.99,83.5,75.0,13900.0,4400.0,,,1,1,2026-09-28T22:45:38+00:00,20260927__3badc8599bdc.html,3badc8599bdc388edb105a5ab15f2931dcec41ffc0544c633d1bc023bdd07b89
2026-09-27,SALTO GRANDE,,34.33,35.5,31.0,7657.0,0.0,,,1,1,2026-09-28T22:45:38+00:00,20260927__3badc8599bdc.html,3badc8599bdc388edb105a5ab15f2931dcec41ffc0544c633d1bc023bdd07b89
2026-09-27,AMEGHINO,,136.15,166.0,137.7,0.0,0.0,,,1,1,2026-09-28T22:45:38+00:00,20260927__3badc8599bdc.html,3badc8599bdc388edb105a5ab15f2931dcec41ffc0544c633d1bc023bdd07b89
2026-09-27,FUTALEUFU,,474.26,494.5,465.0,172.0,0.0,,,1,1,2026-09-28T22:45:38+00:00,20260927__3badc8599bdc.html,3badc8599bdc388edb105a5ab15f2931dcec41ffc0544c633d1bc023bdd07b89
2026-09-27,RIO GRANDE,,874.41,876.0,866.0,27.0,,2247.75,,1,1,2026-09-28T22:45:38+00:00,20260927__3badc8599bdc.html,3badc8599bdc388edb105a5ab15f2931dcec41ffc0544c633d1bc023bdd07b89
2026-09-27,LOS CARACOLES,,1081.49,1110.0,1080.0,0.0,0.0,,,1,1,2026-09-28T22:45:38+00:00,20260927__3badc8599bdc.html,3badc8599bdc388edb105a5ab15f2931dcec41ffc0544c633d1bc023bdd07b89
2026-09-27,PUNTA NEGRA,,922.47,950.0,920.0,0.0,0.0,,,1,1,2026-09-28T22:45:38+00:00,20260927__3badc8599bdc.html,3badc8599bdc388edb105a5ab15f2931dcec41ffc0544c633d1bc023bdd07b89
2026-09-27,ULLUM,,,,,0.0,,,,1,1,2026-09-28T22:45:38+00:00,20260927__3badc8599bdc.html,3badc8599bdc388edb105a5ab15f2931dcec41ffc0544c633d1bc023bdd07b89
2026-09-27,QUEBRADA DE ULLUM,,760.33,768.0,745.0,0.0,0.0,,,1,1,2026-09-28T22:45:38+00:00,20260927__3badc8599bdc.html,3badc8599bdc388edb105a5ab15f2931dcec41ffc0544c633d1bc023bdd07b89
2026-09-28,PLANICIE BANDERITA,Barreales,415.91,422.5,410.5,,,,,1,1,2026-09-28T22:45:41+00:00,20260928__51c5616ecc80.html,51c5616ecc8035bf10652d449f2184a599f186d7b3aa4c3dfe73e95e14edd35f
2026-09-28,ALICURA,,700.95,705.0,692.0,547.0,,,,1,1,2026-09-28T22:45:41+00:00,20260928__51c5616ecc80.html,51c5616ecc8035bf10652d449f2184a599f186d7b3aa4c3dfe73e95e14edd35f
2026-09-28,Mari Menuco,,413.33,413.5,410.5,381.0,,,,1,1,2026-09-28T22:45:41+00:00,20260928__51c5616ecc80.html,51c5616ecc8035bf10652d449f2184a599f186d7b3aa4c3dfe73e95e14edd35f
2026-09-28,EL CHOCON,,375.86,381.5,367.0,157.0,,,,1,1,2026-09-28T22:45:41+00:00,20260928__51c5616ecc80.html,51c5616ecc8035bf10652d449f2184a599f186d7b3aa4c3dfe73e95e14edd35f
2026-09-28,PIEDRA DEL AGUILA,,585.07,592.0,564.0,682.0,0.0,,,1,1,2026-09-28T22:45:41+00:00,20260928__51c5616ecc80.html,51c5616ecc8035bf10652d449f2184a599f186d7b3aa4c3dfe73e95e14edd35f
2026-09-28,ARROYITO,,313.09,317.0,310.5,336.0,600.0,,,1,1,2026-09-28T22:45:41+00:00,20260928__51c5616ecc80.html,51c5616ecc8035bf10652d449f2184a599f186d7b3aa4c3dfe73e95e14edd35f
2026-09-28,P.P.LEUFU,,478.17,,,649.0,0.0,,,1,1,2026-09-28T22:45:41+00:00,20260928__51c5616ecc80.html,51c5616ecc8035bf10652d449f2184a599f186d7b3aa4c3dfe73e95e14edd35f
2026-09-28,YACYRETA,,82.93,83.5,75.0,13900.0,3700.0,,,1,1,2026-09-28T22:45:41+00:00,20260928__51c5616ecc80.html,51c5616ecc8035bf10652d449f2184a599f186d7b3aa4c3dfe73e95e14edd35f
2026-09-28,SALTO GRANDE,,34.18,35.5,31.0,7681.0,0.0,,,1,1,2026-09-28T22:45:41+00:00,20260928__51c5616ecc80.html,51c5616ecc8035bf10652d449f2184a599f186d7b3aa4c3dfe73e95e14edd35f
2026-09-28,AMEGHINO,,136.24,166.0,137.7,0.0,0.0,,,1,1,2026-09-28T22:45:41+00:00,20260928__51c5616ecc80.html,51c5616ecc8035bf10652d449f2184a599f186d7b3aa4c3dfe73e95e14edd35f
2026-09-28,FUTALEUFU,,474.53,494.5,465.0,172.0,0.0,,,1,1,2026-09-28T22:45:41+00:00,20260928__51c5616ecc80.html,51c5616ecc8035bf10652d449f2184a599f186d7b3aa4c3dfe73e95e14edd35f
2026-09-28,RIO GRANDE,,874.97,876.0,866.0,18.0,,0.0,,1,1,2026-09-28T22:45:41+00:00,20260928__51c5616ecc80.html,51c5616ecc8035bf10652d449f2184a599f186d7b3aa4c3dfe73e95e14edd35f
2026-09-28,LOS CARACOLES,,1081.43,1110.0,1080.0,0.0,0.0,,,1,1,2026-09-28T22:45:41+00:00,20260928__51c5616ecc80.html,51c5616ecc8035bf10652d449f2184a599f186d7b3aa4c3dfe73e95e14edd35f
2026-09-28,PUNTA NEGRA,,922.57,950.0,920.0,0.0,0.0,,,1,1,2026-09-28T22:45:41+00:00,20260928__51c5616ecc80.html,51c5616ecc8035bf10652d449f2184a599f186d7b3aa4c3dfe73e95e14edd35f
2026-09-28,ULLUM,,,,,0.0,,,,1,1,2026-09-28T22:45:41+00:00,20260928__51c5616ecc80.html,51c5616ecc8035bf10652d449f2184a599f186d7b3aa4c3dfe73e95e14edd35f
2026-09-28,QUEBRADA DE ULLUM,,760.23,768.0,745.0,0.0,0.0,,,1,1,2026-09-28T22:45:41+00:00,20260928__51c5616ecc80.html,51c5616ecc8035bf10652d449f2184a599f186d7b3aa4c3dfe73e95e14edd35f
2026-09-29,PLANICIE BANDERITA,Barreales,416.02,422.5,410.5,,,,,1,1,2026-09-29T18:10:58+00:00,20260929__19ca44639ccf.html,19ca44639ccf5a70ebf5fc81382f85cd7205916a09853814fa499b1b27468e25
2026-09-29,ALICURA,,700.53,705.0,692.0,685.0,,,,1,1,2026-09-29T18:10:58+00:00,20260929__19ca44639ccf.html,19ca44639ccf5a70ebf5fc81382f85cd7205916a09853814fa499b1b27468e25
2026-09-29,Mari Menuco,,413.4,413.5,410.5,411.0,,,,1,1,2026-09-29T18:10:58+00:00,20260929__19ca44639ccf.html,19ca44639ccf5a70ebf5fc81382f85cd7205916a09853814fa499b1b27468e25
2026-09-29,EL CHOCON,,375.83,381.5,367.0,628.0,,,,1,1,2026-09-29T18:10:58+00:00,20260929__19ca44639ccf.html,19ca44639ccf5a70ebf5fc81382f85cd7205916a09853814fa499b1b27468e25
2026-09-29,PIEDRA DEL AGUILA,,585.47,592.0,564.0,1349.0,0.0,,,1,1,2026-09-29T18:10:58+00:00,20260929__19ca44639ccf.html,19ca44639ccf5a70ebf5fc81382f85cd7205916a09853814fa499b1b27468e25
2026-09-29,ARROYITO,,314.35,317.0,310.5,336.0,0.0,,,1,1,2026-09-29T18:10:58+00:00,20260929__19ca44639ccf.html,19ca44639ccf5a70ebf5fc81382f85cd7205916a09853814fa499b1b27468e25
2026-09-29,P.P.LEUFU,,478.77,,,1321.0,0.0,,,1,1,2026-09-29T18:10:58+00:00,20260929__19ca44639ccf.html,19ca44639ccf5a70ebf5fc81382f85cd7205916a09853814fa499b1b27468e25
2026-09-29,YACYRETA,,82.92,83.5,75.0,13900.0,2700.0,,,1,1,2026-09-29T18:10:58+00:00,20260929__19ca44639ccf.html,19ca44639ccf5a70ebf5fc81382f85cd7205916a09853814fa499b1b27468e25
2026-09-29,SALTO GRANDE,,34.37,35.5,31.0,8294.0,3000.0,,,1,1,2026-09-29T18:10:58+00:00,20260929__19ca44639ccf.html,19ca44639ccf5a70ebf5fc81382f85cd7205916a09853814fa499b1b27468e25
2026-09-29,AMEGHINO,,136.46,166.0,137.7,0.0,0.0,,,1,1,2026-09-29T18:10:58+00:00,20260929__19ca44639ccf.html,19ca44639ccf5a70ebf5fc81382f85cd7205916a09853814fa499b1b27468e25
2026-09-29,FUTALEUFU,,474.81,494.5,465.0,171.0,0.0,,,1,1,2026-09-29T18:10:58+00:00,20260929__19ca44639ccf.html,19ca44639ccf5a70ebf5fc81382f85cd7205916a09853814fa499b1b27468e25
2026-09-29,RIO GRANDE,,874.97,876.0,866.0,18.0,,1595.25,,1,1,2026-09-29T18:10:58+00:00,20260929__19ca44639ccf.html,19ca44639ccf5a70ebf5fc81382f85cd7205916a09853814fa499b1b27468e25
2026-09-29,LOS CARACOLES,,1081.49,1110.0,1080.0,34.0,0.0,,,1,1,2026-09-29T18:10:58+00:00,20260929__19ca44639ccf.html,19ca44639ccf5a70ebf5fc81382f85cd7205916a09853814fa499b1b27468e25
2026-09-29,PUNTA NEGRA,,922.65,950.0,920.0,31.0,0.0,,,1,1,2026-09-29T18:10:58+00:00,20260929__19ca44639ccf.html,19ca44639ccf5a70ebf5fc81382f85cd7205916a09853814fa499b1b27468e25
2026-09-29,ULLUM,,,,,31.0,,,,1,1,2026-09-29T18:10:58+00:00,20260929__19ca44639ccf.html,19ca44639ccf5a70ebf5fc81382f85cd7205916a09853814fa499b1b27468e25
2026-09-29,QUEBRADA DE ULLUM,,760.41,768.0,745.0,0.0,6.0,,,1,1,2026-09-29T18:10:58+00:00,20260929__19ca44639ccf.html,19ca44639ccf5a70ebf5fc81382f85cd7205916a09853814fa499b1b27468e25
2026-09-30,PLANICIE BANDERITA,Barreales,416.22,422.5,410.5,,,,,1,1,2026-09-30T18:10:29+00:00,20260930__d52ddcd70eee.html,d52ddcd70eeeeecb4c457da58d8f089a8c5e7d6572c085786a0f8fafb89c6673
2026-09-30,ALICURA,,700.24,705.0,692.0,628.0,,,,1,1,2026-09-30T18:10:29+00:00,20260930__d52ddcd70eee.html,d52ddcd70eeeeecb4c457da58d8f089a8c5e7d6572c085786a0f8fafb89c6673
2026-09-30,Mari Menuco,,413.37,413.5,410.5,379.0,,,,1,1,2026-09-30T18:10:29+00:00,20260930__d52ddcd70eee.html,d52ddcd70eeeeecb4c457da58d8f089a8c5e7d6572c085786a0f8fafb89c6673
2026-09-30,EL CHOCON,,375.9,381.5,367.0,838.0,,,,1,1,2026-09-30T18:10:29+00:00,20260930__d52ddcd70eee.html,d52ddcd70eeeeecb4c457da58d8f089a8c5e7d6572c085786a0f8fafb89c6673
2026-09-30,PIEDRA DEL AGUILA,,585.81,592.0,564.0,1356.0,0.0,,,1,1,2026-09-30T18:10:29+00:00,20260930__d52ddcd70eee.html,d52ddcd70eeeeecb4c457da58d8f089a8c5e7d6572c085786a0f8fafb89c6673
2026-09-30,ARROYITO,,314.62,317.0,310.5,336.0,0.0,,,1,1,2026-09-30T18:10:29+00:00,20260930__d52ddcd70eee.html,d52ddcd70eeeeecb4c457da58d8f089a8c5e7d6572c085786a0f8fafb89c6673
2026-09-30,P.P.LEUFU,,478.21,,,1386.0,0.0,,,1,1,2026-09-30T18:10:29+00:00,20260930__d52ddcd70eee.html,d52ddcd70eeeeecb4c457da58d8f089a8c5e7d6572c085786a0f8fafb89c6673
2026-09-30,YACYRETA,,82.9,83.5,75.0,13200.0,2600.0,,,1,1,2026-09-30T18:10:29+00:00,20260930__d52ddcd70eee.html,d52ddcd70eeeeecb4c457da58d8f089a8c5e7d6572c085786a0f8fafb89c6673
2026-09-30,SALTO GRANDE,,34.38,35.5,31.0,8200.0,3000.0,,,1,1,2026-09-30T18:10:29+00:00,20260930__d52ddcd70eee.html,d52ddcd70eeeeecb4c457da58d8f089a8c5e7d6572c085786a0f8fafb89c6673
2026-09-30,AMEGHINO,,136.7,166.0,137.7,0.0,0.0,,,1,1,2026-09-30T18:10:29+00:00,20260930__d52ddcd70eee.html,d52ddcd70eeeeecb4c457da58d8f089a8c5e7d6572c085786a0f8fafb89c6673
2026-09-30,FUTALEUFU,,475.1,494.5,465.0,171.0,0.0,,,1,1,2026-09-30T18:10:29+00:00,20260930__d52ddcd70eee.html,d52ddcd70eeeeecb4c457da58d8f089a8c5e7d6572c085786a0f8fafb89c6673
2026-09-30,RIO GRANDE,,875.04,876.0,866.0,18.0,,2157.75,,1,1,2026-09-30T18:10:29+00:00,20260930__d52ddcd70eee.html,d52ddcd70eeeeecb4c457da58d8f089a8c5e7d6572c085786a0f8fafb89c6673
2026-09-30,LOS CARACOLES,,1081.6,1110.0,1080.0,34.0,0.0,,,1,1,2026-09-30T18:10:29+00:00,20260930__d52ddcd70eee.html,d52ddcd70eeeeecb4c457da58d8f089a8c5e7d6572c085786a0f8fafb89c6673
2026-09-30,PUNTA NEGRA,,922.67,950.0,920.0,31.0,0.0,,,1,1,2026-09-30T18:10:29+00:00,20260930__d52ddcd70eee.html,d52ddcd70eeeeecb4c457da58d8f089a8c5e7d6572c085786a0f8fafb89c6673
2026-09-30,ULLUM,,,,,30.0,,,,1,1,2026-09-30T18:10:29+00:00,20260930__d52ddcd70eee.html,d52ddcd70eeeeecb4c457da58d8f089a8c5e7d6572c085786a0f8fafb89c6673
2026-09-30,QUEBRADA DE ULLUM,,760.51,768.0,745.0,0.0,5.0,,,1,1,2026-09-30T18:10:29+00:00,20260930__d52ddcd70eee.html,d52ddcd70eeeeecb4c457da58d8f089a8c5e7d6572c085786a0f8fafb89c6673
2026-10-01,PLANICIE BANDERITA,Barreales,416.35,422.5,410.5,,,,,1,1,2026-10-01T18:30:53+00:00,20261001__36caeb75a4f4.html,36caeb75a4f449ef8846c12db8cec4d4f58b766ffdb45b4ba9c001b5d565e863
2026-10-01,ALICURA,,700.09,705.0,692.0,258.0,,,,1,1,2026-10-01T18:30:53+00:00,20261001__36caeb75a4f4.html,36caeb75a4f449ef8846c12db8cec4d4f58b766ffdb45b4ba9c001b5d565e863
2026-10-01,Mari Menuco,,413.36,413.5,410.5,284.0,,,,1,1,2026-10-01T18:30:53+00:00,20261001__36caeb75a4f4.html,36caeb75a4f449ef8846c12db8cec4d4f58b766ffdb45b4ba9c001b5d565e863
2026-10-01,EL CHOCON,,375.99,381.5,367.0,313.0,,,,1,1,2026-10-01T18:30:53+00:00,20261001__36caeb75a4f4.html,36caeb75a4f449ef8846c12db8cec4d4f58b766ffdb45b4ba9c001b5d565e863
2026-10-01,PIEDRA DEL AGUILA,,586.0,592.0,564.0,1299.0,0.0,,,1,1,2026-10-01T18:30:53+00:00,20261001__36caeb75a4f4.html,36caeb75a4f449ef8846c12db8cec4d4f58b766ffdb45b4ba9c001b5d565e863
2026-10-01,ARROYITO,,315.03,317.0,310.5,280.0,0.0,,,1,1,2026-10-01T18:30:53+00:00,20261001__36caeb75a4f4.html,36caeb75a4f449ef8846c12db8cec4d4f58b766ffdb45b4ba9c001b5d565e863
2026-10-01,P.P.LEUFU,,478.51,,,1287.0,0.0,,,1,1,2026-10-01T18:30:53+00:00,20261001__36caeb75a4f4.html,36caeb75a4f449ef8846c12db8cec4d4f58b766ffdb45b4ba9c001b5d565e863
2026-10-01,YACYRETA,,82.89,83.5,75.0,13100.0,3700.0,,,1,1,2026-10-01T18:30:53+00:00,20261001__36caeb75a4f4.html,36caeb75a4f449ef8846c12db8cec4d4f58b766ffdb45b4ba9c001b5d565e863
2026-10-01,SALTO GRANDE,,34.53,35.5,31.0,8386.0,4000.0,,,1,1,2026-10-01T18:30:53+00:00,20261001__36caeb75a4f4.html,36caeb75a4f449ef8846c12db8cec4d4f58b766ffdb45b4ba9c001b5d565e863
2026-10-01,AMEGHINO,,136.91,166.0,137.7,0.0,0.0,,,1,1,2026-10-01T18:30:53+00:00,20261001__36caeb75a4f4.html,36caeb75a4f449ef8846c12db8cec4d4f58b766ffdb45b4ba9c001b5d565e863
2026-10-01,FUTALEUFU,,475.37,494.5,465.0,171.0,0.0,,,1,1,2026-10-01T18:30:53+00:00,20261001__36caeb75a4f4.html,36caeb75a4f449ef8846c12db8cec4d4f58b766ffdb45b4ba9c001b5d565e863
2026-10-01,RIO GRANDE,,874.89,876.0,866.0,18.0,,0.0,,1,1,2026-10-01T18:30:53+00:00,20261001__36caeb75a4f4.html,36caeb75a4f449ef8846c12db8cec4d4f58b766ffdb45b4ba9c001b5d565e863
2026-10-01,LOS CARACOLES,,1081.6,1110.0,1080.0,43.0,0.0,,,1,1,2026-10-01T18:30:53+00:00,20261001__36caeb75a4f4.html,36caeb75a4f449ef8846c12db8cec4d4f58b766ffdb45b4ba9c001b5d565e863
2026-10-01,PUNTA NEGRA,,922.82,950.0,920.0,29.0,0.0,,,1,1,2026-10-01T18:30:53+00:00,20261001__36caeb75a4f4.html,36caeb75a4f449ef8846c12db8cec4d4f58b766ffdb45b4ba9c001b5d565e863
2026-10-01,ULLUM,,,,,28.0,,,,1,1,2026-10-01T18:30:53+00:00,20261001__36caeb75a4f4.html,36caeb75a4f449ef8846c12db8cec4d4f58b766ffdb45b4ba9c001b5d565e863
2026-10-01,QUEBRADA DE ULLUM,,760.42,768.0,745.0,37.0,0.0,,,1,1,2026-10-01T18:30:53+00:00,20261001__36caeb75a4f4.html,36caeb75a4f449ef8846c12db8cec4d4f58b766ffdb45b4ba9c001b5d565e863
2026-10-02,PLANICIE BANDERITA,Barreales,416.43,422.5,410.5,,,,,1,1,2026-10-02T17:58:08+00:00,20261002__72c251500e89.html,72c251500e8993e3a49dfe062e769be51a11c36f7e89aaf21cd13b619a8e2ead
2026-10-02,ALICURA,,700.1,705.0,692.0,215.0,,,,1,1,2026-10-02T17:58:08+00:00,20261002__72c251500e89.html,72c251500e8993e3a49dfe062e769be51a11c36f7e89aaf21cd13b619a8e2ead
2026-10-02,Mari Menuco,,413.47,413.5,410.5,284.0,,,,1,1,2026-10-02T17:58:08+00:00,20261002__72c251500e89.html,72c251500e8993e3a49dfe062e769be51a11c36f7e89aaf21cd13b619a8e2ead
2026-10-02,EL CHOCON,,376.09,381.5,367.0,234.0,,,,1,1,2026-10-02T17:58:08+00:00,20261002__72c251500e89.html,72c251500e8993e3a49dfe062e769be51a11c36f7e89aaf21cd13b619a8e2ead
2026-10-02,PIEDRA DEL AGUILA,,586.21,592.0,564.0,1254.0,0.0,,,1,1,2026-10-02T17:58:08+00:00,20261002__72c251500e89.html,72c251500e8993e3a49dfe062e769be51a11c36f7e89aaf21cd13b619a8e2ead
2026-10-02,ARROYITO,,314.97,317.0,310.5,280.0,0.0,,,1,1,2026-10-02T17:58:08+00:00,20261002__72c251500e89.html,72c251500e8993e3a49dfe062e769be51a11c36f7e89aaf21cd13b619a8e2ead
2026-10-02,P.P.LEUFU,,478.35,,,1251.0,0.0,,,1,1,2026-10-02T17:58:08+00:00,20261002__72c251500e89.html,72c251500e8993e3a49dfe062e769be51a11c36f7e89aaf21cd13b619a8e2ead
2026-10-02,YACYRETA,,82.85,83.5,75.0,12900.0,5200.0,,,1,1,2026-10-02T17:58:08+00:00,20261002__72c251500e89.html,72c251500e8993e3a49dfe062e769be51a11c36f7e89aaf21cd13b619a8e2ead
2026-10-02,SALTO GRANDE,,34.65,35.5,31.0,8364.0,4000.0,,,1,1,2026-10-02T17:58:08+00:00,20261002__72c251500e89.html,72c251500e8993e3a49dfe062e769be51a11c36f7e89aaf21cd13b619a8e2ead
2026-10-02,AMEGHINO,,137.19,166.0,137.7,0.0,0.0,,,1,1,2026-10-02T17:58:08+00:00,20261002__72c251500e89.html,72c251500e8993e3a49dfe062e769be51a11c36f7e89aaf21cd13b619a8e2ead
2026-10-02,FUTALEUFU,,475.61,494.5,465.0,170.0,0.0,,,1,1,2026-10-02T17:58:08+00:00,20261002__72c251500e89.html,72c251500e8993e3a49dfe062e769be51a11c36f7e89aaf21cd13b619a8e2ead
2026-10-02,RIO GRANDE,,874.96,876.0,866.0,18.0,,1228.5,,1,1,2026-10-02T17:58:08+00:00,20261002__72c251500e89.html,72c251500e8993e3a49dfe062e769be51a11c36f7e89aaf21cd13b619a8e2ead
2026-10-02,LOS CARACOLES,,1081.58,1110.0,1080.0,42.0,0.0,,,1,1,2026-10-02T17:58:08+00:00,20261002__72c251500e89.html,72c251500e8993e3a49dfe062e769be51a11c36f7e89aaf21cd13b619a8e2ead
2026-10-02,PUNTA NEGRA,,923.03,950.0,920.0,31.0,0.0,,,1,1,2026-10-02T17:58:08+00:00,20261002__72c251500e89.html,72c251500e8993e3a49dfe062e769be51a11c36f7e89aaf21cd13b619a8e2ead
2026-10-02,ULLUM,,,,,30.0,,,,1,1,2026-10-02T17:58:08+00:00,20261002__72c251500e89.html,72c251500e8993e3a49dfe062e769be51a11c36f7e89aaf21cd13b619a8e2ead
2026-10-02,QUEBRADA DE ULLUM,,760.35,768.0,745.0,43.0,0.0,,,1,1,2026-10-02T17:58:08+00:00,20261002__72c251500e89.html,72c251500e8993e3a49dfe062e769be51a11c36f7e89aaf21cd13b619a8e2ead
2026-10-03,PLANICIE BANDERITA,Barreales,416.53,422.5,410.5,,,,,1,1,2026-10-03T16:23:40+00:00,20261003__304d124e236a.html,304d124e236a5beacce188494a686e41b0069312c712ce86bbfbfcac57b4ba47
2026-10-03,ALICURA,,700.4,705.0,692.0,76.0,,,,1,1,2026-10-03T16:23:40+00:00,20261003__304d124e236a.html,304d124e236a5beacce188494a686e41b0069312c712ce86bbfbfcac57b4ba47
2026-10-03,Mari Menuco,,413.46,413.5,410.5,236.0,,,,1,1,2026-10-03T16:23:40+00:00,20261003__304d124e236a.html,304d124e236a5beacce188494a686e41b0069312c712ce86bbfbfcac57b4ba47
2026-10-03,EL CHOCON,,376.21,381.5,367.0,5.0,,,,1,1,2026-10-03T16:23:40+00:00,20261003__304d124e236a.html,304d124e236a5beacce188494a686e41b0069312c712ce86bbfbfcac57b4ba47
2026-10-03,PIEDRA DEL AGUILA,,586.34,592.0,564.0,648.0,0.0,,,1,1,2026-10-03T16:23:40+00:00,20261003__304d124e236a.html,304d124e236a5beacce188494a686e41b0069312c712ce86bbfbfcac57b4ba47
2026-10-03,ARROYITO,,314.79,317.0,310.5,280.0,0.0,,,1,1,2026-10-03T16:23:40+00:00,20261003__304d124e236a.html,304d124e236a5beacce188494a686e41b0069312c712ce86bbfbfcac57b4ba47
2026-10-03,P.P.LEUFU,,478.22,,,617.0,0.0,,,1,1,2026-10-03T16:23:40+00:00,20261003__304d124e236a.html,304d124e236a5beacce188494a686e41b0069312c712ce86bbfbfcac57b4ba47
2026-10-03,YACYRETA,,82.86,83.5,75.0,14000.0,5200.0,,,1,1,2026-10-03T16:23:40+00:00,20261003__304d124e236a.html,304d124e236a5beacce188494a686e41b0069312c712ce86bbfbfcac57b4ba47
2026-10-03,SALTO GRANDE,,34.32,35.5,31.0,7483.0,4000.0,,,1,1,2026-10-03T16:23:40+00:00,20261003__304d124e236a.html,304d124e236a5beacce188494a686e41b0069312c712ce86bbfbfcac57b4ba47
2026-10-03,AMEGHINO,,137.55,166.0,137.7,0.0,0.0,,,1,1,2026-10-03T16:23:40+00:00,20261003__304d124e236a.html,304d124e236a5beacce188494a686e41b0069312c712ce86bbfbfcac57b4ba47
2026-10-03,FUTALEUFU,,475.9,494.5,465.0,170.0,0.0,,,1,1,2026-10-03T16:23:40+00:00,20261003__304d124e236a.html,304d124e236a5beacce188494a686e41b0069312c712ce86bbfbfcac57b4ba47
2026-10-03,RIO GRANDE,,874.82,876.0,866.0,68.0,,0.0,,1,1,2026-10-03T16:23:40+00:00,20261003__304d124e236a.html,304d124e236a5beacce188494a686e41b0069312c712ce86bbfbfcac57b4ba47
2026-10-03,LOS CARACOLES,,1081.58,1110.0,1080.0,41.0,0.0,,,1,1,2026-10-03T16:23:40+00:00,20261003__304d124e236a.html,304d124e236a5beacce188494a686e41b0069312c712ce86bbfbfcac57b4ba47
2026-10-03,PUNTA NEGRA,,923.18,950.0,920.0,30.0,0.0,,,1,1,2026-10-03T16:23:40+00:00,20261003__304d124e236a.html,304d124e236a5beacce188494a686e41b0069312c712ce86bbfbfcac57b4ba47
2026-10-03,ULLUM,,,,,30.0,,,,1,1,2026-10-03T16:23:40+00:00,20261003__304d124e236a.html,304d124e236a5beacce188494a686e41b0069312c712ce86bbfbfcac57b4ba47
2026-10-03,QUEBRADA DE ULLUM,,760.25,768.0,745.0,43.0,0.0,,,1,1,2026-10-03T16:23:40+00:00,20261003__304d124e236a.html,304d124e236a5beacce188494a686e41b0069312c712ce86bbfbfcac57b4ba47
2026-10-04,PLANICIE BANDERITA,Barreales,416.62,422.5,410.5,,,,,1,1,2026-10-05T02:06:27+00:00,20261004__25d24ee4813f.html,25d24ee4813f886d74e1c5a85149ce0582ec32ca3b7511ef52059fdd1f554d0b
2026-10-04,ALICURA,,700.64,705.0,692.0,65.0,,,,1,1,2026-10-05T02:06:27+00:00,20261004__25d24ee4813f.html,25d24ee4813f886d74e1c5a85149ce0582ec32ca3b7511ef52059fdd1f554d0b
2026-10-04,Mari Menuco,,413.47,413.5,410.5,208.0,,,,1,1,2026-10-05T02:06:27+00:00,20261004__25d24ee4813f.html,25d24ee4813f886d74e1c5a85149ce0582ec32ca3b7511ef52059fdd1f554d0b
2026-10-04,EL CHOCON,,376.33,381.5,367.0,84.0,,,,1,1,2026-10-05T02:06:27+00:00,20261004__25d24ee4813f.html,25d24ee4813f886d74e1c5a85149ce0582ec32ca3b7511ef52059fdd1f554d0b
2026-10-04,PIEDRA DEL AGUILA,,586.56,592.0,564.0,647.0,0.0,,,1,1,2026-10-05T02:06:27+00:00,20261004__25d24ee4813f.html,25d24ee4813f886d74e1c5a85149ce0582ec32ca3b7511ef52059fdd1f554d0b
2026-10-04,ARROYITO,,314.37,317.0,310.5,280.0,0.0,,,1,1,2026-10-05T02:06:27+00:00,20261004__25d24ee4813f.html,25d24ee4813f886d74e1c5a85149ce0582ec32ca3b7511ef52059fdd1f554d0b
2026-10-04,P.P.LEUFU,,478.03,,,740.0,0.0,,,1,1,2026-10-05T02:06:27+00:00,20261004__25d24ee4813f.html,25d24ee4813f886d74e1c5a85149ce0582ec32ca3b7511ef52059fdd1f554d0b
2026-10-04,YACYRETA,,82.88,83.5,75.0,14000.0,5800.0,,,1,1,2026-10-05T02:06:27+00:00,20261004__25d24ee4813f.html,25d24ee4813f886d74e1c5a85149ce0582ec32ca3b7511ef52059fdd1f554d0b
2026-10-04,SALTO GRANDE,,33.95,35.5,31.0,8714.0,4000.0,,,1,1,2026-10-05T02:06:27+00:00,20261004__25d24ee4813f.html,25d24ee4813f886d74e1c5a85149ce0582ec32ca3b7511ef52059fdd1f554d0b
2026-10-04,AMEGHINO,,137.85,166.0,137.7,0.0,0.0,,,1,1,2026-10-05T02:06:27+00:00,20261004__25d24ee4813f.html,25d24ee4813f886d74e1c5a85149ce0582ec32ca3b7511ef52059fdd1f554d0b
2026-10-04,FUTALEUFU,,476.2,494.5,465.0,169.0,0.0,,,1,1,2026-10-05T02:06:27+00:00,20261004__25d24ee4813f.html,25d24ee4813f886d74e1c5a85149ce0582ec32ca3b7511ef52059fdd1f554d0b
2026-10-04,RIO GRANDE,,874.42,876.0,866.0,30.0,,758.25,,1,1,2026-10-05T02:06:27+00:00,20261004__25d24ee4813f.html,25d24ee4813f886d74e1c5a85149ce0582ec32ca3b7511ef52059fdd1f554d0b
2026-10-04,LOS CARACOLES,,1081.6,1110.0,1080.0,43.0,0.0,,,1,1,2026-10-05T02:06:27+00:00,20261004__25d24ee4813f.html,25d24ee4813f886d74e1c5a85149ce0582ec32ca3b7511ef52059fdd1f554d0b
2026-10-04,PUNTA NEGRA,,923.32,950.0,920.0,31.0,0.0,,,1,1,2026-10-05T02:06:27+00:00,20261004__25d24ee4813f.html,25d24ee4813f886d74e1c5a85149ce0582ec32ca3b7511ef52059fdd1f554d0b
2026-10-04,ULLUM,,,,,29.0,,,,1,1,2026-10-05T02:06:27+00:00,20261004__25d24ee4813f.html,25d24ee4813f886d74e1c5a85149ce0582ec32ca3b7511ef52059fdd1f554d0b
2026-10-04,QUEBRADA DE ULLUM,,760.12,768.0,745.0,43.0,0.0,,,1,1,2026-10-05T02:06:27+00:00,20261004__25d24ee4813f.html,25d24ee4813f886d74e1c5a85149ce0582ec32ca3b7511ef52059fdd1f554d0b
2026-10-05,PLANICIE BANDERITA,Barreales,416.68,422.5,410.5,,,,,1,1,2026-10-06T03:07:57+00:00,20261005__c408447bdba6.html,c408447bdba6307516f8c5c4ca78519bbb4560883a9b090a3668981150443573
2026-10-05,ALICURA,,701.02,705.0,692.0,405.0,,,,1,1,2026-10-06T03:07:57+00:00,20261005__c408447bdba6.html,c408447bdba6307516f8c5c4ca78519bbb4560883a9b090a3668981150443573
2026-10-05,Mari Menuco,,413.47,413.5,410.5,217.0,,,,1,1,2026-10-06T03:07:57+00:00,20261005__c408447bdba6.html,c408447bdba6307516f8c5c4ca78519bbb4560883a9b090a3668981150443573
2026-10-05,EL CHOCON,,376.41,381.5,367.0,202.0,,,,1,1,2026-10-06T03:07:57+00:00,20261005__c408447bdba6.html,c408447bdba6307516f8c5c4ca78519bbb4560883a9b090a3668981150443573
2026-10-05,PIEDRA DEL AGUILA,,586.8,592.0,564.0,990.0,0.0,,,1,1,2026-10-06T03:07:57+00:00,20261005__c408447bdba6.html,c408447bdba6307516f8c5c4ca78519bbb4560883a9b090a3668981150443573
2026-10-05,ARROYITO,,313.86,317.0,310.5,280.0,0.0,,,1,1,2026-10-06T03:07:57+00:00,20261005__c408447bdba6.html,c408447bdba6307516f8c5c4ca78519bbb4560883a9b090a3668981150443573
2026-10-05,P.P.LEUFU,,478.23,,,989.0,0.0,,,1,1,2026-10-06T03:07:57+00:00,20261005__c408447bdba6.html,c408447bdba6307516f8c5c4ca78519bbb4560883a9b090a3668981150443573
2026-10-05,YACYRETA,,82.89,83.5,75.0,14000.0,6500.0,,,1,1,2026-10-06T03:07:57+00:00,20261005__c408447bdba6.html,c408447bdba6307516f8c5c4ca78519bbb4560883a9b090a3668981150443573
2026-10-05,SALTO GRANDE,,33.64,35.5,31.0,9588.0,7000.0,,,1,1,2026-10-06T03:07:57+00:00,20261005__c408447bdba6.html,c408447bdba6307516f8c5c4ca78519bbb4560883a9b090a3668981150443573
2026-10-05,AMEGHINO,,138.04,166.0,137.7,0.0,0.0,,,1,1,2026-10-06T03:07:57+00:00,20261005__c408447bdba6.html,c408447bdba6307516f8c5c4ca78519bbb4560883a9b090a3668981150443573
2026-10-05,FUTALEUFU,,476.49,494.5,465.0,169.0,0.0,,,1,1,2026-10-06T03:07:57+00:00,20261005__c408447bdba6.html,c408447bdba6307516f8c5c4ca78519bbb4560883a9b090a3668981150443573
2026-10-05,RIO GRANDE,,874.72,876.0,866.0,18.0,,0.0,,1,1,2026-10-06T03:07:57+00:00,20261005__c408447bdba6.html,c408447bdba6307516f8c5c4ca78519bbb4560883a9b090a3668981150443573
2026-10-05,LOS CARACOLES,,1081.58,1110.0,1080.0,40.0,0.0,,,1,1,2026-10-06T03:07:57+00:00,20261005__c408447bdba6.html,c408447bdba6307516f8c5c4ca78519bbb4560883a9b090a3668981150443573
2026-10-05,PUNTA NEGRA,,923.44,950.0,920.0,30.0,0.0,,,1,1,2026-10-06T03:07:57+00:00,20261005__c408447bdba6.html,c408447bdba6307516f8c5c4ca78519bbb4560883a9b090a3668981150443573
2026-10-05,ULLUM,,,,,29.0,,,,1,1,2026-10-06T03:07:57+00:00,20261005__c408447bdba6.html,c408447bdba6307516f8c5c4ca78519bbb4560883a9b090a3668981150443573
2026-10-05,QUEBRADA DE ULLUM,,760.05,768.0,745.0,43.0,0.0,,,1,1,2026-10-06T03:07:57+00:00,20261005__c408447bdba6.html,c408447bdba6307516f8c5c4ca78519bbb4560883a9b090a3668981150443573
2026-10-06,PLANICIE BANDERITA,Barreales,416.8,422.5,410.5,,,,,1,1,2026-10-06T18:27:27+00:00,20261006__783624834ccf.html,783624834ccfd665076611d10c9a92abc493f51ef92e6ba881f2438f0b19925d
2026-10-06,ALICURA,,701.02,705.0,692.0,640.0,,,,1,1,2026-10-06T18:27:27+00:00,20261006__783624834ccf.html,783624834ccfd665076611d10c9a92abc493f51ef92e6ba881f2438f0b19925d
2026-10-06,Mari Menuco,,413.45,413.5,410.5,253.0,,,,1,1,2026-10-06T18:27:27+00:00,20261006__783624834ccf.html,783624834ccfd665076611d10c9a92abc493f51ef92e6ba881f2438f0b19925d
2026-10-06,EL CHOCON,,376.45,381.5,367.0,350.0,,,,1,1,2026-10-06T18:27:27+00:00,20261006__783624834ccf.html,783624834ccfd665076611d10c9a92abc493f51ef92e6ba881f2438f0b19925d
2026-10-06,PIEDRA DEL AGUILA,,587.0,592.0,564.0,1289.0,0.0,,,1,1,2026-10-06T18:27:27+00:00,20261006__783624834ccf.html,783624834ccfd665076611d10c9a92abc493f51ef92e6ba881f2438f0b19925d
2026-10-06,ARROYITO,,313.75,317.0,310.5,280.0,0.0,,,1,1,2026-10-06T18:27:27+00:00,20261006__783624834ccf.html,783624834ccfd665076611d10c9a92abc493f51ef92e6ba881f2438f0b19925d
2026-10-06,P.P.LEUFU,,478.25,,,1302.0,0.0,,,1,1,2026-10-06T18:27:27+00:00,20261006__783624834ccf.html,783624834ccfd665076611d10c9a92abc493f51ef92e6ba881f2438f0b19925d
2026-10-06,YACYRETA,,82.83,83.5,75.0,13900.0,7800.0,,,1,1,2026-10-06T18:27:27+00:00,20261006__783624834ccf.html,783624834ccfd665076611d10c9a92abc493f51ef92e6ba881f2438f0b19925d
2026-10-06,SALTO GRANDE,,33.34,35.5,31.0,7492.0,7000.0,,,1,1,2026-10-06T18:27:27+00:00,20261006__783624834ccf.html,783624834ccfd665076611d10c9a92abc493f51ef92e6ba881f2438f0b19925d
2026-10-06,AMEGHINO,,138.28,166.0,137.7,0.0,0.0,,,1,1,2026-10-06T18:27:27+00:00,20261006__783624834ccf.html,783624834ccfd665076611d10c9a92abc493f51ef92e6ba881f2438f0b19925d
2026-10-06,FUTALEUFU,,476.72,494.5,465.0,169.0,0.0,,,1,1,2026-10-06T18:27:27+00:00,20261006__783624834ccf.html,783624834ccfd665076611d10c9a92abc493f51ef92e6ba881f2438f0b19925d
2026-10-06,RIO GRANDE,,874.32,876.0,866.0,18.0,,0.0,,1,1,2026-10-06T18:27:27+00:00,20261006__783624834ccf.html,783624834ccfd665076611d10c9a92abc493f51ef92e6ba881f2438f0b19925d
2026-10-06,LOS CARACOLES,,1081.58,1110.0,1080.0,42.0,0.0,,,1,1,2026-10-06T18:27:27+00:00,20261006__783624834ccf.html,783624834ccfd665076611d10c9a92abc493f51ef92e6ba881f2438f0b19925d
2026-10-06,PUNTA NEGRA,,923.41,950.0,920.0,38.0,0.0,,,1,1,2026-10-06T18:27:27+00:00,20261006__783624834ccf.html,783624834ccfd665076611d10c9a92abc493f51ef92e6ba881f2438f0b19925d
2026-10-06,ULLUM,,,,,38.0,,,,1,1,2026-10-06T18:27:27+00:00,20261006__783624834ccf.html,783624834ccfd665076611d10c9a92abc493f51ef92e6ba881f2438f0b19925d
2026-10-06,QUEBRADA DE ULLUM,,760.01,768.0,745.0,43.0,0.0,,,1,1,2026-10-06T18:27:27+00:00,20261006__783624834ccf.html,783624834ccfd665076611d10c9a92abc493f51ef92e6ba881f2438f0b19925d
