dam_jp,observed_at,water_level_masl,storage_mcm,total_inflow_m3s,total_outflow_m3s
四万川ダム,2026-09-09T16:00,729.66,1.395,4.41,4.55
四万川ダム,2026-09-09T17:00,729.65,1.393,4.36,4.52
四万川ダム,2026-09-09T18:00,729.65,1.393,4.36,4.52
四万川ダム,2026-09-09T19:00,729.68,1.397,5.69,4.66
四万川ダム,2026-09-09T20:00,729.72,1.402,6.28,4.88
四万川ダム,2026-09-09T21:00,729.76,1.407,6.74,5.1
四万川ダム,2026-09-09T22:00,729.8,1.412,6.26,5.31
四万川ダム,2026-09-09T23:00,729.82,1.414,5.87,5.4
四万川ダム,2026-09-10T00:00,729.82,1.414,5.87,5.4
四万川ダム,2026-09-10T01:00,729.82,1.414,5.87,5.39
四万川ダム,2026-09-10T02:00,729.82,1.414,5.87,5.38
四万川ダム,2026-09-10T03:00,729.82,1.414,5.87,5.39
四万川ダム,2026-09-10T04:00,729.82,1.414,5.87,5.39
四万川ダム,2026-09-10T05:00,729.81,1.413,5.87,5.35
四万川ダム,2026-09-10T06:00,729.8,1.412,5.29,5.3
四万川ダム,2026-09-10T07:00,729.79,1.41,5.0,5.23
四万川ダム,2026-09-10T08:00,729.79,1.41,5.0,5.25
四万川ダム,2026-09-10T09:00,729.78,1.409,4.94,5.2
四万川ダム,2026-09-10T10:00,729.77,1.408,4.88,5.24
四万川ダム,2026-09-10T11:00,729.76,1.407,4.84,5.17
四万川ダム,2026-09-10T12:00,729.74,1.404,4.76,5.09
四万川ダム,2026-09-10T13:00,729.73,1.403,4.71,5.03
四万川ダム,2026-09-10T14:00,729.72,1.402,4.66,4.96
四万川ダム,2026-09-10T15:00,729.71,1.401,4.6,4.94
四万川ダム,2026-09-10T16:00,729.7,1.399,4.54,4.88
坂本ダム,2026-09-09T16:00,520.75,0.515,5.0,5.17
坂本ダム,2026-09-09T17:00,520.75,0.515,5.01,5.01
坂本ダム,2026-09-09T18:00,520.74,0.514,4.68,4.85
坂本ダム,2026-09-09T19:00,520.75,0.515,4.94,4.77
坂本ダム,2026-09-09T20:00,520.76,0.516,5.27,5.1
坂本ダム,2026-09-09T21:00,520.75,0.515,4.96,5.13
坂本ダム,2026-09-09T22:00,520.74,0.514,4.82,4.99
坂本ダム,2026-09-09T23:00,520.74,0.514,4.73,4.73
坂本ダム,2026-09-10T00:00,520.74,0.514,4.73,4.73
坂本ダム,2026-09-10T01:00,520.73,0.514,4.42,4.59
坂本ダム,2026-09-10T02:00,520.73,0.514,4.45,4.45
坂本ダム,2026-09-10T03:00,520.73,0.514,4.45,4.45
坂本ダム,2026-09-10T04:00,520.73,0.514,4.45,4.45
坂本ダム,2026-09-10T05:00,520.73,0.514,4.45,4.45
坂本ダム,2026-09-10T06:00,520.73,0.514,4.45,4.45
坂本ダム,2026-09-10T07:00,520.73,0.514,4.45,4.45
坂本ダム,2026-09-10T08:00,520.73,0.514,4.45,4.45
坂本ダム,2026-09-10T09:00,520.73,0.514,4.45,4.45
坂本ダム,2026-09-10T10:00,520.73,0.514,4.45,4.45
坂本ダム,2026-09-10T11:00,520.73,0.514,4.45,4.45
坂本ダム,2026-09-10T12:00,520.73,0.514,4.45,4.45
坂本ダム,2026-09-10T13:00,520.72,0.513,4.06,4.23
坂本ダム,2026-09-10T14:00,520.72,0.513,4.18,4.18
坂本ダム,2026-09-10T15:00,520.72,0.513,4.18,4.18
坂本ダム,2026-09-10T16:00,520.72,0.513,4.18,4.18
塩沢ダム,2026-09-09T16:00,529.0,0.058,1.68,1.72
塩沢ダム,2026-09-09T17:00,529.01,0.058,1.68,1.77
塩沢ダム,2026-09-09T18:00,529.01,0.058,1.68,1.77
塩沢ダム,2026-09-09T19:00,529.01,0.058,1.68,1.77
塩沢ダム,2026-09-09T20:00,529.01,0.058,1.68,1.77
塩沢ダム,2026-09-09T21:00,529.04,0.059,1.97,1.9
塩沢ダム,2026-09-09T22:00,529.05,0.059,1.98,1.95
塩沢ダム,2026-09-09T23:00,529.05,0.059,1.98,1.95
塩沢ダム,2026-09-10T00:00,529.04,0.059,1.98,1.9
塩沢ダム,2026-09-10T01:00,529.04,0.059,1.98,1.9
塩沢ダム,2026-09-10T02:00,529.04,0.059,1.98,1.9
塩沢ダム,2026-09-10T03:00,529.03,0.058,1.91,1.86
塩沢ダム,2026-09-10T04:00,529.03,0.058,1.91,1.86
塩沢ダム,2026-09-10T05:00,529.03,0.058,1.91,1.86
塩沢ダム,2026-09-10T06:00,529.03,0.058,1.91,1.86
塩沢ダム,2026-09-10T07:00,529.03,0.058,1.91,1.86
塩沢ダム,2026-09-10T08:00,529.03,0.058,1.91,1.86
塩沢ダム,2026-09-10T09:00,529.03,0.058,1.91,1.86
塩沢ダム,2026-09-10T10:00,529.03,0.058,1.91,1.86
塩沢ダム,2026-09-10T11:00,529.02,0.058,1.85,1.76
塩沢ダム,2026-09-10T12:00,529.02,0.058,1.85,1.81
塩沢ダム,2026-09-10T13:00,529.01,0.058,1.78,1.77
塩沢ダム,2026-09-10T14:00,529.01,0.058,1.78,1.77
塩沢ダム,2026-09-10T15:00,529.0,0.058,1.75,1.72
塩沢ダム,2026-09-10T16:00,529.0,0.058,1.75,1.72
大仁田ダム,2026-09-09T16:00,679.64,0.058,1.58,1.56
大仁田ダム,2026-09-09T17:00,679.64,0.058,1.56,1.56
大仁田ダム,2026-09-09T18:00,679.63,0.058,1.49,1.53
大仁田ダム,2026-09-09T19:00,679.64,0.058,1.54,1.56
大仁田ダム,2026-09-09T20:00,679.69,0.059,1.88,1.7
大仁田ダム,2026-09-09T21:00,679.7,0.059,1.78,1.73
大仁田ダム,2026-09-09T22:00,679.7,0.059,1.73,1.73
大仁田ダム,2026-09-09T23:00,679.69,0.059,1.67,1.7
大仁田ダム,2026-09-10T00:00,679.68,0.059,1.65,1.67
大仁田ダム,2026-09-10T01:00,679.68,0.059,1.67,1.67
大仁田ダム,2026-09-10T02:00,679.67,0.059,1.6,1.64
大仁田ダム,2026-09-10T03:00,679.66,0.059,1.61,1.61
大仁田ダム,2026-09-10T04:00,679.66,0.059,1.59,1.61
大仁田ダム,2026-09-10T05:00,679.66,0.059,1.61,1.61
大仁田ダム,2026-09-10T06:00,679.65,0.058,1.55,1.58
大仁田ダム,2026-09-10T07:00,679.65,0.058,1.58,1.58
大仁田ダム,2026-09-10T08:00,679.64,0.058,1.52,1.56
大仁田ダム,2026-09-10T09:00,679.64,0.058,1.56,1.56
大仁田ダム,2026-09-10T10:00,679.63,0.058,1.49,1.53
大仁田ダム,2026-09-10T11:00,679.63,0.058,1.53,1.53
大仁田ダム,2026-09-10T12:00,679.62,0.058,1.47,1.5
大仁田ダム,2026-09-10T13:00,679.62,0.058,1.5,1.5
大仁田ダム,2026-09-10T14:00,679.61,0.058,1.44,1.47
大仁田ダム,2026-09-10T15:00,679.61,0.058,1.47,1.47
大仁田ダム,2026-09-10T16:00,679.6,0.057,1.4,1.44
桐生川ダム,2026-09-09T16:00,243.71,4.208,11.72,9.88
桐生川ダム,2026-09-09T17:00,243.72,4.212,11.07,10.02
桐生川ダム,2026-09-09T18:00,243.73,4.215,11.04,10.16
桐生川ダム,2026-09-09T19:00,243.73,4.215,11.04,10.16
桐生川ダム,2026-09-09T20:00,243.74,4.219,10.55,10.28
桐生川ダム,2026-09-09T21:00,243.75,4.222,11.53,10.42
桐生川ダム,2026-09-09T22:00,243.76,4.226,11.81,10.57
桐生川ダム,2026-09-09T23:00,243.77,4.229,11.42,10.69
桐生川ダム,2026-09-10T00:00,243.78,4.233,11.33,10.84
桐生川ダム,2026-09-10T01:00,243.78,4.233,11.33,10.84
桐生川ダム,2026-09-10T02:00,243.79,4.237,11.33,10.99
桐生川ダム,2026-09-10T03:00,243.79,4.237,11.33,10.98
桐生川ダム,2026-09-10T04:00,243.79,4.237,11.33,10.99
桐生川ダム,2026-09-10T05:00,243.8,4.24,11.41,11.13
桐生川ダム,2026-09-10T06:00,243.8,4.24,11.41,11.13
桐生川ダム,2026-09-10T07:00,243.81,4.244,11.52,11.28
桐生川ダム,2026-09-10T08:00,243.81,4.244,11.52,11.28
桐生川ダム,2026-09-10T09:00,243.81,4.244,11.52,11.28
桐生川ダム,2026-09-10T10:00,243.81,4.244,11.52,11.28
桐生川ダム,2026-09-10T11:00,243.82,4.247,11.54,11.44
桐生川ダム,2026-09-10T12:00,243.82,4.247,11.54,11.44
桐生川ダム,2026-09-10T13:00,243.82,4.247,11.54,11.43
桐生川ダム,2026-09-10T14:00,243.81,4.244,11.01,11.28
桐生川ダム,2026-09-10T15:00,243.81,4.244,11.54,11.28
桐生川ダム,2026-09-10T16:00,243.81,4.244,11.54,11.28
道平川ダム,2026-09-09T16:00,460.04,1.817,2.87,3.32
道平川ダム,2026-09-09T17:00,460.02,1.815,2.72,3.23
道平川ダム,2026-09-09T18:00,460.0,1.812,2.68,3.14
道平川ダム,2026-09-09T19:00,460.0,1.812,2.68,3.14
道平川ダム,2026-09-09T20:00,459.99,1.811,2.88,3.1
道平川ダム,2026-09-09T21:00,459.98,1.81,2.92,3.05
道平川ダム,2026-09-09T22:00,459.98,1.81,2.92,3.05
道平川ダム,2026-09-09T23:00,459.97,1.809,2.81,3.01
道平川ダム,2026-09-10T00:00,459.96,1.808,2.79,2.97
道平川ダム,2026-09-10T01:00,459.95,1.807,2.72,2.93
道平川ダム,2026-09-10T02:00,459.95,1.807,2.72,2.93
道平川ダム,2026-09-10T03:00,459.94,1.806,2.67,2.88
道平川ダム,2026-09-10T04:00,459.93,1.804,2.59,2.84
道平川ダム,2026-09-10T05:00,459.92,1.803,2.56,2.8
道平川ダム,2026-09-10T06:00,459.91,1.802,2.52,2.76
道平川ダム,2026-09-10T07:00,459.9,1.801,2.47,2.71
道平川ダム,2026-09-10T08:00,459.89,1.8,2.43,2.67
道平川ダム,2026-09-10T09:00,459.88,1.799,2.37,2.63
道平川ダム,2026-09-10T10:00,459.87,1.798,2.35,2.59
道平川ダム,2026-09-10T11:00,459.86,1.797,2.31,2.55
道平川ダム,2026-09-10T12:00,459.85,1.795,2.27,2.51
道平川ダム,2026-09-10T13:00,459.85,1.795,2.27,2.51
道平川ダム,2026-09-10T14:00,459.84,1.794,2.25,2.47
道平川ダム,2026-09-10T15:00,459.83,1.793,2.2,2.43
道平川ダム,2026-09-10T16:00,459.8,1.79,1.49,2.16
霧積ダム,2026-09-09T16:00,600.24,0.725,5.89,6.14
霧積ダム,2026-09-09T17:00,600.23,0.724,5.76,6.06
霧積ダム,2026-09-09T18:00,600.21,0.722,5.56,5.89
霧積ダム,2026-09-09T19:00,600.21,0.722,5.56,5.89
霧積ダム,2026-09-09T20:00,600.22,0.723,6.05,5.98
霧積ダム,2026-09-09T21:00,600.23,0.724,6.56,6.05
霧積ダム,2026-09-09T22:00,600.23,0.724,6.56,6.06
霧積ダム,2026-09-09T23:00,600.22,0.723,5.93,5.98
霧積ダム,2026-09-10T00:00,600.21,0.722,5.66,5.89
霧積ダム,2026-09-10T01:00,600.19,0.72,5.5,5.73
霧積ダム,2026-09-10T02:00,600.18,0.719,5.43,5.65
霧積ダム,2026-09-10T03:00,600.17,0.718,5.37,5.57
霧積ダム,2026-09-10T04:00,600.17,0.718,5.37,5.57
霧積ダム,2026-09-10T05:00,600.16,0.717,5.36,5.49
霧積ダム,2026-09-10T06:00,600.16,0.717,5.36,5.48
霧積ダム,2026-09-10T07:00,600.16,0.717,5.36,5.49
霧積ダム,2026-09-10T08:00,600.16,0.717,5.49,5.49
霧積ダム,2026-09-10T09:00,600.16,0.717,5.49,5.49
霧積ダム,2026-09-10T10:00,600.16,0.717,5.49,5.48
霧積ダム,2026-09-10T11:00,600.16,0.717,5.49,5.48
霧積ダム,2026-09-10T12:00,600.15,0.716,5.45,5.4
霧積ダム,2026-09-10T13:00,600.15,0.716,5.45,5.41
霧積ダム,2026-09-10T14:00,600.14,0.715,5.22,5.32
霧積ダム,2026-09-10T15:00,600.13,0.714,5.08,5.24
霧積ダム,2026-09-10T16:00,600.12,0.713,4.97,5.15
四万川ダム,2026-09-10T17:00,729.69,1.398,4.51,4.82
四万川ダム,2026-09-10T18:00,729.68,1.397,4.45,4.75
坂本ダム,2026-09-10T17:00,520.71,0.513,3.73,3.9
坂本ダム,2026-09-10T18:00,520.71,0.513,3.9,3.9
塩沢ダム,2026-09-10T17:00,528.99,0.058,1.69,1.68
塩沢ダム,2026-09-10T18:00,528.98,0.058,1.66,1.64
大仁田ダム,2026-09-10T17:00,679.59,0.057,1.39,1.42
大仁田ダム,2026-09-10T18:00,679.59,0.057,1.42,1.42
桐生川ダム,2026-09-10T17:00,243.81,4.244,11.54,11.28
桐生川ダム,2026-09-10T18:00,243.81,4.244,11.54,11.29
道平川ダム,2026-09-10T17:00,459.8,1.79,1.49,2.16
道平川ダム,2026-09-10T18:00,459.79,1.789,1.95,2.12
霧積ダム,2026-09-10T17:00,600.11,0.712,4.9,5.08
霧積ダム,2026-09-10T18:00,600.1,0.711,4.8,5.0
四万川ダム,2026-09-10T19:00,729.67,1.396,4.4,4.7
四万川ダム,2026-09-10T20:00,729.66,1.395,4.35,4.67
四万川ダム,2026-09-10T21:00,729.65,1.393,4.28,4.61
四万川ダム,2026-09-10T22:00,729.64,1.392,4.25,4.56
四万川ダム,2026-09-10T23:00,729.62,1.39,4.14,4.5
四万川ダム,2026-09-11T00:00,729.61,1.388,4.11,4.44
四万川ダム,2026-09-11T01:00,729.6,1.387,4.07,4.41
四万川ダム,2026-09-11T02:00,729.59,1.386,4.03,4.37
坂本ダム,2026-09-10T19:00,520.71,0.513,3.9,3.9
坂本ダム,2026-09-10T20:00,520.71,0.513,3.9,3.9
坂本ダム,2026-09-10T21:00,520.7,0.512,3.64,3.81
坂本ダム,2026-09-10T22:00,520.7,0.512,3.64,3.64
坂本ダム,2026-09-10T23:00,520.7,0.512,3.64,3.64
坂本ダム,2026-09-11T00:00,520.7,0.512,3.64,3.64
坂本ダム,2026-09-11T01:00,520.7,0.512,3.64,3.64
坂本ダム,2026-09-11T02:00,520.7,0.512,3.64,3.64
塩沢ダム,2026-09-10T19:00,528.98,0.058,1.66,1.64
塩沢ダム,2026-09-10T20:00,528.98,0.058,1.66,1.64
塩沢ダム,2026-09-10T21:00,528.97,0.058,1.62,1.6
塩沢ダム,2026-09-10T22:00,528.96,0.057,1.58,1.56
塩沢ダム,2026-09-10T23:00,528.96,0.057,1.58,1.56
塩沢ダム,2026-09-11T00:00,528.95,0.057,1.54,1.52
塩沢ダム,2026-09-11T01:00,528.95,0.057,1.54,1.52
塩沢ダム,2026-09-11T02:00,528.95,0.057,1.54,1.52
大仁田ダム,2026-09-10T19:00,679.58,0.057,1.35,1.39
大仁田ダム,2026-09-10T20:00,679.58,0.057,1.39,1.39
大仁田ダム,2026-09-10T21:00,679.57,0.057,1.32,1.36
大仁田ダム,2026-09-10T22:00,679.56,0.057,1.33,1.33
大仁田ダム,2026-09-10T23:00,679.56,0.057,1.31,1.33
大仁田ダム,2026-09-11T00:00,679.55,0.057,1.28,1.3
大仁田ダム,2026-09-11T01:00,679.55,0.057,1.3,1.3
大仁田ダム,2026-09-11T02:00,679.54,0.056,1.24,1.28
桐生川ダム,2026-09-10T19:00,243.8,4.24,11.08,11.13
桐生川ダム,2026-09-10T20:00,243.8,4.24,11.08,11.14
桐生川ダム,2026-09-10T21:00,243.8,4.24,11.08,11.14
桐生川ダム,2026-09-10T22:00,243.79,4.237,10.7,11.0
桐生川ダム,2026-09-10T23:00,243.78,4.233,10.44,10.86
桐生川ダム,2026-09-11T00:00,243.78,4.233,10.44,10.84
桐生川ダム,2026-09-11T01:00,243.77,4.229,10.24,10.7
桐生川ダム,2026-09-11T02:00,243.77,4.229,10.24,10.7
道平川ダム,2026-09-10T19:00,459.78,1.788,1.92,2.08
道平川ダム,2026-09-10T20:00,459.78,1.788,1.92,2.08
道平川ダム,2026-09-10T21:00,459.77,1.786,1.86,2.04
道平川ダム,2026-09-10T22:00,459.76,1.785,1.82,2.0
道平川ダム,2026-09-10T23:00,459.76,1.785,1.82,2.0
道平川ダム,2026-09-11T00:00,459.75,1.784,1.77,1.96
道平川ダム,2026-09-11T01:00,459.74,1.783,1.74,1.91
道平川ダム,2026-09-11T02:00,459.73,1.782,1.68,1.87
霧積ダム,2026-09-10T19:00,600.09,0.71,4.72,4.92
霧積ダム,2026-09-10T20:00,600.08,0.709,4.66,4.84
霧積ダム,2026-09-10T21:00,600.07,0.708,4.57,4.76
霧積ダム,2026-09-10T22:00,600.06,0.707,4.51,4.68
霧積ダム,2026-09-10T23:00,600.05,0.706,4.43,4.6
霧積ダム,2026-09-11T00:00,600.04,0.705,4.36,4.52
霧積ダム,2026-09-11T01:00,600.03,0.704,4.29,4.44
霧積ダム,2026-09-11T02:00,600.02,0.703,4.22,4.36
四万川ダム,2026-09-11T03:00,729.58,1.385,4.0,4.32
四万川ダム,2026-09-11T04:00,729.57,1.384,3.93,4.27
四万川ダム,2026-09-11T05:00,729.56,1.382,4.0,4.23
四万川ダム,2026-09-11T06:00,729.56,1.382,4.0,4.26
四万川ダム,2026-09-11T07:00,729.55,1.381,4.04,4.17
四万川ダム,2026-09-11T08:00,729.54,1.38,3.95,4.13
四万川ダム,2026-09-11T09:00,729.54,1.38,3.95,4.14
坂本ダム,2026-09-11T03:00,520.7,0.512,3.64,3.64
坂本ダム,2026-09-11T04:00,520.7,0.512,3.41,3.41
坂本ダム,2026-09-11T05:00,520.7,0.512,3.64,3.64
坂本ダム,2026-09-11T06:00,520.71,0.513,3.95,3.78
坂本ダム,2026-09-11T07:00,520.72,0.513,4.09,3.92
坂本ダム,2026-09-11T08:00,520.72,0.513,4.18,4.18
坂本ダム,2026-09-11T09:00,520.72,0.513,4.18,4.18
塩沢ダム,2026-09-11T03:00,528.94,0.057,1.5,1.48
塩沢ダム,2026-09-11T04:00,528.94,0.057,1.5,1.48
塩沢ダム,2026-09-11T05:00,528.94,0.057,1.5,1.48
塩沢ダム,2026-09-11T06:00,528.95,0.057,1.5,1.52
塩沢ダム,2026-09-11T07:00,528.96,0.057,1.51,1.56
塩沢ダム,2026-09-11T08:00,528.96,0.057,1.51,1.56
塩沢ダム,2026-09-11T09:00,528.96,0.057,1.51,1.56
大仁田ダム,2026-09-11T03:00,679.54,0.056,1.27,1.27
大仁田ダム,2026-09-11T04:00,679.54,0.056,1.28,1.28
大仁田ダム,2026-09-11T05:00,679.55,0.057,1.31,1.3
大仁田ダム,2026-09-11T06:00,679.55,0.057,1.32,1.3
大仁田ダム,2026-09-11T07:00,679.55,0.057,1.3,1.3
大仁田ダム,2026-09-11T08:00,679.55,0.057,1.3,1.3
大仁田ダム,2026-09-11T09:00,679.56,0.057,1.36,1.33
桐生川ダム,2026-09-11T03:00,243.76,4.226,10.12,10.57
桐生川ダム,2026-09-11T04:00,243.75,4.222,9.89,10.44
桐生川ダム,2026-09-11T05:00,243.75,4.222,9.89,10.43
桐生川ダム,2026-09-11T06:00,243.75,4.222,9.89,10.43
桐生川ダム,2026-09-11T07:00,243.75,4.222,9.89,10.44
桐生川ダム,2026-09-11T08:00,243.75,4.222,9.89,10.44
桐生川ダム,2026-09-11T09:00,243.75,4.222,9.89,10.43
道平川ダム,2026-09-11T03:00,459.73,1.782,1.68,1.87
道平川ダム,2026-09-11T04:00,459.72,1.781,1.65,1.83
道平川ダム,2026-09-11T05:00,459.72,1.781,1.65,1.83
道平川ダム,2026-09-11T06:00,459.72,1.781,1.65,1.83
道平川ダム,2026-09-11T07:00,459.72,1.781,1.65,1.83
道平川ダム,2026-09-11T08:00,459.72,1.781,1.65,1.83
道平川ダム,2026-09-11T09:00,459.72,1.781,1.65,1.83
霧積ダム,2026-09-11T03:00,600.02,0.703,4.22,4.35
霧積ダム,2026-09-11T04:00,600.01,0.702,4.16,4.28
霧積ダム,2026-09-11T05:00,600.01,0.702,4.16,4.28
霧積ダム,2026-09-11T06:00,600.02,0.703,4.41,4.36
霧積ダム,2026-09-11T07:00,600.03,0.704,4.65,4.44
霧積ダム,2026-09-11T08:00,600.05,0.706,4.86,4.6
霧積ダム,2026-09-11T09:00,600.06,0.707,4.96,4.68
四万川ダム,2026-09-11T10:00,729.53,1.379,3.89,4.06
四万川ダム,2026-09-11T11:00,729.52,1.377,3.84,4.07
四万川ダム,2026-09-11T12:00,729.51,1.376,3.78,4.0
四万川ダム,2026-09-11T13:00,729.5,1.375,3.68,3.99
四万川ダム,2026-09-11T14:00,729.49,1.374,3.63,3.9
四万川ダム,2026-09-11T15:00,729.48,1.373,3.59,3.87
四万川ダム,2026-09-11T16:00,729.47,1.371,3.54,3.86
四万川ダム,2026-09-11T17:00,729.46,1.37,3.51,3.8
四万川ダム,2026-09-11T18:00,729.45,1.369,3.47,3.75
四万川ダム,2026-09-11T19:00,729.44,1.368,3.42,3.72
四万川ダム,2026-09-11T20:00,729.44,1.368,3.42,3.71
坂本ダム,2026-09-11T10:00,520.72,0.513,4.18,4.18
坂本ダム,2026-09-11T11:00,520.71,0.513,3.87,4.04
坂本ダム,2026-09-11T12:00,520.71,0.513,3.9,3.9
坂本ダム,2026-09-11T13:00,520.71,0.513,3.9,3.9
坂本ダム,2026-09-11T14:00,520.7,0.512,3.65,3.82
坂本ダム,2026-09-11T15:00,520.7,0.512,3.64,3.64
坂本ダム,2026-09-11T16:00,520.7,0.512,3.64,3.64
坂本ダム,2026-09-11T17:00,520.7,0.512,3.64,3.64
坂本ダム,2026-09-11T18:00,520.7,0.512,3.64,3.64
坂本ダム,2026-09-11T19:00,520.69,0.511,3.24,3.41
坂本ダム,2026-09-11T20:00,520.69,0.511,3.39,3.39
塩沢ダム,2026-09-11T10:00,528.96,0.057,1.51,1.56
塩沢ダム,2026-09-11T11:00,528.95,0.057,1.51,1.52
塩沢ダム,2026-09-11T12:00,528.94,0.057,1.54,1.48
塩沢ダム,2026-09-11T13:00,528.94,0.057,1.54,1.48
塩沢ダム,2026-09-11T14:00,528.93,0.057,1.46,1.44
塩沢ダム,2026-09-11T15:00,528.92,0.057,1.42,1.4
塩沢ダム,2026-09-11T16:00,528.92,0.057,1.42,1.4
塩沢ダム,2026-09-11T17:00,528.91,0.057,1.38,1.36
塩沢ダム,2026-09-11T18:00,528.91,0.057,1.38,1.36
塩沢ダム,2026-09-11T19:00,528.9,0.057,1.33,1.32
塩沢ダム,2026-09-11T20:00,528.9,0.057,1.33,1.32
大仁田ダム,2026-09-11T10:00,679.56,0.057,1.33,1.33
大仁田ダム,2026-09-11T11:00,679.55,0.057,1.33,1.3
大仁田ダム,2026-09-11T12:00,679.55,0.057,1.26,1.3
大仁田ダム,2026-09-11T13:00,679.55,0.057,1.3,1.3
大仁田ダム,2026-09-11T14:00,679.54,0.056,1.23,1.27
大仁田ダム,2026-09-11T15:00,679.54,0.056,1.28,1.28
大仁田ダム,2026-09-11T16:00,679.53,0.056,1.21,1.25
大仁田ダム,2026-09-11T17:00,679.53,0.056,1.25,1.25
大仁田ダム,2026-09-11T18:00,679.53,0.056,1.25,1.25
大仁田ダム,2026-09-11T19:00,679.52,0.056,1.18,1.22
大仁田ダム,2026-09-11T20:00,679.52,0.056,1.22,1.22
桐生川ダム,2026-09-11T10:00,243.75,4.222,9.89,10.44
桐生川ダム,2026-09-11T11:00,243.75,4.222,9.89,10.44
桐生川ダム,2026-09-11T12:00,243.75,4.222,9.89,10.45
桐生川ダム,2026-09-11T13:00,243.75,4.222,9.89,10.43
桐生川ダム,2026-09-11T14:00,243.74,4.219,10.34,10.3
桐生川ダム,2026-09-11T15:00,243.74,4.219,10.34,10.29
桐生川ダム,2026-09-11T16:00,243.73,4.215,9.66,10.16
桐生川ダム,2026-09-11T17:00,243.72,4.212,9.52,10.03
桐生川ダム,2026-09-11T18:00,243.72,4.212,9.52,10.03
桐生川ダム,2026-09-11T19:00,243.71,4.208,9.39,9.88
桐生川ダム,2026-09-11T20:00,243.7,4.204,9.18,9.74
道平川ダム,2026-09-11T10:00,459.72,1.781,1.65,1.83
道平川ダム,2026-09-11T11:00,459.72,1.781,1.65,1.83
道平川ダム,2026-09-11T12:00,459.72,1.781,1.65,1.83
道平川ダム,2026-09-11T13:00,459.73,1.782,1.86,1.87
道平川ダム,2026-09-11T14:00,459.73,1.782,1.86,1.87
道平川ダム,2026-09-11T15:00,459.73,1.782,1.86,1.87
道平川ダム,2026-09-11T16:00,459.73,1.782,1.86,1.87
道平川ダム,2026-09-11T17:00,459.73,1.782,1.86,1.87
道平川ダム,2026-09-11T18:00,459.73,1.782,1.86,1.87
道平川ダム,2026-09-11T19:00,459.73,1.782,1.86,1.87
道平川ダム,2026-09-11T20:00,459.73,1.782,1.86,1.87
霧積ダム,2026-09-11T10:00,600.07,0.708,4.94,4.76
霧積ダム,2026-09-11T11:00,600.07,0.708,4.94,4.77
霧積ダム,2026-09-11T12:00,600.08,0.709,4.94,4.84
霧積ダム,2026-09-11T13:00,600.08,0.709,4.94,4.84
霧積ダム,2026-09-11T14:00,600.07,0.708,4.71,4.76
霧積ダム,2026-09-11T15:00,600.06,0.707,4.55,4.67
霧積ダム,2026-09-11T16:00,600.05,0.706,4.43,4.62
霧積ダム,2026-09-11T17:00,600.04,0.705,4.36,4.54
霧積ダム,2026-09-11T18:00,600.03,0.704,4.3,4.46
霧積ダム,2026-09-11T19:00,600.02,0.703,4.22,4.37
霧積ダム,2026-09-11T20:00,600.02,0.703,4.22,4.38
四万川ダム,2026-09-11T21:00,729.43,1.366,3.41,3.68
四万川ダム,2026-09-11T22:00,729.42,1.365,3.36,3.62
四万川ダム,2026-09-11T23:00,729.41,1.364,3.33,3.55
四万川ダム,2026-09-12T00:00,729.4,1.363,3.31,3.56
四万川ダム,2026-09-12T01:00,729.39,1.362,3.29,3.55
四万川ダム,2026-09-12T02:00,729.39,1.362,3.29,3.53
坂本ダム,2026-09-11T21:00,520.69,0.511,3.39,3.39
坂本ダム,2026-09-11T22:00,520.69,0.511,3.39,3.39
坂本ダム,2026-09-11T23:00,520.69,0.511,3.39,3.39
坂本ダム,2026-09-12T00:00,520.69,0.511,3.39,3.39
坂本ダム,2026-09-12T01:00,520.69,0.511,3.39,3.39
坂本ダム,2026-09-12T02:00,520.68,0.511,3.04,3.21
塩沢ダム,2026-09-11T21:00,528.9,0.057,1.33,1.32
塩沢ダム,2026-09-11T22:00,528.89,0.056,1.31,1.28
塩沢ダム,2026-09-11T23:00,528.89,0.056,1.31,1.28
塩沢ダム,2026-09-12T00:00,528.88,0.056,1.27,1.25
塩沢ダム,2026-09-12T01:00,528.88,0.056,1.27,1.25
塩沢ダム,2026-09-12T02:00,528.88,0.056,1.27,1.25
大仁田ダム,2026-09-11T21:00,679.52,0.056,1.22,1.22
大仁田ダム,2026-09-11T22:00,679.52,0.056,1.22,1.22
大仁田ダム,2026-09-11T23:00,679.51,0.056,1.14,1.19
大仁田ダム,2026-09-12T00:00,679.51,0.056,1.19,1.19
大仁田ダム,2026-09-12T01:00,679.51,0.056,1.19,1.19
大仁田ダム,2026-09-12T02:00,679.51,0.056,1.19,1.19
桐生川ダム,2026-09-11T21:00,243.7,4.204,9.18,9.74
桐生川ダム,2026-09-11T22:00,243.69,4.201,9.1,9.62
桐生川ダム,2026-09-11T23:00,243.68,4.197,8.96,9.47
桐生川ダム,2026-09-12T00:00,243.68,4.197,8.96,9.47
桐生川ダム,2026-09-12T01:00,243.67,4.194,8.88,9.33
桐生川ダム,2026-09-12T02:00,243.67,4.194,8.88,9.34
道平川ダム,2026-09-11T21:00,459.73,1.782,1.86,1.87
道平川ダム,2026-09-11T22:00,459.73,1.782,1.86,1.87
道平川ダム,2026-09-11T23:00,459.73,1.782,1.86,1.87
道平川ダム,2026-09-12T00:00,459.72,1.781,1.84,1.83
道平川ダム,2026-09-12T01:00,459.72,1.781,1.84,1.83
道平川ダム,2026-09-12T02:00,459.71,1.78,1.7,1.79
霧積ダム,2026-09-11T21:00,600.01,0.702,4.14,4.31
霧積ダム,2026-09-11T22:00,600.0,0.701,4.08,4.23
霧積ダム,2026-09-11T23:00,599.99,0.7,4.03,4.16
霧積ダム,2026-09-12T00:00,599.99,0.7,4.03,4.16
霧積ダム,2026-09-12T01:00,599.98,0.699,4.0,4.11
霧積ダム,2026-09-12T02:00,599.98,0.699,4.0,4.1
四万川ダム,2026-09-12T03:00,729.38,1.36,3.27,3.52
四万川ダム,2026-09-12T04:00,729.37,1.359,3.24,3.49
四万川ダム,2026-09-12T05:00,729.36,1.358,3.22,3.47
四万川ダム,2026-09-12T06:00,729.35,1.357,3.21,3.46
四万川ダム,2026-09-12T07:00,729.35,1.357,3.21,3.45
四万川ダム,2026-09-12T08:00,729.34,1.355,3.18,3.45
四万川ダム,2026-09-12T09:00,729.33,1.354,3.16,3.43
坂本ダム,2026-09-12T03:00,520.68,0.511,3.14,3.14
坂本ダム,2026-09-12T04:00,520.68,0.511,3.14,3.14
坂本ダム,2026-09-12T05:00,520.68,0.511,3.14,3.14
坂本ダム,2026-09-12T06:00,520.68,0.511,3.14,3.14
坂本ダム,2026-09-12T07:00,520.68,0.511,3.14,3.14
坂本ダム,2026-09-12T08:00,520.68,0.511,3.14,3.14
坂本ダム,2026-09-12T09:00,520.67,0.51,2.87,3.04
塩沢ダム,2026-09-12T03:00,528.87,0.056,1.23,1.21
塩沢ダム,2026-09-12T04:00,528.87,0.056,1.23,1.21
塩沢ダム,2026-09-12T05:00,528.86,0.056,1.2,1.18
塩沢ダム,2026-09-12T06:00,528.86,0.056,1.2,1.18
塩沢ダム,2026-09-12T07:00,528.86,0.056,1.2,1.18
塩沢ダム,2026-09-12T08:00,528.86,0.056,1.2,1.18
塩沢ダム,2026-09-12T09:00,,0.0,,
大仁田ダム,2026-09-12T03:00,679.5,0.056,1.12,1.16
大仁田ダム,2026-09-12T04:00,679.5,0.056,1.16,1.16
大仁田ダム,2026-09-12T05:00,679.5,0.056,1.16,1.16
大仁田ダム,2026-09-12T06:00,679.49,0.056,1.11,1.13
大仁田ダム,2026-09-12T07:00,679.49,0.056,1.13,1.13
大仁田ダム,2026-09-12T08:00,679.49,0.056,1.13,1.13
大仁田ダム,2026-09-12T09:00,679.49,0.056,1.13,1.13
桐生川ダム,2026-09-12T03:00,243.66,4.19,8.73,9.21
桐生川ダム,2026-09-12T04:00,243.65,4.187,8.61,9.07
桐生川ダム,2026-09-12T05:00,243.65,4.187,8.61,9.06
桐生川ダム,2026-09-12T06:00,243.64,4.183,8.48,8.93
桐生川ダム,2026-09-12T07:00,243.64,4.183,8.48,8.93
桐生川ダム,2026-09-12T08:00,243.63,4.179,8.36,8.8
桐生川ダム,2026-09-12T09:00,243.62,4.176,8.22,8.69
道平川ダム,2026-09-12T03:00,459.71,1.78,1.7,1.79
道平川ダム,2026-09-12T04:00,459.7,1.779,1.64,1.75
道平川ダム,2026-09-12T05:00,459.7,1.779,1.64,1.75
道平川ダム,2026-09-12T06:00,459.69,1.777,1.59,1.72
道平川ダム,2026-09-12T07:00,459.69,1.777,1.59,1.72
道平川ダム,2026-09-12T08:00,459.68,1.776,1.55,1.68
道平川ダム,2026-09-12T09:00,459.68,1.776,1.55,1.68
霧積ダム,2026-09-12T03:00,599.97,0.698,3.93,4.06
霧積ダム,2026-09-12T04:00,599.96,0.697,3.87,3.99
霧積ダム,2026-09-12T05:00,599.96,0.697,3.87,3.99
霧積ダム,2026-09-12T06:00,599.95,0.696,3.81,3.93
霧積ダム,2026-09-12T07:00,599.94,0.695,3.76,3.86
霧積ダム,2026-09-12T08:00,599.94,0.695,3.76,3.87
霧積ダム,2026-09-12T09:00,599.93,0.694,3.72,3.81
四万川ダム,2026-09-12T10:00,729.32,1.353,3.16,3.4
四万川ダム,2026-09-12T11:00,729.32,1.353,3.16,3.39
四万川ダム,2026-09-12T12:00,729.31,1.352,3.15,3.38
四万川ダム,2026-09-12T13:00,729.3,1.351,3.12,3.33
四万川ダム,2026-09-12T14:00,729.29,1.349,3.09,3.32
四万川ダム,2026-09-12T15:00,729.29,1.349,3.09,3.34
四万川ダム,2026-09-12T16:00,729.28,1.348,3.1,3.32
四万川ダム,2026-09-12T17:00,729.27,1.347,3.08,3.29
四万川ダム,2026-09-12T18:00,729.27,1.347,3.08,3.26
四万川ダム,2026-09-12T19:00,729.26,1.346,3.07,3.26
四万川ダム,2026-09-12T20:00,729.25,1.344,3.05,3.23
坂本ダム,2026-09-12T10:00,520.67,0.51,2.89,2.89
坂本ダム,2026-09-12T11:00,520.67,0.51,2.89,2.89
坂本ダム,2026-09-12T12:00,520.67,0.51,2.89,2.89
坂本ダム,2026-09-12T13:00,520.67,0.51,2.89,2.89
坂本ダム,2026-09-12T14:00,520.67,0.51,2.89,2.89
坂本ダム,2026-09-12T15:00,520.67,0.51,2.89,2.89
坂本ダム,2026-09-12T16:00,520.67,0.51,2.89,2.89
坂本ダム,2026-09-12T17:00,520.67,0.51,2.89,2.89
坂本ダム,2026-09-12T18:00,520.66,0.51,2.7,2.87
坂本ダム,2026-09-12T19:00,520.66,0.51,2.66,2.66
坂本ダム,2026-09-12T20:00,520.66,0.51,2.66,2.66
塩沢ダム,2026-09-12T10:00,528.85,0.056,1.17,1.14
塩沢ダム,2026-09-12T11:00,528.85,0.056,1.17,1.14
塩沢ダム,2026-09-12T12:00,528.85,0.056,1.17,1.14
塩沢ダム,2026-09-12T13:00,528.84,0.056,1.13,1.1
塩沢ダム,2026-09-12T14:00,528.84,0.056,1.13,1.1
塩沢ダム,2026-09-12T15:00,528.83,0.056,1.08,1.07
塩沢ダム,2026-09-12T16:00,528.83,0.056,1.08,1.07
塩沢ダム,2026-09-12T17:00,528.83,0.056,1.08,1.07
塩沢ダム,2026-09-12T18:00,528.83,0.056,1.08,1.07
塩沢ダム,2026-09-12T19:00,528.82,0.056,1.06,1.03
塩沢ダム,2026-09-12T20:00,528.82,0.056,1.06,1.03
大仁田ダム,2026-09-12T10:00,679.48,0.055,1.06,1.11
大仁田ダム,2026-09-12T11:00,679.48,0.055,1.11,1.11
大仁田ダム,2026-09-12T12:00,679.48,0.055,1.11,1.11
大仁田ダム,2026-09-12T13:00,679.47,0.055,1.05,1.08
大仁田ダム,2026-09-12T14:00,679.47,0.055,1.08,1.08
大仁田ダム,2026-09-12T15:00,679.47,0.055,1.08,1.08
大仁田ダム,2026-09-12T16:00,679.47,0.055,1.08,1.08
大仁田ダム,2026-09-12T17:00,679.47,0.055,1.08,1.08
大仁田ダム,2026-09-12T18:00,679.46,0.055,1.0,1.05
大仁田ダム,2026-09-12T19:00,679.46,0.055,1.05,1.05
大仁田ダム,2026-09-12T20:00,679.46,0.055,1.05,1.05
桐生川ダム,2026-09-12T10:00,243.62,4.176,8.22,8.69
桐生川ダム,2026-09-12T11:00,243.61,4.172,8.11,8.56
桐生川ダム,2026-09-12T12:00,243.61,4.172,8.11,8.55
桐生川ダム,2026-09-12T13:00,243.6,4.169,7.97,8.42
桐生川ダム,2026-09-12T14:00,243.59,4.165,7.85,8.3
桐生川ダム,2026-09-12T15:00,243.59,4.165,7.85,8.29
桐生川ダム,2026-09-12T16:00,243.58,4.162,7.7,8.17
桐生川ダム,2026-09-12T17:00,243.58,4.162,7.7,8.16
桐生川ダム,2026-09-12T18:00,243.57,4.158,7.6,8.04
桐生川ダム,2026-09-12T19:00,243.57,4.158,7.6,8.04
桐生川ダム,2026-09-12T20:00,243.56,4.155,7.49,7.92
道平川ダム,2026-09-12T10:00,459.67,1.775,1.51,1.64
道平川ダム,2026-09-12T11:00,459.67,1.775,1.51,1.64
道平川ダム,2026-09-12T12:00,459.66,1.774,1.48,1.6
道平川ダム,2026-09-12T13:00,459.66,1.774,1.48,1.6
道平川ダム,2026-09-12T14:00,459.65,1.773,1.43,1.56
道平川ダム,2026-09-12T15:00,459.64,1.772,1.4,1.52
道平川ダム,2026-09-12T16:00,459.64,1.772,1.4,1.52
道平川ダム,2026-09-12T17:00,459.63,1.771,1.37,1.49
道平川ダム,2026-09-12T18:00,459.63,1.771,1.37,1.49
道平川ダム,2026-09-12T19:00,459.63,1.771,1.37,1.49
道平川ダム,2026-09-12T20:00,459.62,1.77,1.34,1.45
霧積ダム,2026-09-12T10:00,599.93,0.694,3.72,3.81
霧積ダム,2026-09-12T11:00,599.92,0.693,3.69,3.77
霧積ダム,2026-09-12T12:00,599.92,0.693,3.69,3.77
霧積ダム,2026-09-12T13:00,599.91,0.692,3.62,3.71
霧積ダム,2026-09-12T14:00,599.91,0.692,3.62,3.7
霧積ダム,2026-09-12T15:00,599.9,0.691,3.56,3.64
霧積ダム,2026-09-12T16:00,599.9,0.691,3.56,3.64
霧積ダム,2026-09-12T17:00,599.89,0.69,3.49,3.57
霧積ダム,2026-09-12T18:00,599.89,0.69,3.49,3.58
霧積ダム,2026-09-12T19:00,599.88,0.689,3.44,3.52
霧積ダム,2026-09-12T20:00,599.88,0.689,3.44,3.52
四万川ダム,2026-09-12T21:00,729.25,1.344,3.05,3.27
四万川ダム,2026-09-12T22:00,729.24,1.343,3.04,3.23
四万川ダム,2026-09-12T23:00,729.24,1.343,3.04,3.23
四万川ダム,2026-09-13T00:00,729.23,1.342,3.02,3.22
四万川ダム,2026-09-13T01:00,729.22,1.341,3.02,3.19
四万川ダム,2026-09-13T02:00,729.22,1.341,3.02,3.16
坂本ダム,2026-09-12T21:00,520.66,0.51,2.66,2.66
坂本ダム,2026-09-12T22:00,520.66,0.51,2.66,2.66
坂本ダム,2026-09-12T23:00,520.66,0.51,2.66,2.66
坂本ダム,2026-09-13T00:00,520.66,0.51,2.66,2.66
坂本ダム,2026-09-13T01:00,520.66,0.51,2.66,2.66
坂本ダム,2026-09-13T02:00,520.66,0.51,2.66,2.66
塩沢ダム,2026-09-12T21:00,528.82,0.056,1.06,1.03
塩沢ダム,2026-09-12T22:00,528.81,0.055,1.02,1.0
塩沢ダム,2026-09-12T23:00,528.81,0.055,1.02,1.0
塩沢ダム,2026-09-13T00:00,528.81,0.055,1.02,1.0
塩沢ダム,2026-09-13T01:00,528.81,0.055,1.02,1.0
塩沢ダム,2026-09-13T02:00,528.8,0.055,0.99,0.96
大仁田ダム,2026-09-12T21:00,679.46,0.055,1.05,1.05
大仁田ダム,2026-09-12T22:00,679.45,0.055,0.99,1.02
大仁田ダム,2026-09-12T23:00,679.45,0.055,1.02,1.02
大仁田ダム,2026-09-13T00:00,679.45,0.055,1.02,1.02
大仁田ダム,2026-09-13T01:00,679.45,0.055,1.02,1.02
大仁田ダム,2026-09-13T02:00,679.44,0.055,0.96,0.99
桐生川ダム,2026-09-12T21:00,243.56,4.155,7.49,7.92
桐生川ダム,2026-09-12T22:00,243.55,4.151,7.36,7.79
桐生川ダム,2026-09-12T23:00,243.54,4.147,7.23,7.66
桐生川ダム,2026-09-13T00:00,243.54,4.147,7.23,7.66
桐生川ダム,2026-09-13T01:00,243.53,4.144,7.14,7.54
桐生川ダム,2026-09-13T02:00,243.53,4.144,7.14,7.54
道平川ダム,2026-09-12T21:00,459.62,1.77,1.34,1.45
道平川ダム,2026-09-12T22:00,459.61,1.768,1.3,1.42
道平川ダム,2026-09-12T23:00,459.61,1.768,1.3,1.42
道平川ダム,2026-09-13T00:00,459.6,1.767,1.28,1.38
道平川ダム,2026-09-13T01:00,459.6,1.767,1.28,1.38
道平川ダム,2026-09-13T02:00,459.59,1.766,1.25,1.35
霧積ダム,2026-09-12T21:00,599.87,0.689,3.41,3.46
霧積ダム,2026-09-12T22:00,599.87,0.689,3.41,3.46
霧積ダム,2026-09-12T23:00,599.87,0.689,3.41,3.46
霧積ダム,2026-09-13T00:00,599.87,0.689,3.46,3.46
霧積ダム,2026-09-13T01:00,599.87,0.689,3.46,3.46
霧積ダム,2026-09-13T02:00,599.87,0.689,3.46,3.47
四万川ダム,2026-09-13T03:00,729.21,1.34,3.01,3.16
四万川ダム,2026-09-13T04:00,729.21,1.34,3.01,3.16
四万川ダム,2026-09-13T05:00,729.2,1.338,2.98,3.15
四万川ダム,2026-09-13T06:00,729.2,1.338,2.98,3.15
四万川ダム,2026-09-13T07:00,729.19,1.337,2.96,3.14
四万川ダム,2026-09-13T08:00,729.19,1.337,2.96,3.12
四万川ダム,2026-09-13T09:00,729.18,1.336,2.93,3.09
坂本ダム,2026-09-13T03:00,520.66,0.51,2.66,2.66
坂本ダム,2026-09-13T04:00,520.66,0.51,2.66,2.66
坂本ダム,2026-09-13T05:00,520.66,0.51,2.66,2.66
坂本ダム,2026-09-13T06:00,520.66,0.51,2.66,2.66
坂本ダム,2026-09-13T07:00,520.65,0.509,2.36,2.53
坂本ダム,2026-09-13T08:00,520.65,0.509,2.44,2.44
坂本ダム,2026-09-13T09:00,520.65,0.509,2.44,2.44
塩沢ダム,2026-09-13T03:00,528.8,0.055,0.99,0.96
塩沢ダム,2026-09-13T04:00,528.8,0.055,0.99,0.96
塩沢ダム,2026-09-13T05:00,528.8,0.055,0.99,0.96
塩沢ダム,2026-09-13T06:00,528.79,0.055,0.95,0.93
塩沢ダム,2026-09-13T07:00,528.79,0.055,0.95,0.93
塩沢ダム,2026-09-13T08:00,528.79,0.055,0.95,0.93
塩沢ダム,2026-09-13T09:00,528.79,0.055,0.95,0.93
大仁田ダム,2026-09-13T03:00,679.44,0.055,0.99,0.99
大仁田ダム,2026-09-13T04:00,679.44,0.055,0.99,0.99
大仁田ダム,2026-09-13T05:00,679.44,0.055,0.99,0.99
大仁田ダム,2026-09-13T06:00,679.43,0.054,0.94,0.97
大仁田ダム,2026-09-13T07:00,679.43,0.054,0.97,0.97
大仁田ダム,2026-09-13T08:00,679.43,0.054,0.97,0.97
大仁田ダム,2026-09-13T09:00,679.43,0.054,0.97,0.97
桐生川ダム,2026-09-13T03:00,243.52,4.14,6.95,7.43
桐生川ダム,2026-09-13T04:00,243.52,4.14,6.95,7.43
桐生川ダム,2026-09-13T05:00,243.51,4.137,6.9,7.32
桐生川ダム,2026-09-13T06:00,243.5,4.133,6.72,7.19
桐生川ダム,2026-09-13T07:00,243.5,4.133,6.72,7.18
桐生川ダム,2026-09-13T08:00,243.49,4.13,6.68,7.06
桐生川ダム,2026-09-13T09:00,243.49,4.13,6.68,7.07
道平川ダム,2026-09-13T03:00,459.59,1.766,1.25,1.35
道平川ダム,2026-09-13T04:00,459.59,1.766,1.25,1.35
道平川ダム,2026-09-13T05:00,459.58,1.765,1.23,1.32
道平川ダム,2026-09-13T06:00,459.58,1.765,1.23,1.32
道平川ダム,2026-09-13T07:00,459.58,1.765,1.23,1.32
道平川ダム,2026-09-13T08:00,459.57,1.764,1.21,1.28
道平川ダム,2026-09-13T09:00,459.57,1.764,1.21,1.28
霧積ダム,2026-09-13T03:00,599.86,0.688,3.41,3.41
霧積ダム,2026-09-13T04:00,599.86,0.688,3.41,3.42
霧積ダム,2026-09-13T05:00,599.85,0.687,3.3,3.37
霧積ダム,2026-09-13T06:00,599.85,0.687,3.3,3.35
霧積ダム,2026-09-13T07:00,599.85,0.687,3.3,3.35
霧積ダム,2026-09-13T08:00,599.84,0.686,3.23,3.29
霧積ダム,2026-09-13T09:00,599.84,0.686,3.23,3.28
四万川ダム,2026-09-13T10:00,729.18,1.336,2.93,3.11
四万川ダム,2026-09-13T11:00,729.17,1.335,2.9,3.07
四万川ダム,2026-09-13T12:00,729.16,1.333,2.89,3.05
四万川ダム,2026-09-13T13:00,729.16,1.333,2.89,3.05
四万川ダム,2026-09-13T14:00,729.15,1.332,2.89,3.04
四万川ダム,2026-09-13T15:00,729.15,1.332,2.89,3.02
四万川ダム,2026-09-13T16:00,729.14,1.331,2.86,3.02
四万川ダム,2026-09-13T17:00,729.14,1.331,2.86,3.02
四万川ダム,2026-09-13T18:00,729.13,1.33,2.84,2.99
四万川ダム,2026-09-13T19:00,729.13,1.33,2.84,2.97
四万川ダム,2026-09-13T20:00,729.12,1.328,2.83,2.93
四万川ダム,2026-09-13T21:00,729.12,1.328,2.83,2.97
坂本ダム,2026-09-13T10:00,520.65,0.509,2.44,2.44
坂本ダム,2026-09-13T11:00,520.65,0.509,2.44,2.44
坂本ダム,2026-09-13T12:00,520.65,0.509,2.44,2.44
坂本ダム,2026-09-13T13:00,520.65,0.509,2.44,2.44
坂本ダム,2026-09-13T14:00,520.65,0.509,2.44,2.44
坂本ダム,2026-09-13T15:00,520.65,0.509,2.44,2.44
坂本ダム,2026-09-13T16:00,520.65,0.509,2.44,2.44
坂本ダム,2026-09-13T17:00,520.65,0.509,2.44,2.44
坂本ダム,2026-09-13T18:00,520.65,0.509,2.44,2.44
坂本ダム,2026-09-13T19:00,520.65,0.509,2.44,2.44
坂本ダム,2026-09-13T20:00,520.65,0.509,2.44,2.44
坂本ダム,2026-09-13T21:00,520.65,0.509,2.44,2.44
塩沢ダム,2026-09-13T10:00,528.78,0.055,0.92,0.9
塩沢ダム,2026-09-13T11:00,528.78,0.055,0.92,0.9
塩沢ダム,2026-09-13T12:00,528.78,0.055,0.92,0.9
塩沢ダム,2026-09-13T13:00,528.78,0.055,0.92,0.9
塩沢ダム,2026-09-13T14:00,528.78,0.055,0.92,0.9
塩沢ダム,2026-09-13T15:00,528.77,0.055,0.89,0.86
塩沢ダム,2026-09-13T16:00,528.77,0.055,0.89,0.86
塩沢ダム,2026-09-13T17:00,528.77,0.055,0.89,0.86
塩沢ダム,2026-09-13T18:00,528.76,0.055,0.85,0.83
塩沢ダム,2026-09-13T19:00,528.76,0.055,0.85,0.83
塩沢ダム,2026-09-13T20:00,528.76,0.055,0.85,0.83
塩沢ダム,2026-09-13T21:00,528.76,0.055,0.85,0.83
大仁田ダム,2026-09-13T10:00,679.43,0.054,0.97,0.97
大仁田ダム,2026-09-13T11:00,679.42,0.054,0.9,0.94
大仁田ダム,2026-09-13T12:00,679.42,0.054,0.94,0.94
大仁田ダム,2026-09-13T13:00,679.42,0.054,0.94,0.94
大仁田ダム,2026-09-13T14:00,679.42,0.054,0.94,0.94
大仁田ダム,2026-09-13T15:00,679.42,0.054,0.94,0.94
大仁田ダム,2026-09-13T16:00,679.41,0.054,0.86,0.91
大仁田ダム,2026-09-13T17:00,679.41,0.054,0.91,0.91
大仁田ダム,2026-09-13T18:00,679.41,0.054,0.91,0.91
大仁田ダム,2026-09-13T19:00,679.41,0.054,0.91,0.91
大仁田ダム,2026-09-13T20:00,679.41,0.054,0.91,0.91
大仁田ダム,2026-09-13T21:00,679.4,0.054,0.84,0.88
桐生川ダム,2026-09-13T10:00,243.48,4.126,6.48,6.95
桐生川ダム,2026-09-13T11:00,243.48,4.126,6.48,6.96
桐生川ダム,2026-09-13T12:00,243.47,4.122,6.46,6.84
桐生川ダム,2026-09-13T13:00,243.47,4.122,6.46,6.83
桐生川ダム,2026-09-13T14:00,243.46,4.119,6.26,6.72
桐生川ダム,2026-09-13T15:00,243.45,4.115,6.16,6.6
桐生川ダム,2026-09-13T16:00,243.45,4.115,6.16,6.59
桐生川ダム,2026-09-13T17:00,243.44,4.112,6.09,6.48
桐生川ダム,2026-09-13T18:00,243.44,4.112,6.09,6.48
桐生川ダム,2026-09-13T19:00,243.43,4.108,5.96,6.36
桐生川ダム,2026-09-13T20:00,243.43,4.108,5.96,6.36
桐生川ダム,2026-09-13T21:00,243.42,4.105,5.86,6.25
道平川ダム,2026-09-13T10:00,459.57,1.764,1.21,1.28
道平川ダム,2026-09-13T11:00,459.56,1.763,1.17,1.25
道平川ダム,2026-09-13T12:00,459.56,1.763,1.17,1.25
道平川ダム,2026-09-13T13:00,459.55,1.762,1.14,1.22
道平川ダム,2026-09-13T14:00,459.55,1.762,1.14,1.22
道平川ダム,2026-09-13T15:00,459.55,1.762,1.14,1.22
道平川ダム,2026-09-13T16:00,459.55,1.762,1.14,1.22
道平川ダム,2026-09-13T17:00,459.54,1.761,1.12,1.19
道平川ダム,2026-09-13T18:00,459.54,1.761,1.12,1.19
道平川ダム,2026-09-13T19:00,459.54,1.761,1.12,1.19
道平川ダム,2026-09-13T20:00,459.53,1.76,1.1,1.15
道平川ダム,2026-09-13T21:00,459.53,1.76,1.1,1.15
霧積ダム,2026-09-13T10:00,599.83,0.685,3.17,3.22
霧積ダム,2026-09-13T11:00,599.83,0.685,3.17,3.23
霧積ダム,2026-09-13T12:00,599.82,0.684,3.12,3.18
霧積ダム,2026-09-13T13:00,599.82,0.684,3.12,3.17
霧積ダム,2026-09-13T14:00,599.82,0.684,3.12,3.17
霧積ダム,2026-09-13T15:00,599.81,0.683,3.06,3.12
霧積ダム,2026-09-13T16:00,599.81,0.683,3.06,3.13
霧積ダム,2026-09-13T17:00,599.8,0.682,3.01,3.06
霧積ダム,2026-09-13T18:00,599.8,0.682,3.01,3.06
霧積ダム,2026-09-13T19:00,599.8,0.682,3.01,3.06
霧積ダム,2026-09-13T20:00,599.79,0.681,2.97,2.99
霧積ダム,2026-09-13T21:00,599.79,0.681,2.97,3.0
四万川ダム,2026-09-13T22:00,729.11,1.327,2.81,2.97
四万川ダム,2026-09-13T23:00,729.11,1.327,2.81,2.93
四万川ダム,2026-09-14T00:00,729.11,1.327,2.81,2.96
四万川ダム,2026-09-14T01:00,729.1,1.326,2.8,2.94
四万川ダム,2026-09-14T02:00,729.1,1.326,2.8,2.92
坂本ダム,2026-09-13T22:00,520.64,0.508,2.04,2.21
坂本ダム,2026-09-13T23:00,520.64,0.508,2.21,2.21
坂本ダム,2026-09-14T00:00,520.64,0.508,2.21,2.21
坂本ダム,2026-09-14T01:00,520.64,0.508,2.21,2.21
坂本ダム,2026-09-14T02:00,520.64,0.508,2.21,2.21
塩沢ダム,2026-09-13T22:00,528.76,0.055,0.85,0.83
塩沢ダム,2026-09-13T23:00,528.76,0.055,0.85,0.83
塩沢ダム,2026-09-14T00:00,528.75,0.055,0.82,0.8
塩沢ダム,2026-09-14T01:00,528.75,0.055,0.82,0.8
塩沢ダム,2026-09-14T02:00,528.75,0.055,0.82,0.8
大仁田ダム,2026-09-13T22:00,679.4,0.054,0.88,0.88
大仁田ダム,2026-09-13T23:00,679.4,0.054,0.88,0.88
大仁田ダム,2026-09-14T00:00,679.4,0.054,0.88,0.88
大仁田ダム,2026-09-14T01:00,679.4,0.054,0.88,0.88
大仁田ダム,2026-09-14T02:00,679.39,0.054,0.82,0.85
桐生川ダム,2026-09-13T22:00,243.42,4.105,5.86,6.25
桐生川ダム,2026-09-13T23:00,243.41,4.101,5.74,6.14
桐生川ダム,2026-09-14T00:00,243.41,4.101,5.74,6.14
桐生川ダム,2026-09-14T01:00,243.4,4.097,5.67,6.04
桐生川ダム,2026-09-14T02:00,243.4,4.097,5.67,6.03
道平川ダム,2026-09-13T22:00,459.53,1.76,1.1,1.15
道平川ダム,2026-09-13T23:00,459.53,1.76,1.1,1.15
道平川ダム,2026-09-14T00:00,459.52,1.758,1.06,1.12
道平川ダム,2026-09-14T01:00,459.52,1.758,1.06,1.12
道平川ダム,2026-09-14T02:00,459.52,1.758,1.06,1.12
霧積ダム,2026-09-13T22:00,599.79,0.681,2.97,3.0
霧積ダム,2026-09-13T23:00,599.78,0.68,2.9,2.94
霧積ダム,2026-09-14T00:00,599.78,0.68,2.9,2.93
霧積ダム,2026-09-14T01:00,599.78,0.68,2.9,2.94
霧積ダム,2026-09-14T02:00,599.77,0.679,2.85,2.88
四万川ダム,2026-09-14T03:00,729.09,1.325,2.78,2.92
四万川ダム,2026-09-14T04:00,729.09,1.325,2.78,2.92
四万川ダム,2026-09-14T05:00,729.08,1.324,2.75,2.9
四万川ダム,2026-09-14T06:00,729.08,1.324,2.75,2.89
四万川ダム,2026-09-14T07:00,729.07,1.322,2.74,2.88
四万川ダム,2026-09-14T08:00,729.07,1.322,2.74,2.88
四万川ダム,2026-09-14T09:00,729.06,1.321,2.71,2.85
坂本ダム,2026-09-14T03:00,520.64,0.508,2.21,2.21
坂本ダム,2026-09-14T04:00,520.64,0.508,2.21,2.21
坂本ダム,2026-09-14T05:00,520.64,0.508,2.21,2.21
坂本ダム,2026-09-14T06:00,520.64,0.508,2.21,2.21
坂本ダム,2026-09-14T07:00,520.64,0.508,2.21,2.21
坂本ダム,2026-09-14T08:00,520.64,0.508,2.21,2.21
坂本ダム,2026-09-14T09:00,520.64,0.508,2.21,2.21
塩沢ダム,2026-09-14T03:00,528.75,0.055,0.82,0.8
塩沢ダム,2026-09-14T04:00,528.75,0.055,0.82,0.8
塩沢ダム,2026-09-14T05:00,528.74,0.055,0.79,0.77
塩沢ダム,2026-09-14T06:00,528.74,0.055,0.79,0.77
塩沢ダム,2026-09-14T07:00,528.74,0.055,0.79,0.77
塩沢ダム,2026-09-14T08:00,528.74,0.055,0.79,0.77
塩沢ダム,2026-09-14T09:00,528.74,0.055,0.79,0.77
大仁田ダム,2026-09-14T03:00,679.39,0.054,0.85,0.85
大仁田ダム,2026-09-14T04:00,679.39,0.054,0.85,0.85
大仁田ダム,2026-09-14T05:00,679.39,0.054,0.85,0.85
大仁田ダム,2026-09-14T06:00,679.39,0.054,0.85,0.85
大仁田ダム,2026-09-14T07:00,679.39,0.054,0.85,0.85
大仁田ダム,2026-09-14T08:00,679.38,0.054,0.79,0.82
大仁田ダム,2026-09-14T09:00,679.38,0.054,0.82,0.82
桐生川ダム,2026-09-14T03:00,243.39,4.094,5.57,5.93
桐生川ダム,2026-09-14T04:00,243.39,4.094,5.57,5.92
桐生川ダム,2026-09-14T05:00,243.39,4.094,5.57,5.92
桐生川ダム,2026-09-14T06:00,243.38,4.09,5.44,5.83
桐生川ダム,2026-09-14T07:00,243.38,4.09,5.44,5.81
桐生川ダム,2026-09-14T08:00,243.37,4.087,5.37,5.7
桐生川ダム,2026-09-14T09:00,243.37,4.087,5.37,5.71
道平川ダム,2026-09-14T03:00,459.51,1.757,1.04,1.09
道平川ダム,2026-09-14T04:00,459.51,1.757,1.04,1.09
道平川ダム,2026-09-14T05:00,459.51,1.757,1.04,1.09
道平川ダム,2026-09-14T06:00,459.51,1.757,1.04,1.09
道平川ダム,2026-09-14T07:00,459.51,1.757,1.04,1.09
道平川ダム,2026-09-14T08:00,459.5,1.756,1.02,1.06
道平川ダム,2026-09-14T09:00,459.5,1.756,1.02,1.06
霧積ダム,2026-09-14T03:00,599.77,0.679,2.85,2.87
霧積ダム,2026-09-14T04:00,599.77,0.679,2.85,2.89
霧積ダム,2026-09-14T05:00,599.76,0.678,2.79,2.82
霧積ダム,2026-09-14T06:00,599.76,0.678,2.79,2.82
霧積ダム,2026-09-14T07:00,599.76,0.678,2.79,2.83
霧積ダム,2026-09-14T08:00,599.76,0.678,2.83,2.83
霧積ダム,2026-09-14T09:00,599.75,0.677,2.75,2.77
四万川ダム,2026-09-14T10:00,729.06,1.321,2.71,2.83
四万川ダム,2026-09-14T11:00,729.05,1.32,2.68,2.82
四万川ダム,2026-09-14T12:00,729.05,1.32,2.68,2.81
四万川ダム,2026-09-14T13:00,729.04,1.319,2.65,2.8
四万川ダム,2026-09-14T14:00,729.04,1.319,2.65,2.81
四万川ダム,2026-09-14T15:00,729.03,1.317,2.66,2.81
四万川ダム,2026-09-14T16:00,729.03,1.317,2.66,2.77
四万川ダム,2026-09-14T17:00,729.03,1.317,2.66,2.78
四万川ダム,2026-09-14T18:00,729.02,1.316,2.65,2.77
四万川ダム,2026-09-14T19:00,729.02,1.316,2.65,2.77
四万川ダム,2026-09-14T20:00,729.01,1.315,2.65,2.73
四万川ダム,2026-09-14T21:00,729.01,1.315,2.65,2.75
四万川ダム,2026-09-14T22:00,729.01,1.315,2.65,2.74
坂本ダム,2026-09-14T10:00,520.64,0.508,2.21,2.21
坂本ダム,2026-09-14T11:00,520.64,0.508,2.2,2.2
坂本ダム,2026-09-14T12:00,520.63,0.508,1.85,2.02
坂本ダム,2026-09-14T13:00,520.63,0.508,2.0,2.0
坂本ダム,2026-09-14T14:00,520.63,0.508,2.0,2.0
坂本ダム,2026-09-14T15:00,520.63,0.508,2.0,2.0
坂本ダム,2026-09-14T16:00,520.63,0.508,2.0,2.0
坂本ダム,2026-09-14T17:00,520.63,0.508,2.0,2.0
坂本ダム,2026-09-14T18:00,520.63,0.508,2.0,2.0
坂本ダム,2026-09-14T19:00,520.63,0.508,2.0,2.0
坂本ダム,2026-09-14T20:00,520.63,0.508,2.0,2.0
坂本ダム,2026-09-14T21:00,520.63,0.508,2.0,2.0
坂本ダム,2026-09-14T22:00,520.63,0.508,2.0,2.0
塩沢ダム,2026-09-14T10:00,528.74,0.055,0.79,0.77
塩沢ダム,2026-09-14T11:00,528.73,0.054,0.76,0.74
塩沢ダム,2026-09-14T12:00,528.73,0.054,0.76,0.74
塩沢ダム,2026-09-14T13:00,528.73,0.054,0.76,0.74
塩沢ダム,2026-09-14T14:00,528.73,0.054,0.76,0.74
塩沢ダム,2026-09-14T15:00,528.72,0.054,0.73,0.7
塩沢ダム,2026-09-14T16:00,528.72,0.054,0.73,0.7
塩沢ダム,2026-09-14T17:00,528.72,0.054,0.73,0.7
塩沢ダム,2026-09-14T18:00,528.72,0.054,0.73,0.7
塩沢ダム,2026-09-14T19:00,528.72,0.054,0.73,0.7
塩沢ダム,2026-09-14T20:00,528.72,0.054,0.73,0.7
塩沢ダム,2026-09-14T21:00,528.72,0.054,0.73,0.7
塩沢ダム,2026-09-14T22:00,528.71,0.054,0.69,0.67
大仁田ダム,2026-09-14T10:00,679.38,0.054,0.82,0.82
大仁田ダム,2026-09-14T11:00,679.38,0.054,0.82,0.82
大仁田ダム,2026-09-14T12:00,679.38,0.054,0.82,0.82
大仁田ダム,2026-09-14T13:00,679.38,0.054,0.82,0.82
大仁田ダム,2026-09-14T14:00,679.37,0.053,0.76,0.8
大仁田ダム,2026-09-14T15:00,679.37,0.053,0.8,0.8
大仁田ダム,2026-09-14T16:00,679.37,0.053,0.8,0.8
大仁田ダム,2026-09-14T17:00,679.37,0.053,0.8,0.8
大仁田ダム,2026-09-14T18:00,679.37,0.053,0.8,0.8
大仁田ダム,2026-09-14T19:00,679.37,0.053,0.8,0.8
大仁田ダム,2026-09-14T20:00,679.37,0.053,0.8,0.8
大仁田ダム,2026-09-14T21:00,679.36,0.053,0.73,0.77
大仁田ダム,2026-09-14T22:00,679.36,0.053,0.77,0.77
桐生川ダム,2026-09-14T10:00,243.36,4.083,5.28,5.61
桐生川ダム,2026-09-14T11:00,243.36,4.083,5.28,5.59
桐生川ダム,2026-09-14T12:00,243.35,4.08,5.09,5.49
桐生川ダム,2026-09-14T13:00,243.35,4.08,5.09,5.49
桐生川ダム,2026-09-14T14:00,243.34,4.076,5.02,5.37
桐生川ダム,2026-09-14T15:00,243.34,4.076,5.02,5.38
桐生川ダム,2026-09-14T16:00,243.33,4.072,4.94,5.27
桐生川ダム,2026-09-14T17:00,243.33,4.072,4.94,5.27
桐生川ダム,2026-09-14T18:00,243.33,4.072,4.94,5.28
桐生川ダム,2026-09-14T19:00,243.32,4.069,4.85,5.18
桐生川ダム,2026-09-14T20:00,243.32,4.069,4.85,5.18
桐生川ダム,2026-09-14T21:00,243.31,4.065,4.76,5.07
桐生川ダム,2026-09-14T22:00,243.31,4.065,4.76,5.07
道平川ダム,2026-09-14T10:00,,0.0,,
道平川ダム,2026-09-14T11:00,,0.0,,
道平川ダム,2026-09-14T12:00,,0.0,,
道平川ダム,2026-09-14T13:00,,0.0,,
道平川ダム,2026-09-14T14:00,,0.0,,
道平川ダム,2026-09-14T15:00,,0.0,,
道平川ダム,2026-09-14T16:00,459.49,1.755,1.02,1.03
道平川ダム,2026-09-14T17:00,459.48,1.754,0.77,1.0
道平川ダム,2026-09-14T18:00,459.48,1.754,0.77,1.0
道平川ダム,2026-09-14T19:00,459.48,1.754,0.77,1.0
道平川ダム,2026-09-14T20:00,459.48,1.754,0.77,1.0
道平川ダム,2026-09-14T21:00,459.48,1.754,0.77,1.0
道平川ダム,2026-09-14T22:00,459.47,1.753,0.94,0.97
霧積ダム,2026-09-14T10:00,599.75,0.677,2.75,2.77
霧積ダム,2026-09-14T11:00,599.75,0.677,2.75,2.77
霧積ダム,2026-09-14T12:00,599.74,0.676,2.69,2.72
霧積ダム,2026-09-14T13:00,599.74,0.676,2.69,2.71
霧積ダム,2026-09-14T14:00,599.74,0.676,2.69,2.7
霧積ダム,2026-09-14T15:00,599.73,0.675,2.61,2.64
霧積ダム,2026-09-14T16:00,599.73,0.675,2.61,2.64
霧積ダム,2026-09-14T17:00,599.73,0.675,2.61,2.64
霧積ダム,2026-09-14T18:00,599.72,0.674,2.56,2.59
霧積ダム,2026-09-14T19:00,599.72,0.674,2.56,2.59
霧積ダム,2026-09-14T20:00,599.72,0.674,2.56,2.59
霧積ダム,2026-09-14T21:00,599.72,0.674,2.59,2.59
霧積ダム,2026-09-14T22:00,599.71,0.673,2.51,2.54
四万川ダム,2026-09-14T23:00,729.0,1.314,2.62,2.71
四万川ダム,2026-09-15T00:00,729.0,1.314,2.62,2.74
四万川ダム,2026-09-15T01:00,729.0,1.314,2.62,2.71
四万川ダム,2026-09-15T02:00,728.99,1.313,2.58,2.7
四万川ダム,2026-09-15T03:00,728.99,1.313,2.58,2.68
四万川ダム,2026-09-15T04:00,728.98,1.311,2.57,2.67
坂本ダム,2026-09-14T23:00,520.63,0.508,2.0,2.0
坂本ダム,2026-09-15T00:00,520.63,0.508,2.0,2.0
坂本ダム,2026-09-15T01:00,520.63,0.508,2.0,2.0
坂本ダム,2026-09-15T02:00,520.63,0.508,2.0,2.0
坂本ダム,2026-09-15T03:00,520.63,0.508,2.0,2.0
坂本ダム,2026-09-15T04:00,520.62,0.507,1.72,1.89
塩沢ダム,2026-09-14T23:00,528.71,0.054,0.69,0.67
塩沢ダム,2026-09-15T00:00,528.71,0.054,0.69,0.67
塩沢ダム,2026-09-15T01:00,528.71,0.054,0.69,0.67
塩沢ダム,2026-09-15T02:00,528.71,0.054,0.69,0.67
塩沢ダム,2026-09-15T03:00,528.71,0.054,0.69,0.67
塩沢ダム,2026-09-15T04:00,528.71,0.054,0.69,0.67
大仁田ダム,2026-09-14T23:00,679.36,0.053,0.77,0.77
大仁田ダム,2026-09-15T00:00,679.36,0.053,0.77,0.77
大仁田ダム,2026-09-15T01:00,679.36,0.053,0.77,0.77
大仁田ダム,2026-09-15T02:00,679.36,0.053,0.77,0.77
大仁田ダム,2026-09-15T03:00,679.36,0.053,0.77,0.77
大仁田ダム,2026-09-15T04:00,679.36,0.053,0.77,0.77
桐生川ダム,2026-09-14T23:00,243.3,4.062,4.65,4.98
桐生川ダム,2026-09-15T00:00,243.3,4.062,4.65,4.97
桐生川ダム,2026-09-15T01:00,243.3,4.062,4.65,4.98
桐生川ダム,2026-09-15T02:00,243.29,4.058,4.59,4.87
桐生川ダム,2026-09-15T03:00,243.29,4.058,4.59,4.87
桐生川ダム,2026-09-15T04:00,243.29,4.058,4.59,4.87
道平川ダム,2026-09-14T23:00,459.47,1.753,0.94,0.97
道平川ダム,2026-09-15T00:00,459.47,1.753,0.94,0.97
道平川ダム,2026-09-15T01:00,459.47,1.753,0.94,0.97
道平川ダム,2026-09-15T02:00,459.47,1.753,0.94,0.97
道平川ダム,2026-09-15T03:00,459.47,1.753,0.94,0.97
道平川ダム,2026-09-15T04:00,459.46,1.752,0.92,0.94
霧積ダム,2026-09-14T23:00,599.71,0.673,2.51,2.54
霧積ダム,2026-09-15T00:00,599.71,0.673,2.51,2.53
霧積ダム,2026-09-15T01:00,599.71,0.673,2.54,2.54
霧積ダム,2026-09-15T02:00,599.7,0.672,2.46,2.48
霧積ダム,2026-09-15T03:00,599.7,0.672,2.46,2.48
霧積ダム,2026-09-15T04:00,599.7,0.672,2.46,2.48
四万川ダム,2026-09-15T05:00,728.98,1.311,2.57,2.66
四万川ダム,2026-09-15T06:00,728.97,1.31,2.54,2.66
四万川ダム,2026-09-15T07:00,728.97,1.31,2.54,2.66
四万川ダム,2026-09-15T08:00,728.97,1.31,2.54,2.67
四万川ダム,2026-09-15T09:00,728.96,1.309,2.52,2.65
坂本ダム,2026-09-15T05:00,520.62,0.507,1.79,1.79
坂本ダム,2026-09-15T06:00,520.62,0.507,1.79,1.79
坂本ダム,2026-09-15T07:00,520.62,0.507,1.79,1.79
坂本ダム,2026-09-15T08:00,520.62,0.507,1.79,1.79
坂本ダム,2026-09-15T09:00,520.62,0.507,1.79,1.79
塩沢ダム,2026-09-15T05:00,528.7,0.054,0.66,0.64
塩沢ダム,2026-09-15T06:00,528.7,0.054,0.66,0.64
塩沢ダム,2026-09-15T07:00,528.7,0.054,0.66,0.64
塩沢ダム,2026-09-15T08:00,528.7,0.054,0.66,0.64
塩沢ダム,2026-09-15T09:00,528.7,0.054,0.66,0.64
大仁田ダム,2026-09-15T05:00,679.35,0.053,0.74,0.74
大仁田ダム,2026-09-15T06:00,679.35,0.053,0.72,0.74
大仁田ダム,2026-09-15T07:00,679.35,0.053,0.74,0.74
大仁田ダム,2026-09-15T08:00,679.35,0.053,0.74,0.74
大仁田ダム,2026-09-15T09:00,679.35,0.053,0.74,0.74
桐生川ダム,2026-09-15T05:00,243.28,4.055,4.48,4.77
桐生川ダム,2026-09-15T06:00,243.28,4.055,4.48,4.78
桐生川ダム,2026-09-15T07:00,243.28,4.055,4.48,4.77
桐生川ダム,2026-09-15T08:00,243.28,4.055,4.48,4.78
桐生川ダム,2026-09-15T09:00,243.28,4.055,4.48,4.77
道平川ダム,2026-09-15T05:00,459.46,1.752,0.92,0.94
道平川ダム,2026-09-15T06:00,459.46,1.752,0.92,0.94
道平川ダム,2026-09-15T07:00,459.46,1.752,0.92,0.94
道平川ダム,2026-09-15T08:00,459.46,1.752,0.92,0.94
道平川ダム,2026-09-15T09:00,459.46,1.752,0.92,0.94
霧積ダム,2026-09-15T05:00,599.7,0.672,2.48,2.47
霧積ダム,2026-09-15T06:00,599.69,0.671,2.41,2.41
霧積ダム,2026-09-15T07:00,599.69,0.671,2.41,2.41
霧積ダム,2026-09-15T08:00,599.69,0.671,2.41,2.42
霧積ダム,2026-09-15T09:00,599.69,0.671,2.42,2.42
四万川ダム,2026-09-15T10:00,728.96,1.309,2.52,2.65
四万川ダム,2026-09-15T11:00,728.95,1.308,2.5,2.61
四万川ダム,2026-09-15T12:00,728.95,1.308,2.5,2.63
四万川ダム,2026-09-15T13:00,728.95,1.308,2.5,2.62
四万川ダム,2026-09-15T14:00,728.94,1.306,2.48,2.6
四万川ダム,2026-09-15T15:00,728.94,1.306,2.48,2.55
四万川ダム,2026-09-15T16:00,728.94,1.306,2.48,2.56
四万川ダム,2026-09-15T17:00,728.93,1.305,2.47,2.53
四万川ダム,2026-09-15T18:00,728.93,1.305,2.47,2.55
四万川ダム,2026-09-15T19:00,728.93,1.305,2.47,2.55
四万川ダム,2026-09-15T20:00,728.93,1.305,2.47,2.55
四万川ダム,2026-09-15T21:00,728.93,1.305,2.47,2.56
坂本ダム,2026-09-15T10:00,520.62,0.507,1.79,1.79
坂本ダム,2026-09-15T11:00,520.62,0.507,1.79,1.79
坂本ダム,2026-09-15T12:00,520.62,0.507,1.79,1.79
坂本ダム,2026-09-15T13:00,520.62,0.507,1.79,1.79
坂本ダム,2026-09-15T14:00,520.62,0.507,1.79,1.79
坂本ダム,2026-09-15T15:00,520.62,0.507,1.79,1.79
坂本ダム,2026-09-15T16:00,520.62,0.507,1.79,1.79
坂本ダム,2026-09-15T17:00,520.62,0.507,1.79,1.79
坂本ダム,2026-09-15T18:00,520.62,0.507,1.79,1.79
坂本ダム,2026-09-15T19:00,520.62,0.507,1.79,1.79
坂本ダム,2026-09-15T20:00,520.62,0.507,1.79,1.79
坂本ダム,2026-09-15T21:00,520.62,0.507,1.79,1.79
塩沢ダム,2026-09-15T10:00,528.7,0.054,0.66,0.64
塩沢ダム,2026-09-15T11:00,528.7,0.054,0.66,0.64
塩沢ダム,2026-09-15T12:00,528.7,0.054,0.66,0.64
塩沢ダム,2026-09-15T13:00,528.69,0.054,0.64,0.61
塩沢ダム,2026-09-15T14:00,528.69,0.054,0.64,0.61
塩沢ダム,2026-09-15T15:00,528.69,0.054,0.64,0.61
塩沢ダム,2026-09-15T16:00,528.69,0.054,0.64,0.61
塩沢ダム,2026-09-15T17:00,528.69,0.054,0.64,0.61
塩沢ダム,2026-09-15T18:00,528.69,0.054,0.64,0.61
塩沢ダム,2026-09-15T19:00,528.68,0.054,0.6,0.59
塩沢ダム,2026-09-15T20:00,528.68,0.054,0.6,0.59
塩沢ダム,2026-09-15T21:00,528.68,0.054,0.6,0.59
大仁田ダム,2026-09-15T10:00,679.35,0.053,0.74,0.74
大仁田ダム,2026-09-15T11:00,679.35,0.053,0.74,0.74
大仁田ダム,2026-09-15T12:00,679.35,0.053,0.74,0.74
大仁田ダム,2026-09-15T13:00,679.35,0.053,0.74,0.74
大仁田ダム,2026-09-15T14:00,679.34,0.053,0.67,0.71
大仁田ダム,2026-09-15T15:00,679.34,0.053,0.71,0.71
大仁田ダム,2026-09-15T16:00,679.34,0.053,0.71,0.71
大仁田ダム,2026-09-15T17:00,679.34,0.053,0.71,0.71
大仁田ダム,2026-09-15T18:00,679.34,0.053,0.71,0.71
大仁田ダム,2026-09-15T19:00,679.34,0.053,0.71,0.71
大仁田ダム,2026-09-15T20:00,679.34,0.053,0.71,0.71
大仁田ダム,2026-09-15T21:00,679.34,0.053,0.71,0.71
桐生川ダム,2026-09-15T10:00,243.28,4.055,4.48,4.78
桐生川ダム,2026-09-15T11:00,243.28,4.055,4.48,4.78
桐生川ダム,2026-09-15T12:00,243.28,4.055,4.48,4.77
桐生川ダム,2026-09-15T13:00,243.28,4.055,4.48,4.77
桐生川ダム,2026-09-15T14:00,243.28,4.055,4.48,4.77
桐生川ダム,2026-09-15T15:00,243.27,4.051,4.68,4.69
桐生川ダム,2026-09-15T16:00,243.27,4.051,4.68,4.68
桐生川ダム,2026-09-15T17:00,243.26,4.047,4.24,4.58
桐生川ダム,2026-09-15T18:00,243.26,4.047,4.24,4.58
桐生川ダム,2026-09-15T19:00,243.25,4.044,4.15,4.48
桐生川ダム,2026-09-15T20:00,243.25,4.044,4.15,4.48
桐生川ダム,2026-09-15T21:00,243.25,4.044,4.15,4.48
道平川ダム,2026-09-15T10:00,459.45,1.751,0.89,0.91
道平川ダム,2026-09-15T11:00,459.45,1.751,0.89,0.91
道平川ダム,2026-09-15T12:00,459.45,1.751,0.89,0.91
道平川ダム,2026-09-15T13:00,459.45,1.751,0.89,0.91
道平川ダム,2026-09-15T14:00,459.45,1.751,0.89,0.91
道平川ダム,2026-09-15T15:00,459.45,1.751,0.89,0.91
道平川ダム,2026-09-15T16:00,459.45,1.751,0.89,0.91
道平川ダム,2026-09-15T17:00,459.45,1.751,0.89,0.91
道平川ダム,2026-09-15T18:00,459.44,1.749,0.87,0.88
道平川ダム,2026-09-15T19:00,459.44,1.749,0.87,0.88
道平川ダム,2026-09-15T20:00,459.44,1.749,0.87,0.88
道平川ダム,2026-09-15T21:00,459.44,1.749,0.87,0.88
霧積ダム,2026-09-15T10:00,599.68,0.67,2.35,2.35
霧積ダム,2026-09-15T11:00,599.68,0.67,2.35,2.35
霧積ダム,2026-09-15T12:00,599.68,0.67,2.35,2.35
霧積ダム,2026-09-15T13:00,599.68,0.67,2.36,2.35
霧積ダム,2026-09-15T14:00,599.67,0.669,2.29,2.3
霧積ダム,2026-09-15T15:00,599.67,0.669,2.29,2.29
霧積ダム,2026-09-15T16:00,599.67,0.669,2.29,2.3
霧積ダム,2026-09-15T17:00,599.67,0.669,2.3,2.29
霧積ダム,2026-09-15T18:00,599.66,0.668,2.23,2.23
霧積ダム,2026-09-15T19:00,599.66,0.668,2.23,2.24
霧積ダム,2026-09-15T20:00,599.66,0.668,2.23,2.23
霧積ダム,2026-09-15T21:00,599.66,0.668,2.24,2.24
四万川ダム,2026-09-15T22:00,728.93,1.305,2.47,2.53
四万川ダム,2026-09-15T23:00,728.93,1.305,2.47,2.52
四万川ダム,2026-09-16T00:00,728.93,1.305,2.47,2.54
四万川ダム,2026-09-16T01:00,728.93,1.305,2.47,2.54
四万川ダム,2026-09-16T02:00,728.93,1.305,2.47,2.55
四万川ダム,2026-09-16T03:00,728.93,1.305,2.47,2.54
坂本ダム,2026-09-15T22:00,520.62,0.507,1.79,1.79
坂本ダム,2026-09-15T23:00,520.61,0.507,1.6,1.77
坂本ダム,2026-09-16T00:00,520.61,0.507,1.61,1.61
坂本ダム,2026-09-16T01:00,520.61,0.507,1.59,1.59
坂本ダム,2026-09-16T02:00,520.61,0.507,1.59,1.59
坂本ダム,2026-09-16T03:00,520.62,0.507,1.91,1.74
塩沢ダム,2026-09-15T22:00,528.68,0.054,0.6,0.59
塩沢ダム,2026-09-15T23:00,528.68,0.054,0.6,0.59
塩沢ダム,2026-09-16T00:00,528.68,0.054,0.6,0.59
塩沢ダム,2026-09-16T01:00,528.68,0.054,0.6,0.59
塩沢ダム,2026-09-16T02:00,528.68,0.054,0.6,0.59
塩沢ダム,2026-09-16T03:00,528.68,0.054,0.6,0.59
大仁田ダム,2026-09-15T22:00,679.33,0.053,0.66,0.68
大仁田ダム,2026-09-15T23:00,679.33,0.053,0.68,0.68
大仁田ダム,2026-09-16T00:00,679.33,0.053,0.68,0.68
大仁田ダム,2026-09-16T01:00,679.33,0.053,0.68,0.68
大仁田ダム,2026-09-16T02:00,679.33,0.053,0.68,0.68
大仁田ダム,2026-09-16T03:00,679.33,0.053,0.68,0.68
桐生川ダム,2026-09-15T22:00,243.25,4.044,4.15,4.48
桐生川ダム,2026-09-15T23:00,243.24,4.04,4.18,4.38
桐生川ダム,2026-09-16T00:00,243.24,4.04,4.18,4.38
桐生川ダム,2026-09-16T01:00,243.24,4.04,4.18,4.37
桐生川ダム,2026-09-16T02:00,243.24,4.04,4.18,4.37
桐生川ダム,2026-09-16T03:00,243.23,4.037,4.15,4.3
道平川ダム,2026-09-15T22:00,459.44,1.749,0.87,0.88
道平川ダム,2026-09-15T23:00,459.44,1.749,0.87,0.88
道平川ダム,2026-09-16T00:00,459.44,1.749,0.87,0.88
道平川ダム,2026-09-16T01:00,459.44,1.749,0.87,0.88
道平川ダム,2026-09-16T02:00,459.43,1.748,0.84,0.85
道平川ダム,2026-09-16T03:00,459.43,1.748,0.84,0.85
霧積ダム,2026-09-15T22:00,599.65,0.667,2.18,2.19
霧積ダム,2026-09-15T23:00,599.65,0.667,2.18,2.18
霧積ダム,2026-09-16T00:00,599.65,0.667,2.18,2.19
霧積ダム,2026-09-16T01:00,599.65,0.667,2.19,2.19
霧積ダム,2026-09-16T02:00,599.65,0.667,2.19,2.19
霧積ダム,2026-09-16T03:00,599.65,0.667,2.19,2.19
四万川ダム,2026-09-16T04:00,728.93,1.305,2.47,2.51
四万川ダム,2026-09-16T05:00,728.93,1.305,2.47,2.55
四万川ダム,2026-09-16T06:00,728.95,1.308,2.59,2.59
四万川ダム,2026-09-16T07:00,728.98,1.311,3.9,2.63
四万川ダム,2026-09-16T08:00,729.02,1.316,3.73,2.72
四万川ダム,2026-09-16T09:00,729.04,1.319,3.45,2.75
坂本ダム,2026-09-16T04:00,520.62,0.507,1.79,1.79
坂本ダム,2026-09-16T05:00,520.62,0.507,1.79,1.79
坂本ダム,2026-09-16T06:00,520.62,0.507,1.79,1.79
坂本ダム,2026-09-16T07:00,520.62,0.507,1.79,1.79
坂本ダム,2026-09-16T08:00,520.62,0.507,1.79,1.79
坂本ダム,2026-09-16T09:00,520.62,0.507,1.79,1.79
塩沢ダム,2026-09-16T04:00,528.68,0.054,0.59,0.59
塩沢ダム,2026-09-16T05:00,528.67,0.054,0.59,0.56
塩沢ダム,2026-09-16T06:00,528.67,0.054,0.59,0.56
塩沢ダム,2026-09-16T07:00,528.67,0.054,0.59,0.56
塩沢ダム,2026-09-16T08:00,528.67,0.054,0.59,0.56
塩沢ダム,2026-09-16T09:00,528.67,0.054,0.59,0.56
大仁田ダム,2026-09-16T04:00,679.33,0.053,0.68,0.68
大仁田ダム,2026-09-16T05:00,679.33,0.053,0.68,0.68
大仁田ダム,2026-09-16T06:00,679.33,0.053,0.68,0.68
大仁田ダム,2026-09-16T07:00,679.33,0.053,0.68,0.68
大仁田ダム,2026-09-16T08:00,679.33,0.053,0.68,0.68
大仁田ダム,2026-09-16T09:00,679.33,0.053,0.68,0.68
桐生川ダム,2026-09-16T04:00,243.23,4.037,4.15,4.29
桐生川ダム,2026-09-16T05:00,243.23,4.037,4.15,4.3
桐生川ダム,2026-09-16T06:00,243.22,4.033,4.01,4.2
桐生川ダム,2026-09-16T07:00,243.22,4.033,4.01,4.2
桐生川ダム,2026-09-16T08:00,243.22,4.033,4.01,4.2
桐生川ダム,2026-09-16T09:00,243.22,4.033,4.01,4.2
道平川ダム,2026-09-16T04:00,459.43,1.748,0.84,0.85
道平川ダム,2026-09-16T05:00,459.43,1.748,0.84,0.85
道平川ダム,2026-09-16T06:00,459.43,1.748,0.84,0.85
道平川ダム,2026-09-16T07:00,459.43,1.748,0.84,0.85
道平川ダム,2026-09-16T08:00,459.43,1.748,0.84,0.85
道平川ダム,2026-09-16T09:00,459.43,1.748,0.84,0.85
霧積ダム,2026-09-16T04:00,599.65,0.667,2.19,2.19
霧積ダム,2026-09-16T05:00,599.65,0.667,2.19,2.18
霧積ダム,2026-09-16T06:00,599.65,0.667,2.19,2.18
霧積ダム,2026-09-16T07:00,599.65,0.667,2.19,2.18
霧積ダム,2026-09-16T08:00,599.65,0.667,2.19,2.19
霧積ダム,2026-09-16T09:00,599.66,0.668,2.21,2.24
四万川ダム,2026-09-16T10:00,729.06,1.321,3.4,2.82
四万川ダム,2026-09-16T11:00,729.07,1.322,3.4,2.85
四万川ダム,2026-09-16T12:00,729.09,1.325,3.39,2.88
四万川ダム,2026-09-16T13:00,729.11,1.327,3.65,2.92
四万川ダム,2026-09-16T14:00,729.13,1.33,3.7,2.96
四万川ダム,2026-09-16T15:00,729.16,1.333,4.08,3.01
四万川ダム,2026-09-16T16:00,729.18,1.336,3.94,3.08
四万川ダム,2026-09-16T17:00,729.2,1.338,3.79,3.13
四万川ダム,2026-09-16T18:00,729.22,1.341,3.78,3.24
四万川ダム,2026-09-16T19:00,729.24,1.343,3.94,3.28
四万川ダム,2026-09-16T20:00,729.27,1.347,4.4,3.34
四万川ダム,2026-09-16T21:00,729.32,1.353,5.28,3.45
坂本ダム,2026-09-16T10:00,520.63,0.508,2.08,1.91
坂本ダム,2026-09-16T11:00,520.65,0.509,2.61,2.28
坂本ダム,2026-09-16T12:00,520.65,0.509,2.44,2.44
坂本ダム,2026-09-16T13:00,520.66,0.51,2.63,2.46
坂本ダム,2026-09-16T14:00,520.68,0.511,3.17,2.84
坂本ダム,2026-09-16T15:00,520.71,0.513,4.04,3.54
坂本ダム,2026-09-16T16:00,520.71,0.513,3.9,3.9
坂本ダム,2026-09-16T17:00,520.7,0.512,3.52,3.69
坂本ダム,2026-09-16T18:00,520.69,0.511,3.31,3.48
坂本ダム,2026-09-16T19:00,520.7,0.512,3.77,3.6
坂本ダム,2026-09-16T20:00,520.72,0.513,4.27,3.94
坂本ダム,2026-09-16T21:00,520.74,0.514,4.8,4.47
塩沢ダム,2026-09-16T10:00,528.68,0.054,0.59,0.59
塩沢ダム,2026-09-16T11:00,528.68,0.054,0.59,0.59
塩沢ダム,2026-09-16T12:00,528.69,0.054,0.58,0.61
塩沢ダム,2026-09-16T13:00,528.72,0.054,0.78,0.7
塩沢ダム,2026-09-16T14:00,528.75,0.055,0.89,0.8
塩沢ダム,2026-09-16T15:00,528.78,0.055,0.97,0.9
塩沢ダム,2026-09-16T16:00,528.8,0.055,1.0,0.96
塩沢ダム,2026-09-16T17:00,528.8,0.055,1.0,0.96
塩沢ダム,2026-09-16T18:00,528.81,0.055,0.99,1.0
塩沢ダム,2026-09-16T19:00,528.81,0.055,0.99,1.0
塩沢ダム,2026-09-16T20:00,528.82,0.056,1.01,1.03
塩沢ダム,2026-09-16T21:00,528.83,0.056,1.07,1.07
大仁田ダム,2026-09-16T10:00,679.33,0.053,0.68,0.68
大仁田ダム,2026-09-16T11:00,679.33,0.053,0.68,0.68
大仁田ダム,2026-09-16T12:00,679.33,0.053,0.68,0.68
大仁田ダム,2026-09-16T13:00,679.35,0.053,0.77,0.74
大仁田ダム,2026-09-16T14:00,679.36,0.053,0.83,0.77
大仁田ダム,2026-09-16T15:00,679.38,0.054,0.84,0.82
大仁田ダム,2026-09-16T16:00,679.38,0.054,0.87,0.82
大仁田ダム,2026-09-16T17:00,679.39,0.054,0.89,0.85
大仁田ダム,2026-09-16T18:00,679.39,0.054,0.85,0.85
大仁田ダム,2026-09-16T19:00,679.4,0.054,0.92,0.88
大仁田ダム,2026-09-16T20:00,679.41,0.054,0.93,0.91
大仁田ダム,2026-09-16T21:00,679.41,0.054,0.91,0.91
桐生川ダム,2026-09-16T10:00,243.21,4.03,3.88,4.12
桐生川ダム,2026-09-16T11:00,243.21,4.03,3.88,4.13
桐生川ダム,2026-09-16T12:00,243.21,4.03,3.88,4.12
桐生川ダム,2026-09-16T13:00,243.21,4.03,3.88,4.12
桐生川ダム,2026-09-16T14:00,243.21,4.03,3.88,4.13
桐生川ダム,2026-09-16T15:00,243.21,4.03,3.88,4.12
桐生川ダム,2026-09-16T16:00,243.21,4.03,3.88,4.11
桐生川ダム,2026-09-16T17:00,243.21,4.03,3.88,4.12
桐生川ダム,2026-09-16T18:00,243.21,4.03,3.88,4.12
桐生川ダム,2026-09-16T19:00,243.21,4.03,3.88,4.12
桐生川ダム,2026-09-16T20:00,243.21,4.03,3.88,4.12
桐生川ダム,2026-09-16T21:00,243.21,4.03,3.88,4.12
道平川ダム,2026-09-16T10:00,459.43,1.748,0.84,0.85
道平川ダム,2026-09-16T11:00,459.43,1.748,0.84,0.85
道平川ダム,2026-09-16T12:00,459.43,1.748,0.84,0.85
道平川ダム,2026-09-16T13:00,459.43,1.748,0.84,0.85
道平川ダム,2026-09-16T14:00,459.44,1.749,0.88,0.88
道平川ダム,2026-09-16T15:00,459.45,1.751,1.19,0.91
道平川ダム,2026-09-16T16:00,459.46,1.752,1.29,0.94
道平川ダム,2026-09-16T17:00,459.48,1.754,1.4,1.0
道平川ダム,2026-09-16T18:00,459.49,1.755,1.49,1.03
道平川ダム,2026-09-16T19:00,459.51,1.757,1.65,1.09
道平川ダム,2026-09-16T20:00,459.53,1.76,1.71,1.15
道平川ダム,2026-09-16T21:00,459.56,1.763,1.91,1.25
霧積ダム,2026-09-16T10:00,599.68,0.67,2.83,2.35
霧積ダム,2026-09-16T11:00,599.71,0.673,3.17,2.06
霧積ダム,2026-09-16T12:00,599.76,0.678,3.55,2.35
霧積ダム,2026-09-16T13:00,599.81,0.683,3.88,2.64
霧積ダム,2026-09-16T14:00,599.88,0.689,4.94,3.04
霧積ダム,2026-09-16T15:00,599.96,0.697,6.04,4.01
霧積ダム,2026-09-16T16:00,600.03,0.704,5.88,4.47
霧積ダム,2026-09-16T17:00,600.06,0.707,5.29,4.72
霧積ダム,2026-09-16T18:00,600.07,0.708,5.16,4.82
霧積ダム,2026-09-16T19:00,600.09,0.71,5.42,4.97
霧積ダム,2026-09-16T20:00,600.14,0.715,6.93,5.37
霧積ダム,2026-09-16T21:00,600.21,0.722,7.85,5.93
四万川ダム,2026-09-16T22:00,729.41,1.364,7.7,3.63
四万川ダム,2026-09-16T23:00,729.52,1.377,7.48,4.12
四万川ダム,2026-09-17T00:00,729.62,1.39,7.43,4.53
四万川ダム,2026-09-17T01:00,729.68,1.397,6.64,4.84
四万川ダム,2026-09-17T02:00,729.72,1.402,6.19,5.04
四万川ダム,2026-09-17T03:00,729.74,1.404,5.94,5.16
坂本ダム,2026-09-16T22:00,520.76,0.516,5.41,5.08
坂本ダム,2026-09-16T23:00,520.78,0.517,6.05,5.72
坂本ダム,2026-09-17T00:00,520.78,0.517,5.9,5.9
坂本ダム,2026-09-17T01:00,520.77,0.516,5.63,5.8
坂本ダム,2026-09-17T02:00,520.76,0.516,5.31,5.48
坂本ダム,2026-09-17T03:00,520.75,0.515,5.05,5.22
塩沢ダム,2026-09-16T22:00,528.83,0.056,1.07,1.07
塩沢ダム,2026-09-16T23:00,528.84,0.056,1.1,1.1
塩沢ダム,2026-09-17T00:00,528.84,0.056,1.1,1.1
塩沢ダム,2026-09-17T01:00,528.84,0.056,1.1,1.1
塩沢ダム,2026-09-17T02:00,528.84,0.056,1.1,1.1
塩沢ダム,2026-09-17T03:00,528.84,0.056,1.1,1.1
大仁田ダム,2026-09-16T22:00,679.42,0.054,0.98,0.94
大仁田ダム,2026-09-16T23:00,679.43,0.054,0.99,0.97
大仁田ダム,2026-09-17T00:00,679.44,0.055,1.02,0.99
大仁田ダム,2026-09-17T01:00,679.45,0.055,1.06,1.02
大仁田ダム,2026-09-17T02:00,679.45,0.055,1.02,1.02
大仁田ダム,2026-09-17T03:00,679.46,0.055,1.1,1.05
桐生川ダム,2026-09-16T22:00,243.21,4.03,3.88,4.12
桐生川ダム,2026-09-16T23:00,243.21,4.03,3.88,4.12
桐生川ダム,2026-09-17T00:00,243.21,4.03,3.88,4.11
桐生川ダム,2026-09-17T01:00,243.21,4.03,3.88,4.12
桐生川ダム,2026-09-17T02:00,243.21,4.03,3.88,4.13
桐生川ダム,2026-09-17T03:00,243.21,4.03,3.88,4.12
道平川ダム,2026-09-16T22:00,459.58,1.765,2.03,1.32
道平川ダム,2026-09-16T23:00,459.61,1.768,2.37,1.42
道平川ダム,2026-09-17T00:00,459.64,1.772,2.53,1.52
道平川ダム,2026-09-17T01:00,459.67,1.775,2.7,1.64
道平川ダム,2026-09-17T02:00,459.7,1.779,2.71,1.75
道平川ダム,2026-09-17T03:00,459.73,1.782,2.68,1.87
霧積ダム,2026-09-16T22:00,600.3,0.731,9.19,6.67
霧積ダム,2026-09-16T23:00,600.39,0.739,9.78,7.39
霧積ダム,2026-09-17T00:00,600.44,0.744,8.96,7.79
霧積ダム,2026-09-17T01:00,600.46,0.746,8.37,7.95
霧積ダム,2026-09-17T02:00,600.45,0.745,7.64,7.86
霧積ダム,2026-09-17T03:00,600.43,0.743,7.29,7.71
四万川ダム,2026-09-17T04:00,729.76,1.407,5.56,5.26
四万川ダム,2026-09-17T05:00,729.76,1.407,5.56,5.26
四万川ダム,2026-09-17T06:00,729.76,1.407,5.56,5.25
四万川ダム,2026-09-17T07:00,729.76,1.407,5.56,5.25
四万川ダム,2026-09-17T08:00,729.75,1.406,5.56,5.2
四万川ダム,2026-09-17T09:00,729.74,1.404,5.09,5.12
坂本ダム,2026-09-17T04:00,520.74,0.514,4.81,4.98
坂本ダム,2026-09-17T05:00,520.74,0.514,4.73,4.73
坂本ダム,2026-09-17T06:00,520.73,0.514,4.3,4.47
坂本ダム,2026-09-17T07:00,520.72,0.513,4.18,4.35
坂本ダム,2026-09-17T08:00,520.72,0.513,4.18,4.18
坂本ダム,2026-09-17T09:00,520.71,0.513,3.83,4.0
塩沢ダム,2026-09-17T04:00,528.83,0.056,1.1,1.07
塩沢ダム,2026-09-17T05:00,528.83,0.056,1.1,1.07
塩沢ダム,2026-09-17T06:00,528.82,0.056,1.08,1.03
塩沢ダム,2026-09-17T07:00,528.82,0.056,1.08,1.03
塩沢ダム,2026-09-17T08:00,528.81,0.055,1.01,1.0
塩沢ダム,2026-09-17T09:00,528.81,0.055,1.01,1.0
大仁田ダム,2026-09-17T04:00,679.46,0.055,1.05,1.05
大仁田ダム,2026-09-17T05:00,679.46,0.055,1.05,1.05
大仁田ダム,2026-09-17T06:00,679.46,0.055,1.05,1.05
大仁田ダム,2026-09-17T07:00,679.46,0.055,1.05,1.05
大仁田ダム,2026-09-17T08:00,679.46,0.055,1.05,1.05
大仁田ダム,2026-09-17T09:00,679.46,0.055,1.05,1.05
桐生川ダム,2026-09-17T04:00,243.21,4.03,3.88,4.11
桐生川ダム,2026-09-17T05:00,243.21,4.03,3.88,4.13
桐生川ダム,2026-09-17T06:00,243.21,4.03,3.88,4.12
桐生川ダム,2026-09-17T07:00,243.21,4.03,3.88,4.13
桐生川ダム,2026-09-17T08:00,243.21,4.03,3.88,4.12
桐生川ダム,2026-09-17T09:00,243.21,4.03,3.88,4.13
道平川ダム,2026-09-17T04:00,459.75,1.784,2.63,1.96
道平川ダム,2026-09-17T05:00,459.77,1.786,2.59,2.04
道平川ダム,2026-09-17T06:00,459.78,1.788,2.52,2.08
道平川ダム,2026-09-17T07:00,459.79,1.789,2.43,2.12
道平川ダム,2026-09-17T08:00,459.8,1.79,2.29,2.16
道平川ダム,2026-09-17T09:00,459.8,1.79,2.29,2.16
霧積ダム,2026-09-17T04:00,600.4,0.74,6.8,7.48
霧積ダム,2026-09-17T05:00,600.37,0.737,6.44,7.22
霧積ダム,2026-09-17T06:00,600.34,0.734,6.15,6.98
霧積ダム,2026-09-17T07:00,600.31,0.732,5.91,6.74
霧積ダム,2026-09-17T08:00,600.28,0.729,5.76,6.5
霧積ダム,2026-09-17T09:00,600.25,0.726,5.56,6.27
四万川ダム,2026-09-17T10:00,729.73,1.403,4.74,5.08
四万川ダム,2026-09-17T11:00,729.72,1.402,4.66,5.03
四万川ダム,2026-09-17T12:00,729.7,1.399,4.51,4.94
四万川ダム,2026-09-17T13:00,729.69,1.398,4.47,4.88
四万川ダム,2026-09-17T14:00,729.68,1.397,4.42,4.73
四万川ダム,2026-09-17T15:00,729.66,1.395,4.29,4.74
四万川ダム,2026-09-17T16:00,729.65,1.393,4.29,4.69
四万川ダム,2026-09-17T17:00,729.63,1.391,4.17,4.62
四万川ダム,2026-09-17T18:00,729.62,1.39,4.15,4.57
四万川ダム,2026-09-17T19:00,729.61,1.388,4.11,4.55
四万川ダム,2026-09-17T20:00,729.59,1.386,4.03,4.45
四万川ダム,2026-09-17T21:00,729.58,1.385,4.0,4.4
坂本ダム,2026-09-17T10:00,520.71,0.513,3.9,3.9
坂本ダム,2026-09-17T11:00,520.7,0.512,3.56,3.73
坂本ダム,2026-09-17T12:00,520.7,0.512,3.64,3.64
坂本ダム,2026-09-17T13:00,520.7,0.512,3.64,3.64
坂本ダム,2026-09-17T14:00,520.69,0.511,3.29,3.46
坂本ダム,2026-09-17T15:00,520.69,0.511,3.39,3.39
坂本ダム,2026-09-17T16:00,520.69,0.511,3.39,3.39
坂本ダム,2026-09-17T17:00,520.68,0.511,3.19,3.36
坂本ダム,2026-09-17T18:00,520.68,0.511,3.14,3.14
坂本ダム,2026-09-17T19:00,520.68,0.511,3.14,3.14
坂本ダム,2026-09-17T20:00,520.68,0.511,3.14,3.14
坂本ダム,2026-09-17T21:00,520.68,0.511,3.14,3.14
塩沢ダム,2026-09-17T10:00,528.8,0.055,0.98,0.96
塩沢ダム,2026-09-17T11:00,528.8,0.055,0.98,0.96
塩沢ダム,2026-09-17T12:00,528.8,0.055,0.98,0.96
塩沢ダム,2026-09-17T13:00,528.8,0.055,0.98,0.96
塩沢ダム,2026-09-17T14:00,528.79,0.055,0.95,0.93
塩沢ダム,2026-09-17T15:00,528.79,0.055,0.95,0.93
塩沢ダム,2026-09-17T16:00,528.79,0.055,0.95,0.93
塩沢ダム,2026-09-17T17:00,528.79,0.055,0.95,0.93
塩沢ダム,2026-09-17T18:00,528.78,0.055,0.92,0.9
塩沢ダム,2026-09-17T19:00,528.78,0.055,0.92,0.9
塩沢ダム,2026-09-17T20:00,528.78,0.055,0.92,0.9
塩沢ダム,2026-09-17T21:00,528.78,0.055,0.92,0.9
大仁田ダム,2026-09-17T10:00,679.45,0.055,0.98,1.02
大仁田ダム,2026-09-17T11:00,679.45,0.055,1.02,1.02
大仁田ダム,2026-09-17T12:00,679.45,0.055,1.02,1.02
大仁田ダム,2026-09-17T13:00,679.44,0.055,0.97,0.99
大仁田ダム,2026-09-17T14:00,679.44,0.055,0.99,0.99
大仁田ダム,2026-09-17T15:00,679.44,0.055,0.99,0.99
大仁田ダム,2026-09-17T16:00,679.44,0.055,0.99,0.99
大仁田ダム,2026-09-17T17:00,679.44,0.055,0.99,0.99
大仁田ダム,2026-09-17T18:00,679.44,0.055,0.99,0.99
大仁田ダム,2026-09-17T19:00,679.43,0.054,0.92,0.97
大仁田ダム,2026-09-17T20:00,679.43,0.054,0.97,0.97
大仁田ダム,2026-09-17T21:00,679.43,0.054,0.97,0.97
桐生川ダム,2026-09-17T10:00,243.21,4.03,4.12,4.12
桐生川ダム,2026-09-17T11:00,243.21,4.03,4.13,4.13
桐生川ダム,2026-09-17T12:00,243.21,4.03,4.12,4.12
桐生川ダム,2026-09-17T13:00,243.21,4.03,4.13,4.13
桐生川ダム,2026-09-17T14:00,243.21,4.03,4.13,4.13
桐生川ダム,2026-09-17T15:00,243.21,4.03,4.11,4.11
桐生川ダム,2026-09-17T16:00,243.21,4.03,4.12,4.12
桐生川ダム,2026-09-17T17:00,243.21,4.03,4.11,4.11
桐生川ダム,2026-09-17T18:00,243.21,4.03,4.13,4.13
桐生川ダム,2026-09-17T19:00,243.21,4.03,4.12,4.12
桐生川ダム,2026-09-17T20:00,243.21,4.03,4.12,4.12
桐生川ダム,2026-09-17T21:00,243.21,4.03,4.12,4.12
道平川ダム,2026-09-17T10:00,459.8,1.79,2.29,2.16
道平川ダム,2026-09-17T11:00,459.8,1.79,2.29,2.16
道平川ダム,2026-09-17T12:00,459.8,1.79,2.29,2.16
道平川ダム,2026-09-17T13:00,459.79,1.789,2.09,2.12
道平川ダム,2026-09-17T14:00,459.78,1.788,1.91,2.08
道平川ダム,2026-09-17T15:00,459.77,1.786,1.83,2.04
道平川ダム,2026-09-17T16:00,459.77,1.786,1.83,2.04
道平川ダム,2026-09-17T17:00,459.76,1.785,1.79,2.0
道平川ダム,2026-09-17T18:00,459.75,1.784,1.72,1.96
道平川ダム,2026-09-17T19:00,459.74,1.783,1.69,1.91
道平川ダム,2026-09-17T20:00,459.73,1.782,1.63,1.87
道平川ダム,2026-09-17T21:00,459.72,1.781,1.59,1.83
霧積ダム,2026-09-17T10:00,600.22,0.723,5.43,6.01
霧積ダム,2026-09-17T11:00,600.2,0.721,5.25,5.85
霧積ダム,2026-09-17T12:00,600.18,0.719,5.19,5.69
霧積ダム,2026-09-17T13:00,600.16,0.717,5.04,5.53
霧積ダム,2026-09-17T14:00,600.14,0.715,4.97,5.37
霧積ダム,2026-09-17T15:00,600.12,0.713,4.81,5.21
霧積ダム,2026-09-17T16:00,600.11,0.712,4.76,5.12
霧積ダム,2026-09-17T17:00,600.09,0.71,4.63,4.96
霧積ダム,2026-09-17T18:00,600.08,0.709,4.56,4.89
霧積ダム,2026-09-17T19:00,600.06,0.707,4.42,4.73
霧積ダム,2026-09-17T20:00,600.05,0.706,4.35,4.65
霧積ダム,2026-09-17T21:00,600.04,0.705,4.29,4.57
四万川ダム,2026-09-17T22:00,729.57,1.384,3.96,4.36
四万川ダム,2026-09-17T23:00,729.55,1.381,3.89,4.28
四万川ダム,2026-09-18T00:00,729.54,1.38,3.85,4.24
四万川ダム,2026-09-18T01:00,729.53,1.379,3.83,4.19
四万川ダム,2026-09-18T02:00,729.52,1.377,3.78,4.14
四万川ダム,2026-09-18T03:00,729.51,1.376,3.75,4.11
坂本ダム,2026-09-17T22:00,520.67,0.51,2.9,3.07
坂本ダム,2026-09-17T23:00,520.67,0.51,2.89,2.89
坂本ダム,2026-09-18T00:00,520.67,0.51,2.89,2.89
坂本ダム,2026-09-18T01:00,520.67,0.51,2.89,2.89
坂本ダム,2026-09-18T02:00,520.67,0.51,2.89,2.89
坂本ダム,2026-09-18T03:00,520.67,0.51,2.89,2.89
塩沢ダム,2026-09-17T22:00,528.77,0.055,0.89,0.86
塩沢ダム,2026-09-17T23:00,528.77,0.055,0.89,0.86
塩沢ダム,2026-09-18T00:00,528.77,0.055,0.89,0.86
塩沢ダム,2026-09-18T01:00,528.77,0.055,0.89,0.86
塩沢ダム,2026-09-18T02:00,528.76,0.055,0.85,0.83
塩沢ダム,2026-09-18T03:00,528.76,0.055,0.85,0.83
大仁田ダム,2026-09-17T22:00,679.43,0.054,0.97,0.97
大仁田ダム,2026-09-17T23:00,679.42,0.054,0.92,0.94
大仁田ダム,2026-09-18T00:00,679.42,0.054,0.93,0.94
大仁田ダム,2026-09-18T01:00,679.42,0.054,0.94,0.94
大仁田ダム,2026-09-18T02:00,679.42,0.054,0.94,0.94
大仁田ダム,2026-09-18T03:00,679.42,0.054,0.94,0.94
桐生川ダム,2026-09-17T22:00,243.21,4.03,4.13,4.13
桐生川ダム,2026-09-17T23:00,243.21,4.03,4.12,4.12
桐生川ダム,2026-09-18T00:00,243.2,4.026,4.08,4.03
桐生川ダム,2026-09-18T01:00,243.2,4.026,4.08,4.02
桐生川ダム,2026-09-18T02:00,243.2,4.026,4.08,4.04
桐生川ダム,2026-09-18T03:00,243.2,4.026,4.08,4.03
道平川ダム,2026-09-17T22:00,459.71,1.78,1.55,1.79
道平川ダム,2026-09-17T23:00,459.7,1.779,1.53,1.75
道平川ダム,2026-09-18T00:00,459.7,1.779,1.53,1.75
道平川ダム,2026-09-18T01:00,459.69,1.777,1.48,1.72
道平川ダム,2026-09-18T02:00,459.68,1.776,1.46,1.68
道平川ダム,2026-09-18T03:00,459.67,1.775,1.43,1.64
霧積ダム,2026-09-17T22:00,600.02,0.703,4.15,4.41
霧積ダム,2026-09-17T23:00,600.01,0.702,4.07,4.33
霧積ダム,2026-09-18T00:00,600.0,0.701,4.02,4.26
霧積ダム,2026-09-18T01:00,599.99,0.7,3.95,4.2
霧積ダム,2026-09-18T02:00,599.98,0.699,3.91,4.12
霧積ダム,2026-09-18T03:00,599.97,0.698,3.85,4.07
四万川ダム,2026-09-18T04:00,729.5,1.375,3.72,4.07
四万川ダム,2026-09-18T05:00,729.49,1.374,3.69,4.03
四万川ダム,2026-09-18T06:00,729.47,1.371,3.59,3.92
四万川ダム,2026-09-18T07:00,729.46,1.37,3.55,3.89
四万川ダム,2026-09-18T08:00,729.45,1.369,3.52,3.85
四万川ダム,2026-09-18T09:00,729.44,1.368,3.48,3.81
坂本ダム,2026-09-18T04:00,520.67,0.51,2.89,2.89
坂本ダム,2026-09-18T05:00,520.66,0.51,2.58,2.75
坂本ダム,2026-09-18T06:00,520.66,0.51,2.66,2.66
坂本ダム,2026-09-18T07:00,520.66,0.51,2.66,2.66
坂本ダム,2026-09-18T08:00,520.66,0.51,2.66,2.66
坂本ダム,2026-09-18T09:00,520.66,0.51,2.66,2.66
塩沢ダム,2026-09-18T04:00,528.76,0.055,0.85,0.83
塩沢ダム,2026-09-18T05:00,528.76,0.055,0.85,0.83
塩沢ダム,2026-09-18T06:00,528.75,0.055,0.82,0.8
塩沢ダム,2026-09-18T07:00,528.75,0.055,0.82,0.8
塩沢ダム,2026-09-18T08:00,528.75,0.055,0.82,0.8
塩沢ダム,2026-09-18T09:00,528.75,0.055,0.82,0.8
大仁田ダム,2026-09-18T04:00,679.42,0.054,0.94,0.94
大仁田ダム,2026-09-18T05:00,679.42,0.054,0.94,0.94
大仁田ダム,2026-09-18T06:00,679.41,0.054,0.87,0.91
大仁田ダム,2026-09-18T07:00,679.41,0.054,0.91,0.91
大仁田ダム,2026-09-18T08:00,679.41,0.054,0.91,0.91
大仁田ダム,2026-09-18T09:00,679.41,0.054,0.91,0.91
桐生川ダム,2026-09-18T04:00,243.2,4.026,4.08,4.04
桐生川ダム,2026-09-18T05:00,243.2,4.026,4.08,4.04
桐生川ダム,2026-09-18T06:00,243.19,4.023,3.86,3.94
桐生川ダム,2026-09-18T07:00,243.19,4.023,3.86,3.95
桐生川ダム,2026-09-18T08:00,243.19,4.023,3.86,3.94
桐生川ダム,2026-09-18T09:00,243.19,4.023,3.86,3.94
道平川ダム,2026-09-18T04:00,459.66,1.774,1.4,1.6
道平川ダム,2026-09-18T05:00,459.66,1.774,1.4,1.6
道平川ダム,2026-09-18T06:00,459.65,1.773,1.37,1.56
道平川ダム,2026-09-18T07:00,459.64,1.772,1.34,1.52
道平川ダム,2026-09-18T08:00,459.64,1.772,1.34,1.52
道平川ダム,2026-09-18T09:00,459.63,1.771,1.31,1.49
霧積ダム,2026-09-18T04:00,599.96,0.697,3.82,4.02
霧積ダム,2026-09-18T05:00,599.95,0.696,3.77,3.95
霧積ダム,2026-09-18T06:00,599.94,0.695,3.72,3.89
霧積ダム,2026-09-18T07:00,599.94,0.695,3.72,3.9
霧積ダム,2026-09-18T08:00,599.93,0.694,3.67,3.83
霧積ダム,2026-09-18T09:00,599.92,0.693,3.62,3.79
四万川ダム,2026-09-18T10:00,729.43,1.366,3.45,3.73
四万川ダム,2026-09-18T11:00,729.42,1.365,3.39,3.72
四万川ダム,2026-09-18T12:00,729.41,1.364,3.37,3.67
四万川ダム,2026-09-18T13:00,729.4,1.363,3.31,3.65
四万川ダム,2026-09-18T14:00,729.39,1.362,3.33,3.62
四万川ダム,2026-09-18T15:00,729.38,1.36,3.26,3.57
四万川ダム,2026-09-18T16:00,729.37,1.359,3.3,3.59
四万川ダム,2026-09-18T17:00,729.36,1.358,3.29,3.56
四万川ダム,2026-09-18T18:00,729.36,1.358,3.29,3.56
四万川ダム,2026-09-18T19:00,729.35,1.357,3.27,3.54
四万川ダム,2026-09-18T20:00,729.34,1.355,3.25,3.49
坂本ダム,2026-09-18T10:00,520.66,0.51,2.66,2.66
坂本ダム,2026-09-18T11:00,520.66,0.51,2.66,2.66
坂本ダム,2026-09-18T12:00,520.66,0.51,2.66,2.66
坂本ダム,2026-09-18T13:00,520.65,0.509,2.29,2.46
坂本ダム,2026-09-18T14:00,520.65,0.509,2.44,2.44
坂本ダム,2026-09-18T15:00,520.65,0.509,2.44,2.44
坂本ダム,2026-09-18T16:00,520.65,0.509,2.44,2.44
坂本ダム,2026-09-18T17:00,520.65,0.509,2.44,2.44
坂本ダム,2026-09-18T18:00,520.65,0.509,2.44,2.44
坂本ダム,2026-09-18T19:00,520.65,0.509,2.44,2.44
坂本ダム,2026-09-18T20:00,520.65,0.509,2.44,2.44
塩沢ダム,2026-09-18T10:00,528.75,0.055,0.82,0.8
塩沢ダム,2026-09-18T11:00,528.74,0.055,0.79,0.77
塩沢ダム,2026-09-18T12:00,528.74,0.055,0.79,0.77
塩沢ダム,2026-09-18T13:00,528.74,0.055,0.79,0.77
塩沢ダム,2026-09-18T14:00,528.74,0.055,0.79,0.77
塩沢ダム,2026-09-18T15:00,528.74,0.055,0.79,0.77
塩沢ダム,2026-09-18T16:00,528.73,0.054,0.76,0.74
塩沢ダム,2026-09-18T17:00,528.73,0.054,0.76,0.74
塩沢ダム,2026-09-18T18:00,528.73,0.054,0.76,0.74
塩沢ダム,2026-09-18T19:00,528.73,0.054,0.76,0.74
塩沢ダム,2026-09-18T20:00,528.73,0.054,0.76,0.74
大仁田ダム,2026-09-18T10:00,679.41,0.054,0.91,0.91
大仁田ダム,2026-09-18T11:00,679.4,0.054,0.85,0.88
大仁田ダム,2026-09-18T12:00,679.4,0.054,0.88,0.88
大仁田ダム,2026-09-18T13:00,679.4,0.054,0.88,0.88
大仁田ダム,2026-09-18T14:00,679.4,0.054,0.88,0.88
大仁田ダム,2026-09-18T15:00,679.4,0.054,0.88,0.88
大仁田ダム,2026-09-18T16:00,679.39,0.054,0.83,0.85
大仁田ダム,2026-09-18T17:00,679.39,0.054,0.85,0.85
大仁田ダム,2026-09-18T18:00,679.39,0.054,0.85,0.85
大仁田ダム,2026-09-18T19:00,679.39,0.054,0.85,0.85
大仁田ダム,2026-09-18T20:00,679.39,0.054,0.85,0.85
桐生川ダム,2026-09-18T10:00,243.18,4.019,3.71,3.85
桐生川ダム,2026-09-18T11:00,243.18,4.019,3.71,3.86
桐生川ダム,2026-09-18T12:00,243.18,4.019,3.71,3.85
桐生川ダム,2026-09-18T13:00,243.18,4.019,3.71,3.86
桐生川ダム,2026-09-18T14:00,243.18,4.019,3.71,3.86
桐生川ダム,2026-09-18T15:00,243.17,4.015,3.64,3.77
桐生川ダム,2026-09-18T16:00,243.17,4.015,3.64,3.77
桐生川ダム,2026-09-18T17:00,243.17,4.015,3.64,3.77
桐生川ダム,2026-09-18T18:00,243.17,4.015,3.64,3.77
桐生川ダム,2026-09-18T19:00,243.16,4.012,3.55,3.69
桐生川ダム,2026-09-18T20:00,243.16,4.012,3.55,3.68
道平川ダム,2026-09-18T10:00,459.62,1.77,1.29,1.45
道平川ダム,2026-09-18T11:00,459.62,1.77,1.29,1.45
道平川ダム,2026-09-18T12:00,459.61,1.768,1.26,1.42
道平川ダム,2026-09-18T13:00,459.61,1.768,1.26,1.42
道平川ダム,2026-09-18T14:00,459.6,1.767,1.24,1.38
道平川ダム,2026-09-18T15:00,459.59,1.766,1.2,1.35
道平川ダム,2026-09-18T16:00,459.59,1.766,1.2,1.35
道平川ダム,2026-09-18T17:00,459.58,1.765,1.18,1.32
道平川ダム,2026-09-18T18:00,459.58,1.765,1.18,1.32
道平川ダム,2026-09-18T19:00,459.57,1.764,1.17,1.28
道平川ダム,2026-09-18T20:00,459.57,1.764,1.17,1.28
霧積ダム,2026-09-18T10:00,599.91,0.692,3.59,3.72
霧積ダム,2026-09-18T11:00,599.91,0.692,3.59,3.72
霧積ダム,2026-09-18T12:00,599.9,0.691,3.53,3.66
霧積ダム,2026-09-18T13:00,599.89,0.69,3.47,3.6
霧積ダム,2026-09-18T14:00,599.89,0.69,3.47,3.6
霧積ダム,2026-09-18T15:00,599.88,0.689,3.42,3.55
霧積ダム,2026-09-18T16:00,599.87,0.689,3.36,3.48
霧積ダム,2026-09-18T17:00,599.87,0.689,3.36,3.48
霧積ダム,2026-09-18T18:00,599.86,0.688,3.29,3.43
霧積ダム,2026-09-18T19:00,599.85,0.687,3.26,3.37
霧積ダム,2026-09-18T20:00,599.85,0.687,3.26,3.37
四万川ダム,2026-09-18T21:00,729.33,1.354,3.23,3.49
四万川ダム,2026-09-18T22:00,729.32,1.353,3.2,3.48
四万川ダム,2026-09-18T23:00,729.31,1.352,3.2,3.44
四万川ダム,2026-09-19T00:00,729.31,1.352,3.2,3.46
四万川ダム,2026-09-19T01:00,729.3,1.351,3.19,3.45
四万川ダム,2026-09-19T02:00,729.29,1.349,3.17,3.42
坂本ダム,2026-09-18T21:00,520.65,0.509,2.44,2.44
坂本ダム,2026-09-18T22:00,520.64,0.508,2.1,2.27
坂本ダム,2026-09-18T23:00,520.64,0.508,2.21,2.21
坂本ダム,2026-09-19T00:00,520.64,0.508,2.21,2.21
坂本ダム,2026-09-19T01:00,520.64,0.508,2.21,2.21
坂本ダム,2026-09-19T02:00,520.64,0.508,2.21,2.21
塩沢ダム,2026-09-18T21:00,528.73,0.054,0.76,0.74
塩沢ダム,2026-09-18T22:00,528.72,0.054,0.73,0.7
塩沢ダム,2026-09-18T23:00,528.72,0.054,0.73,0.7
塩沢ダム,2026-09-19T00:00,528.72,0.054,0.73,0.7
塩沢ダム,2026-09-19T01:00,528.72,0.054,0.73,0.7
塩沢ダム,2026-09-19T02:00,528.72,0.054,0.73,0.7
大仁田ダム,2026-09-18T21:00,679.39,0.054,0.85,0.85
大仁田ダム,2026-09-18T22:00,679.39,0.054,0.85,0.85
大仁田ダム,2026-09-18T23:00,679.38,0.054,0.78,0.82
大仁田ダム,2026-09-19T00:00,679.38,0.054,0.82,0.82
大仁田ダム,2026-09-19T01:00,679.38,0.054,0.82,0.82
大仁田ダム,2026-09-19T02:00,679.38,0.054,0.82,0.82
桐生川ダム,2026-09-18T21:00,243.16,4.012,3.55,3.68
桐生川ダム,2026-09-18T22:00,243.16,4.012,3.55,3.68
桐生川ダム,2026-09-18T23:00,243.16,4.012,3.55,3.68
桐生川ダム,2026-09-19T00:00,243.15,4.008,3.48,3.59
桐生川ダム,2026-09-19T01:00,243.15,4.008,3.48,3.59
桐生川ダム,2026-09-19T02:00,243.15,4.008,3.48,3.59
道平川ダム,2026-09-18T21:00,459.56,1.763,1.13,1.25
道平川ダム,2026-09-18T22:00,459.56,1.763,1.13,1.25
道平川ダム,2026-09-18T23:00,459.56,1.763,1.13,1.25
道平川ダム,2026-09-19T00:00,459.55,1.762,1.11,1.22
道平川ダム,2026-09-19T01:00,459.55,1.762,1.11,1.22
道平川ダム,2026-09-19T02:00,459.54,1.761,1.1,1.19
霧積ダム,2026-09-18T21:00,599.84,0.686,3.21,3.31
霧積ダム,2026-09-18T22:00,599.84,0.686,3.21,3.31
霧積ダム,2026-09-18T23:00,599.83,0.685,3.16,3.26
霧積ダム,2026-09-19T00:00,599.83,0.685,3.16,3.25
霧積ダム,2026-09-19T01:00,599.82,0.684,3.11,3.18
霧積ダム,2026-09-19T02:00,599.82,0.684,3.11,3.19
四万川ダム,2026-09-19T03:00,729.28,1.348,3.16,3.38
四万川ダム,2026-09-19T04:00,729.28,1.348,3.16,3.39
四万川ダム,2026-09-19T05:00,729.27,1.347,3.14,3.36
四万川ダム,2026-09-19T06:00,729.26,1.346,3.13,3.33
四万川ダム,2026-09-19T07:00,729.25,1.344,3.1,3.33
四万川ダム,2026-09-19T08:00,729.25,1.344,3.1,3.33
四万川ダム,2026-09-19T09:00,729.24,1.343,3.09,3.32
坂本ダム,2026-09-19T03:00,520.64,0.508,2.21,2.21
坂本ダム,2026-09-19T04:00,520.64,0.508,2.21,2.21
坂本ダム,2026-09-19T05:00,520.64,0.508,2.21,2.21
坂本ダム,2026-09-19T06:00,520.64,0.508,2.21,2.21
坂本ダム,2026-09-19T07:00,520.64,0.508,2.21,2.21
坂本ダム,2026-09-19T08:00,520.64,0.508,2.21,2.21
坂本ダム,2026-09-19T09:00,520.64,0.508,2.21,2.21
塩沢ダム,2026-09-19T03:00,528.72,0.054,0.73,0.7
塩沢ダム,2026-09-19T04:00,528.71,0.054,0.69,0.67
塩沢ダム,2026-09-19T05:00,528.71,0.054,0.69,0.67
塩沢ダム,2026-09-19T06:00,,0.0,,
塩沢ダム,2026-09-19T07:00,528.71,0.054,0.69,0.67
塩沢ダム,2026-09-19T08:00,528.71,0.054,0.69,0.67
塩沢ダム,2026-09-19T09:00,528.71,0.054,0.69,0.67
大仁田ダム,2026-09-19T03:00,679.38,0.054,0.82,0.82
大仁田ダム,2026-09-19T04:00,679.38,0.054,0.82,0.82
大仁田ダム,2026-09-19T05:00,679.37,0.053,0.77,0.8
大仁田ダム,2026-09-19T06:00,679.37,0.053,0.8,0.8
大仁田ダム,2026-09-19T07:00,679.37,0.053,0.8,0.8
大仁田ダム,2026-09-19T08:00,679.37,0.053,0.8,0.8
大仁田ダム,2026-09-19T09:00,679.37,0.053,0.8,0.8
桐生川ダム,2026-09-19T03:00,243.15,4.008,3.48,3.59
桐生川ダム,2026-09-19T04:00,243.15,4.008,3.48,3.59
桐生川ダム,2026-09-19T05:00,243.14,4.005,3.39,3.5
桐生川ダム,2026-09-19T06:00,243.14,4.005,3.39,3.51
桐生川ダム,2026-09-19T07:00,243.14,4.005,3.39,3.51
桐生川ダム,2026-09-19T08:00,243.14,4.005,3.39,3.51
桐生川ダム,2026-09-19T09:00,243.14,4.005,3.39,3.51
道平川ダム,2026-09-19T03:00,459.54,1.761,1.1,1.19
道平川ダム,2026-09-19T04:00,459.54,1.761,1.1,1.19
道平川ダム,2026-09-19T05:00,459.53,1.76,1.07,1.15
道平川ダム,2026-09-19T06:00,459.53,1.76,1.07,1.15
道平川ダム,2026-09-19T07:00,459.53,1.76,1.07,1.15
道平川ダム,2026-09-19T08:00,459.52,1.758,1.04,1.12
道平川ダム,2026-09-19T09:00,459.52,1.758,1.04,1.12
霧積ダム,2026-09-19T03:00,599.81,0.683,3.06,3.15
霧積ダム,2026-09-19T04:00,599.81,0.683,3.06,3.14
霧積ダム,2026-09-19T05:00,599.8,0.682,3.02,3.08
霧積ダム,2026-09-19T06:00,599.8,0.682,3.02,3.08
霧積ダム,2026-09-19T07:00,599.79,0.681,2.96,3.02
霧積ダム,2026-09-19T08:00,599.79,0.681,2.96,3.02
霧積ダム,2026-09-19T09:00,599.79,0.681,2.96,3.03
四万川ダム,2026-09-19T10:00,729.23,1.342,3.07,3.27
四万川ダム,2026-09-19T11:00,729.23,1.342,3.07,3.27
四万川ダム,2026-09-19T12:00,729.22,1.341,3.04,3.25
四万川ダム,2026-09-19T13:00,729.21,1.34,3.03,3.24
四万川ダム,2026-09-19T14:00,729.21,1.34,3.03,3.22
四万川ダム,2026-09-19T15:00,729.2,1.338,3.02,3.23
四万川ダム,2026-09-19T16:00,729.19,1.337,3.01,3.21
四万川ダム,2026-09-19T17:00,729.19,1.337,3.01,3.2
四万川ダム,2026-09-19T18:00,729.18,1.336,2.99,3.2
四万川ダム,2026-09-19T19:00,729.18,1.336,2.99,3.18
四万川ダム,2026-09-19T20:00,729.17,1.335,2.98,3.18
坂本ダム,2026-09-19T10:00,520.64,0.508,2.21,2.21
坂本ダム,2026-09-19T11:00,520.64,0.508,2.21,2.21
坂本ダム,2026-09-19T12:00,520.63,0.508,1.85,2.02
坂本ダム,2026-09-19T13:00,520.63,0.508,2.0,2.0
坂本ダム,2026-09-19T14:00,520.63,0.508,2.0,2.0
坂本ダム,2026-09-19T15:00,520.63,0.508,2.0,2.0
坂本ダム,2026-09-19T16:00,520.63,0.508,2.0,2.0
坂本ダム,2026-09-19T17:00,520.63,0.508,2.0,2.0
坂本ダム,2026-09-19T18:00,520.63,0.508,2.0,2.0
坂本ダム,2026-09-19T19:00,520.63,0.508,2.0,2.0
坂本ダム,2026-09-19T20:00,520.63,0.508,2.0,2.0
塩沢ダム,2026-09-19T10:00,528.71,0.054,0.69,0.67
塩沢ダム,2026-09-19T11:00,528.7,0.054,0.66,0.64
塩沢ダム,2026-09-19T12:00,528.7,0.054,0.66,0.64
塩沢ダム,2026-09-19T13:00,528.7,0.054,0.66,0.64
塩沢ダム,2026-09-19T14:00,528.7,0.054,0.66,0.64
塩沢ダム,2026-09-19T15:00,528.7,0.054,0.66,0.64
塩沢ダム,2026-09-19T16:00,528.7,0.054,0.66,0.64
塩沢ダム,2026-09-19T17:00,528.7,0.054,0.66,0.64
塩沢ダム,2026-09-19T18:00,528.69,0.054,0.63,0.61
塩沢ダム,2026-09-19T19:00,528.69,0.054,0.63,0.61
塩沢ダム,2026-09-19T20:00,528.69,0.054,0.63,0.61
大仁田ダム,2026-09-19T10:00,679.37,0.053,0.8,0.8
大仁田ダム,2026-09-19T11:00,679.37,0.053,0.8,0.8
大仁田ダム,2026-09-19T12:00,679.36,0.053,0.73,0.77
大仁田ダム,2026-09-19T13:00,679.36,0.053,0.77,0.77
大仁田ダム,2026-09-19T14:00,679.36,0.053,0.77,0.77
大仁田ダム,2026-09-19T15:00,679.36,0.053,0.77,0.77
大仁田ダム,2026-09-19T16:00,679.36,0.053,0.77,0.77
大仁田ダム,2026-09-19T17:00,679.36,0.053,0.77,0.77
大仁田ダム,2026-09-19T18:00,679.36,0.053,0.77,0.77
大仁田ダム,2026-09-19T19:00,679.35,0.053,0.71,0.74
大仁田ダム,2026-09-19T20:00,679.35,0.053,0.74,0.74
桐生川ダム,2026-09-19T10:00,243.13,4.001,3.29,3.44
桐生川ダム,2026-09-19T11:00,243.13,4.001,3.29,3.43
桐生川ダム,2026-09-19T12:00,243.13,4.001,3.29,3.42
桐生川ダム,2026-09-19T13:00,243.13,4.001,3.29,3.43
桐生川ダム,2026-09-19T14:00,243.12,3.998,3.22,3.35
桐生川ダム,2026-09-19T15:00,243.12,3.998,3.22,3.36
桐生川ダム,2026-09-19T16:00,243.12,3.998,3.22,3.37
桐生川ダム,2026-09-19T17:00,243.12,3.998,3.22,3.36
桐生川ダム,2026-09-19T18:00,243.12,3.998,3.22,3.36
桐生川ダム,2026-09-19T19:00,243.11,3.994,3.17,3.28
桐生川ダム,2026-09-19T20:00,243.11,3.994,3.17,3.28
道平川ダム,2026-09-19T10:00,459.52,1.758,1.04,1.12
道平川ダム,2026-09-19T11:00,459.51,1.757,1.02,1.09
道平川ダム,2026-09-19T12:00,459.51,1.757,1.02,1.09
道平川ダム,2026-09-19T13:00,459.51,1.757,1.02,1.09
道平川ダム,2026-09-19T14:00,459.5,1.756,1.0,1.06
道平川ダム,2026-09-19T15:00,459.5,1.756,1.0,1.06
道平川ダム,2026-09-19T16:00,459.5,1.756,1.0,1.06
道平川ダム,2026-09-19T17:00,459.5,1.756,1.0,1.06
道平川ダム,2026-09-19T18:00,459.49,1.755,0.98,1.03
道平川ダム,2026-09-19T19:00,459.49,1.755,0.98,1.03
道平川ダム,2026-09-19T20:00,459.49,1.755,0.98,1.03
霧積ダム,2026-09-19T10:00,599.78,0.68,2.91,2.96
霧積ダム,2026-09-19T11:00,599.78,0.68,2.91,2.97
霧積ダム,2026-09-19T12:00,599.77,0.679,2.85,2.91
霧積ダム,2026-09-19T13:00,599.77,0.679,2.85,2.9
霧積ダム,2026-09-19T14:00,599.77,0.679,2.85,2.9
霧積ダム,2026-09-19T15:00,599.76,0.678,2.79,2.85
霧積ダム,2026-09-19T16:00,599.76,0.678,2.79,2.86
霧積ダム,2026-09-19T17:00,599.75,0.677,2.74,2.79
霧積ダム,2026-09-19T18:00,599.75,0.677,2.74,2.79
霧積ダム,2026-09-19T19:00,599.75,0.677,2.74,2.79
霧積ダム,2026-09-19T20:00,599.74,0.676,2.69,2.73
四万川ダム,2026-09-19T21:00,729.16,1.333,2.96,3.12
四万川ダム,2026-09-19T22:00,729.16,1.333,2.96,3.16
四万川ダム,2026-09-19T23:00,729.15,1.332,2.95,3.14
四万川ダム,2026-09-20T00:00,729.15,1.332,2.95,3.12
四万川ダム,2026-09-20T01:00,729.14,1.331,2.93,3.09
四万川ダム,2026-09-20T02:00,729.14,1.331,2.93,3.11
坂本ダム,2026-09-19T21:00,520.63,0.508,2.0,2.0
坂本ダム,2026-09-19T22:00,520.63,0.508,2.0,2.0
坂本ダム,2026-09-19T23:00,520.63,0.508,2.0,2.0
坂本ダム,2026-09-20T00:00,520.63,0.508,2.0,2.0
坂本ダム,2026-09-20T01:00,520.63,0.508,2.0,2.0
坂本ダム,2026-09-20T02:00,520.63,0.508,2.0,2.0
塩沢ダム,2026-09-19T21:00,528.69,0.054,0.63,0.61
塩沢ダム,2026-09-19T22:00,528.69,0.054,0.63,0.61
塩沢ダム,2026-09-19T23:00,528.69,0.054,0.63,0.61
塩沢ダム,2026-09-20T00:00,528.69,0.054,0.63,0.61
塩沢ダム,2026-09-20T01:00,528.69,0.054,0.63,0.61
塩沢ダム,2026-09-20T02:00,528.7,0.054,0.63,0.64
大仁田ダム,2026-09-19T21:00,679.35,0.053,0.74,0.74
大仁田ダム,2026-09-19T22:00,679.35,0.053,0.74,0.74
大仁田ダム,2026-09-19T23:00,679.35,0.053,0.74,0.74
大仁田ダム,2026-09-20T00:00,679.35,0.053,0.74,0.74
大仁田ダム,2026-09-20T01:00,679.35,0.053,0.74,0.74
大仁田ダム,2026-09-20T02:00,679.35,0.053,0.74,0.74
桐生川ダム,2026-09-19T21:00,243.11,3.994,3.17,3.28
桐生川ダム,2026-09-19T22:00,243.11,3.994,3.17,3.28
桐生川ダム,2026-09-19T23:00,243.11,3.994,3.17,3.28
桐生川ダム,2026-09-20T00:00,243.1,3.99,3.07,3.2
桐生川ダム,2026-09-20T01:00,243.1,3.99,3.07,3.2
桐生川ダム,2026-09-20T02:00,243.1,3.99,3.07,3.19
道平川ダム,2026-09-19T21:00,459.49,1.755,0.98,1.03
道平川ダム,2026-09-19T22:00,459.48,1.754,0.96,1.0
道平川ダム,2026-09-19T23:00,459.48,1.754,0.96,1.0
道平川ダム,2026-09-20T00:00,459.48,1.754,0.96,1.0
道平川ダム,2026-09-20T01:00,459.48,1.754,0.96,1.0
道平川ダム,2026-09-20T02:00,459.48,1.754,0.96,1.0
霧積ダム,2026-09-19T21:00,599.74,0.676,2.69,2.73
霧積ダム,2026-09-19T22:00,599.74,0.676,2.69,2.73
霧積ダム,2026-09-19T23:00,599.74,0.676,2.73,2.74
霧積ダム,2026-09-20T00:00,599.73,0.675,2.65,2.66
霧積ダム,2026-09-20T01:00,599.73,0.675,2.65,2.67
霧積ダム,2026-09-20T02:00,599.73,0.675,2.65,2.67
四万川ダム,2026-09-20T03:00,729.14,1.331,2.93,3.11
四万川ダム,2026-09-20T04:00,729.13,1.33,2.98,3.07
四万川ダム,2026-09-20T05:00,729.13,1.33,2.98,3.07
四万川ダム,2026-09-20T06:00,729.12,1.328,2.95,3.04
四万川ダム,2026-09-20T07:00,729.12,1.328,2.95,3.05
四万川ダム,2026-09-20T08:00,729.11,1.327,2.87,3.03
四万川ダム,2026-09-20T09:00,729.11,1.327,2.87,3.02
坂本ダム,2026-09-20T03:00,520.63,0.508,2.0,2.0
坂本ダム,2026-09-20T04:00,520.63,0.508,2.0,2.0
坂本ダム,2026-09-20T05:00,520.63,0.508,2.0,2.0
坂本ダム,2026-09-20T06:00,520.62,0.507,1.62,1.79
坂本ダム,2026-09-20T07:00,520.62,0.507,1.79,1.79
坂本ダム,2026-09-20T08:00,520.62,0.507,1.79,1.79
坂本ダム,2026-09-20T09:00,520.62,0.507,1.79,1.79
塩沢ダム,2026-09-20T03:00,528.7,0.054,0.63,0.64
塩沢ダム,2026-09-20T04:00,528.69,0.054,0.63,0.61
塩沢ダム,2026-09-20T05:00,528.69,0.054,0.63,0.61
塩沢ダム,2026-09-20T06:00,528.69,0.054,0.63,0.61
塩沢ダム,2026-09-20T07:00,528.69,0.054,0.63,0.61
塩沢ダム,2026-09-20T08:00,528.69,0.054,0.63,0.61
塩沢ダム,2026-09-20T09:00,528.68,0.054,0.61,0.59
大仁田ダム,2026-09-20T03:00,679.35,0.053,0.74,0.74
大仁田ダム,2026-09-20T04:00,679.35,0.053,0.74,0.74
大仁田ダム,2026-09-20T05:00,679.35,0.053,0.74,0.74
大仁田ダム,2026-09-20T06:00,679.35,0.053,0.74,0.74
大仁田ダム,2026-09-20T07:00,679.34,0.053,0.68,0.71
大仁田ダム,2026-09-20T08:00,679.34,0.053,0.71,0.71
大仁田ダム,2026-09-20T09:00,679.34,0.053,0.71,0.71
桐生川ダム,2026-09-20T03:00,243.1,3.99,3.07,3.18
桐生川ダム,2026-09-20T04:00,243.1,3.99,3.07,3.2
桐生川ダム,2026-09-20T05:00,243.1,3.99,3.07,3.2
桐生川ダム,2026-09-20T06:00,243.1,3.99,3.07,3.19
桐生川ダム,2026-09-20T07:00,243.09,3.987,3.05,3.12
桐生川ダム,2026-09-20T08:00,243.09,3.987,3.05,3.12
桐生川ダム,2026-09-20T09:00,243.09,3.987,3.05,3.12
道平川ダム,2026-09-20T03:00,459.47,1.753,0.94,0.97
道平川ダム,2026-09-20T04:00,459.47,1.753,0.94,0.97
道平川ダム,2026-09-20T05:00,459.47,1.753,0.94,0.97
道平川ダム,2026-09-20T06:00,459.47,1.753,0.94,0.97
道平川ダム,2026-09-20T07:00,459.47,1.753,0.94,0.97
道平川ダム,2026-09-20T08:00,459.47,1.753,0.94,0.97
道平川ダム,2026-09-20T09:00,459.46,1.752,0.92,0.94
霧積ダム,2026-09-20T03:00,599.73,0.675,2.67,2.67
霧積ダム,2026-09-20T04:00,599.73,0.675,2.67,2.67
霧積ダム,2026-09-20T05:00,599.73,0.675,2.67,2.67
霧積ダム,2026-09-20T06:00,599.72,0.674,2.62,2.61
霧積ダム,2026-09-20T07:00,599.72,0.674,2.62,2.61
霧積ダム,2026-09-20T08:00,599.72,0.674,2.62,2.61
霧積ダム,2026-09-20T09:00,599.71,0.673,2.53,2.55
四万川ダム,2026-09-20T10:00,729.1,1.326,2.85,3.01
四万川ダム,2026-09-20T11:00,729.1,1.326,2.85,3.0
四万川ダム,2026-09-20T12:00,729.1,1.326,2.85,3.02
四万川ダム,2026-09-20T13:00,729.09,1.325,2.88,2.99
四万川ダム,2026-09-20T14:00,729.09,1.325,2.88,2.98
四万川ダム,2026-09-20T15:00,729.08,1.324,2.84,2.98
四万川ダム,2026-09-20T16:00,729.08,1.324,2.84,2.96
四万川ダム,2026-09-20T17:00,729.07,1.322,2.83,2.93
四万川ダム,2026-09-20T18:00,729.07,1.322,2.83,2.95
四万川ダム,2026-09-20T19:00,729.07,1.322,2.83,2.96
四万川ダム,2026-09-20T20:00,729.07,1.322,2.83,2.96
坂本ダム,2026-09-20T10:00,520.62,0.507,1.79,1.79
坂本ダム,2026-09-20T11:00,520.62,0.507,1.79,1.79
坂本ダム,2026-09-20T12:00,520.62,0.507,1.79,1.79
坂本ダム,2026-09-20T13:00,520.63,0.508,2.14,1.97
坂本ダム,2026-09-20T14:00,520.63,0.508,2.0,2.0
坂本ダム,2026-09-20T15:00,520.63,0.508,2.0,2.0
坂本ダム,2026-09-20T16:00,520.63,0.508,2.0,2.0
坂本ダム,2026-09-20T17:00,520.63,0.508,2.0,2.0
坂本ダム,2026-09-20T18:00,520.63,0.508,2.0,2.0
坂本ダム,2026-09-20T19:00,520.63,0.508,2.0,2.0
坂本ダム,2026-09-20T20:00,520.63,0.508,2.0,2.0
塩沢ダム,2026-09-20T10:00,528.69,0.054,0.61,0.61
塩沢ダム,2026-09-20T11:00,528.69,0.054,0.61,0.61
塩沢ダム,2026-09-20T12:00,528.7,0.054,0.63,0.64
塩沢ダム,2026-09-20T13:00,528.7,0.054,0.63,0.64
塩沢ダム,2026-09-20T14:00,528.7,0.054,0.63,0.64
塩沢ダム,2026-09-20T15:00,528.7,0.054,0.63,0.64
塩沢ダム,2026-09-20T16:00,528.7,0.054,0.63,0.64
塩沢ダム,2026-09-20T17:00,528.7,0.054,0.63,0.64
塩沢ダム,2026-09-20T18:00,528.69,0.054,0.63,0.61
塩沢ダム,2026-09-20T19:00,528.69,0.054,0.63,0.61
塩沢ダム,2026-09-20T20:00,528.7,0.054,0.63,0.64
大仁田ダム,2026-09-20T10:00,679.34,0.053,0.71,0.71
大仁田ダム,2026-09-20T11:00,679.34,0.053,0.71,0.71
大仁田ダム,2026-09-20T12:00,679.34,0.053,0.71,0.71
大仁田ダム,2026-09-20T13:00,679.34,0.053,0.71,0.71
大仁田ダム,2026-09-20T14:00,679.34,0.053,0.71,0.71
大仁田ダム,2026-09-20T15:00,679.34,0.053,0.71,0.71
大仁田ダム,2026-09-20T16:00,679.34,0.053,0.71,0.71
大仁田ダム,2026-09-20T17:00,679.34,0.053,0.71,0.71
大仁田ダム,2026-09-20T18:00,679.34,0.053,0.71,0.71
大仁田ダム,2026-09-20T19:00,679.34,0.053,0.71,0.71
大仁田ダム,2026-09-20T20:00,679.34,0.053,0.71,0.71
桐生川ダム,2026-09-20T10:00,243.09,3.987,3.05,3.13
桐生川ダム,2026-09-20T11:00,243.09,3.987,3.05,3.12
桐生川ダム,2026-09-20T12:00,243.08,3.983,2.92,3.05
桐生川ダム,2026-09-20T13:00,243.08,3.983,2.92,3.05
桐生川ダム,2026-09-20T14:00,243.08,3.983,2.92,3.05
桐生川ダム,2026-09-20T15:00,243.08,3.983,2.92,3.05
桐生川ダム,2026-09-20T16:00,243.08,3.983,2.92,3.04
桐生川ダム,2026-09-20T17:00,243.08,3.983,2.92,3.04
桐生川ダム,2026-09-20T18:00,243.08,3.983,2.92,3.05
桐生川ダム,2026-09-20T19:00,243.08,3.983,2.92,3.05
桐生川ダム,2026-09-20T20:00,243.07,3.98,2.93,2.97
道平川ダム,2026-09-20T10:00,459.46,1.752,0.92,0.94
道平川ダム,2026-09-20T11:00,459.46,1.752,0.92,0.94
道平川ダム,2026-09-20T12:00,459.46,1.752,0.92,0.94
道平川ダム,2026-09-20T13:00,459.46,1.752,0.92,0.94
道平川ダム,2026-09-20T14:00,459.46,1.752,0.92,0.94
道平川ダム,2026-09-20T15:00,459.46,1.752,0.92,0.94
道平川ダム,2026-09-20T16:00,459.46,1.752,0.92,0.94
道平川ダム,2026-09-20T17:00,459.46,1.752,0.92,0.94
道平川ダム,2026-09-20T18:00,459.46,1.752,0.92,0.94
道平川ダム,2026-09-20T19:00,459.45,1.751,0.91,0.91
道平川ダム,2026-09-20T20:00,459.45,1.751,0.91,0.91
霧積ダム,2026-09-20T10:00,599.71,0.673,2.53,2.56
霧積ダム,2026-09-20T11:00,599.71,0.673,2.53,2.56
霧積ダム,2026-09-20T12:00,599.71,0.673,2.56,2.56
霧積ダム,2026-09-20T13:00,599.71,0.673,2.56,2.56
霧積ダム,2026-09-20T14:00,599.72,0.674,2.62,2.61
霧積ダム,2026-09-20T15:00,599.73,0.675,2.88,2.67
霧積ダム,2026-09-20T16:00,599.75,0.677,3.23,2.8
霧積ダム,2026-09-20T17:00,599.78,0.68,3.49,2.96
霧積ダム,2026-09-20T18:00,599.79,0.681,3.51,3.02
霧積ダム,2026-09-20T19:00,599.81,0.683,3.37,3.15
霧積ダム,2026-09-20T20:00,599.81,0.683,3.37,3.14
四万川ダム,2026-09-20T21:00,729.07,1.322,2.83,2.96
四万川ダム,2026-09-20T22:00,729.07,1.322,2.83,2.95
四万川ダム,2026-09-20T23:00,729.06,1.321,2.89,2.91
四万川ダム,2026-09-21T00:00,729.06,1.321,2.89,2.93
四万川ダム,2026-09-21T01:00,729.06,1.321,2.89,2.92
四万川ダム,2026-09-21T02:00,729.06,1.321,2.89,2.93
坂本ダム,2026-09-20T21:00,520.63,0.508,2.0,2.0
坂本ダム,2026-09-20T22:00,520.63,0.508,2.0,2.0
坂本ダム,2026-09-20T23:00,520.64,0.508,2.33,2.16
坂本ダム,2026-09-21T00:00,520.64,0.508,2.21,2.21
坂本ダム,2026-09-21T01:00,520.65,0.509,2.43,2.26
坂本ダム,2026-09-21T02:00,520.66,0.51,2.66,2.49
塩沢ダム,2026-09-20T21:00,528.71,0.054,0.64,0.67
塩沢ダム,2026-09-20T22:00,528.72,0.054,0.71,0.7
塩沢ダム,2026-09-20T23:00,528.73,0.054,0.75,0.74
塩沢ダム,2026-09-21T00:00,528.75,0.055,0.82,0.8
塩沢ダム,2026-09-21T01:00,528.76,0.055,0.86,0.83
塩沢ダム,2026-09-21T02:00,528.79,0.055,0.99,0.93
大仁田ダム,2026-09-20T21:00,679.34,0.053,0.71,0.71
大仁田ダム,2026-09-20T22:00,679.34,0.053,0.71,0.71
大仁田ダム,2026-09-20T23:00,679.34,0.053,0.71,0.71
大仁田ダム,2026-09-21T00:00,679.34,0.053,0.71,0.71
大仁田ダム,2026-09-21T01:00,679.35,0.053,0.78,0.74
大仁田ダム,2026-09-21T02:00,679.35,0.053,0.74,0.74
桐生川ダム,2026-09-20T21:00,243.07,3.98,2.93,2.99
桐生川ダム,2026-09-20T22:00,243.07,3.98,2.93,2.99
桐生川ダム,2026-09-20T23:00,243.07,3.98,2.93,2.99
桐生川ダム,2026-09-21T00:00,243.08,3.983,2.93,3.05
桐生川ダム,2026-09-21T01:00,243.08,3.983,2.93,3.05
桐生川ダム,2026-09-21T02:00,243.09,3.987,3.37,3.12
道平川ダム,2026-09-20T21:00,459.45,1.751,0.91,0.91
道平川ダム,2026-09-20T22:00,459.45,1.751,0.91,0.91
道平川ダム,2026-09-20T23:00,459.45,1.751,0.91,0.91
道平川ダム,2026-09-21T00:00,459.45,1.751,0.91,0.91
道平川ダム,2026-09-21T01:00,459.46,1.752,0.96,0.94
道平川ダム,2026-09-21T02:00,459.46,1.752,0.96,0.94
霧積ダム,2026-09-20T21:00,599.81,0.683,3.37,3.14
霧積ダム,2026-09-20T22:00,599.81,0.683,3.14,3.14
霧積ダム,2026-09-20T23:00,599.81,0.683,3.14,3.14
霧積ダム,2026-09-21T00:00,599.82,0.684,3.2,3.21
霧積ダム,2026-09-21T01:00,599.83,0.685,3.41,3.25
霧積ダム,2026-09-21T02:00,599.85,0.687,3.86,3.37
四万川ダム,2026-09-21T03:00,729.08,1.324,3.08,2.96
四万川ダム,2026-09-21T04:00,729.09,1.325,3.53,3.0
四万川ダム,2026-09-21T05:00,729.1,1.326,3.5,3.02
四万川ダム,2026-09-21T06:00,729.11,1.327,3.36,3.02
四万川ダム,2026-09-21T07:00,729.11,1.327,3.36,3.04
四万川ダム,2026-09-21T08:00,729.11,1.327,3.36,3.04
四万川ダム,2026-09-21T09:00,729.11,1.327,3.36,3.04
坂本ダム,2026-09-21T03:00,520.67,0.51,2.9,2.73
坂本ダム,2026-09-21T04:00,520.67,0.51,2.89,2.89
坂本ダム,2026-09-21T05:00,520.66,0.51,2.52,2.69
坂本ダム,2026-09-21T06:00,520.65,0.509,2.44,2.61
坂本ダム,2026-09-21T07:00,520.65,0.509,2.44,2.44
坂本ダム,2026-09-21T08:00,520.65,0.509,2.44,2.44
坂本ダム,2026-09-21T09:00,520.65,0.509,2.44,2.44
塩沢ダム,2026-09-21T03:00,528.81,0.055,1.04,1.0
塩沢ダム,2026-09-21T04:00,528.82,0.056,1.05,1.03
塩沢ダム,2026-09-21T05:00,528.82,0.056,1.05,1.03
塩沢ダム,2026-09-21T06:00,528.82,0.056,1.05,1.03
塩沢ダム,2026-09-21T07:00,528.81,0.055,1.05,1.0
塩沢ダム,2026-09-21T08:00,528.81,0.055,1.05,1.0
塩沢ダム,2026-09-21T09:00,528.81,0.055,1.05,1.0
大仁田ダム,2026-09-21T03:00,679.35,0.053,0.74,0.74
大仁田ダム,2026-09-21T04:00,679.35,0.053,0.74,0.74
大仁田ダム,2026-09-21T05:00,679.35,0.053,0.74,0.74
大仁田ダム,2026-09-21T06:00,679.35,0.053,0.74,0.74
大仁田ダム,2026-09-21T07:00,679.35,0.053,0.74,0.74
大仁田ダム,2026-09-21T08:00,679.35,0.053,0.74,0.74
大仁田ダム,2026-09-21T09:00,679.35,0.053,0.74,0.74
桐生川ダム,2026-09-21T03:00,243.09,3.987,3.37,3.12
桐生川ダム,2026-09-21T04:00,243.1,3.99,3.61,3.2
桐生川ダム,2026-09-21T05:00,243.1,3.99,3.61,3.2
桐生川ダム,2026-09-21T06:00,243.11,3.994,3.67,3.28
桐生川ダム,2026-09-21T07:00,243.11,3.994,3.67,3.29
桐生川ダム,2026-09-21T08:00,243.11,3.994,3.67,3.27
桐生川ダム,2026-09-21T09:00,243.11,3.994,3.67,3.28
道平川ダム,2026-09-21T03:00,459.47,1.753,1.09,0.97
道平川ダム,2026-09-21T04:00,459.47,1.753,1.09,0.97
道平川ダム,2026-09-21T05:00,459.48,1.754,1.09,1.0
道平川ダム,2026-09-21T06:00,459.48,1.754,1.09,1.0
道平川ダム,2026-09-21T07:00,459.48,1.754,1.09,1.0
道平川ダム,2026-09-21T08:00,459.49,1.755,1.11,1.03
道平川ダム,2026-09-21T09:00,459.49,1.755,1.11,1.03
霧積ダム,2026-09-21T03:00,599.88,0.689,4.45,3.54
霧積ダム,2026-09-21T04:00,599.9,0.691,4.35,3.66
霧積ダム,2026-09-21T05:00,599.91,0.692,4.21,3.72
霧積ダム,2026-09-21T06:00,599.92,0.693,3.96,3.78
霧積ダム,2026-09-21T07:00,599.91,0.692,3.55,3.71
霧積ダム,2026-09-21T08:00,599.91,0.692,3.55,3.71
霧積ダム,2026-09-21T09:00,599.91,0.692,3.55,3.72
四万川ダム,2026-09-21T10:00,729.11,1.327,3.36,3.02
四万川ダム,2026-09-21T11:00,729.11,1.327,3.36,3.05
四万川ダム,2026-09-21T12:00,729.11,1.327,3.36,3.03
四万川ダム,2026-09-21T13:00,729.11,1.327,3.36,3.03
四万川ダム,2026-09-21T14:00,729.12,1.328,3.07,3.06
四万川ダム,2026-09-21T15:00,729.12,1.328,3.07,3.07
四万川ダム,2026-09-21T16:00,729.12,1.328,3.07,3.03
四万川ダム,2026-09-21T17:00,729.12,1.328,3.07,3.05
四万川ダム,2026-09-21T18:00,729.11,1.327,3.07,3.04
四万川ダム,2026-09-21T19:00,729.1,1.326,2.93,3.01
四万川ダム,2026-09-21T20:00,729.1,1.326,2.93,3.0
四万川ダム,2026-09-21T21:00,729.09,1.325,2.84,2.99
四万川ダム,2026-09-21T22:00,729.09,1.325,2.84,2.97
坂本ダム,2026-09-21T10:00,520.65,0.509,2.44,2.44
坂本ダム,2026-09-21T11:00,520.65,0.509,2.44,2.44
坂本ダム,2026-09-21T12:00,520.64,0.508,2.24,2.41
坂本ダム,2026-09-21T13:00,520.64,0.508,2.21,2.21
坂本ダム,2026-09-21T14:00,520.64,0.508,2.21,2.21
坂本ダム,2026-09-21T15:00,520.64,0.508,2.21,2.21
坂本ダム,2026-09-21T16:00,520.64,0.508,2.21,2.21
坂本ダム,2026-09-21T17:00,520.64,0.508,2.21,2.21
坂本ダム,2026-09-21T18:00,520.65,0.509,2.47,2.3
坂本ダム,2026-09-21T19:00,520.65,0.509,2.44,2.44
坂本ダム,2026-09-21T20:00,520.65,0.509,2.44,2.44
坂本ダム,2026-09-21T21:00,520.64,0.508,2.25,2.42
坂本ダム,2026-09-21T22:00,520.64,0.508,2.21,2.21
塩沢ダム,2026-09-21T10:00,528.81,0.055,1.05,1.0
塩沢ダム,2026-09-21T11:00,528.81,0.055,1.05,1.0
塩沢ダム,2026-09-21T12:00,528.8,0.055,1.0,0.96
塩沢ダム,2026-09-21T13:00,528.8,0.055,1.0,0.96
塩沢ダム,2026-09-21T14:00,528.8,0.055,1.0,0.96
塩沢ダム,2026-09-21T15:00,528.8,0.055,1.0,0.96
塩沢ダム,2026-09-21T16:00,528.81,0.055,1.0,1.0
塩沢ダム,2026-09-21T17:00,528.83,0.056,1.11,1.07
塩沢ダム,2026-09-21T18:00,528.85,0.056,1.17,1.14
塩沢ダム,2026-09-21T19:00,528.86,0.056,1.18,1.18
塩沢ダム,2026-09-21T20:00,528.86,0.056,1.18,1.18
塩沢ダム,2026-09-21T21:00,528.85,0.056,1.18,1.14
塩沢ダム,2026-09-21T22:00,528.85,0.056,1.18,1.14
大仁田ダム,2026-09-21T10:00,679.35,0.053,0.74,0.74
大仁田ダム,2026-09-21T11:00,679.35,0.053,0.74,0.74
大仁田ダム,2026-09-21T12:00,679.35,0.053,0.74,0.74
大仁田ダム,2026-09-21T13:00,679.35,0.053,0.74,0.74
大仁田ダム,2026-09-21T14:00,679.35,0.053,0.74,0.74
大仁田ダム,2026-09-21T15:00,679.35,0.053,0.74,0.74
大仁田ダム,2026-09-21T16:00,679.36,0.053,0.8,0.77
大仁田ダム,2026-09-21T17:00,679.38,0.054,0.9,0.82
大仁田ダム,2026-09-21T18:00,679.39,0.054,0.89,0.85
大仁田ダム,2026-09-21T19:00,679.4,0.054,0.92,0.88
大仁田ダム,2026-09-21T20:00,679.4,0.054,0.88,0.88
大仁田ダム,2026-09-21T21:00,679.41,0.054,0.95,0.91
大仁田ダム,2026-09-21T22:00,679.41,0.054,0.91,0.91
桐生川ダム,2026-09-21T10:00,243.12,3.998,3.53,3.36
桐生川ダム,2026-09-21T11:00,243.13,4.001,3.97,3.43
桐生川ダム,2026-09-21T12:00,243.14,4.005,4.44,3.5
桐生川ダム,2026-09-21T13:00,243.15,4.008,4.54,3.6
桐生川ダム,2026-09-21T14:00,243.15,4.008,4.54,3.6
桐生川ダム,2026-09-21T15:00,243.16,4.012,4.38,3.69
桐生川ダム,2026-09-21T16:00,243.17,4.015,4.43,3.77
桐生川ダム,2026-09-21T17:00,243.17,4.015,4.43,3.77
桐生川ダム,2026-09-21T18:00,243.18,4.019,4.4,3.85
桐生川ダム,2026-09-21T19:00,243.18,4.019,4.4,3.84
桐生川ダム,2026-09-21T20:00,243.19,4.023,4.23,3.94
桐生川ダム,2026-09-21T21:00,243.19,4.023,4.23,3.93
桐生川ダム,2026-09-21T22:00,243.19,4.023,4.23,3.94
道平川ダム,2026-09-21T10:00,459.49,1.755,1.11,1.03
道平川ダム,2026-09-21T11:00,459.5,1.756,1.13,1.06
道平川ダム,2026-09-21T12:00,459.5,1.756,1.13,1.06
道平川ダム,2026-09-21T13:00,459.5,1.756,1.13,1.06
道平川ダム,2026-09-21T14:00,459.5,1.756,1.13,1.06
道平川ダム,2026-09-21T15:00,459.51,1.757,1.13,1.09
道平川ダム,2026-09-21T16:00,459.51,1.757,1.13,1.09
道平川ダム,2026-09-21T17:00,459.51,1.757,1.13,1.09
道平川ダム,2026-09-21T18:00,459.52,1.758,1.24,1.12
道平川ダム,2026-09-21T19:00,459.53,1.76,1.31,1.15
道平川ダム,2026-09-21T20:00,459.53,1.76,1.31,1.15
道平川ダム,2026-09-21T21:00,459.54,1.761,1.35,1.19
道平川ダム,2026-09-21T22:00,459.55,1.762,1.42,1.22
霧積ダム,2026-09-21T10:00,599.9,0.691,3.62,3.66
霧積ダム,2026-09-21T11:00,599.89,0.69,3.51,3.61
霧積ダム,2026-09-21T12:00,599.89,0.69,3.51,3.6
霧積ダム,2026-09-21T13:00,599.89,0.69,3.51,3.6
霧積ダム,2026-09-21T14:00,599.88,0.689,3.48,3.53
霧積ダム,2026-09-21T15:00,599.87,0.689,3.37,3.48
霧積ダム,2026-09-21T16:00,599.87,0.689,3.37,3.49
霧積ダム,2026-09-21T17:00,599.86,0.688,3.28,3.44
霧積ダム,2026-09-21T18:00,599.87,0.689,3.57,3.48
霧積ダム,2026-09-21T19:00,599.87,0.689,2.12,3.48
霧積ダム,2026-09-21T20:00,599.87,0.689,3.48,3.49
霧積ダム,2026-09-21T21:00,599.86,0.688,3.48,3.43
霧積ダム,2026-09-21T22:00,599.85,0.687,3.3,3.37
四万川ダム,2026-09-21T23:00,729.09,1.325,2.84,2.97
四万川ダム,2026-09-22T00:00,729.09,1.325,2.84,3.0
四万川ダム,2026-09-22T01:00,729.09,1.325,2.84,2.97
四万川ダム,2026-09-22T02:00,729.09,1.325,2.84,2.98
四万川ダム,2026-09-22T03:00,729.09,1.325,2.84,2.99
四万川ダム,2026-09-22T04:00,729.09,1.325,2.84,2.99
坂本ダム,2026-09-21T23:00,520.64,0.508,2.21,2.21
坂本ダム,2026-09-22T00:00,520.64,0.508,2.21,2.21
坂本ダム,2026-09-22T01:00,520.64,0.508,2.21,2.21
坂本ダム,2026-09-22T02:00,520.64,0.508,2.21,2.21
坂本ダム,2026-09-22T03:00,520.64,0.508,2.21,2.21
坂本ダム,2026-09-22T04:00,520.63,0.508,1.9,2.07
塩沢ダム,2026-09-21T23:00,528.85,0.056,1.18,1.14
塩沢ダム,2026-09-22T00:00,528.84,0.056,1.14,1.1
塩沢ダム,2026-09-22T01:00,528.84,0.056,1.14,1.1
塩沢ダム,2026-09-22T02:00,528.83,0.056,1.08,1.07
塩沢ダム,2026-09-22T03:00,528.83,0.056,1.08,1.07
塩沢ダム,2026-09-22T04:00,528.83,0.056,1.08,1.07
大仁田ダム,2026-09-21T23:00,679.41,0.054,0.91,0.91
大仁田ダム,2026-09-22T00:00,679.41,0.054,0.91,0.91
大仁田ダム,2026-09-22T01:00,679.41,0.054,0.91,0.91
大仁田ダム,2026-09-22T02:00,679.41,0.054,0.91,0.91
大仁田ダム,2026-09-22T03:00,679.41,0.054,0.91,0.91
大仁田ダム,2026-09-22T04:00,679.41,0.054,0.91,0.91
桐生川ダム,2026-09-21T23:00,243.19,4.023,4.23,3.94
桐生川ダム,2026-09-22T00:00,243.19,4.023,4.23,3.92
桐生川ダム,2026-09-22T01:00,243.19,4.023,4.23,3.94
桐生川ダム,2026-09-22T02:00,243.19,4.023,4.23,3.94
桐生川ダム,2026-09-22T03:00,243.19,4.023,4.23,3.94
桐生川ダム,2026-09-22T04:00,243.19,4.023,4.23,3.94
道平川ダム,2026-09-21T23:00,459.55,1.762,1.42,1.22
道平川ダム,2026-09-22T00:00,459.56,1.763,1.43,1.25
道平川ダム,2026-09-22T01:00,459.57,1.764,1.41,1.28
道平川ダム,2026-09-22T02:00,459.57,1.764,1.41,1.28
道平川ダム,2026-09-22T03:00,459.57,1.764,1.41,1.28
道平川ダム,2026-09-22T04:00,459.58,1.765,1.41,1.32
霧積ダム,2026-09-21T23:00,599.85,0.687,3.3,3.37
霧積ダム,2026-09-22T00:00,599.84,0.686,3.2,3.32
霧積ダム,2026-09-22T01:00,599.84,0.686,3.2,3.31
霧積ダム,2026-09-22T02:00,599.83,0.685,3.14,3.26
霧積ダム,2026-09-22T03:00,599.82,0.684,3.07,3.2
霧積ダム,2026-09-22T04:00,599.82,0.684,3.07,3.2
四万川ダム,2026-09-22T05:00,729.09,1.325,2.84,2.98
四万川ダム,2026-09-22T06:00,729.09,1.325,2.84,2.98
四万川ダム,2026-09-22T07:00,729.08,1.324,2.95,2.97
四万川ダム,2026-09-22T08:00,729.08,1.324,2.95,2.95
四万川ダム,2026-09-22T09:00,729.08,1.324,2.95,2.97
四万川ダム,2026-09-22T10:00,729.07,1.322,2.85,2.94
坂本ダム,2026-09-22T05:00,520.63,0.508,2.0,2.0
坂本ダム,2026-09-22T06:00,520.63,0.508,2.0,2.0
坂本ダム,2026-09-22T07:00,520.63,0.508,2.0,2.0
坂本ダム,2026-09-22T08:00,520.63,0.508,2.0,2.0
坂本ダム,2026-09-22T09:00,520.63,0.508,2.0,2.0
坂本ダム,2026-09-22T10:00,520.63,0.508,2.0,2.0
塩沢ダム,2026-09-22T05:00,528.82,0.056,1.06,1.03
塩沢ダム,2026-09-22T06:00,528.82,0.056,1.06,1.03
塩沢ダム,2026-09-22T07:00,528.82,0.056,1.06,1.03
塩沢ダム,2026-09-22T08:00,528.81,0.055,1.02,1.0
塩沢ダム,2026-09-22T09:00,528.81,0.055,1.02,1.0
塩沢ダム,2026-09-22T10:00,528.81,0.055,1.02,1.0
大仁田ダム,2026-09-22T05:00,679.41,0.054,0.91,0.91
大仁田ダム,2026-09-22T06:00,679.41,0.054,0.91,0.91
大仁田ダム,2026-09-22T07:00,679.41,0.054,0.91,0.91
大仁田ダム,2026-09-22T08:00,679.41,0.054,0.91,0.91
大仁田ダム,2026-09-22T09:00,679.4,0.054,0.89,0.88
大仁田ダム,2026-09-22T10:00,679.4,0.054,0.85,0.88
桐生川ダム,2026-09-22T05:00,243.19,4.023,4.23,3.95
桐生川ダム,2026-09-22T06:00,243.19,4.023,4.23,3.94
桐生川ダム,2026-09-22T07:00,243.19,4.023,4.23,3.95
桐生川ダム,2026-09-22T08:00,243.19,4.023,4.23,3.94
桐生川ダム,2026-09-22T09:00,243.19,4.023,4.23,3.94
桐生川ダム,2026-09-22T10:00,243.19,4.023,4.23,3.95
道平川ダム,2026-09-22T05:00,459.58,1.765,1.41,1.32
道平川ダム,2026-09-22T06:00,459.58,1.765,1.41,1.32
道平川ダム,2026-09-22T07:00,459.58,1.765,1.41,1.32
道平川ダム,2026-09-22T08:00,459.58,1.765,1.41,1.32
道平川ダム,2026-09-22T09:00,459.58,1.765,1.41,1.32
道平川ダム,2026-09-22T10:00,459.58,1.765,1.41,1.32
霧積ダム,2026-09-22T05:00,599.81,0.683,3.02,3.13
霧積ダム,2026-09-22T06:00,599.8,0.682,2.98,3.08
霧積ダム,2026-09-22T07:00,599.8,0.682,2.98,3.08
霧積ダム,2026-09-22T08:00,599.79,0.681,2.9,3.02
霧積ダム,2026-09-22T09:00,599.79,0.681,2.9,3.02
霧積ダム,2026-09-22T10:00,599.78,0.68,2.87,2.96
四万川ダム,2026-09-22T11:00,729.07,1.322,2.85,2.94
四万川ダム,2026-09-22T12:00,729.06,1.321,2.8,2.95
四万川ダム,2026-09-22T13:00,729.06,1.321,2.8,2.93
四万川ダム,2026-09-22T14:00,729.05,1.32,2.71,2.92
四万川ダム,2026-09-22T15:00,729.05,1.32,2.71,2.92
四万川ダム,2026-09-22T16:00,729.04,1.319,2.73,2.9
四万川ダム,2026-09-22T17:00,729.03,1.317,2.71,2.87
四万川ダム,2026-09-22T18:00,729.03,1.317,2.71,2.89
四万川ダム,2026-09-22T19:00,729.03,1.317,2.71,2.89
四万川ダム,2026-09-22T20:00,729.02,1.316,2.72,2.85
坂本ダム,2026-09-22T11:00,520.63,0.508,2.0,2.0
坂本ダム,2026-09-22T12:00,520.63,0.508,2.0,2.0
坂本ダム,2026-09-22T13:00,520.62,0.507,1.69,1.86
坂本ダム,2026-09-22T14:00,520.62,0.507,1.79,1.79
坂本ダム,2026-09-22T15:00,520.62,0.507,1.79,1.79
坂本ダム,2026-09-22T16:00,520.62,0.507,1.79,1.79
坂本ダム,2026-09-22T17:00,520.62,0.507,1.79,1.79
坂本ダム,2026-09-22T18:00,520.62,0.507,1.79,1.79
坂本ダム,2026-09-22T19:00,520.62,0.507,1.79,1.79
坂本ダム,2026-09-22T20:00,520.62,0.507,1.79,1.79
塩沢ダム,2026-09-22T11:00,528.8,0.055,0.99,0.96
塩沢ダム,2026-09-22T12:00,528.8,0.055,0.99,0.96
塩沢ダム,2026-09-22T13:00,528.8,0.055,0.99,0.96
塩沢ダム,2026-09-22T14:00,528.79,0.055,0.95,0.93
塩沢ダム,2026-09-22T15:00,528.79,0.055,0.95,0.93
塩沢ダム,2026-09-22T16:00,528.79,0.055,0.95,0.93
塩沢ダム,2026-09-22T17:00,528.78,0.055,0.92,0.9
塩沢ダム,2026-09-22T18:00,528.78,0.055,0.92,0.9
塩沢ダム,2026-09-22T19:00,528.78,0.055,0.92,0.9
塩沢ダム,2026-09-22T20:00,528.78,0.055,0.92,0.9
大仁田ダム,2026-09-22T11:00,679.4,0.054,0.88,0.88
大仁田ダム,2026-09-22T12:00,679.4,0.054,0.88,0.88
大仁田ダム,2026-09-22T13:00,679.4,0.054,0.88,0.88
大仁田ダム,2026-09-22T14:00,679.4,0.054,0.88,0.88
大仁田ダム,2026-09-22T15:00,679.4,0.054,0.88,0.88
大仁田ダム,2026-09-22T16:00,679.39,0.054,0.82,0.85
大仁田ダム,2026-09-22T17:00,679.39,0.054,0.85,0.85
大仁田ダム,2026-09-22T18:00,679.39,0.054,0.85,0.85
大仁田ダム,2026-09-22T19:00,679.39,0.054,0.85,0.85
大仁田ダム,2026-09-22T20:00,679.39,0.054,0.85,0.85
桐生川ダム,2026-09-22T11:00,243.19,4.023,4.23,3.94
桐生川ダム,2026-09-22T12:00,243.19,4.023,4.23,3.93
桐生川ダム,2026-09-22T13:00,243.19,4.023,4.23,3.94
桐生川ダム,2026-09-22T14:00,243.19,4.023,4.23,3.94
桐生川ダム,2026-09-22T15:00,243.19,4.023,4.23,3.95
桐生川ダム,2026-09-22T16:00,243.19,4.023,4.23,3.93
桐生川ダム,2026-09-22T17:00,243.19,4.023,4.23,3.94
桐生川ダム,2026-09-22T18:00,243.19,4.023,4.23,3.94
桐生川ダム,2026-09-22T19:00,243.19,4.023,4.23,3.94
桐生川ダム,2026-09-22T20:00,243.18,4.019,3.85,3.85
道平川ダム,2026-09-22T11:00,459.58,1.765,1.41,1.32
道平川ダム,2026-09-22T12:00,459.58,1.765,1.41,1.32
道平川ダム,2026-09-22T13:00,459.58,1.765,1.41,1.32
道平川ダム,2026-09-22T14:00,459.58,1.765,1.41,1.32
道平川ダム,2026-09-22T15:00,459.57,1.764,1.29,1.28
道平川ダム,2026-09-22T16:00,459.57,1.764,1.29,1.28
道平川ダム,2026-09-22T17:00,459.57,1.764,1.29,1.28
道平川ダム,2026-09-22T18:00,459.56,1.763,1.18,1.25
道平川ダム,2026-09-22T19:00,459.56,1.763,1.18,1.25
道平川ダム,2026-09-22T20:00,459.56,1.763,1.18,1.25
霧積ダム,2026-09-22T11:00,599.77,0.679,2.81,2.9
霧積ダム,2026-09-22T12:00,599.77,0.679,2.81,2.9
霧積ダム,2026-09-22T13:00,599.76,0.678,2.75,2.85
霧積ダム,2026-09-22T14:00,599.76,0.678,2.75,2.85
霧積ダム,2026-09-22T15:00,599.75,0.677,2.71,2.78
霧積ダム,2026-09-22T16:00,599.75,0.677,2.71,2.78
霧積ダム,2026-09-22T17:00,599.74,0.676,2.63,2.72
霧積ダム,2026-09-22T18:00,599.74,0.676,2.63,2.73
霧積ダム,2026-09-22T19:00,599.73,0.675,2.58,2.67
霧積ダム,2026-09-22T20:00,599.73,0.675,2.58,2.66
四万川ダム,2026-09-22T21:00,729.02,1.316,2.72,2.79
四万川ダム,2026-09-22T22:00,729.01,1.315,2.71,2.82
四万川ダム,2026-09-22T23:00,729.01,1.315,2.71,2.86
四万川ダム,2026-09-23T00:00,729.0,1.314,2.68,2.81
四万川ダム,2026-09-23T01:00,729.0,1.314,2.68,2.81
四万川ダム,2026-09-23T02:00,728.99,1.313,2.65,2.79
四万川ダム,2026-09-23T03:00,728.99,1.313,2.65,2.8
坂本ダム,2026-09-22T21:00,520.62,0.507,1.79,1.79
坂本ダム,2026-09-22T22:00,520.62,0.507,1.79,1.79
坂本ダム,2026-09-22T23:00,520.62,0.507,1.79,1.79
坂本ダム,2026-09-23T00:00,520.62,0.507,1.79,1.79
坂本ダム,2026-09-23T01:00,520.62,0.507,1.79,1.79
坂本ダム,2026-09-23T02:00,520.61,0.507,1.54,1.71
坂本ダム,2026-09-23T03:00,520.61,0.507,1.59,1.59
塩沢ダム,2026-09-22T21:00,528.77,0.055,0.89,0.86
塩沢ダム,2026-09-22T22:00,528.77,0.055,0.89,0.86
塩沢ダム,2026-09-22T23:00,528.77,0.055,0.89,0.86
塩沢ダム,2026-09-23T00:00,528.77,0.055,0.89,0.86
塩沢ダム,2026-09-23T01:00,528.76,0.055,0.85,0.83
塩沢ダム,2026-09-23T02:00,528.76,0.055,0.85,0.83
塩沢ダム,2026-09-23T03:00,528.76,0.055,0.85,0.83
大仁田ダム,2026-09-22T21:00,679.39,0.054,0.85,0.85
大仁田ダム,2026-09-22T22:00,679.39,0.054,0.85,0.85
大仁田ダム,2026-09-22T23:00,679.39,0.054,0.85,0.85
大仁田ダム,2026-09-23T00:00,679.38,0.054,0.85,0.82
大仁田ダム,2026-09-23T01:00,679.38,0.054,0.78,0.82
大仁田ダム,2026-09-23T02:00,679.38,0.054,0.82,0.82
大仁田ダム,2026-09-23T03:00,679.38,0.054,0.82,0.82
桐生川ダム,2026-09-22T21:00,243.18,4.019,3.85,3.85
桐生川ダム,2026-09-22T22:00,243.18,4.019,3.86,3.86
桐生川ダム,2026-09-22T23:00,243.18,4.019,3.85,3.85
桐生川ダム,2026-09-23T00:00,243.18,4.019,3.86,3.86
桐生川ダム,2026-09-23T01:00,243.18,4.019,3.86,3.86
桐生川ダム,2026-09-23T02:00,243.17,4.015,3.83,3.78
桐生川ダム,2026-09-23T03:00,243.17,4.015,3.83,3.77
道平川ダム,2026-09-22T21:00,459.55,1.762,1.14,1.22
道平川ダム,2026-09-22T22:00,459.55,1.762,1.14,1.22
道平川ダム,2026-09-22T23:00,459.54,1.761,1.1,1.19
道平川ダム,2026-09-23T00:00,459.54,1.761,1.1,1.19
道平川ダム,2026-09-23T01:00,459.54,1.761,1.1,1.19
道平川ダム,2026-09-23T02:00,459.53,1.76,1.07,1.15
道平川ダム,2026-09-23T03:00,459.53,1.76,1.07,1.15
霧積ダム,2026-09-22T21:00,599.72,0.674,2.55,2.61
霧積ダム,2026-09-22T22:00,599.72,0.674,2.55,2.61
霧積ダム,2026-09-22T23:00,599.72,0.674,2.55,2.61
霧積ダム,2026-09-23T00:00,599.71,0.673,2.5,2.56
霧積ダム,2026-09-23T01:00,599.71,0.673,2.5,2.56
霧積ダム,2026-09-23T02:00,599.7,0.672,2.46,2.5
霧積ダム,2026-09-23T03:00,599.7,0.672,2.46,2.5
四万川ダム,2026-09-23T04:00,728.99,1.313,2.65,2.8
四万川ダム,2026-09-23T05:00,728.98,1.311,2.64,2.76
四万川ダム,2026-09-23T06:00,728.98,1.311,2.64,2.75
四万川ダム,2026-09-23T07:00,728.98,1.311,2.64,2.75
四万川ダム,2026-09-23T08:00,728.97,1.31,2.65,2.73
四万川ダム,2026-09-23T09:00,728.97,1.31,2.65,2.74
坂本ダム,2026-09-23T04:00,520.61,0.507,1.59,1.59
坂本ダム,2026-09-23T05:00,520.61,0.507,1.59,1.59
坂本ダム,2026-09-23T06:00,520.61,0.507,1.59,1.59
坂本ダム,2026-09-23T07:00,520.61,0.507,1.59,1.59
坂本ダム,2026-09-23T08:00,520.61,0.507,1.59,1.59
坂本ダム,2026-09-23T09:00,520.61,0.507,1.59,1.59
塩沢ダム,2026-09-23T04:00,528.76,0.055,0.85,0.83
塩沢ダム,2026-09-23T05:00,528.76,0.055,0.85,0.83
塩沢ダム,2026-09-23T06:00,528.75,0.055,0.82,0.8
塩沢ダム,2026-09-23T07:00,528.75,0.055,0.82,0.8
塩沢ダム,2026-09-23T08:00,528.75,0.055,0.82,0.8
塩沢ダム,2026-09-23T09:00,528.75,0.055,0.82,0.8
大仁田ダム,2026-09-23T04:00,679.38,0.054,0.82,0.82
大仁田ダム,2026-09-23T05:00,679.38,0.054,0.82,0.82
大仁田ダム,2026-09-23T06:00,679.38,0.054,0.82,0.82
大仁田ダム,2026-09-23T07:00,679.38,0.054,0.82,0.82
大仁田ダム,2026-09-23T08:00,679.37,0.053,0.8,0.8
大仁田ダム,2026-09-23T09:00,679.37,0.053,0.77,0.8
桐生川ダム,2026-09-23T04:00,243.17,4.015,3.83,3.76
桐生川ダム,2026-09-23T05:00,243.17,4.015,3.83,3.77
桐生川ダム,2026-09-23T06:00,243.17,4.015,3.83,3.76
桐生川ダム,2026-09-23T07:00,243.17,4.015,3.83,3.77
桐生川ダム,2026-09-23T08:00,243.16,4.012,3.61,3.68
桐生川ダム,2026-09-23T09:00,243.16,4.012,3.61,3.67
道平川ダム,2026-09-23T04:00,459.52,1.758,1.04,1.12
道平川ダム,2026-09-23T05:00,459.52,1.758,1.04,1.12
道平川ダム,2026-09-23T06:00,459.52,1.758,1.04,1.12
道平川ダム,2026-09-23T07:00,459.52,1.758,1.04,1.12
道平川ダム,2026-09-23T08:00,459.51,1.757,1.03,1.09
道平川ダム,2026-09-23T09:00,459.51,1.757,1.03,1.09
霧積ダム,2026-09-23T04:00,599.7,0.672,2.46,2.49
霧積ダム,2026-09-23T05:00,599.7,0.672,2.5,2.5
霧積ダム,2026-09-23T06:00,599.69,0.671,2.42,2.43
霧積ダム,2026-09-23T07:00,599.69,0.671,2.42,2.44
霧積ダム,2026-09-23T08:00,599.69,0.671,2.42,2.43
霧積ダム,2026-09-23T09:00,599.69,0.671,2.44,2.44
四万川ダム,2026-09-23T10:00,728.97,1.31,2.65,2.75
四万川ダム,2026-09-23T11:00,728.96,1.309,2.62,2.72
四万川ダム,2026-09-23T12:00,728.96,1.309,2.62,2.7
四万川ダム,2026-09-23T13:00,728.96,1.309,2.62,2.73
四万川ダム,2026-09-23T14:00,728.95,1.308,2.59,2.69
四万川ダム,2026-09-23T15:00,728.95,1.308,2.59,2.7
四万川ダム,2026-09-23T16:00,728.95,1.308,2.59,2.71
四万川ダム,2026-09-23T17:00,728.95,1.308,2.59,2.71
四万川ダム,2026-09-23T18:00,728.95,1.308,2.59,2.71
四万川ダム,2026-09-23T19:00,728.95,1.308,2.59,2.71
四万川ダム,2026-09-23T20:00,728.95,1.308,2.59,2.69
四万川ダム,2026-09-23T21:00,728.95,1.308,2.59,2.71
坂本ダム,2026-09-23T10:00,520.61,0.507,1.59,1.59
坂本ダム,2026-09-23T11:00,520.61,0.507,1.59,1.59
坂本ダム,2026-09-23T12:00,520.61,0.507,1.59,1.59
坂本ダム,2026-09-23T13:00,520.61,0.507,1.59,1.59
坂本ダム,2026-09-23T14:00,520.61,0.507,1.59,1.59
坂本ダム,2026-09-23T15:00,520.61,0.507,1.59,1.59
坂本ダム,2026-09-23T16:00,520.61,0.507,1.59,1.59
坂本ダム,2026-09-23T17:00,520.61,0.507,1.59,1.59
坂本ダム,2026-09-23T18:00,520.61,0.507,1.59,1.59
坂本ダム,2026-09-23T19:00,520.61,0.507,1.59,1.59
坂本ダム,2026-09-23T20:00,520.61,0.507,1.59,1.59
坂本ダム,2026-09-23T21:00,520.61,0.507,1.59,1.59
塩沢ダム,2026-09-23T10:00,528.75,0.055,0.82,0.8
塩沢ダム,2026-09-23T11:00,528.74,0.055,0.79,0.77
塩沢ダム,2026-09-23T12:00,528.74,0.055,0.79,0.77
塩沢ダム,2026-09-23T13:00,528.74,0.055,0.79,0.77
塩沢ダム,2026-09-23T14:00,528.74,0.055,0.79,0.77
塩沢ダム,2026-09-23T15:00,528.74,0.055,0.79,0.77
塩沢ダム,2026-09-23T16:00,528.74,0.055,0.79,0.77
塩沢ダム,2026-09-23T17:00,528.74,0.055,0.79,0.77
塩沢ダム,2026-09-23T18:00,528.74,0.055,0.79,0.77
塩沢ダム,2026-09-23T19:00,528.73,0.054,0.77,0.74
塩沢ダム,2026-09-23T20:00,528.73,0.054,0.77,0.74
塩沢ダム,2026-09-23T21:00,528.73,0.054,0.77,0.74
大仁田ダム,2026-09-23T10:00,679.37,0.053,0.8,0.8
大仁田ダム,2026-09-23T11:00,679.37,0.053,0.8,0.8
大仁田ダム,2026-09-23T12:00,679.37,0.053,0.8,0.8
大仁田ダム,2026-09-23T13:00,679.37,0.053,0.8,0.8
大仁田ダム,2026-09-23T14:00,679.37,0.053,0.8,0.8
大仁田ダム,2026-09-23T15:00,679.37,0.053,0.8,0.8
大仁田ダム,2026-09-23T16:00,679.37,0.053,0.8,0.8
大仁田ダム,2026-09-23T17:00,679.37,0.053,0.8,0.8
大仁田ダム,2026-09-23T18:00,679.37,0.053,0.8,0.8
大仁田ダム,2026-09-23T19:00,679.37,0.053,0.8,0.8
大仁田ダム,2026-09-23T20:00,679.37,0.053,0.8,0.8
大仁田ダム,2026-09-23T21:00,679.37,0.053,0.8,0.8
桐生川ダム,2026-09-23T10:00,243.16,4.012,3.61,3.67
桐生川ダム,2026-09-23T11:00,243.16,4.012,3.61,3.68
桐生川ダム,2026-09-23T12:00,243.15,4.008,3.46,3.59
桐生川ダム,2026-09-23T13:00,243.15,4.008,3.46,3.59
桐生川ダム,2026-09-23T14:00,243.15,4.008,3.46,3.6
桐生川ダム,2026-09-23T15:00,243.15,4.008,3.46,3.59
桐生川ダム,2026-09-23T16:00,243.15,4.008,3.46,3.59
桐生川ダム,2026-09-23T17:00,243.15,4.008,3.46,3.59
桐生川ダム,2026-09-23T18:00,243.15,4.008,3.46,3.59
桐生川ダム,2026-09-23T19:00,243.15,4.008,3.46,3.59
桐生川ダム,2026-09-23T20:00,243.15,4.008,3.46,3.6
桐生川ダム,2026-09-23T21:00,243.15,4.008,3.46,3.59
道平川ダム,2026-09-23T10:00,459.51,1.757,1.03,1.09
道平川ダム,2026-09-23T11:00,459.5,1.756,1.0,1.06
道平川ダム,2026-09-23T12:00,459.5,1.756,1.0,1.06
道平川ダム,2026-09-23T13:00,459.5,1.756,1.0,1.06
道平川ダム,2026-09-23T14:00,459.5,1.756,1.0,1.06
道平川ダム,2026-09-23T15:00,459.49,1.755,0.98,1.03
道平川ダム,2026-09-23T16:00,459.49,1.755,0.98,1.03
道平川ダム,2026-09-23T17:00,459.49,1.755,0.98,1.03
道平川ダム,2026-09-23T18:00,459.49,1.755,0.98,1.03
道平川ダム,2026-09-23T19:00,459.49,1.755,0.98,1.03
道平川ダム,2026-09-23T20:00,459.49,1.755,0.98,1.03
道平川ダム,2026-09-23T21:00,459.49,1.755,0.98,1.03
霧積ダム,2026-09-23T10:00,599.69,0.671,2.44,2.44
霧積ダム,2026-09-23T11:00,599.68,0.67,2.39,2.37
霧積ダム,2026-09-23T12:00,599.68,0.67,2.39,2.37
霧積ダム,2026-09-23T13:00,599.68,0.67,2.39,2.38
霧積ダム,2026-09-23T14:00,599.68,0.67,2.38,2.38
霧積ダム,2026-09-23T15:00,599.68,0.67,2.38,2.38
霧積ダム,2026-09-23T16:00,599.68,0.67,2.38,2.38
霧積ダム,2026-09-23T17:00,599.68,0.67,2.38,2.38
霧積ダム,2026-09-23T18:00,599.68,0.67,2.38,2.37
霧積ダム,2026-09-23T19:00,599.68,0.67,2.38,2.38
霧積ダム,2026-09-23T20:00,599.68,0.67,2.38,2.37
霧積ダム,2026-09-23T21:00,599.67,0.669,2.35,2.31
四万川ダム,2026-09-23T22:00,728.95,1.308,2.59,2.7
四万川ダム,2026-09-23T23:00,728.95,1.308,2.59,2.69
四万川ダム,2026-09-24T00:00,728.95,1.308,2.59,2.68
四万川ダム,2026-09-24T01:00,728.95,1.308,2.59,2.68
四万川ダム,2026-09-24T02:00,728.95,1.308,2.59,2.71
四万川ダム,2026-09-24T03:00,728.94,1.306,2.67,2.66
坂本ダム,2026-09-23T22:00,520.61,0.507,1.59,1.59
坂本ダム,2026-09-23T23:00,520.61,0.507,1.59,1.59
坂本ダム,2026-09-24T00:00,520.61,0.507,1.59,1.59
坂本ダム,2026-09-24T01:00,520.61,0.507,1.59,1.59
坂本ダム,2026-09-24T02:00,520.61,0.507,1.59,1.59
坂本ダム,2026-09-24T03:00,520.61,0.507,1.59,1.59
塩沢ダム,2026-09-23T22:00,528.73,0.054,0.77,0.74
塩沢ダム,2026-09-23T23:00,528.73,0.054,0.77,0.74
塩沢ダム,2026-09-24T00:00,528.72,0.054,0.73,0.7
塩沢ダム,2026-09-24T01:00,528.72,0.054,0.73,0.7
塩沢ダム,2026-09-24T02:00,528.72,0.054,0.73,0.7
塩沢ダム,2026-09-24T03:00,528.72,0.054,0.73,0.7
大仁田ダム,2026-09-23T22:00,679.36,0.053,0.77,0.77
大仁田ダム,2026-09-23T23:00,679.36,0.053,0.75,0.77
大仁田ダム,2026-09-24T00:00,679.36,0.053,0.77,0.77
大仁田ダム,2026-09-24T01:00,679.36,0.053,0.77,0.77
大仁田ダム,2026-09-24T02:00,679.36,0.053,0.77,0.77
大仁田ダム,2026-09-24T03:00,679.36,0.053,0.77,0.77
桐生川ダム,2026-09-23T22:00,243.15,4.008,3.46,3.59
桐生川ダム,2026-09-23T23:00,243.15,4.008,3.46,3.59
桐生川ダム,2026-09-24T00:00,243.15,4.008,3.46,3.59
桐生川ダム,2026-09-24T01:00,243.14,4.005,3.51,3.51
桐生川ダム,2026-09-24T02:00,243.14,4.005,3.51,3.5
桐生川ダム,2026-09-24T03:00,243.14,4.005,3.51,3.51
道平川ダム,2026-09-23T22:00,459.48,1.754,0.98,1.0
道平川ダム,2026-09-23T23:00,459.48,1.754,0.98,1.0
道平川ダム,2026-09-24T00:00,459.48,1.754,0.98,1.0
道平川ダム,2026-09-24T01:00,459.48,1.754,0.98,1.0
道平川ダム,2026-09-24T02:00,459.48,1.754,0.98,1.0
道平川ダム,2026-09-24T03:00,459.48,1.754,0.98,1.0
霧積ダム,2026-09-23T22:00,599.67,0.669,2.35,2.32
霧積ダム,2026-09-23T23:00,599.67,0.669,2.35,2.32
霧積ダム,2026-09-24T00:00,599.67,0.669,2.32,2.32
霧積ダム,2026-09-24T01:00,599.67,0.669,2.32,2.32
霧積ダム,2026-09-24T02:00,599.67,0.669,2.32,2.32
霧積ダム,2026-09-24T03:00,599.66,0.668,2.27,2.26
四万川ダム,2026-09-24T04:00,728.94,1.306,2.67,2.67
四万川ダム,2026-09-24T05:00,728.94,1.306,2.67,2.68
四万川ダム,2026-09-24T06:00,728.93,1.305,2.57,2.64
四万川ダム,2026-09-24T07:00,728.93,1.305,2.57,2.66
四万川ダム,2026-09-24T08:00,728.93,1.305,2.57,2.63
四万川ダム,2026-09-24T09:00,728.92,1.304,2.53,2.64
坂本ダム,2026-09-24T04:00,520.61,0.507,1.59,1.59
坂本ダム,2026-09-24T05:00,520.61,0.507,1.59,1.59
坂本ダム,2026-09-24T06:00,520.61,0.507,1.59,1.59
坂本ダム,2026-09-24T07:00,520.61,0.507,1.59,1.59
坂本ダム,2026-09-24T08:00,520.61,0.507,1.59,1.59
坂本ダム,2026-09-24T09:00,520.61,0.507,1.59,1.59
塩沢ダム,2026-09-24T04:00,528.72,0.054,0.73,0.7
塩沢ダム,2026-09-24T05:00,528.72,0.054,0.73,0.7
塩沢ダム,2026-09-24T06:00,528.71,0.054,0.69,0.67
塩沢ダム,2026-09-24T07:00,528.71,0.054,0.69,0.67
塩沢ダム,2026-09-24T08:00,528.71,0.054,0.69,0.67
塩沢ダム,2026-09-24T09:00,528.71,0.054,0.69,0.67
大仁田ダム,2026-09-24T04:00,679.35,0.053,0.72,0.74
大仁田ダム,2026-09-24T05:00,679.35,0.053,0.74,0.74
大仁田ダム,2026-09-24T06:00,679.35,0.053,0.74,0.74
大仁田ダム,2026-09-24T07:00,679.35,0.053,0.74,0.74
大仁田ダム,2026-09-24T08:00,679.35,0.053,0.74,0.74
大仁田ダム,2026-09-24T09:00,679.35,0.053,0.74,0.74
桐生川ダム,2026-09-24T04:00,243.14,4.005,3.51,3.51
桐生川ダム,2026-09-24T05:00,243.14,4.005,3.51,3.51
桐生川ダム,2026-09-24T06:00,243.14,4.005,3.51,3.52
桐生川ダム,2026-09-24T07:00,243.13,4.001,3.35,3.43
桐生川ダム,2026-09-24T08:00,243.13,4.001,3.35,3.43
桐生川ダム,2026-09-24T09:00,243.13,4.001,3.35,3.43
道平川ダム,2026-09-24T04:00,459.47,1.753,0.95,0.97
道平川ダム,2026-09-24T05:00,459.47,1.753,0.95,0.97
道平川ダム,2026-09-24T06:00,459.47,1.753,0.95,0.97
道平川ダム,2026-09-24T07:00,459.47,1.753,0.95,0.97
道平川ダム,2026-09-24T08:00,459.47,1.753,0.95,0.97
道平川ダム,2026-09-24T09:00,459.47,1.753,0.95,0.97
霧積ダム,2026-09-24T04:00,599.66,0.668,2.27,2.25
霧積ダム,2026-09-24T05:00,599.66,0.668,2.27,2.26
霧積ダム,2026-09-24T06:00,599.66,0.668,2.26,2.26
霧積ダム,2026-09-24T07:00,599.65,0.667,2.19,2.2
霧積ダム,2026-09-24T08:00,599.65,0.667,2.19,2.21
霧積ダム,2026-09-24T09:00,599.65,0.667,2.19,2.21
四万川ダム,2026-09-24T10:00,728.92,1.304,2.53,2.65
四万川ダム,2026-09-24T11:00,728.91,1.303,2.48,2.61
四万川ダム,2026-09-24T12:00,728.91,1.303,2.48,2.61
四万川ダム,2026-09-24T13:00,728.91,1.303,2.48,2.63
四万川ダム,2026-09-24T14:00,728.9,1.302,2.47,2.58
四万川ダム,2026-09-24T15:00,728.9,1.302,2.47,2.6
四万川ダム,2026-09-24T16:00,728.89,1.3,2.44,2.57
四万川ダム,2026-09-24T17:00,728.89,1.3,2.44,2.58
四万川ダム,2026-09-24T18:00,728.89,1.3,2.44,2.57
四万川ダム,2026-09-24T19:00,728.88,1.299,2.43,2.55
四万川ダム,2026-09-24T20:00,728.88,1.299,2.43,2.55
四万川ダム,2026-09-24T21:00,728.87,1.298,2.41,2.52
坂本ダム,2026-09-24T10:00,520.61,0.507,1.59,1.59
坂本ダム,2026-09-24T11:00,520.61,0.507,1.59,1.59
坂本ダム,2026-09-24T12:00,520.61,0.507,1.59,1.59
坂本ダム,2026-09-24T13:00,520.61,0.507,1.59,1.59
坂本ダム,2026-09-24T14:00,520.6,0.506,1.26,1.43
坂本ダム,2026-09-24T15:00,520.6,0.506,1.39,1.39
坂本ダム,2026-09-24T16:00,520.6,0.506,1.39,1.39
坂本ダム,2026-09-24T17:00,520.6,0.506,1.39,1.39
坂本ダム,2026-09-24T18:00,520.6,0.506,1.39,1.39
坂本ダム,2026-09-24T19:00,520.6,0.506,1.39,1.39
坂本ダム,2026-09-24T20:00,520.6,0.506,1.39,1.39
坂本ダム,2026-09-24T21:00,520.6,0.506,1.39,1.39
塩沢ダム,2026-09-24T10:00,528.71,0.054,0.69,0.67
塩沢ダム,2026-09-24T11:00,528.71,0.054,0.69,0.67
塩沢ダム,2026-09-24T12:00,528.7,0.054,0.66,0.64
塩沢ダム,2026-09-24T13:00,528.7,0.054,0.66,0.64
塩沢ダム,2026-09-24T14:00,528.7,0.054,0.66,0.64
塩沢ダム,2026-09-24T15:00,528.7,0.054,0.66,0.64
塩沢ダム,2026-09-24T16:00,528.7,0.054,0.66,0.64
塩沢ダム,2026-09-24T17:00,528.69,0.054,0.63,0.61
塩沢ダム,2026-09-24T18:00,528.69,0.054,0.63,0.61
塩沢ダム,2026-09-24T19:00,528.69,0.054,0.63,0.61
塩沢ダム,2026-09-24T20:00,528.69,0.054,0.63,0.61
塩沢ダム,2026-09-24T21:00,528.69,0.054,0.63,0.61
大仁田ダム,2026-09-24T10:00,679.35,0.053,0.74,0.74
大仁田ダム,2026-09-24T11:00,679.34,0.053,0.69,0.71
大仁田ダム,2026-09-24T12:00,679.34,0.053,0.71,0.71
大仁田ダム,2026-09-24T13:00,679.34,0.053,0.71,0.71
大仁田ダム,2026-09-24T14:00,679.34,0.053,0.71,0.71
大仁田ダム,2026-09-24T15:00,679.34,0.053,0.71,0.71
大仁田ダム,2026-09-24T16:00,679.34,0.053,0.71,0.71
大仁田ダム,2026-09-24T17:00,679.34,0.053,0.71,0.71
大仁田ダム,2026-09-24T18:00,679.34,0.053,0.71,0.71
大仁田ダム,2026-09-24T19:00,679.33,0.053,0.66,0.68
大仁田ダム,2026-09-24T20:00,679.33,0.053,0.68,0.68
大仁田ダム,2026-09-24T21:00,679.33,0.053,0.68,0.68
桐生川ダム,2026-09-24T10:00,243.13,4.001,3.35,3.43
桐生川ダム,2026-09-24T11:00,243.12,3.998,3.2,3.36
桐生川ダム,2026-09-24T12:00,243.12,3.998,3.2,3.35
桐生川ダム,2026-09-24T13:00,243.12,3.998,3.2,3.35
桐生川ダム,2026-09-24T14:00,243.12,3.998,3.2,3.36
桐生川ダム,2026-09-24T15:00,243.11,3.994,3.11,3.27
桐生川ダム,2026-09-24T16:00,243.11,3.994,3.11,3.28
桐生川ダム,2026-09-24T17:00,243.11,3.994,3.11,3.27
桐生川ダム,2026-09-24T18:00,243.11,3.994,3.11,3.27
桐生川ダム,2026-09-24T19:00,243.11,3.994,3.11,3.28
桐生川ダム,2026-09-24T20:00,243.1,3.99,3.06,3.19
桐生川ダム,2026-09-24T21:00,243.1,3.99,3.06,3.19
道平川ダム,2026-09-24T10:00,459.47,1.753,0.95,0.97
道平川ダム,2026-09-24T11:00,459.46,1.752,0.92,0.94
道平川ダム,2026-09-24T12:00,459.46,1.752,0.92,0.94
道平川ダム,2026-09-24T13:00,459.46,1.752,0.92,0.94
道平川ダム,2026-09-24T14:00,459.46,1.752,0.92,0.94
道平川ダム,2026-09-24T15:00,459.45,1.751,0.87,0.91
道平川ダム,2026-09-24T16:00,459.45,1.751,0.87,0.91
道平川ダム,2026-09-24T17:00,459.45,1.751,0.87,0.91
道平川ダム,2026-09-24T18:00,459.45,1.751,0.87,0.91
道平川ダム,2026-09-24T19:00,459.45,1.751,0.87,0.91
道平川ダム,2026-09-24T20:00,459.45,1.751,0.87,0.91
道平川ダム,2026-09-24T21:00,459.45,1.751,0.87,0.91
霧積ダム,2026-09-24T10:00,599.65,0.667,2.21,2.21
霧積ダム,2026-09-24T11:00,599.65,0.667,2.21,2.21
霧積ダム,2026-09-24T12:00,599.64,0.666,2.16,2.14
霧積ダム,2026-09-24T13:00,599.64,0.666,2.16,2.15
霧積ダム,2026-09-24T14:00,599.64,0.666,2.16,2.15
霧積ダム,2026-09-24T15:00,599.64,0.666,2.15,2.15
霧積ダム,2026-09-24T16:00,599.63,0.665,2.09,2.09
霧積ダム,2026-09-24T17:00,599.63,0.665,2.09,2.09
霧積ダム,2026-09-24T18:00,599.63,0.665,2.09,2.09
霧積ダム,2026-09-24T19:00,599.63,0.665,2.09,2.09
霧積ダム,2026-09-24T20:00,599.62,0.664,2.03,2.03
霧積ダム,2026-09-24T21:00,599.62,0.664,2.03,2.03
四万川ダム,2026-09-24T22:00,728.87,1.298,2.41,2.54
四万川ダム,2026-09-24T23:00,728.86,1.297,2.39,2.52
四万川ダム,2026-09-25T00:00,728.86,1.297,2.39,2.52
四万川ダム,2026-09-25T01:00,728.86,1.297,2.39,2.54
四万川ダム,2026-09-25T02:00,728.85,1.295,2.38,2.5
四万川ダム,2026-09-25T03:00,728.85,1.295,2.38,2.49
坂本ダム,2026-09-24T22:00,520.6,0.506,1.39,1.39
坂本ダム,2026-09-24T23:00,520.6,0.506,1.39,1.39
坂本ダム,2026-09-25T00:00,520.6,0.506,1.39,1.39
坂本ダム,2026-09-25T01:00,520.6,0.506,1.39,1.39
坂本ダム,2026-09-25T02:00,520.6,0.506,1.39,1.39
坂本ダム,2026-09-25T03:00,520.6,0.506,1.39,1.39
塩沢ダム,2026-09-24T22:00,528.69,0.054,0.63,0.61
塩沢ダム,2026-09-24T23:00,528.69,0.054,0.63,0.61
塩沢ダム,2026-09-25T00:00,528.68,0.054,0.6,0.59
塩沢ダム,2026-09-25T01:00,528.68,0.054,0.6,0.59
塩沢ダム,2026-09-25T02:00,528.68,0.054,0.6,0.59
塩沢ダム,2026-09-25T03:00,528.68,0.054,0.6,0.59
大仁田ダム,2026-09-24T22:00,679.33,0.053,0.68,0.68
大仁田ダム,2026-09-24T23:00,679.33,0.053,0.68,0.68
大仁田ダム,2026-09-25T00:00,679.33,0.053,0.68,0.68
大仁田ダム,2026-09-25T01:00,679.33,0.053,0.68,0.68
大仁田ダム,2026-09-25T02:00,679.33,0.053,0.68,0.68
大仁田ダム,2026-09-25T03:00,679.33,0.053,0.68,0.68
桐生川ダム,2026-09-24T22:00,243.1,3.99,3.06,3.2
桐生川ダム,2026-09-24T23:00,243.1,3.99,3.06,3.2
桐生川ダム,2026-09-25T00:00,243.09,3.987,2.98,3.12
桐生川ダム,2026-09-25T01:00,243.09,3.987,2.98,3.11
桐生川ダム,2026-09-25T02:00,243.09,3.987,2.98,3.11
桐生川ダム,2026-09-25T03:00,243.09,3.987,2.98,3.11
道平川ダム,2026-09-24T22:00,459.45,1.751,0.87,0.91
道平川ダム,2026-09-24T23:00,459.45,1.751,0.87,0.91
道平川ダム,2026-09-25T00:00,459.44,1.749,0.87,0.88
道平川ダム,2026-09-25T01:00,459.44,1.749,0.87,0.88
道平川ダム,2026-09-25T02:00,459.44,1.749,0.87,0.88
道平川ダム,2026-09-25T03:00,459.44,1.749,0.87,0.88
霧積ダム,2026-09-24T22:00,599.62,0.664,2.03,2.03
霧積ダム,2026-09-24T23:00,599.62,0.664,2.03,2.04
霧積ダム,2026-09-25T00:00,599.62,0.664,2.03,2.03
霧積ダム,2026-09-25T01:00,599.61,0.663,1.97,1.96
霧積ダム,2026-09-25T02:00,599.61,0.663,1.97,1.97
霧積ダム,2026-09-25T03:00,599.61,0.663,1.97,1.97
四万川ダム,2026-09-25T04:00,728.84,1.294,2.35,2.49
四万川ダム,2026-09-25T05:00,728.84,1.294,2.35,2.48
四万川ダム,2026-09-25T06:00,728.83,1.293,2.34,2.45
四万川ダム,2026-09-25T07:00,728.83,1.293,2.34,2.45
四万川ダム,2026-09-25T08:00,728.83,1.293,2.34,2.45
四万川ダム,2026-09-25T09:00,728.82,1.292,2.31,2.41
坂本ダム,2026-09-25T04:00,520.6,0.506,1.39,1.39
坂本ダム,2026-09-25T05:00,520.6,0.506,1.39,1.39
坂本ダム,2026-09-25T06:00,520.6,0.506,1.39,1.39
坂本ダム,2026-09-25T07:00,520.6,0.506,1.39,1.39
坂本ダム,2026-09-25T08:00,520.6,0.506,1.39,1.39
坂本ダム,2026-09-25T09:00,520.6,0.506,1.39,1.39
塩沢ダム,2026-09-25T04:00,528.68,0.054,0.6,0.59
塩沢ダム,2026-09-25T05:00,528.68,0.054,0.6,0.59
塩沢ダム,2026-09-25T06:00,528.68,0.054,0.6,0.59
塩沢ダム,2026-09-25T07:00,528.68,0.054,0.6,0.59
塩沢ダム,2026-09-25T08:00,528.68,0.054,0.6,0.59
塩沢ダム,2026-09-25T09:00,528.67,0.054,0.59,0.56
大仁田ダム,2026-09-25T04:00,679.33,0.053,0.68,0.68
大仁田ダム,2026-09-25T05:00,679.33,0.053,0.68,0.68
大仁田ダム,2026-09-25T06:00,679.32,0.053,0.61,0.66
大仁田ダム,2026-09-25T07:00,679.32,0.053,0.66,0.66
大仁田ダム,2026-09-25T08:00,679.32,0.053,0.66,0.66
大仁田ダム,2026-09-25T09:00,679.32,0.053,0.66,0.66
桐生川ダム,2026-09-25T04:00,243.09,3.987,2.98,3.12
桐生川ダム,2026-09-25T05:00,243.09,3.987,2.98,3.11
桐生川ダム,2026-09-25T06:00,243.08,3.983,2.94,3.06
桐生川ダム,2026-09-25T07:00,243.08,3.983,2.94,3.06
桐生川ダム,2026-09-25T08:00,243.08,3.983,2.94,3.05
桐生川ダム,2026-09-25T09:00,243.08,3.983,2.94,3.05
道平川ダム,2026-09-25T04:00,459.44,1.749,0.87,0.88
道平川ダム,2026-09-25T05:00,459.44,1.749,0.87,0.88
道平川ダム,2026-09-25T06:00,459.44,1.749,0.87,0.88
道平川ダム,2026-09-25T07:00,459.44,1.749,0.87,0.88
道平川ダム,2026-09-25T08:00,459.44,1.749,0.87,0.88
道平川ダム,2026-09-25T09:00,459.43,1.748,0.84,0.85
霧積ダム,2026-09-25T04:00,599.61,0.663,1.97,1.97
霧積ダム,2026-09-25T05:00,599.61,0.663,1.97,1.97
霧積ダム,2026-09-25T06:00,599.6,0.663,1.92,1.93
霧積ダム,2026-09-25T07:00,599.6,0.663,1.92,1.92
霧積ダム,2026-09-25T08:00,599.6,0.663,1.92,1.92
霧積ダム,2026-09-25T09:00,599.6,0.663,1.92,1.92
四万川ダム,2026-09-25T10:00,728.82,1.292,2.31,2.42
四万川ダム,2026-09-25T11:00,728.81,1.291,2.27,2.4
四万川ダム,2026-09-25T12:00,728.81,1.291,2.27,2.39
四万川ダム,2026-09-25T13:00,728.8,1.289,2.25,2.39
四万川ダム,2026-09-25T14:00,728.8,1.289,2.25,2.39
四万川ダム,2026-09-25T15:00,728.8,1.289,2.25,2.39
四万川ダム,2026-09-25T16:00,728.79,1.288,2.24,2.36
四万川ダム,2026-09-25T17:00,728.79,1.288,2.24,2.16
四万川ダム,2026-09-25T18:00,728.79,1.288,2.24,2.27
四万川ダム,2026-09-25T19:00,728.79,1.288,2.24,2.27
四万川ダム,2026-09-25T20:00,728.79,1.288,2.24,2.28
四万川ダム,2026-09-25T21:00,728.79,1.288,2.24,2.28
坂本ダム,2026-09-25T10:00,520.6,0.506,1.39,1.39
坂本ダム,2026-09-25T11:00,520.6,0.506,1.39,1.39
坂本ダム,2026-09-25T12:00,520.6,0.506,1.39,1.39
坂本ダム,2026-09-25T13:00,520.6,0.506,1.39,1.39
坂本ダム,2026-09-25T14:00,520.6,0.506,1.39,1.39
坂本ダム,2026-09-25T15:00,520.6,0.506,1.39,1.39
坂本ダム,2026-09-25T16:00,520.6,0.506,1.39,1.39
坂本ダム,2026-09-25T17:00,520.6,0.506,1.39,1.39
坂本ダム,2026-09-25T18:00,520.6,0.506,1.39,1.39
坂本ダム,2026-09-25T19:00,520.59,0.505,1.1,1.27
坂本ダム,2026-09-25T20:00,520.59,0.505,1.22,1.22
坂本ダム,2026-09-25T21:00,520.59,0.505,1.22,1.22
塩沢ダム,2026-09-25T10:00,528.67,0.054,0.59,0.56
塩沢ダム,2026-09-25T11:00,528.67,0.054,0.59,0.56
塩沢ダム,2026-09-25T12:00,528.67,0.054,0.59,0.56
塩沢ダム,2026-09-25T13:00,528.67,0.054,0.59,0.56
塩沢ダム,2026-09-25T14:00,528.67,0.054,0.59,0.56
塩沢ダム,2026-09-25T15:00,528.67,0.054,0.59,0.56
塩沢ダム,2026-09-25T16:00,528.66,0.053,0.55,0.53
塩沢ダム,2026-09-25T17:00,528.66,0.053,0.55,0.53
塩沢ダム,2026-09-25T18:00,528.66,0.053,0.55,0.53
塩沢ダム,2026-09-25T19:00,528.66,0.053,0.55,0.53
塩沢ダム,2026-09-25T20:00,528.66,0.053,0.55,0.53
塩沢ダム,2026-09-25T21:00,528.66,0.053,0.55,0.53
大仁田ダム,2026-09-25T10:00,679.32,0.053,0.66,0.66
大仁田ダム,2026-09-25T11:00,679.32,0.053,0.66,0.66
大仁田ダム,2026-09-25T12:00,679.32,0.053,0.66,0.66
大仁田ダム,2026-09-25T13:00,679.32,0.053,0.66,0.66
大仁田ダム,2026-09-25T14:00,679.32,0.053,0.66,0.66
大仁田ダム,2026-09-25T15:00,679.31,0.052,0.59,0.63
大仁田ダム,2026-09-25T16:00,679.31,0.052,0.63,0.63
大仁田ダム,2026-09-25T17:00,679.31,0.052,0.63,0.63
大仁田ダム,2026-09-25T18:00,679.31,0.052,0.63,0.63
大仁田ダム,2026-09-25T19:00,679.31,0.052,0.63,0.63
大仁田ダム,2026-09-25T20:00,679.31,0.052,0.63,0.63
大仁田ダム,2026-09-25T21:00,679.31,0.052,0.63,0.63
桐生川ダム,2026-09-25T10:00,243.08,3.983,2.94,3.05
桐生川ダム,2026-09-25T11:00,243.07,3.98,2.86,2.99
桐生川ダム,2026-09-25T12:00,243.07,3.98,2.86,2.99
桐生川ダム,2026-09-25T13:00,243.07,3.98,2.86,2.98
桐生川ダム,2026-09-25T14:00,243.07,3.98,2.86,2.99
桐生川ダム,2026-09-25T15:00,243.07,3.98,2.86,2.98
桐生川ダム,2026-09-25T16:00,243.06,3.976,2.77,2.91
桐生川ダム,2026-09-25T17:00,243.06,3.976,2.77,2.92
桐生川ダム,2026-09-25T18:00,243.06,3.976,2.77,2.92
桐生川ダム,2026-09-25T19:00,243.06,3.976,2.77,2.91
桐生川ダム,2026-09-25T20:00,243.06,3.976,2.77,2.91
桐生川ダム,2026-09-25T21:00,243.05,3.973,2.7,2.85
道平川ダム,2026-09-25T10:00,459.43,1.748,0.84,0.85
道平川ダム,2026-09-25T11:00,459.43,1.748,0.84,0.85
道平川ダム,2026-09-25T12:00,459.43,1.748,0.84,0.85
道平川ダム,2026-09-25T13:00,459.43,1.748,0.84,0.85
道平川ダム,2026-09-25T14:00,459.43,1.748,0.84,0.85
道平川ダム,2026-09-25T15:00,459.43,1.748,0.84,0.85
道平川ダム,2026-09-25T16:00,459.43,1.748,0.84,0.85
道平川ダム,2026-09-25T17:00,459.42,1.747,0.81,0.82
道平川ダム,2026-09-25T18:00,459.42,1.747,0.81,0.82
道平川ダム,2026-09-25T19:00,459.42,1.747,0.81,0.82
道平川ダム,2026-09-25T20:00,459.42,1.747,0.81,0.82
道平川ダム,2026-09-25T21:00,459.42,1.747,0.81,0.82
霧積ダム,2026-09-25T10:00,599.6,0.663,1.92,1.92
霧積ダム,2026-09-25T11:00,599.6,0.663,1.92,1.92
霧積ダム,2026-09-25T12:00,599.59,0.662,1.88,1.86
霧積ダム,2026-09-25T13:00,599.59,0.662,1.88,1.86
霧積ダム,2026-09-25T14:00,599.59,0.662,1.88,1.86
霧積ダム,2026-09-25T15:00,599.59,0.662,1.86,1.86
霧積ダム,2026-09-25T16:00,599.59,0.662,1.86,1.85
霧積ダム,2026-09-25T17:00,599.58,0.661,1.81,1.8
霧積ダム,2026-09-25T18:00,599.58,0.661,1.81,1.8
霧積ダム,2026-09-25T19:00,599.58,0.661,1.81,1.8
霧積ダム,2026-09-25T20:00,599.58,0.661,1.8,1.79
霧積ダム,2026-09-25T21:00,599.58,0.661,1.8,1.79
四万川ダム,2026-09-25T22:00,728.79,1.288,2.24,2.27
四万川ダム,2026-09-25T23:00,728.78,1.287,2.23,2.27
四万川ダム,2026-09-26T00:00,728.78,1.287,2.23,2.22
四万川ダム,2026-09-26T01:00,728.78,1.287,2.23,2.27
四万川ダム,2026-09-26T02:00,728.78,1.287,2.23,2.26
四万川ダム,2026-09-26T03:00,728.78,1.287,2.23,2.24
坂本ダム,2026-09-25T22:00,520.59,0.505,1.22,1.22
坂本ダム,2026-09-25T23:00,520.59,0.505,1.22,1.22
坂本ダム,2026-09-26T00:00,520.59,0.505,1.22,1.22
坂本ダム,2026-09-26T01:00,520.6,0.506,1.48,1.31
坂本ダム,2026-09-26T02:00,520.6,0.506,1.39,1.39
坂本ダム,2026-09-26T03:00,520.61,0.507,1.6,1.43
塩沢ダム,2026-09-25T22:00,528.66,0.053,0.55,0.53
塩沢ダム,2026-09-25T23:00,528.66,0.053,0.55,0.53
塩沢ダム,2026-09-26T00:00,528.66,0.053,0.55,0.53
塩沢ダム,2026-09-26T01:00,528.66,0.053,0.55,0.53
塩沢ダム,2026-09-26T02:00,528.66,0.053,0.55,0.53
塩沢ダム,2026-09-26T03:00,528.66,0.053,0.55,0.53
大仁田ダム,2026-09-25T22:00,679.31,0.052,0.63,0.63
大仁田ダム,2026-09-25T23:00,679.31,0.052,0.63,0.63
大仁田ダム,2026-09-26T00:00,679.31,0.052,0.63,0.63
大仁田ダム,2026-09-26T01:00,679.31,0.052,0.63,0.63
大仁田ダム,2026-09-26T02:00,679.31,0.052,0.63,0.63
大仁田ダム,2026-09-26T03:00,679.31,0.052,0.63,0.63
桐生川ダム,2026-09-25T22:00,243.05,3.973,2.7,2.85
桐生川ダム,2026-09-25T23:00,243.05,3.973,2.7,2.84
桐生川ダム,2026-09-26T00:00,243.05,3.973,2.7,2.84
桐生川ダム,2026-09-26T01:00,243.05,3.973,2.7,2.84
桐生川ダム,2026-09-26T02:00,243.05,3.973,2.7,2.85
桐生川ダム,2026-09-26T03:00,243.05,3.973,2.7,2.84
道平川ダム,2026-09-25T22:00,459.42,1.747,0.81,0.82
道平川ダム,2026-09-25T23:00,459.42,1.747,0.81,0.82
道平川ダム,2026-09-26T00:00,459.42,1.747,0.81,0.82
道平川ダム,2026-09-26T01:00,459.42,1.747,0.81,0.82
道平川ダム,2026-09-26T02:00,459.42,1.747,0.81,0.82
道平川ダム,2026-09-26T03:00,459.42,1.747,0.81,0.82
霧積ダム,2026-09-25T22:00,599.58,0.661,1.8,1.8
霧積ダム,2026-09-25T23:00,599.58,0.661,1.8,1.81
霧積ダム,2026-09-26T00:00,599.57,0.66,1.76,1.77
霧積ダム,2026-09-26T01:00,599.57,0.66,1.76,1.78
霧積ダム,2026-09-26T02:00,599.58,0.661,1.88,1.8
霧積ダム,2026-09-26T03:00,599.58,0.661,1.88,1.8
四万川ダム,2026-09-26T04:00,728.79,1.288,2.23,2.28
四万川ダム,2026-09-26T05:00,728.81,1.291,2.73,2.32
四万川ダム,2026-09-26T06:00,728.82,1.292,2.74,2.34
四万川ダム,2026-09-26T07:00,728.83,1.293,2.62,2.36
四万川ダム,2026-09-26T08:00,728.83,1.293,2.62,2.37
四万川ダム,2026-09-26T09:00,728.84,1.294,2.54,2.4
坂本ダム,2026-09-26T04:00,520.61,0.507,1.59,1.59
坂本ダム,2026-09-26T05:00,520.61,0.507,1.59,1.59
坂本ダム,2026-09-26T06:00,520.61,0.507,1.59,1.59
坂本ダム,2026-09-26T07:00,520.61,0.507,1.59,1.59
坂本ダム,2026-09-26T08:00,520.61,0.507,1.59,1.59
坂本ダム,2026-09-26T09:00,520.61,0.507,1.59,1.59
塩沢ダム,2026-09-26T04:00,528.66,0.053,0.55,0.53
塩沢ダム,2026-09-26T05:00,528.66,0.053,0.55,0.53
塩沢ダム,2026-09-26T06:00,528.66,0.053,0.55,0.53
塩沢ダム,2026-09-26T07:00,528.66,0.053,0.55,0.53
塩沢ダム,2026-09-26T08:00,528.65,0.053,0.53,0.51
塩沢ダム,2026-09-26T09:00,528.65,0.053,0.53,0.51
大仁田ダム,2026-09-26T04:00,679.31,0.052,0.63,0.63
大仁田ダム,2026-09-26T05:00,679.31,0.052,0.63,0.63
大仁田ダム,2026-09-26T06:00,679.31,0.052,0.63,0.63
大仁田ダム,2026-09-26T07:00,679.31,0.052,0.63,0.63
大仁田ダム,2026-09-26T08:00,679.31,0.052,0.63,0.63
大仁田ダム,2026-09-26T09:00,679.31,0.052,0.63,0.63
桐生川ダム,2026-09-26T04:00,243.07,3.98,3.11,2.98
桐生川ダム,2026-09-26T05:00,243.09,3.987,5.25,3.12
桐生川ダム,2026-09-26T06:00,243.12,3.998,5.76,3.36
桐生川ダム,2026-09-26T07:00,243.14,4.005,5.18,3.51
桐生川ダム,2026-09-26T08:00,243.15,4.008,4.86,3.59
桐生川ダム,2026-09-26T09:00,243.16,4.012,4.58,3.68
道平川ダム,2026-09-26T04:00,459.42,1.747,0.81,0.82
道平川ダム,2026-09-26T05:00,459.42,1.747,0.82,0.82
道平川ダム,2026-09-26T06:00,459.42,1.747,0.82,0.82
道平川ダム,2026-09-26T07:00,459.42,1.747,0.82,0.82
道平川ダム,2026-09-26T08:00,459.42,1.747,0.82,0.82
道平川ダム,2026-09-26T09:00,459.42,1.747,0.82,0.82
霧積ダム,2026-09-26T04:00,599.59,0.662,1.94,1.86
霧積ダム,2026-09-26T05:00,599.59,0.662,1.94,1.88
霧積ダム,2026-09-26T06:00,599.6,0.663,1.97,1.92
霧積ダム,2026-09-26T07:00,599.6,0.663,1.97,1.92
霧積ダム,2026-09-26T08:00,599.6,0.663,1.97,1.92
霧積ダム,2026-09-26T09:00,599.6,0.663,1.92,1.92
四万川ダム,2026-09-26T10:00,728.84,1.294,2.54,2.36
四万川ダム,2026-09-26T11:00,728.84,1.294,2.54,2.39
四万川ダム,2026-09-26T12:00,728.85,1.295,2.5,2.36
四万川ダム,2026-09-26T13:00,728.85,1.295,2.5,2.41
四万川ダム,2026-09-26T14:00,728.86,1.297,2.58,2.43
四万川ダム,2026-09-26T15:00,728.86,1.297,2.58,2.45
四万川ダム,2026-09-26T16:00,728.87,1.298,2.69,2.44
四万川ダム,2026-09-26T17:00,728.88,1.299,2.72,2.48
四万川ダム,2026-09-26T18:00,728.89,1.3,2.71,2.49
四万川ダム,2026-09-26T19:00,728.89,1.3,2.71,2.5
四万川ダム,2026-09-26T20:00,728.9,1.302,2.7,2.51
坂本ダム,2026-09-26T10:00,520.6,0.506,1.35,1.52
坂本ダム,2026-09-26T11:00,520.6,0.506,1.39,1.39
坂本ダム,2026-09-26T12:00,520.61,0.507,1.7,1.53
坂本ダム,2026-09-26T13:00,520.61,0.507,1.59,1.59
坂本ダム,2026-09-26T14:00,520.61,0.507,1.59,1.59
坂本ダム,2026-09-26T15:00,520.61,0.507,1.59,1.59
坂本ダム,2026-09-26T16:00,520.61,0.507,1.59,1.59
坂本ダム,2026-09-26T17:00,520.61,0.507,1.59,1.59
坂本ダム,2026-09-26T18:00,520.61,0.507,1.59,1.59
坂本ダム,2026-09-26T19:00,520.61,0.507,1.59,1.59
坂本ダム,2026-09-26T20:00,520.61,0.507,1.59,1.59
塩沢ダム,2026-09-26T10:00,528.65,0.053,0.53,0.51
塩沢ダム,2026-09-26T11:00,528.65,0.053,0.53,0.51
塩沢ダム,2026-09-26T12:00,528.66,0.053,0.53,0.53
塩沢ダム,2026-09-26T13:00,528.66,0.053,0.53,0.53
塩沢ダム,2026-09-26T14:00,528.66,0.053,0.53,0.53
塩沢ダム,2026-09-26T15:00,528.67,0.054,0.53,0.56
塩沢ダム,2026-09-26T16:00,528.67,0.054,0.53,0.56
塩沢ダム,2026-09-26T17:00,528.66,0.053,0.53,0.53
塩沢ダム,2026-09-26T18:00,528.66,0.053,0.53,0.53
塩沢ダム,2026-09-26T19:00,528.66,0.053,0.53,0.53
塩沢ダム,2026-09-26T20:00,528.66,0.053,0.53,0.53
大仁田ダム,2026-09-26T10:00,679.31,0.052,0.63,0.63
大仁田ダム,2026-09-26T11:00,679.31,0.052,0.63,0.63
大仁田ダム,2026-09-26T12:00,679.31,0.052,0.63,0.63
大仁田ダム,2026-09-26T13:00,679.31,0.052,0.63,0.63
大仁田ダム,2026-09-26T14:00,679.31,0.052,0.63,0.63
大仁田ダム,2026-09-26T15:00,679.31,0.052,0.63,0.63
大仁田ダム,2026-09-26T16:00,679.31,0.052,0.63,0.63
大仁田ダム,2026-09-26T17:00,679.31,0.052,0.63,0.63
大仁田ダム,2026-09-26T18:00,679.31,0.052,0.63,0.63
大仁田ダム,2026-09-26T19:00,679.31,0.052,0.63,0.63
大仁田ダム,2026-09-26T20:00,679.31,0.052,0.63,0.63
桐生川ダム,2026-09-26T10:00,243.17,4.015,4.41,3.78
桐生川ダム,2026-09-26T11:00,243.17,4.015,4.41,3.77
桐生川ダム,2026-09-26T12:00,243.18,4.019,4.27,3.85
桐生川ダム,2026-09-26T13:00,243.18,4.019,4.27,3.84
桐生川ダム,2026-09-26T14:00,243.18,4.019,4.27,3.85
桐生川ダム,2026-09-26T15:00,243.18,4.019,4.27,3.85
桐生川ダム,2026-09-26T16:00,243.19,4.023,4.1,3.94
桐生川ダム,2026-09-26T17:00,243.19,4.023,4.1,3.93
桐生川ダム,2026-09-26T18:00,243.19,4.023,4.1,3.93
桐生川ダム,2026-09-26T19:00,243.19,4.023,4.1,3.94
桐生川ダム,2026-09-26T20:00,243.19,4.023,4.1,3.94
道平川ダム,2026-09-26T10:00,459.42,1.747,0.82,0.82
道平川ダム,2026-09-26T11:00,459.42,1.747,0.82,0.82
道平川ダム,2026-09-26T12:00,459.42,1.747,0.82,0.82
道平川ダム,2026-09-26T13:00,459.42,1.747,0.82,0.82
道平川ダム,2026-09-26T14:00,459.42,1.747,0.82,0.82
道平川ダム,2026-09-26T15:00,459.42,1.747,0.82,0.82
道平川ダム,2026-09-26T16:00,459.42,1.747,0.82,0.82
道平川ダム,2026-09-26T17:00,459.42,1.747,0.82,0.82
道平川ダム,2026-09-26T18:00,459.42,1.747,0.82,0.82
道平川ダム,2026-09-26T19:00,459.42,1.747,0.82,0.82
道平川ダム,2026-09-26T20:00,459.42,1.747,0.82,0.82
霧積ダム,2026-09-26T10:00,599.6,0.663,1.92,1.92
霧積ダム,2026-09-26T11:00,599.6,0.663,1.92,1.91
霧積ダム,2026-09-26T12:00,599.6,0.663,1.92,1.92
霧積ダム,2026-09-26T13:00,599.61,0.663,1.95,1.97
霧積ダム,2026-09-26T14:00,599.62,0.664,2.12,2.03
霧積ダム,2026-09-26T15:00,599.63,0.665,2.24,2.09
霧積ダム,2026-09-26T16:00,599.63,0.665,2.24,2.09
霧積ダム,2026-09-26T17:00,599.64,0.666,2.29,2.15
霧積ダム,2026-09-26T18:00,599.65,0.667,2.36,2.21
霧積ダム,2026-09-26T19:00,599.66,0.668,2.46,2.26
霧積ダム,2026-09-26T20:00,599.67,0.669,2.45,2.31
四万川ダム,2026-09-26T21:00,728.9,1.302,2.7,2.5
四万川ダム,2026-09-26T22:00,728.91,1.303,2.66,2.53
四万川ダム,2026-09-26T23:00,728.91,1.303,2.66,2.53
四万川ダム,2026-09-27T00:00,728.91,1.303,2.66,2.55
四万川ダム,2026-09-27T01:00,728.91,1.303,2.66,2.54
四万川ダム,2026-09-27T02:00,728.91,1.303,2.66,2.53
坂本ダム,2026-09-26T21:00,520.61,0.507,1.59,1.59
坂本ダム,2026-09-26T22:00,520.61,0.507,1.59,1.59
坂本ダム,2026-09-26T23:00,520.61,0.507,1.59,1.59
坂本ダム,2026-09-27T00:00,520.61,0.507,1.59,1.59
坂本ダム,2026-09-27T01:00,520.61,0.507,1.59,1.59
坂本ダム,2026-09-27T02:00,520.61,0.507,1.59,1.59
塩沢ダム,2026-09-26T21:00,528.66,0.053,0.53,0.53
塩沢ダム,2026-09-26T22:00,528.65,0.053,0.53,0.51
塩沢ダム,2026-09-26T23:00,528.65,0.053,0.53,0.51
塩沢ダム,2026-09-27T00:00,528.65,0.053,0.53,0.51
塩沢ダム,2026-09-27T01:00,528.65,0.053,0.53,0.51
塩沢ダム,2026-09-27T02:00,528.65,0.053,0.53,0.51
大仁田ダム,2026-09-26T21:00,679.31,0.052,0.63,0.63
大仁田ダム,2026-09-26T22:00,679.31,0.052,0.63,0.63
大仁田ダム,2026-09-26T23:00,679.31,0.052,0.63,0.63
大仁田ダム,2026-09-27T00:00,679.3,0.052,0.58,0.6
大仁田ダム,2026-09-27T01:00,679.3,0.052,0.6,0.6
大仁田ダム,2026-09-27T02:00,679.3,0.052,0.6,0.6
桐生川ダム,2026-09-26T21:00,243.19,4.023,4.1,3.94
桐生川ダム,2026-09-26T22:00,243.19,4.023,4.1,3.94
桐生川ダム,2026-09-26T23:00,243.19,4.023,4.1,3.94
桐生川ダム,2026-09-27T00:00,243.19,4.023,4.1,3.94
桐生川ダム,2026-09-27T01:00,243.19,4.023,4.1,3.94
桐生川ダム,2026-09-27T02:00,243.19,4.023,4.1,3.94
道平川ダム,2026-09-26T21:00,459.42,1.747,0.82,0.82
道平川ダム,2026-09-26T22:00,459.42,1.747,0.82,0.82
道平川ダム,2026-09-26T23:00,459.42,1.747,0.82,0.82
道平川ダム,2026-09-27T00:00,459.42,1.747,0.82,0.82
道平川ダム,2026-09-27T01:00,459.42,1.747,0.82,0.82
道平川ダム,2026-09-27T02:00,459.42,1.747,0.82,0.82
霧積ダム,2026-09-26T21:00,599.67,0.669,2.45,2.32
霧積ダム,2026-09-26T22:00,599.67,0.669,2.45,2.31
霧積ダム,2026-09-26T23:00,599.67,0.669,2.32,2.32
霧積ダム,2026-09-27T00:00,599.67,0.669,2.32,2.3
霧積ダム,2026-09-27T01:00,599.67,0.669,2.32,2.31
霧積ダム,2026-09-27T02:00,599.67,0.669,2.32,2.31
四万川ダム,2026-09-27T03:00,728.91,1.303,2.66,2.53
四万川ダム,2026-09-27T04:00,728.91,1.303,2.66,2.54
四万川ダム,2026-09-27T05:00,728.91,1.303,2.66,2.54
四万川ダム,2026-09-27T06:00,728.91,1.303,2.66,2.55
四万川ダム,2026-09-27T07:00,728.9,1.302,2.66,2.52
四万川ダム,2026-09-27T08:00,728.9,1.302,2.66,2.5
四万川ダム,2026-09-27T09:00,728.9,1.302,2.66,2.49
坂本ダム,2026-09-27T03:00,520.61,0.507,1.59,1.59
坂本ダム,2026-09-27T04:00,520.61,0.507,1.59,1.59
坂本ダム,2026-09-27T05:00,520.61,0.507,1.59,1.59
坂本ダム,2026-09-27T06:00,520.61,0.507,1.59,1.59
坂本ダム,2026-09-27T07:00,520.61,0.507,1.59,1.59
坂本ダム,2026-09-27T08:00,520.6,0.506,1.38,1.55
坂本ダム,2026-09-27T09:00,520.6,0.506,1.39,1.39
塩沢ダム,2026-09-27T03:00,528.65,0.053,0.53,0.51
塩沢ダム,2026-09-27T04:00,528.64,0.053,0.5,0.48
塩沢ダム,2026-09-27T05:00,528.64,0.053,0.5,0.48
塩沢ダム,2026-09-27T06:00,528.64,0.053,0.5,0.48
塩沢ダム,2026-09-27T07:00,528.64,0.053,0.5,0.48
塩沢ダム,2026-09-27T08:00,528.64,0.053,0.5,0.48
塩沢ダム,2026-09-27T09:00,528.64,0.053,0.5,0.48
大仁田ダム,2026-09-27T03:00,679.3,0.052,0.6,0.6
大仁田ダム,2026-09-27T04:00,679.3,0.052,0.6,0.6
大仁田ダム,2026-09-27T05:00,679.3,0.052,0.6,0.6
大仁田ダム,2026-09-27T06:00,679.3,0.052,0.6,0.6
大仁田ダム,2026-09-27T07:00,679.3,0.052,0.6,0.6
大仁田ダム,2026-09-27T08:00,679.3,0.052,0.6,0.6
大仁田ダム,2026-09-27T09:00,679.3,0.052,0.6,0.6
桐生川ダム,2026-09-27T03:00,243.19,4.023,4.1,3.93
桐生川ダム,2026-09-27T04:00,243.19,4.023,4.1,3.94
桐生川ダム,2026-09-27T05:00,243.19,4.023,4.1,3.95
桐生川ダム,2026-09-27T06:00,243.19,4.023,4.1,3.94
桐生川ダム,2026-09-27T07:00,243.19,4.023,4.1,3.94
桐生川ダム,2026-09-27T08:00,243.19,4.023,4.1,3.94
桐生川ダム,2026-09-27T09:00,243.19,4.023,4.1,3.94
道平川ダム,2026-09-27T03:00,459.42,1.747,0.82,0.82
道平川ダム,2026-09-27T04:00,459.42,1.747,0.82,0.82
道平川ダム,2026-09-27T05:00,459.42,1.747,0.82,0.82
道平川ダム,2026-09-27T06:00,459.42,1.747,0.82,0.82
道平川ダム,2026-09-27T07:00,459.42,1.747,0.82,0.82
道平川ダム,2026-09-27T08:00,459.42,1.747,0.82,0.82
道平川ダム,2026-09-27T09:00,459.42,1.747,0.82,0.82
霧積ダム,2026-09-27T03:00,599.67,0.669,2.32,2.31
霧積ダム,2026-09-27T04:00,599.66,0.668,2.28,2.25
霧積ダム,2026-09-27T05:00,599.66,0.668,2.28,2.26
霧積ダム,2026-09-27T06:00,599.65,0.667,2.13,2.22
霧積ダム,2026-09-27T07:00,599.65,0.667,2.13,2.2
霧積ダム,2026-09-27T08:00,599.64,0.666,2.09,2.14
霧積ダム,2026-09-27T09:00,599.64,0.666,2.09,2.15
四万川ダム,2026-09-27T10:00,728.89,1.3,2.47,2.5
四万川ダム,2026-09-27T11:00,728.89,1.3,2.47,2.49
四万川ダム,2026-09-27T12:00,728.89,1.3,2.47,2.49
四万川ダム,2026-09-27T13:00,728.88,1.299,2.37,2.47
四万川ダム,2026-09-27T14:00,728.88,1.299,2.37,2.46
四万川ダム,2026-09-27T15:00,728.88,1.299,2.37,2.47
四万川ダム,2026-09-27T16:00,728.87,1.298,2.36,2.43
四万川ダム,2026-09-27T17:00,728.87,1.298,2.36,2.46
四万川ダム,2026-09-27T18:00,728.87,1.298,2.36,2.43
四万川ダム,2026-09-27T19:00,728.86,1.297,2.33,2.45
四万川ダム,2026-09-27T20:00,728.86,1.297,2.33,2.39
四万川ダム,2026-09-27T21:00,728.86,1.297,2.33,2.44
坂本ダム,2026-09-27T10:00,520.6,0.506,1.39,1.39
坂本ダム,2026-09-27T11:00,520.6,0.506,1.39,1.39
坂本ダム,2026-09-27T12:00,520.6,0.506,1.39,1.39
坂本ダム,2026-09-27T13:00,520.6,0.506,1.39,1.39
坂本ダム,2026-09-27T14:00,520.6,0.506,1.39,1.39
坂本ダム,2026-09-27T15:00,520.6,0.506,1.39,1.39
坂本ダム,2026-09-27T16:00,520.6,0.506,1.39,1.39
坂本ダム,2026-09-27T17:00,520.6,0.506,1.39,1.39
坂本ダム,2026-09-27T18:00,520.6,0.506,1.39,1.39
坂本ダム,2026-09-27T19:00,520.6,0.506,1.39,1.39
坂本ダム,2026-09-27T20:00,520.6,0.506,1.39,1.39
坂本ダム,2026-09-27T21:00,520.6,0.506,1.39,1.39
塩沢ダム,2026-09-27T10:00,528.64,0.053,0.5,0.48
塩沢ダム,2026-09-27T11:00,528.64,0.053,0.5,0.48
塩沢ダム,2026-09-27T12:00,528.64,0.053,0.5,0.48
塩沢ダム,2026-09-27T13:00,528.63,0.053,0.48,0.45
塩沢ダム,2026-09-27T14:00,528.63,0.053,0.48,0.45
塩沢ダム,2026-09-27T15:00,528.63,0.053,0.48,0.45
塩沢ダム,2026-09-27T16:00,528.63,0.053,0.48,0.45
塩沢ダム,2026-09-27T17:00,528.63,0.053,0.48,0.45
塩沢ダム,2026-09-27T18:00,528.63,0.053,0.48,0.45
塩沢ダム,2026-09-27T19:00,528.63,0.053,0.48,0.45
塩沢ダム,2026-09-27T20:00,528.63,0.053,0.48,0.45
塩沢ダム,2026-09-27T21:00,528.63,0.053,0.48,0.45
大仁田ダム,2026-09-27T10:00,679.3,0.052,0.6,0.6
大仁田ダム,2026-09-27T11:00,679.29,0.052,0.53,0.57
大仁田ダム,2026-09-27T12:00,679.29,0.052,0.57,0.57
大仁田ダム,2026-09-27T13:00,679.29,0.052,0.57,0.57
大仁田ダム,2026-09-27T14:00,679.29,0.052,0.57,0.57
大仁田ダム,2026-09-27T15:00,679.29,0.052,0.57,0.57
大仁田ダム,2026-09-27T16:00,679.29,0.052,0.57,0.57
大仁田ダム,2026-09-27T17:00,679.29,0.052,0.57,0.57
大仁田ダム,2026-09-27T18:00,679.29,0.052,0.57,0.57
大仁田ダム,2026-09-27T19:00,679.29,0.052,0.57,0.57
大仁田ダム,2026-09-27T20:00,679.29,0.052,0.57,0.57
大仁田ダム,2026-09-27T21:00,679.29,0.052,0.57,0.57
桐生川ダム,2026-09-27T10:00,243.19,4.023,4.1,3.94
桐生川ダム,2026-09-27T11:00,243.19,4.023,4.1,3.94
桐生川ダム,2026-09-27T12:00,243.19,4.023,4.1,3.95
桐生川ダム,2026-09-27T13:00,243.19,4.023,4.1,3.94
桐生川ダム,2026-09-27T14:00,243.19,4.023,4.1,3.95
桐生川ダム,2026-09-27T15:00,243.19,4.023,4.1,3.95
桐生川ダム,2026-09-27T16:00,243.19,4.023,3.95,3.95
桐生川ダム,2026-09-27T17:00,243.19,4.023,3.95,3.95
桐生川ダム,2026-09-27T18:00,243.19,4.023,3.95,3.95
桐生川ダム,2026-09-27T19:00,243.19,4.023,3.94,3.94
桐生川ダム,2026-09-27T20:00,243.19,4.023,3.94,3.94
桐生川ダム,2026-09-27T21:00,243.19,4.023,3.94,3.94
道平川ダム,2026-09-27T10:00,459.42,1.747,0.82,0.82
道平川ダム,2026-09-27T11:00,459.42,1.747,0.82,0.82
道平川ダム,2026-09-27T12:00,459.42,1.747,0.82,0.82
道平川ダム,2026-09-27T13:00,459.42,1.747,0.82,0.82
道平川ダム,2026-09-27T14:00,459.42,1.747,0.82,0.82
道平川ダム,2026-09-27T15:00,459.42,1.747,0.82,0.82
道平川ダム,2026-09-27T16:00,459.42,1.747,0.82,0.82
道平川ダム,2026-09-27T17:00,459.42,1.747,0.82,0.82
道平川ダム,2026-09-27T18:00,459.42,1.747,0.82,0.82
道平川ダム,2026-09-27T19:00,459.42,1.747,0.82,0.82
道平川ダム,2026-09-27T20:00,459.42,1.747,0.82,0.82
道平川ダム,2026-09-27T21:00,459.42,1.747,0.82,0.82
霧積ダム,2026-09-27T10:00,599.63,0.665,2.04,2.08
霧積ダム,2026-09-27T11:00,599.63,0.665,2.04,2.09
霧積ダム,2026-09-27T12:00,599.63,0.665,2.04,2.09
霧積ダム,2026-09-27T13:00,599.62,0.664,1.99,2.03
霧積ダム,2026-09-27T14:00,599.62,0.664,1.99,2.02
霧積ダム,2026-09-27T15:00,599.61,0.663,1.93,1.97
霧積ダム,2026-09-27T16:00,599.61,0.663,1.93,1.97
霧積ダム,2026-09-27T17:00,599.61,0.663,1.93,1.97
霧積ダム,2026-09-27T18:00,599.6,0.663,1.88,1.92
霧積ダム,2026-09-27T19:00,599.6,0.663,1.88,1.92
霧積ダム,2026-09-27T20:00,599.6,0.663,1.88,1.92
霧積ダム,2026-09-27T21:00,599.6,0.663,1.92,1.93
四万川ダム,2026-09-27T22:00,728.85,1.295,2.33,2.4
四万川ダム,2026-09-27T23:00,728.85,1.295,2.33,2.39
四万川ダム,2026-09-28T00:00,728.85,1.295,2.33,2.4
四万川ダム,2026-09-28T01:00,728.84,1.294,2.29,2.39
四万川ダム,2026-09-28T02:00,728.84,1.294,2.29,2.39
四万川ダム,2026-09-28T03:00,728.84,1.294,2.29,2.39
坂本ダム,2026-09-27T22:00,520.6,0.506,1.39,1.39
坂本ダム,2026-09-27T23:00,520.6,0.506,1.39,1.39
坂本ダム,2026-09-28T00:00,520.6,0.506,1.39,1.39
坂本ダム,2026-09-28T01:00,520.6,0.506,1.39,1.39
坂本ダム,2026-09-28T02:00,520.6,0.506,1.39,1.39
坂本ダム,2026-09-28T03:00,520.6,0.506,1.39,1.39
塩沢ダム,2026-09-27T22:00,528.63,0.053,0.48,0.45
塩沢ダム,2026-09-27T23:00,528.63,0.053,0.48,0.45
塩沢ダム,2026-09-28T00:00,528.63,0.053,0.48,0.45
塩沢ダム,2026-09-28T01:00,528.63,0.053,0.48,0.45
塩沢ダム,2026-09-28T02:00,528.62,0.053,0.45,0.41
塩沢ダム,2026-09-28T03:00,528.62,0.053,0.45,0.41
大仁田ダム,2026-09-27T22:00,679.29,0.052,0.57,0.57
大仁田ダム,2026-09-27T23:00,679.29,0.052,0.57,0.57
大仁田ダム,2026-09-28T00:00,679.29,0.052,0.57,0.57
大仁田ダム,2026-09-28T01:00,679.29,0.052,0.57,0.57
大仁田ダム,2026-09-28T02:00,679.29,0.052,0.57,0.57
大仁田ダム,2026-09-28T03:00,679.28,0.052,0.51,0.54
桐生川ダム,2026-09-27T22:00,243.19,4.023,3.94,3.94
桐生川ダム,2026-09-27T23:00,243.19,4.023,3.94,3.94
桐生川ダム,2026-09-28T00:00,243.19,4.023,3.94,3.94
桐生川ダム,2026-09-28T01:00,243.18,4.019,3.85,3.85
桐生川ダム,2026-09-28T02:00,243.18,4.019,3.85,3.85
桐生川ダム,2026-09-28T03:00,243.18,4.019,3.86,3.86
道平川ダム,2026-09-27T22:00,459.42,1.747,0.82,0.82
道平川ダム,2026-09-27T23:00,459.42,1.747,0.82,0.82
道平川ダム,2026-09-28T00:00,459.42,1.747,0.82,0.82
道平川ダム,2026-09-28T01:00,459.42,1.747,0.82,0.82
道平川ダム,2026-09-28T02:00,459.42,1.747,0.82,0.82
道平川ダム,2026-09-28T03:00,459.42,1.747,0.82,0.82
霧積ダム,2026-09-27T22:00,599.59,0.662,1.85,1.86
霧積ダム,2026-09-27T23:00,599.59,0.662,1.85,1.86
霧積ダム,2026-09-28T00:00,599.59,0.662,1.85,1.85
霧積ダム,2026-09-28T01:00,599.59,0.662,1.86,1.86
霧積ダム,2026-09-28T02:00,599.58,0.661,1.8,1.8
霧積ダム,2026-09-28T03:00,599.58,0.661,1.8,1.81
四万川ダム,2026-09-28T04:00,728.83,1.293,2.28,2.36
四万川ダム,2026-09-28T05:00,728.83,1.293,2.28,2.34
四万川ダム,2026-09-28T06:00,728.83,1.293,2.28,2.38
四万川ダム,2026-09-28T07:00,728.83,1.293,2.28,2.35
四万川ダム,2026-09-28T08:00,728.83,1.293,2.28,2.35
四万川ダム,2026-09-28T09:00,728.83,1.293,2.28,2.35
四万川ダム,2026-09-28T10:00,728.83,1.293,2.28,2.36
坂本ダム,2026-09-28T04:00,520.6,0.506,1.39,1.39
坂本ダム,2026-09-28T05:00,520.59,0.505,1.15,1.32
坂本ダム,2026-09-28T06:00,520.6,0.506,1.49,1.32
坂本ダム,2026-09-28T07:00,520.6,0.506,1.39,1.39
坂本ダム,2026-09-28T08:00,520.61,0.507,1.62,1.45
坂本ダム,2026-09-28T09:00,520.61,0.507,1.59,1.59
坂本ダム,2026-09-28T10:00,520.61,0.507,1.59,1.59
塩沢ダム,2026-09-28T04:00,528.62,0.053,0.45,0.41
塩沢ダム,2026-09-28T05:00,528.62,0.053,0.45,0.41
塩沢ダム,2026-09-28T06:00,528.62,0.053,0.45,0.41
塩沢ダム,2026-09-28T07:00,528.62,0.053,0.45,0.41
塩沢ダム,2026-09-28T08:00,528.62,0.053,0.45,0.41
塩沢ダム,2026-09-28T09:00,528.62,0.053,0.45,0.41
塩沢ダム,2026-09-28T10:00,528.62,0.053,0.45,0.41
大仁田ダム,2026-09-28T04:00,679.28,0.052,0.54,0.54
大仁田ダム,2026-09-28T05:00,679.28,0.052,0.54,0.54
大仁田ダム,2026-09-28T06:00,679.28,0.052,0.54,0.54
大仁田ダム,2026-09-28T07:00,679.28,0.052,0.54,0.54
大仁田ダム,2026-09-28T08:00,679.28,0.052,0.54,0.54
大仁田ダム,2026-09-28T09:00,679.28,0.052,0.54,0.54
大仁田ダム,2026-09-28T10:00,679.28,0.052,0.54,0.54
桐生川ダム,2026-09-28T04:00,243.18,4.019,3.85,3.85
桐生川ダム,2026-09-28T05:00,243.18,4.019,3.85,3.85
桐生川ダム,2026-09-28T06:00,243.18,4.019,3.86,3.86
桐生川ダム,2026-09-28T07:00,243.18,4.019,3.85,3.85
桐生川ダム,2026-09-28T08:00,243.18,4.019,3.86,3.86
桐生川ダム,2026-09-28T09:00,243.18,4.019,3.86,3.86
桐生川ダム,2026-09-28T10:00,243.18,4.019,3.85,3.85
道平川ダム,2026-09-28T04:00,459.42,1.747,0.82,0.82
道平川ダム,2026-09-28T05:00,459.42,1.747,0.82,0.82
道平川ダム,2026-09-28T06:00,459.42,1.747,0.82,0.82
道平川ダム,2026-09-28T07:00,459.42,1.747,0.82,0.82
道平川ダム,2026-09-28T08:00,459.42,1.747,0.82,0.82
道平川ダム,2026-09-28T09:00,459.42,1.747,0.82,0.82
道平川ダム,2026-09-28T10:00,459.42,1.747,0.82,0.82
霧積ダム,2026-09-28T04:00,599.58,0.661,1.8,1.79
霧積ダム,2026-09-28T05:00,599.58,0.661,1.8,1.79
霧積ダム,2026-09-28T06:00,599.58,0.661,1.8,1.79
霧積ダム,2026-09-28T07:00,599.58,0.661,1.8,1.8
霧積ダム,2026-09-28T08:00,599.59,0.662,1.84,1.85
霧積ダム,2026-09-28T09:00,599.6,0.663,2.1,1.91
霧積ダム,2026-09-28T10:00,599.61,0.663,2.19,1.97
四万川ダム,2026-09-28T11:00,728.83,1.293,2.28,2.38
四万川ダム,2026-09-28T12:00,728.83,1.293,2.28,2.38
四万川ダム,2026-09-28T13:00,728.83,1.293,2.28,2.37
四万川ダム,2026-09-28T14:00,728.83,1.293,2.28,2.35
四万川ダム,2026-09-28T15:00,728.83,1.293,2.28,2.37
四万川ダム,2026-09-28T16:00,728.83,1.293,2.28,2.34
四万川ダム,2026-09-28T17:00,728.83,1.293,2.28,2.37
四万川ダム,2026-09-28T18:00,728.83,1.293,2.28,2.37
四万川ダム,2026-09-28T19:00,728.83,1.293,2.28,2.36
四万川ダム,2026-09-28T20:00,728.83,1.293,2.28,2.37
四万川ダム,2026-09-28T21:00,728.83,1.293,2.28,2.37
四万川ダム,2026-09-28T22:00,728.83,1.293,2.28,2.35
四万川ダム,2026-09-28T23:00,728.83,1.293,2.28,2.36
坂本ダム,2026-09-28T11:00,520.61,0.507,1.59,1.59
坂本ダム,2026-09-28T12:00,520.61,0.507,1.59,1.59
坂本ダム,2026-09-28T13:00,520.6,0.506,1.34,1.51
坂本ダム,2026-09-28T14:00,520.6,0.506,1.39,1.39
坂本ダム,2026-09-28T15:00,520.6,0.506,1.39,1.39
坂本ダム,2026-09-28T16:00,520.6,0.506,1.39,1.39
坂本ダム,2026-09-28T17:00,520.6,0.506,1.39,1.39
坂本ダム,2026-09-28T18:00,520.6,0.506,1.39,1.39
坂本ダム,2026-09-28T19:00,520.6,0.506,1.39,1.39
坂本ダム,2026-09-28T20:00,520.6,0.506,1.39,1.39
坂本ダム,2026-09-28T21:00,520.6,0.506,1.39,1.39
坂本ダム,2026-09-28T22:00,520.6,0.506,1.39,1.39
坂本ダム,2026-09-28T23:00,520.6,0.506,1.39,1.39
塩沢ダム,2026-09-28T11:00,528.62,0.053,0.45,0.41
塩沢ダム,2026-09-28T12:00,528.62,0.053,0.45,0.41
塩沢ダム,2026-09-28T13:00,528.62,0.053,0.45,0.41
塩沢ダム,2026-09-28T14:00,528.62,0.053,0.45,0.41
塩沢ダム,2026-09-28T15:00,528.62,0.053,0.45,0.41
塩沢ダム,2026-09-28T16:00,528.62,0.053,0.45,0.41
塩沢ダム,2026-09-28T17:00,528.62,0.053,0.45,0.41
塩沢ダム,2026-09-28T18:00,528.62,0.053,0.45,0.41
塩沢ダム,2026-09-28T19:00,528.61,0.053,0.41,0.4
塩沢ダム,2026-09-28T20:00,528.61,0.053,0.41,0.4
塩沢ダム,2026-09-28T21:00,528.61,0.053,0.41,0.4
塩沢ダム,2026-09-28T22:00,528.62,0.053,0.41,0.41
塩沢ダム,2026-09-28T23:00,528.62,0.053,0.41,0.41
大仁田ダム,2026-09-28T11:00,679.28,0.052,0.54,0.54
大仁田ダム,2026-09-28T12:00,679.28,0.052,0.54,0.54
大仁田ダム,2026-09-28T13:00,679.28,0.052,0.54,0.54
大仁田ダム,2026-09-28T14:00,679.28,0.052,0.54,0.54
大仁田ダム,2026-09-28T15:00,679.28,0.052,0.54,0.54
大仁田ダム,2026-09-28T16:00,679.28,0.052,0.54,0.54
大仁田ダム,2026-09-28T17:00,679.28,0.052,0.54,0.54
大仁田ダム,2026-09-28T18:00,679.28,0.052,0.54,0.54
大仁田ダム,2026-09-28T19:00,679.28,0.052,0.54,0.54
大仁田ダム,2026-09-28T20:00,679.28,0.052,0.54,0.54
大仁田ダム,2026-09-28T21:00,679.28,0.052,0.54,0.54
大仁田ダム,2026-09-28T22:00,679.28,0.052,0.54,0.54
大仁田ダム,2026-09-28T23:00,679.28,0.052,0.54,0.54
桐生川ダム,2026-09-28T11:00,243.18,4.019,3.85,3.85
桐生川ダム,2026-09-28T12:00,243.18,4.019,3.85,3.85
桐生川ダム,2026-09-28T13:00,243.18,4.019,3.85,3.85
桐生川ダム,2026-09-28T14:00,243.18,4.019,3.85,3.85
桐生川ダム,2026-09-28T15:00,243.18,4.019,3.85,3.85
桐生川ダム,2026-09-28T16:00,243.17,4.015,3.8,3.77
桐生川ダム,2026-09-28T17:00,243.17,4.015,3.8,3.77
桐生川ダム,2026-09-28T18:00,243.17,4.015,3.8,3.77
桐生川ダム,2026-09-28T19:00,243.17,4.015,3.8,3.77
桐生川ダム,2026-09-28T20:00,243.17,4.015,3.8,3.77
桐生川ダム,2026-09-28T21:00,243.17,4.015,3.8,3.76
桐生川ダム,2026-09-28T22:00,243.17,4.015,3.8,3.77
桐生川ダム,2026-09-28T23:00,243.16,4.012,3.63,3.68
道平川ダム,2026-09-28T11:00,459.42,1.747,0.82,0.82
道平川ダム,2026-09-28T12:00,459.42,1.747,0.82,0.82
道平川ダム,2026-09-28T13:00,459.42,1.747,0.82,0.82
道平川ダム,2026-09-28T14:00,459.42,1.747,0.82,0.82
道平川ダム,2026-09-28T15:00,459.42,1.747,0.82,0.82
道平川ダム,2026-09-28T16:00,459.42,1.747,0.82,0.82
道平川ダム,2026-09-28T17:00,459.42,1.747,0.82,0.82
道平川ダム,2026-09-28T18:00,459.42,1.747,0.82,0.82
道平川ダム,2026-09-28T19:00,459.42,1.747,0.82,0.82
道平川ダム,2026-09-28T20:00,459.42,1.747,0.82,0.82
道平川ダム,2026-09-28T21:00,459.42,1.747,0.82,0.82
道平川ダム,2026-09-28T22:00,459.42,1.747,0.82,0.82
道平川ダム,2026-09-28T23:00,459.42,1.747,0.82,0.82
霧積ダム,2026-09-28T11:00,599.62,0.664,2.21,2.03
霧積ダム,2026-09-28T12:00,599.62,0.664,2.21,2.02
霧積ダム,2026-09-28T13:00,599.62,0.664,2.21,2.03
霧積ダム,2026-09-28T14:00,599.62,0.664,2.03,2.03
霧積ダム,2026-09-28T15:00,599.62,0.664,2.03,2.03
霧積ダム,2026-09-28T16:00,599.62,0.664,2.03,2.03
霧積ダム,2026-09-28T17:00,599.62,0.664,2.03,2.02
霧積ダム,2026-09-28T18:00,599.62,0.664,2.03,2.02
霧積ダム,2026-09-28T19:00,599.62,0.664,2.03,2.02
霧積ダム,2026-09-28T20:00,599.61,0.663,3.23,1.96
霧積ダム,2026-09-28T21:00,599.61,0.663,3.23,1.96
霧積ダム,2026-09-28T22:00,599.61,0.663,3.23,1.96
霧積ダム,2026-09-28T23:00,599.61,0.663,1.96,1.96
四万川ダム,2026-09-29T00:00,728.83,1.293,2.28,2.38
四万川ダム,2026-09-29T01:00,728.82,1.292,2.35,2.35
四万川ダム,2026-09-29T02:00,728.82,1.292,2.35,2.34
四万川ダム,2026-09-29T03:00,728.82,1.292,2.35,2.35
四万川ダム,2026-09-29T04:00,728.82,1.292,2.35,2.33
四万川ダム,2026-09-29T05:00,728.82,1.292,2.35,2.35
坂本ダム,2026-09-29T00:00,520.6,0.506,1.39,1.39
坂本ダム,2026-09-29T01:00,520.6,0.506,1.39,1.39
坂本ダム,2026-09-29T02:00,520.6,0.506,1.39,1.39
坂本ダム,2026-09-29T03:00,520.6,0.506,1.39,1.39
坂本ダム,2026-09-29T04:00,520.6,0.506,1.39,1.39
坂本ダム,2026-09-29T05:00,520.6,0.506,1.39,1.39
塩沢ダム,2026-09-29T00:00,528.62,0.053,0.41,0.41
塩沢ダム,2026-09-29T01:00,528.62,0.053,0.41,0.41
塩沢ダム,2026-09-29T02:00,528.62,0.053,0.41,0.41
塩沢ダム,2026-09-29T03:00,528.62,0.053,0.41,0.41
塩沢ダム,2026-09-29T04:00,528.62,0.053,0.41,0.41
塩沢ダム,2026-09-29T05:00,528.62,0.053,0.41,0.41
大仁田ダム,2026-09-29T00:00,679.28,0.052,0.54,0.54
大仁田ダム,2026-09-29T01:00,679.28,0.052,0.54,0.54
大仁田ダム,2026-09-29T02:00,679.28,0.052,0.54,0.54
大仁田ダム,2026-09-29T03:00,679.28,0.052,0.54,0.54
大仁田ダム,2026-09-29T04:00,679.28,0.052,0.54,0.54
大仁田ダム,2026-09-29T05:00,679.28,0.052,0.54,0.54
桐生川ダム,2026-09-29T00:00,243.16,4.012,3.63,3.68
桐生川ダム,2026-09-29T01:00,243.16,4.012,3.63,3.68
桐生川ダム,2026-09-29T02:00,243.16,4.012,3.63,3.68
桐生川ダム,2026-09-29T03:00,243.16,4.012,3.63,3.68
桐生川ダム,2026-09-29T04:00,243.16,4.012,3.63,3.69
桐生川ダム,2026-09-29T05:00,243.16,4.012,3.63,3.68
道平川ダム,2026-09-29T00:00,459.42,1.747,0.82,0.82
道平川ダム,2026-09-29T01:00,459.42,1.747,0.82,0.82
道平川ダム,2026-09-29T02:00,459.42,1.747,0.82,0.82
道平川ダム,2026-09-29T03:00,459.42,1.747,0.82,0.82
道平川ダム,2026-09-29T04:00,459.42,1.747,0.82,0.82
道平川ダム,2026-09-29T05:00,459.42,1.747,0.82,0.82
霧積ダム,2026-09-29T00:00,599.61,0.663,1.96,1.95
霧積ダム,2026-09-29T01:00,599.6,0.663,1.86,1.9
霧積ダム,2026-09-29T02:00,599.6,0.663,1.86,1.9
霧積ダム,2026-09-29T03:00,599.6,0.663,1.86,1.9
霧積ダム,2026-09-29T04:00,599.6,0.663,1.9,1.9
霧積ダム,2026-09-29T05:00,599.6,0.663,1.9,1.89
四万川ダム,2026-09-29T06:00,728.82,1.292,2.35,2.36
四万川ダム,2026-09-29T07:00,728.82,1.292,2.35,2.33
四万川ダム,2026-09-29T08:00,728.82,1.292,2.35,2.35
四万川ダム,2026-09-29T09:00,728.83,1.293,2.35,2.38
四万川ダム,2026-09-29T10:00,728.83,1.293,2.35,2.44
四万川ダム,2026-09-29T11:00,728.83,1.293,2.35,2.43
坂本ダム,2026-09-29T06:00,520.6,0.506,1.39,1.39
坂本ダム,2026-09-29T07:00,520.6,0.506,1.39,1.39
坂本ダム,2026-09-29T08:00,520.6,0.506,1.39,1.39
坂本ダム,2026-09-29T09:00,520.6,0.506,1.39,1.39
坂本ダム,2026-09-29T10:00,520.6,0.506,1.39,1.39
坂本ダム,2026-09-29T11:00,520.6,0.506,1.39,1.39
塩沢ダム,2026-09-29T06:00,528.62,0.053,0.41,0.41
塩沢ダム,2026-09-29T07:00,528.62,0.053,0.41,0.41
塩沢ダム,2026-09-29T08:00,528.62,0.053,0.41,0.41
塩沢ダム,2026-09-29T09:00,528.62,0.053,0.41,0.41
塩沢ダム,2026-09-29T10:00,528.62,0.053,0.41,0.41
塩沢ダム,2026-09-29T11:00,528.62,0.053,0.41,0.41
大仁田ダム,2026-09-29T06:00,679.28,0.052,0.54,0.54
大仁田ダム,2026-09-29T07:00,679.28,0.052,0.54,0.54
大仁田ダム,2026-09-29T08:00,679.28,0.052,0.54,0.54
大仁田ダム,2026-09-29T09:00,679.28,0.052,0.54,0.54
大仁田ダム,2026-09-29T10:00,679.28,0.052,0.54,0.54
大仁田ダム,2026-09-29T11:00,679.28,0.052,0.54,0.54
桐生川ダム,2026-09-29T06:00,243.16,4.012,3.63,3.68
桐生川ダム,2026-09-29T07:00,243.16,4.012,3.63,3.69
桐生川ダム,2026-09-29T08:00,243.16,4.012,3.63,3.67
桐生川ダム,2026-09-29T09:00,243.16,4.012,3.63,3.68
桐生川ダム,2026-09-29T10:00,243.16,4.012,3.63,3.69
桐生川ダム,2026-09-29T11:00,243.15,4.008,3.6,3.59
道平川ダム,2026-09-29T06:00,459.42,1.747,0.82,0.82
道平川ダム,2026-09-29T07:00,459.42,1.747,0.82,0.82
道平川ダム,2026-09-29T08:00,459.42,1.747,0.82,0.82
道平川ダム,2026-09-29T09:00,459.42,1.747,0.82,0.82
道平川ダム,2026-09-29T10:00,459.42,1.747,0.82,0.82
道平川ダム,2026-09-29T11:00,459.42,1.747,0.82,0.82
霧積ダム,2026-09-29T06:00,599.6,0.663,1.9,1.9
霧積ダム,2026-09-29T07:00,599.6,0.663,1.9,1.89
霧積ダム,2026-09-29T08:00,599.6,0.663,1.9,1.9
霧積ダム,2026-09-29T09:00,599.6,0.663,1.9,1.9
霧積ダム,2026-09-29T10:00,599.6,0.663,1.9,1.9
霧積ダム,2026-09-29T11:00,599.6,0.663,1.9,1.9
四万川ダム,2026-09-29T12:00,728.84,1.294,2.43,2.47
四万川ダム,2026-09-29T13:00,728.84,1.294,2.43,2.43
四万川ダム,2026-09-29T14:00,728.84,1.294,2.43,2.46
四万川ダム,2026-09-29T15:00,728.84,1.294,2.43,2.46
四万川ダム,2026-09-29T16:00,728.84,1.294,2.43,2.47
四万川ダム,2026-09-29T17:00,728.84,1.294,2.43,2.47
四万川ダム,2026-09-29T18:00,728.84,1.294,2.43,2.47
四万川ダム,2026-09-29T19:00,728.84,1.294,2.43,2.46
四万川ダム,2026-09-29T20:00,728.84,1.294,2.43,2.44
四万川ダム,2026-09-29T21:00,728.84,1.294,2.43,2.46
四万川ダム,2026-09-29T22:00,728.84,1.294,2.43,2.45
坂本ダム,2026-09-29T12:00,520.6,0.506,1.39,1.39
坂本ダム,2026-09-29T13:00,520.6,0.506,1.39,1.39
坂本ダム,2026-09-29T14:00,520.6,0.506,1.39,1.39
坂本ダム,2026-09-29T15:00,520.6,0.506,1.39,1.39
坂本ダム,2026-09-29T16:00,520.61,0.507,1.58,1.41
坂本ダム,2026-09-29T17:00,520.61,0.507,1.59,1.59
坂本ダム,2026-09-29T18:00,520.61,0.507,1.59,1.59
坂本ダム,2026-09-29T19:00,520.61,0.507,1.59,1.59
坂本ダム,2026-09-29T20:00,520.61,0.507,1.59,1.59
坂本ダム,2026-09-29T21:00,520.61,0.507,1.59,1.59
坂本ダム,2026-09-29T22:00,520.61,0.507,1.59,1.59
塩沢ダム,2026-09-29T12:00,528.62,0.053,0.41,0.41
塩沢ダム,2026-09-29T13:00,528.62,0.053,0.41,0.41
塩沢ダム,2026-09-29T14:00,528.62,0.053,0.41,0.41
塩沢ダム,2026-09-29T15:00,528.62,0.053,0.41,0.41
塩沢ダム,2026-09-29T16:00,528.62,0.053,0.41,0.41
塩沢ダム,2026-09-29T17:00,528.63,0.053,0.41,0.45
塩沢ダム,2026-09-29T18:00,528.64,0.053,0.48,0.48
塩沢ダム,2026-09-29T19:00,528.65,0.053,0.52,0.51
塩沢ダム,2026-09-29T20:00,528.66,0.053,0.54,0.53
塩沢ダム,2026-09-29T21:00,528.66,0.053,0.54,0.53
塩沢ダム,2026-09-29T22:00,528.65,0.053,0.54,0.51
大仁田ダム,2026-09-29T12:00,679.28,0.052,0.54,0.54
大仁田ダム,2026-09-29T13:00,679.28,0.052,0.54,0.54
大仁田ダム,2026-09-29T14:00,679.28,0.052,0.54,0.54
大仁田ダム,2026-09-29T15:00,679.28,0.052,0.54,0.54
大仁田ダム,2026-09-29T16:00,679.28,0.052,0.54,0.54
大仁田ダム,2026-09-29T17:00,679.29,0.052,0.61,0.57
大仁田ダム,2026-09-29T18:00,679.29,0.052,0.57,0.57
大仁田ダム,2026-09-29T19:00,679.3,0.052,0.64,0.6
大仁田ダム,2026-09-29T20:00,679.3,0.052,0.6,0.6
大仁田ダム,2026-09-29T21:00,679.3,0.052,0.6,0.6
大仁田ダム,2026-09-29T22:00,679.3,0.052,0.6,0.6
桐生川ダム,2026-09-29T12:00,243.15,4.008,3.6,3.59
桐生川ダム,2026-09-29T13:00,243.15,4.008,3.6,3.59
桐生川ダム,2026-09-29T14:00,243.15,4.008,3.6,3.6
桐生川ダム,2026-09-29T15:00,243.15,4.008,3.6,3.6
桐生川ダム,2026-09-29T16:00,243.15,4.008,3.6,3.59
桐生川ダム,2026-09-29T17:00,243.15,4.008,3.6,3.59
桐生川ダム,2026-09-29T18:00,243.15,4.008,3.6,3.59
桐生川ダム,2026-09-29T19:00,243.15,4.008,3.6,3.59
桐生川ダム,2026-09-29T20:00,243.15,4.008,3.6,3.59
桐生川ダム,2026-09-29T21:00,243.15,4.008,3.6,3.59
桐生川ダム,2026-09-29T22:00,243.15,4.008,3.6,3.59
道平川ダム,2026-09-29T12:00,459.42,1.747,0.82,0.82
道平川ダム,2026-09-29T13:00,459.42,1.747,0.82,0.82
道平川ダム,2026-09-29T14:00,459.42,1.747,0.82,0.82
道平川ダム,2026-09-29T15:00,459.42,1.747,0.82,0.82
道平川ダム,2026-09-29T16:00,459.42,1.747,0.82,0.82
道平川ダム,2026-09-29T17:00,459.42,1.747,0.82,0.82
道平川ダム,2026-09-29T18:00,459.42,1.747,0.82,0.82
道平川ダム,2026-09-29T19:00,459.42,1.747,0.82,0.82
道平川ダム,2026-09-29T20:00,459.42,1.747,0.82,0.82
道平川ダム,2026-09-29T21:00,459.42,1.747,0.82,0.82
道平川ダム,2026-09-29T22:00,459.42,1.747,0.82,0.82
霧積ダム,2026-09-29T12:00,599.6,0.663,1.9,1.9
霧積ダム,2026-09-29T13:00,599.6,0.663,1.9,1.9
霧積ダム,2026-09-29T14:00,599.6,0.663,1.9,1.91
霧積ダム,2026-09-29T15:00,599.6,0.663,1.9,1.9
霧積ダム,2026-09-29T16:00,599.6,0.663,1.9,1.9
霧積ダム,2026-09-29T17:00,599.6,0.663,1.9,1.9
霧積ダム,2026-09-29T18:00,599.61,0.663,1.91,1.95
霧積ダム,2026-09-29T19:00,599.61,0.663,1.91,1.95
霧積ダム,2026-09-29T20:00,599.61,0.663,1.91,1.95
霧積ダム,2026-09-29T21:00,599.61,0.663,1.95,1.95
霧積ダム,2026-09-29T22:00,599.61,0.663,1.95,1.95
四万川ダム,2026-09-29T23:00,728.83,1.293,2.43,2.44
四万川ダム,2026-09-30T00:00,728.83,1.293,2.43,2.42
四万川ダム,2026-09-30T01:00,728.83,1.293,2.43,2.45
四万川ダム,2026-09-30T02:00,728.83,1.293,2.43,2.44
四万川ダム,2026-09-30T03:00,728.82,1.292,2.41,2.4
四万川ダム,2026-09-30T04:00,728.82,1.292,2.41,2.41
坂本ダム,2026-09-29T23:00,520.6,0.506,1.38,1.55
坂本ダム,2026-09-30T00:00,520.6,0.506,1.39,1.39
坂本ダム,2026-09-30T01:00,520.6,0.506,1.39,1.39
坂本ダム,2026-09-30T02:00,520.6,0.506,1.39,1.39
坂本ダム,2026-09-30T03:00,520.6,0.506,1.39,1.39
坂本ダム,2026-09-30T04:00,520.6,0.506,1.39,1.39
塩沢ダム,2026-09-29T23:00,528.65,0.053,0.54,0.51
塩沢ダム,2026-09-30T00:00,528.65,0.053,0.54,0.51
塩沢ダム,2026-09-30T01:00,528.65,0.053,0.54,0.51
塩沢ダム,2026-09-30T02:00,528.64,0.053,0.5,0.48
塩沢ダム,2026-09-30T03:00,528.64,0.053,0.5,0.48
塩沢ダム,2026-09-30T04:00,528.64,0.053,0.5,0.48
大仁田ダム,2026-09-29T23:00,679.3,0.052,0.6,0.6
大仁田ダム,2026-09-30T00:00,679.3,0.052,0.6,0.6
大仁田ダム,2026-09-30T01:00,679.3,0.052,0.6,0.6
大仁田ダム,2026-09-30T02:00,679.3,0.052,0.6,0.6
大仁田ダム,2026-09-30T03:00,679.3,0.052,0.6,0.6
大仁田ダム,2026-09-30T04:00,679.3,0.052,0.6,0.6
桐生川ダム,2026-09-29T23:00,243.15,4.008,3.6,3.6
桐生川ダム,2026-09-30T00:00,243.15,4.008,3.6,3.59
桐生川ダム,2026-09-30T01:00,243.15,4.008,3.6,3.59
桐生川ダム,2026-09-30T02:00,243.16,4.012,3.6,3.68
桐生川ダム,2026-09-30T03:00,243.16,4.012,3.6,3.69
桐生川ダム,2026-09-30T04:00,243.16,4.012,3.6,3.68
道平川ダム,2026-09-29T23:00,459.43,1.748,0.82,0.85
道平川ダム,2026-09-30T00:00,459.43,1.748,0.82,0.85
道平川ダム,2026-09-30T01:00,459.43,1.748,0.82,0.85
道平川ダム,2026-09-30T02:00,459.43,1.748,0.82,0.85
道平川ダム,2026-09-30T03:00,459.43,1.748,0.82,0.85
道平川ダム,2026-09-30T04:00,459.43,1.748,0.82,0.85
霧積ダム,2026-09-29T23:00,599.61,0.663,1.95,1.96
霧積ダム,2026-09-30T00:00,599.6,0.663,1.91,1.9
霧積ダム,2026-09-30T01:00,599.6,0.663,1.91,1.89
霧積ダム,2026-09-30T02:00,599.6,0.663,1.91,1.9
霧積ダム,2026-09-30T03:00,599.6,0.663,1.9,1.9
霧積ダム,2026-09-30T04:00,599.59,0.662,1.84,1.84
四万川ダム,2026-09-30T05:00,728.82,1.292,2.41,2.4
四万川ダム,2026-09-30T06:00,728.81,1.291,2.31,2.39
四万川ダム,2026-09-30T07:00,728.81,1.291,2.31,2.4
四万川ダム,2026-09-30T08:00,728.81,1.291,2.31,2.38
四万川ダム,2026-09-30T09:00,728.8,1.289,2.28,2.35
四万川ダム,2026-09-30T10:00,728.8,1.289,2.28,2.37
坂本ダム,2026-09-30T05:00,520.6,0.506,1.39,1.39
坂本ダム,2026-09-30T06:00,520.6,0.506,1.39,1.39
坂本ダム,2026-09-30T07:00,520.6,0.506,1.39,1.39
坂本ダム,2026-09-30T08:00,520.6,0.506,1.39,1.39
坂本ダム,2026-09-30T09:00,520.6,0.506,1.39,1.39
坂本ダム,2026-09-30T10:00,520.6,0.506,1.39,1.39
塩沢ダム,2026-09-30T05:00,528.64,0.053,0.5,0.48
塩沢ダム,2026-09-30T06:00,528.64,0.053,0.5,0.48
塩沢ダム,2026-09-30T07:00,528.64,0.053,0.5,0.48
塩沢ダム,2026-09-30T08:00,528.64,0.053,0.5,0.48
塩沢ダム,2026-09-30T09:00,528.63,0.053,0.47,0.45
塩沢ダム,2026-09-30T10:00,528.63,0.053,0.47,0.45
大仁田ダム,2026-09-30T05:00,679.3,0.052,0.6,0.6
大仁田ダム,2026-09-30T06:00,679.3,0.052,0.6,0.6
大仁田ダム,2026-09-30T07:00,679.3,0.052,0.6,0.6
大仁田ダム,2026-09-30T08:00,679.3,0.052,0.6,0.6
大仁田ダム,2026-09-30T09:00,679.3,0.052,0.6,0.6
大仁田ダム,2026-09-30T10:00,679.3,0.052,0.6,0.74
桐生川ダム,2026-09-30T05:00,243.16,4.012,3.6,3.68
桐生川ダム,2026-09-30T06:00,243.16,4.012,3.6,3.68
桐生川ダム,2026-09-30T07:00,243.16,4.012,3.6,3.68
桐生川ダム,2026-09-30T08:00,243.16,4.012,3.6,3.68
桐生川ダム,2026-09-30T09:00,243.16,4.012,3.6,3.68
桐生川ダム,2026-09-30T10:00,243.16,4.012,3.6,3.68
道平川ダム,2026-09-30T05:00,459.43,1.748,0.82,0.85
道平川ダム,2026-09-30T06:00,459.43,1.748,0.82,0.85
道平川ダム,2026-09-30T07:00,459.43,1.748,0.82,0.85
道平川ダム,2026-09-30T08:00,459.43,1.748,0.82,0.85
道平川ダム,2026-09-30T09:00,459.44,1.749,0.88,0.88
道平川ダム,2026-09-30T10:00,459.44,1.749,0.88,0.88
霧積ダム,2026-09-30T05:00,599.59,0.662,1.84,1.84
霧積ダム,2026-09-30T06:00,599.59,0.662,1.84,1.84
霧積ダム,2026-09-30T07:00,599.59,0.662,1.84,1.84
霧積ダム,2026-09-30T08:00,599.58,0.661,1.79,1.78
霧積ダム,2026-09-30T09:00,599.58,0.661,1.79,1.78
霧積ダム,2026-09-30T10:00,599.58,0.661,1.79,1.79
四万川ダム,2026-09-30T11:00,728.8,1.289,2.28,2.37
四万川ダム,2026-09-30T12:00,728.79,1.288,2.26,2.36
四万川ダム,2026-09-30T13:00,728.79,1.288,2.26,2.34
四万川ダム,2026-09-30T14:00,728.79,1.288,2.26,2.34
四万川ダム,2026-09-30T15:00,728.79,1.288,2.26,2.32
四万川ダム,2026-09-30T16:00,728.78,1.287,2.24,2.34
四万川ダム,2026-09-30T17:00,728.78,1.287,2.24,2.33
四万川ダム,2026-09-30T18:00,728.78,1.287,2.24,2.33
四万川ダム,2026-09-30T19:00,728.77,1.286,2.23,2.31
四万川ダム,2026-09-30T20:00,728.77,1.286,2.23,2.33
四万川ダム,2026-09-30T21:00,728.77,1.286,2.23,2.3
坂本ダム,2026-09-30T11:00,520.6,0.506,1.39,1.39
坂本ダム,2026-09-30T12:00,520.6,0.506,1.39,1.39
坂本ダム,2026-09-30T13:00,520.6,0.506,1.39,1.39
坂本ダム,2026-09-30T14:00,520.6,0.506,1.39,1.39
坂本ダム,2026-09-30T15:00,520.6,0.506,1.39,1.39
坂本ダム,2026-09-30T16:00,520.6,0.506,1.39,1.39
坂本ダム,2026-09-30T17:00,520.6,0.506,1.39,1.39
坂本ダム,2026-09-30T18:00,520.6,0.506,1.39,1.39
坂本ダム,2026-09-30T19:00,520.6,0.506,1.39,1.39
坂本ダム,2026-09-30T20:00,520.6,0.506,1.39,1.39
坂本ダム,2026-09-30T21:00,520.6,0.506,1.39,1.39
塩沢ダム,2026-09-30T11:00,528.63,0.053,0.47,0.45
塩沢ダム,2026-09-30T12:00,528.63,0.053,0.47,0.45
塩沢ダム,2026-09-30T13:00,528.63,0.053,0.47,0.45
塩沢ダム,2026-09-30T14:00,528.63,0.053,0.47,0.45
塩沢ダム,2026-09-30T15:00,528.63,0.053,0.47,0.45
塩沢ダム,2026-09-30T16:00,528.63,0.053,0.47,0.45
塩沢ダム,2026-09-30T17:00,528.63,0.053,0.47,0.45
塩沢ダム,2026-09-30T18:00,528.63,0.053,0.47,0.45
塩沢ダム,2026-09-30T19:00,528.63,0.053,0.47,0.45
塩沢ダム,2026-09-30T20:00,528.63,0.053,0.47,0.45
塩沢ダム,2026-09-30T21:00,528.63,0.053,0.47,0.45
大仁田ダム,2026-09-30T11:00,679.25,0.051,0.61,0.78
大仁田ダム,2026-09-30T12:00,679.24,0.051,0.48,0.49
大仁田ダム,2026-09-30T13:00,679.25,0.051,0.57,0.52
大仁田ダム,2026-09-30T14:00,679.25,0.051,0.53,0.54
大仁田ダム,2026-09-30T15:00,679.26,0.051,0.57,0.57
大仁田ダム,2026-09-30T16:00,679.26,0.051,0.59,0.57
大仁田ダム,2026-09-30T17:00,679.26,0.051,0.57,0.57
大仁田ダム,2026-09-30T18:00,679.26,0.051,0.57,0.57
大仁田ダム,2026-09-30T19:00,679.26,0.051,0.57,0.57
大仁田ダム,2026-09-30T20:00,679.26,0.051,0.57,0.57
大仁田ダム,2026-09-30T21:00,679.26,0.051,0.57,0.57
桐生川ダム,2026-09-30T11:00,243.16,4.012,3.69,3.69
桐生川ダム,2026-09-30T12:00,243.16,4.012,3.68,3.68
桐生川ダム,2026-09-30T13:00,243.16,4.012,3.68,3.68
桐生川ダム,2026-09-30T14:00,243.16,4.012,3.69,3.69
桐生川ダム,2026-09-30T15:00,243.16,4.012,3.69,3.69
桐生川ダム,2026-09-30T16:00,243.16,4.012,3.67,3.67
桐生川ダム,2026-09-30T17:00,243.16,4.012,3.68,3.68
桐生川ダム,2026-09-30T18:00,243.15,4.008,3.59,3.59
桐生川ダム,2026-09-30T19:00,243.15,4.008,3.59,3.59
桐生川ダム,2026-09-30T20:00,243.15,4.008,3.58,3.58
桐生川ダム,2026-09-30T21:00,243.15,4.008,3.59,3.59
道平川ダム,2026-09-30T11:00,459.44,1.749,0.88,0.88
道平川ダム,2026-09-30T12:00,459.44,1.749,0.88,0.88
道平川ダム,2026-09-30T13:00,459.44,1.749,0.88,0.88
道平川ダム,2026-09-30T14:00,459.44,1.749,0.88,0.88
道平川ダム,2026-09-30T15:00,459.44,1.749,0.88,0.88
道平川ダム,2026-09-30T16:00,459.44,1.749,0.88,0.88
道平川ダム,2026-09-30T17:00,459.44,1.749,0.88,0.88
道平川ダム,2026-09-30T18:00,459.44,1.749,0.88,0.88
道平川ダム,2026-09-30T19:00,459.44,1.749,0.88,0.88
道平川ダム,2026-09-30T20:00,459.44,1.749,0.88,0.88
道平川ダム,2026-09-30T21:00,459.44,1.749,0.88,0.88
霧積ダム,2026-09-30T11:00,599.58,0.661,1.78,1.78
霧積ダム,2026-09-30T12:00,599.58,0.661,1.78,1.79
霧積ダム,2026-09-30T13:00,599.58,0.661,1.78,1.78
霧積ダム,2026-09-30T14:00,599.58,0.661,1.78,1.78
霧積ダム,2026-09-30T15:00,599.57,0.66,1.74,1.75
霧積ダム,2026-09-30T16:00,599.57,0.66,1.74,1.75
霧積ダム,2026-09-30T17:00,599.57,0.66,1.74,1.75
霧積ダム,2026-09-30T18:00,599.57,0.66,1.75,1.75
霧積ダム,2026-09-30T19:00,599.57,0.66,1.75,1.75
霧積ダム,2026-09-30T20:00,599.57,0.66,1.75,1.75
霧積ダム,2026-09-30T21:00,599.56,0.659,1.71,1.72
四万川ダム,2026-09-30T22:00,728.77,1.286,2.23,2.3
四万川ダム,2026-09-30T23:00,728.76,1.284,2.21,2.27
四万川ダム,2026-10-01T00:00,728.76,1.284,2.21,2.29
四万川ダム,2026-10-01T01:00,728.76,1.284,2.21,2.28
四万川ダム,2026-10-01T02:00,728.75,1.283,2.19,2.26
四万川ダム,2026-10-01T03:00,728.75,1.283,2.19,2.27
四万川ダム,2026-10-01T04:00,728.75,1.283,2.19,2.27
坂本ダム,2026-09-30T22:00,520.6,0.506,1.39,1.39
坂本ダム,2026-09-30T23:00,520.6,0.506,1.39,1.39
坂本ダム,2026-10-01T00:00,520.6,0.506,1.39,1.39
坂本ダム,2026-10-01T01:00,520.6,0.506,1.39,1.39
坂本ダム,2026-10-01T02:00,520.6,0.506,1.39,1.39
坂本ダム,2026-10-01T03:00,520.59,0.505,1.15,1.32
坂本ダム,2026-10-01T04:00,520.59,0.505,1.23,1.23
塩沢ダム,2026-09-30T22:00,528.63,0.053,0.47,0.45
塩沢ダム,2026-09-30T23:00,528.62,0.053,0.45,0.41
塩沢ダム,2026-10-01T00:00,528.62,0.053,0.45,0.41
塩沢ダム,2026-10-01T01:00,528.62,0.053,0.45,0.41
塩沢ダム,2026-10-01T02:00,528.62,0.053,0.45,0.41
塩沢ダム,2026-10-01T03:00,528.62,0.053,0.45,0.41
塩沢ダム,2026-10-01T04:00,528.62,0.053,0.45,0.41
大仁田ダム,2026-09-30T22:00,679.26,0.051,0.57,0.57
大仁田ダム,2026-09-30T23:00,679.26,0.051,0.57,0.57
大仁田ダム,2026-10-01T00:00,679.26,0.051,0.57,0.57
大仁田ダム,2026-10-01T01:00,679.26,0.051,0.57,0.57
大仁田ダム,2026-10-01T02:00,679.26,0.051,0.57,0.57
大仁田ダム,2026-10-01T03:00,679.26,0.051,0.57,0.57
大仁田ダム,2026-10-01T04:00,679.26,0.051,0.57,0.57
桐生川ダム,2026-09-30T22:00,243.15,4.008,3.59,3.59
桐生川ダム,2026-09-30T23:00,243.15,4.008,3.59,3.59
桐生川ダム,2026-10-01T00:00,243.15,4.008,3.6,3.6
桐生川ダム,2026-10-01T01:00,243.15,4.008,3.59,3.59
桐生川ダム,2026-10-01T02:00,243.15,4.008,3.59,3.59
桐生川ダム,2026-10-01T03:00,243.15,4.008,3.6,3.6
桐生川ダム,2026-10-01T04:00,243.15,4.008,3.6,3.6
道平川ダム,2026-09-30T22:00,459.44,1.749,0.88,0.88
道平川ダム,2026-09-30T23:00,459.44,1.749,0.88,0.88
道平川ダム,2026-10-01T00:00,459.45,1.751,0.9,0.91
道平川ダム,2026-10-01T01:00,459.45,1.751,0.9,0.91
道平川ダム,2026-10-01T02:00,459.45,1.751,0.9,0.91
道平川ダム,2026-10-01T03:00,459.45,1.751,0.9,0.91
道平川ダム,2026-10-01T04:00,459.45,1.751,0.9,0.91
霧積ダム,2026-09-30T22:00,599.56,0.659,1.71,1.72
霧積ダム,2026-09-30T23:00,599.56,0.659,1.71,1.72
霧積ダム,2026-10-01T00:00,599.56,0.659,1.72,1.71
霧積ダム,2026-10-01T01:00,599.56,0.659,1.72,1.72
霧積ダム,2026-10-01T02:00,599.56,0.659,1.72,1.72
霧積ダム,2026-10-01T03:00,599.56,0.659,1.72,1.72
霧積ダム,2026-10-01T04:00,599.55,0.658,1.69,1.7
四万川ダム,2026-10-01T05:00,728.74,1.282,2.17,2.23
四万川ダム,2026-10-01T06:00,728.74,1.282,2.17,2.24
四万川ダム,2026-10-01T07:00,728.74,1.282,2.17,2.26
四万川ダム,2026-10-01T08:00,728.74,1.282,2.17,2.26
四万川ダム,2026-10-01T09:00,728.73,1.281,2.14,2.24
四万川ダム,2026-10-01T10:00,728.73,1.281,2.14,2.23
坂本ダム,2026-10-01T05:00,520.59,0.505,1.22,1.22
坂本ダム,2026-10-01T06:00,520.59,0.505,1.22,1.22
坂本ダム,2026-10-01T07:00,520.59,0.505,1.22,1.22
坂本ダム,2026-10-01T08:00,520.59,0.505,1.22,1.22
坂本ダム,2026-10-01T09:00,520.59,0.505,1.22,1.22
坂本ダム,2026-10-01T10:00,520.59,0.505,1.22,1.22
塩沢ダム,2026-10-01T05:00,528.62,0.053,0.45,0.41
塩沢ダム,2026-10-01T06:00,528.62,0.053,0.45,0.41
塩沢ダム,2026-10-01T07:00,528.62,0.053,0.45,0.41
塩沢ダム,2026-10-01T08:00,528.62,0.053,0.45,0.41
塩沢ダム,2026-10-01T09:00,528.62,0.053,0.45,0.41
塩沢ダム,2026-10-01T10:00,528.62,0.053,0.45,0.41
大仁田ダム,2026-10-01T05:00,679.26,0.051,0.57,0.57
大仁田ダム,2026-10-01T06:00,679.26,0.051,0.57,0.57
大仁田ダム,2026-10-01T07:00,679.26,0.051,0.57,0.57
大仁田ダム,2026-10-01T08:00,679.26,0.051,0.57,0.57
大仁田ダム,2026-10-01T09:00,679.26,0.051,0.57,0.57
大仁田ダム,2026-10-01T10:00,679.26,0.051,0.57,0.57
桐生川ダム,2026-10-01T05:00,243.15,4.008,3.59,3.59
桐生川ダム,2026-10-01T06:00,243.15,4.008,3.59,3.59
桐生川ダム,2026-10-01T07:00,243.15,4.008,3.6,3.6
桐生川ダム,2026-10-01T08:00,243.14,4.005,3.55,3.51
桐生川ダム,2026-10-01T09:00,243.14,4.005,3.55,3.51
桐生川ダム,2026-10-01T10:00,243.14,4.005,3.55,3.51
道平川ダム,2026-10-01T05:00,459.45,1.751,0.9,0.91
道平川ダム,2026-10-01T06:00,459.45,1.751,0.9,0.91
道平川ダム,2026-10-01T07:00,459.45,1.751,0.9,0.91
道平川ダム,2026-10-01T08:00,459.45,1.751,0.9,0.91
道平川ダム,2026-10-01T09:00,459.45,1.751,0.9,0.91
道平川ダム,2026-10-01T10:00,459.45,1.751,0.9,0.91
霧積ダム,2026-10-01T05:00,599.55,0.658,1.69,1.69
霧積ダム,2026-10-01T06:00,599.55,0.658,1.69,1.69
霧積ダム,2026-10-01T07:00,599.55,0.658,1.69,1.69
霧積ダム,2026-10-01T08:00,599.55,0.658,1.69,1.69
霧積ダム,2026-10-01T09:00,599.55,0.658,1.69,1.7
霧積ダム,2026-10-01T10:00,599.55,0.658,1.69,1.69
四万川ダム,2026-10-01T11:00,728.72,1.28,2.1,2.19
四万川ダム,2026-10-01T12:00,728.72,1.28,2.1,2.2
四万川ダム,2026-10-01T13:00,728.72,1.28,2.1,2.21
四万川ダム,2026-10-01T14:00,728.71,1.278,2.05,2.17
四万川ダム,2026-10-01T15:00,728.71,1.278,2.05,2.19
四万川ダム,2026-10-01T16:00,728.71,1.278,2.05,2.16
四万川ダム,2026-10-01T17:00,728.7,1.277,2.07,2.19
四万川ダム,2026-10-01T18:00,728.7,1.277,2.07,2.17
四万川ダム,2026-10-01T19:00,728.69,1.276,2.02,2.14
四万川ダム,2026-10-01T20:00,728.69,1.276,2.02,2.13
四万川ダム,2026-10-01T21:00,728.69,1.276,2.02,2.16
四万川ダム,2026-10-01T22:00,728.68,1.275,2.02,2.14
坂本ダム,2026-10-01T11:00,520.59,0.505,1.22,1.22
坂本ダム,2026-10-01T12:00,520.59,0.505,1.22,1.22
坂本ダム,2026-10-01T13:00,520.59,0.505,1.22,1.22
坂本ダム,2026-10-01T14:00,520.59,0.505,1.22,1.22
坂本ダム,2026-10-01T15:00,520.59,0.505,1.22,1.22
坂本ダム,2026-10-01T16:00,520.59,0.505,1.22,1.22
坂本ダム,2026-10-01T17:00,520.59,0.505,1.22,1.22
坂本ダム,2026-10-01T18:00,520.59,0.505,1.22,1.22
坂本ダム,2026-10-01T19:00,520.59,0.505,1.22,1.22
坂本ダム,2026-10-01T20:00,520.59,0.505,1.22,1.22
坂本ダム,2026-10-01T21:00,520.59,0.505,1.22,1.22
坂本ダム,2026-10-01T22:00,520.59,0.505,1.22,1.22
塩沢ダム,2026-10-01T11:00,528.61,0.053,0.41,0.4
塩沢ダム,2026-10-01T12:00,528.61,0.053,0.41,0.4
塩沢ダム,2026-10-01T13:00,528.61,0.053,0.41,0.4
塩沢ダム,2026-10-01T14:00,528.61,0.053,0.41,0.4
塩沢ダム,2026-10-01T15:00,528.61,0.053,0.41,0.4
塩沢ダム,2026-10-01T16:00,528.67,0.054,0.36,0.05
塩沢ダム,2026-10-01T17:00,528.75,0.055,0.34,0.05
塩沢ダム,2026-10-01T18:00,528.83,0.056,0.34,0.05
塩沢ダム,2026-10-01T19:00,528.91,0.057,0.34,0.05
塩沢ダム,2026-10-01T20:00,528.99,0.058,0.32,0.05
塩沢ダム,2026-10-01T21:00,529.07,0.059,0.36,0.05
塩沢ダム,2026-10-01T22:00,529.14,0.06,0.38,0.05
大仁田ダム,2026-10-01T11:00,679.26,0.051,0.57,0.57
大仁田ダム,2026-10-01T12:00,679.26,0.051,0.57,0.57
大仁田ダム,2026-10-01T13:00,679.26,0.051,0.57,0.57
大仁田ダム,2026-10-01T14:00,679.26,0.051,0.57,0.57
大仁田ダム,2026-10-01T15:00,679.26,0.051,0.57,0.57
大仁田ダム,2026-10-01T16:00,679.26,0.051,0.57,0.57
大仁田ダム,2026-10-01T17:00,679.26,0.051,0.57,0.57
大仁田ダム,2026-10-01T18:00,679.26,0.051,0.57,0.57
大仁田ダム,2026-10-01T19:00,679.26,0.051,0.57,0.57
大仁田ダム,2026-10-01T20:00,679.26,0.051,0.57,0.57
大仁田ダム,2026-10-01T21:00,679.26,0.051,0.57,0.57
大仁田ダム,2026-10-01T22:00,679.26,0.051,0.57,0.57
桐生川ダム,2026-10-01T11:00,243.14,4.005,3.55,3.51
桐生川ダム,2026-10-01T12:00,243.14,4.005,3.55,3.51
桐生川ダム,2026-10-01T13:00,243.14,4.005,3.55,3.51
桐生川ダム,2026-10-01T14:00,243.14,4.005,3.55,3.51
桐生川ダム,2026-10-01T15:00,243.14,4.005,3.55,3.52
桐生川ダム,2026-10-01T16:00,243.14,4.005,3.55,3.51
桐生川ダム,2026-10-01T17:00,243.13,4.001,3.4,3.43
桐生川ダム,2026-10-01T18:00,243.13,4.001,3.4,3.43
桐生川ダム,2026-10-01T19:00,243.13,4.001,3.4,3.44
桐生川ダム,2026-10-01T20:00,243.13,4.001,3.4,3.43
桐生川ダム,2026-10-01T21:00,243.13,4.001,3.4,3.43
桐生川ダム,2026-10-01T22:00,243.13,4.001,3.4,3.44
道平川ダム,2026-10-01T11:00,459.45,1.751,0.9,0.91
道平川ダム,2026-10-01T12:00,459.45,1.751,0.91,0.91
道平川ダム,2026-10-01T13:00,459.45,1.751,0.91,0.91
道平川ダム,2026-10-01T14:00,459.45,1.751,0.91,0.91
道平川ダム,2026-10-01T15:00,459.45,1.751,0.91,0.91
道平川ダム,2026-10-01T16:00,459.45,1.751,0.91,0.91
道平川ダム,2026-10-01T17:00,459.45,1.751,0.91,0.91
道平川ダム,2026-10-01T18:00,459.45,1.751,0.91,0.91
道平川ダム,2026-10-01T19:00,459.45,1.751,0.91,0.91
道平川ダム,2026-10-01T20:00,459.45,1.751,0.91,0.91
道平川ダム,2026-10-01T21:00,459.45,1.751,0.91,0.91
道平川ダム,2026-10-01T22:00,459.45,1.751,0.91,0.91
霧積ダム,2026-10-01T11:00,599.55,0.658,1.69,1.69
霧積ダム,2026-10-01T12:00,599.55,0.658,1.69,1.69
霧積ダム,2026-10-01T13:00,599.55,0.658,1.69,1.69
霧積ダム,2026-10-01T14:00,599.55,0.658,1.69,1.6
霧積ダム,2026-10-01T15:00,599.55,0.658,1.69,1.38
霧積ダム,2026-10-01T16:00,599.55,0.658,1.61,1.38
霧積ダム,2026-10-01T17:00,599.55,0.658,1.61,1.38
霧積ダム,2026-10-01T18:00,599.54,0.657,1.56,1.38
霧積ダム,2026-10-01T19:00,599.54,0.657,1.56,1.37
霧積ダム,2026-10-01T20:00,599.54,0.657,1.56,1.37
霧積ダム,2026-10-01T21:00,599.54,0.657,1.38,1.37
霧積ダム,2026-10-01T22:00,599.54,0.657,1.38,1.37
四万川ダム,2026-10-01T23:00,728.68,1.275,2.02,2.13
四万川ダム,2026-10-02T00:00,728.67,1.273,1.97,2.1
四万川ダム,2026-10-02T01:00,728.67,1.273,1.97,2.11
四万川ダム,2026-10-02T02:00,728.67,1.273,1.97,2.1
四万川ダム,2026-10-02T03:00,728.66,1.272,1.98,2.08
四万川ダム,2026-10-02T04:00,728.66,1.272,1.98,2.08
坂本ダム,2026-10-01T23:00,520.59,0.505,1.22,1.22
坂本ダム,2026-10-02T00:00,520.59,0.505,1.22,1.22
坂本ダム,2026-10-02T01:00,520.59,0.505,1.22,1.22
坂本ダム,2026-10-02T02:00,520.59,0.505,1.22,1.22
坂本ダム,2026-10-02T03:00,520.59,0.505,1.22,1.22
坂本ダム,2026-10-02T04:00,520.59,0.505,1.22,1.22
塩沢ダム,2026-10-01T23:00,529.22,0.061,0.36,0.05
塩沢ダム,2026-10-02T00:00,529.29,0.062,0.36,0.05
塩沢ダム,2026-10-02T01:00,529.37,0.063,0.36,0.05
塩沢ダム,2026-10-02T02:00,529.44,0.064,0.34,0.05
塩沢ダム,2026-10-02T03:00,529.51,0.065,0.34,0.05
塩沢ダム,2026-10-02T04:00,529.58,0.066,0.34,0.05
大仁田ダム,2026-10-01T23:00,679.26,0.051,0.57,0.57
大仁田ダム,2026-10-02T00:00,679.25,0.051,0.52,0.54
大仁田ダム,2026-10-02T01:00,679.25,0.051,0.54,0.54
大仁田ダム,2026-10-02T02:00,679.25,0.051,0.54,0.54
大仁田ダム,2026-10-02T03:00,679.25,0.051,0.54,0.54
大仁田ダム,2026-10-02T04:00,679.25,0.051,0.54,0.54
桐生川ダム,2026-10-01T23:00,243.13,4.001,3.4,3.43
桐生川ダム,2026-10-02T00:00,243.12,3.998,3.28,3.36
桐生川ダム,2026-10-02T01:00,243.12,3.998,3.28,3.36
桐生川ダム,2026-10-02T02:00,243.12,3.998,3.28,3.36
桐生川ダム,2026-10-02T03:00,243.12,3.998,3.28,3.35
桐生川ダム,2026-10-02T04:00,243.12,3.998,3.28,3.35
道平川ダム,2026-10-01T23:00,459.45,1.751,0.91,0.91
道平川ダム,2026-10-02T00:00,459.45,1.751,0.91,0.91
道平川ダム,2026-10-02T01:00,459.44,1.749,0.9,0.88
道平川ダム,2026-10-02T02:00,459.44,1.749,0.9,0.88
道平川ダム,2026-10-02T03:00,459.44,1.749,0.9,0.88
道平川ダム,2026-10-02T04:00,459.44,1.749,0.9,0.88
霧積ダム,2026-10-01T23:00,599.54,0.657,1.38,1.37
霧積ダム,2026-10-02T00:00,599.55,0.658,1.38,1.38
霧積ダム,2026-10-02T01:00,599.55,0.658,1.38,1.37
霧積ダム,2026-10-02T02:00,599.55,0.658,1.38,1.38
霧積ダム,2026-10-02T03:00,599.55,0.658,1.37,1.38
霧積ダム,2026-10-02T04:00,599.55,0.658,1.37,1.38
四万川ダム,2026-10-02T05:00,728.65,1.271,1.94,2.08
四万川ダム,2026-10-02T06:00,728.65,1.271,1.94,2.06
四万川ダム,2026-10-02T07:00,728.65,1.271,1.94,2.07
四万川ダム,2026-10-02T08:00,728.64,1.27,1.93,2.02
四万川ダム,2026-10-02T09:00,728.64,1.27,1.93,2.04
四万川ダム,2026-10-02T10:00,728.63,1.269,1.88,2.03
坂本ダム,2026-10-02T05:00,520.59,0.505,1.22,1.22
坂本ダム,2026-10-02T06:00,520.59,0.505,1.22,1.22
坂本ダム,2026-10-02T07:00,520.59,0.505,1.22,1.22
坂本ダム,2026-10-02T08:00,520.59,0.505,1.22,1.22
坂本ダム,2026-10-02T09:00,520.59,0.505,1.22,1.22
坂本ダム,2026-10-02T10:00,520.59,0.505,1.22,1.22
塩沢ダム,2026-10-02T05:00,529.65,0.068,0.34,0.05
塩沢ダム,2026-10-02T06:00,529.72,0.069,0.34,0.05
塩沢ダム,2026-10-02T07:00,529.79,0.07,0.32,0.05
塩沢ダム,2026-10-02T08:00,529.86,0.071,0.32,0.05
塩沢ダム,2026-10-02T09:00,529.93,0.072,0.32,0.05
塩沢ダム,2026-10-02T10:00,529.99,0.073,0.32,0.05
大仁田ダム,2026-10-02T05:00,679.25,0.051,0.54,0.54
大仁田ダム,2026-10-02T06:00,679.25,0.051,0.54,0.54
大仁田ダム,2026-10-02T07:00,679.25,0.051,0.54,0.54
大仁田ダム,2026-10-02T08:00,679.25,0.051,0.54,0.54
大仁田ダム,2026-10-02T09:00,679.25,0.051,0.54,0.54
大仁田ダム,2026-10-02T10:00,679.25,0.051,0.54,0.54
桐生川ダム,2026-10-02T05:00,243.12,3.998,3.28,3.36
桐生川ダム,2026-10-02T06:00,243.11,3.994,3.2,3.29
桐生川ダム,2026-10-02T07:00,243.11,3.994,3.2,3.28
桐生川ダム,2026-10-02T08:00,243.11,3.994,3.2,3.29
桐生川ダム,2026-10-02T09:00,243.11,3.994,3.2,3.28
桐生川ダム,2026-10-02T10:00,243.11,3.994,3.2,3.28
道平川ダム,2026-10-02T05:00,459.44,1.749,0.9,0.88
道平川ダム,2026-10-02T06:00,459.44,1.749,0.9,0.88
道平川ダム,2026-10-02T07:00,459.44,1.749,0.9,0.88
道平川ダム,2026-10-02T08:00,459.44,1.749,0.9,0.88
道平川ダム,2026-10-02T09:00,459.43,1.748,0.84,0.85
道平川ダム,2026-10-02T10:00,459.43,1.748,0.84,0.85
霧積ダム,2026-10-02T05:00,599.55,0.658,1.37,1.38
霧積ダム,2026-10-02T06:00,599.55,0.658,1.37,1.37
霧積ダム,2026-10-02T07:00,599.55,0.658,1.37,1.37
霧積ダム,2026-10-02T08:00,599.55,0.658,1.37,1.38
霧積ダム,2026-10-02T09:00,599.55,0.658,1.38,1.38
霧積ダム,2026-10-02T10:00,599.55,0.658,1.38,1.37
四万川ダム,2026-10-02T11:00,728.62,1.267,1.88,2.49
四万川ダム,2026-10-02T12:00,728.6,1.265,1.73,2.43
四万川ダム,2026-10-02T13:00,728.58,1.262,1.8,2.39
四万川ダム,2026-10-02T14:00,728.56,1.26,1.74,2.23
四万川ダム,2026-10-02T15:00,728.55,1.259,1.47,2.21
四万川ダム,2026-10-02T16:00,728.53,1.256,1.57,1.82
四万川ダム,2026-10-02T17:00,728.53,1.256,1.57,1.65
四万川ダム,2026-10-02T18:00,728.53,1.256,1.57,1.65
四万川ダム,2026-10-02T19:00,728.53,1.256,1.57,1.65
四万川ダム,2026-10-02T20:00,728.53,1.256,1.57,1.63
四万川ダム,2026-10-02T21:00,728.53,1.256,1.57,1.65
四万川ダム,2026-10-02T22:00,728.53,1.256,1.57,1.66
坂本ダム,2026-10-02T11:00,520.59,0.505,1.2,1.2
坂本ダム,2026-10-02T12:00,520.58,0.505,0.93,1.1
坂本ダム,2026-10-02T13:00,520.58,0.505,1.04,1.04
坂本ダム,2026-10-02T14:00,520.58,0.505,1.04,1.04
坂本ダム,2026-10-02T15:00,520.58,0.505,1.04,1.04
坂本ダム,2026-10-02T16:00,520.58,0.505,1.04,1.04
坂本ダム,2026-10-02T17:00,520.58,0.505,1.04,1.04
坂本ダム,2026-10-02T18:00,520.58,0.505,1.04,1.04
坂本ダム,2026-10-02T19:00,520.58,0.505,1.04,1.04
坂本ダム,2026-10-02T20:00,520.58,0.505,1.04,1.04
坂本ダム,2026-10-02T21:00,520.58,0.505,1.04,1.04
坂本ダム,2026-10-02T22:00,520.58,0.505,1.04,1.04
塩沢ダム,2026-10-02T11:00,530.06,0.074,0.35,0.05
塩沢ダム,2026-10-02T12:00,530.12,0.075,0.32,0.05
塩沢ダム,2026-10-02T13:00,530.19,0.076,0.34,0.05
塩沢ダム,2026-10-02T14:00,530.25,0.077,0.35,0.05
塩沢ダム,2026-10-02T15:00,530.31,0.078,0.32,0.05
塩沢ダム,2026-10-02T16:00,530.37,0.079,0.32,0.05
塩沢ダム,2026-10-02T17:00,530.44,0.08,0.32,0.05
塩沢ダム,2026-10-02T18:00,530.49,0.081,0.32,0.05
塩沢ダム,2026-10-02T19:00,530.55,0.082,0.32,0.05
塩沢ダム,2026-10-02T20:00,530.61,0.083,0.32,0.05
塩沢ダム,2026-10-02T21:00,530.67,0.084,0.3,0.05
塩沢ダム,2026-10-02T22:00,530.73,0.085,0.32,0.05
大仁田ダム,2026-10-02T11:00,679.25,0.051,0.54,0.54
大仁田ダム,2026-10-02T12:00,679.25,0.051,0.54,0.54
大仁田ダム,2026-10-02T13:00,679.25,0.051,0.54,0.54
大仁田ダム,2026-10-02T14:00,679.25,0.051,0.54,0.54
大仁田ダム,2026-10-02T15:00,679.24,0.051,0.47,0.51
大仁田ダム,2026-10-02T16:00,679.24,0.051,0.51,0.51
大仁田ダム,2026-10-02T17:00,679.24,0.051,0.51,0.51
大仁田ダム,2026-10-02T18:00,679.24,0.051,0.51,0.51
大仁田ダム,2026-10-02T19:00,679.24,0.051,0.51,0.51
大仁田ダム,2026-10-02T20:00,679.24,0.051,0.51,0.51
大仁田ダム,2026-10-02T21:00,679.24,0.051,0.51,0.51
大仁田ダム,2026-10-02T22:00,679.24,0.051,0.51,0.51
桐生川ダム,2026-10-02T11:00,243.1,3.99,3.1,3.2
桐生川ダム,2026-10-02T12:00,243.1,3.99,3.1,3.19
桐生川ダム,2026-10-02T13:00,243.1,3.99,3.1,3.2
桐生川ダム,2026-10-02T14:00,243.1,3.99,3.1,3.2
桐生川ダム,2026-10-02T15:00,243.1,3.99,3.1,3.2
桐生川ダム,2026-10-02T16:00,243.09,3.987,2.99,3.13
桐生川ダム,2026-10-02T17:00,243.09,3.987,2.99,3.11
桐生川ダム,2026-10-02T18:00,243.09,3.987,2.99,3.12
桐生川ダム,2026-10-02T19:00,243.09,3.987,2.99,3.12
桐生川ダム,2026-10-02T20:00,243.09,3.987,2.99,3.12
桐生川ダム,2026-10-02T21:00,243.08,3.983,2.91,3.04
桐生川ダム,2026-10-02T22:00,243.08,3.983,2.91,3.05
道平川ダム,2026-10-02T11:00,459.43,1.748,0.84,0.85
道平川ダム,2026-10-02T12:00,459.43,1.748,0.84,0.85
道平川ダム,2026-10-02T13:00,459.43,1.748,0.84,0.85
道平川ダム,2026-10-02T14:00,459.43,1.748,0.84,0.85
道平川ダム,2026-10-02T15:00,459.42,1.747,0.8,0.82
道平川ダム,2026-10-02T16:00,459.42,1.747,0.8,0.82
道平川ダム,2026-10-02T17:00,459.42,1.747,0.8,0.82
道平川ダム,2026-10-02T18:00,459.42,1.747,0.8,0.82
道平川ダム,2026-10-02T19:00,459.42,1.747,0.8,0.82
道平川ダム,2026-10-02T20:00,459.42,1.747,0.8,0.82
道平川ダム,2026-10-02T21:00,459.42,1.747,0.8,0.82
道平川ダム,2026-10-02T22:00,459.42,1.747,0.8,0.82
霧積ダム,2026-10-02T11:00,599.55,0.658,1.38,1.37
霧積ダム,2026-10-02T12:00,599.55,0.658,1.37,1.37
霧積ダム,2026-10-02T13:00,599.55,0.658,1.37,1.37
霧積ダム,2026-10-02T14:00,599.55,0.658,1.37,1.37
霧積ダム,2026-10-02T15:00,599.55,0.658,1.37,1.36
霧積ダム,2026-10-02T16:00,599.54,0.657,1.36,1.35
霧積ダム,2026-10-02T17:00,599.54,0.657,1.36,1.36
霧積ダム,2026-10-02T18:00,599.55,0.658,1.4,1.06
霧積ダム,2026-10-02T19:00,599.55,0.658,1.4,1.06
霧積ダム,2026-10-02T20:00,599.56,0.659,1.24,1.07
霧積ダム,2026-10-02T21:00,599.57,0.66,1.24,1.06
霧積ダム,2026-10-02T22:00,599.58,0.661,1.24,1.06
四万川ダム,2026-10-02T23:00,728.53,1.256,1.57,1.66
四万川ダム,2026-10-03T00:00,728.53,1.256,1.57,1.62
四万川ダム,2026-10-03T01:00,728.53,1.256,1.57,1.64
四万川ダム,2026-10-03T02:00,728.53,1.256,1.57,1.66
四万川ダム,2026-10-03T03:00,728.53,1.256,1.57,1.65
四万川ダム,2026-10-03T04:00,728.53,1.256,1.57,1.66
坂本ダム,2026-10-02T23:00,520.58,0.505,1.04,1.04
坂本ダム,2026-10-03T00:00,520.58,0.505,1.04,1.04
坂本ダム,2026-10-03T01:00,520.58,0.505,1.04,1.04
坂本ダム,2026-10-03T02:00,520.58,0.505,1.04,1.04
坂本ダム,2026-10-03T03:00,520.58,0.505,1.04,1.04
坂本ダム,2026-10-03T04:00,520.58,0.505,1.04,1.04
塩沢ダム,2026-10-02T23:00,530.78,0.085,0.3,0.05
塩沢ダム,2026-10-03T00:00,530.84,0.086,0.3,0.05
塩沢ダム,2026-10-03T01:00,530.9,0.087,0.3,0.05
塩沢ダム,2026-10-03T02:00,530.95,0.088,0.3,0.05
塩沢ダム,2026-10-03T03:00,531.0,0.089,0.3,0.05
塩沢ダム,2026-10-03T04:00,531.06,0.09,0.32,0.05
大仁田ダム,2026-10-02T23:00,679.24,0.051,0.51,0.51
大仁田ダム,2026-10-03T00:00,679.24,0.051,0.51,0.51
大仁田ダム,2026-10-03T01:00,679.24,0.051,0.51,0.51
大仁田ダム,2026-10-03T02:00,679.24,0.051,0.51,0.51
大仁田ダム,2026-10-03T03:00,679.24,0.051,0.51,0.51
大仁田ダム,2026-10-03T04:00,679.24,0.051,0.51,0.51
桐生川ダム,2026-10-02T23:00,243.08,3.983,2.91,3.05
桐生川ダム,2026-10-03T00:00,243.08,3.983,2.91,3.05
桐生川ダム,2026-10-03T01:00,243.08,3.983,2.91,3.05
桐生川ダム,2026-10-03T02:00,243.07,3.98,2.86,2.99
桐生川ダム,2026-10-03T03:00,243.07,3.98,2.86,2.99
桐生川ダム,2026-10-03T04:00,243.07,3.98,2.86,2.99
道平川ダム,2026-10-02T23:00,459.41,1.746,0.78,0.79
道平川ダム,2026-10-03T00:00,459.41,1.746,0.78,0.79
道平川ダム,2026-10-03T01:00,459.41,1.746,0.78,0.79
道平川ダム,2026-10-03T02:00,459.41,1.746,0.78,0.79
道平川ダム,2026-10-03T03:00,459.41,1.746,0.78,0.79
道平川ダム,2026-10-03T04:00,459.41,1.746,0.78,0.79
霧積ダム,2026-10-02T23:00,599.58,0.661,1.24,1.07
霧積ダム,2026-10-03T00:00,599.59,0.662,1.24,1.07
霧積ダム,2026-10-03T01:00,599.6,0.663,1.23,1.06
霧積ダム,2026-10-03T02:00,599.6,0.663,1.23,1.06
霧積ダム,2026-10-03T03:00,599.61,0.663,1.22,1.06
霧積ダム,2026-10-03T04:00,599.61,0.663,1.22,1.07
四万川ダム,2026-10-03T05:00,728.53,1.256,1.57,1.65
四万川ダム,2026-10-03T06:00,728.53,1.256,1.57,1.65
四万川ダム,2026-10-03T07:00,728.53,1.256,1.57,1.64
四万川ダム,2026-10-03T08:00,728.53,1.256,1.57,1.66
四万川ダム,2026-10-03T09:00,728.53,1.256,1.57,1.64
四万川ダム,2026-10-03T10:00,728.52,1.255,1.64,1.63
坂本ダム,2026-10-03T05:00,520.58,0.505,1.04,1.04
坂本ダム,2026-10-03T06:00,520.58,0.505,1.04,1.04
坂本ダム,2026-10-03T07:00,520.58,0.505,1.04,1.04
坂本ダム,2026-10-03T08:00,520.58,0.505,1.04,1.04
坂本ダム,2026-10-03T09:00,520.58,0.505,1.04,1.04
坂本ダム,2026-10-03T10:00,520.58,0.505,1.04,1.04
塩沢ダム,2026-10-03T05:00,531.11,0.091,0.32,0.05
塩沢ダム,2026-10-03T06:00,531.16,0.092,0.3,0.05
塩沢ダム,2026-10-03T07:00,531.21,0.093,0.3,0.05
塩沢ダム,2026-10-03T08:00,531.27,0.094,0.32,0.05
塩沢ダム,2026-10-03T09:00,531.32,0.095,0.32,0.05
塩沢ダム,2026-10-03T10:00,531.37,0.096,0.28,0.05
大仁田ダム,2026-10-03T05:00,679.24,0.051,0.51,0.51
大仁田ダム,2026-10-03T06:00,679.24,0.051,0.51,0.51
大仁田ダム,2026-10-03T07:00,679.23,0.051,0.44,0.48
大仁田ダム,2026-10-03T08:00,679.23,0.051,0.48,0.48
大仁田ダム,2026-10-03T09:00,679.23,0.051,0.48,0.48
大仁田ダム,2026-10-03T10:00,679.23,0.051,0.48,0.48
桐生川ダム,2026-10-03T05:00,243.07,3.98,2.86,2.98
桐生川ダム,2026-10-03T06:00,243.07,3.98,2.86,2.98
桐生川ダム,2026-10-03T07:00,243.06,3.976,2.79,2.92
桐生川ダム,2026-10-03T08:00,243.06,3.976,2.79,2.92
桐生川ダム,2026-10-03T09:00,243.06,3.976,2.79,2.93
桐生川ダム,2026-10-03T10:00,243.06,3.976,2.79,2.92
道平川ダム,2026-10-03T05:00,459.41,1.746,0.78,0.79
道平川ダム,2026-10-03T06:00,459.41,1.746,0.78,0.79
道平川ダム,2026-10-03T07:00,459.41,1.746,0.78,0.79
道平川ダム,2026-10-03T08:00,459.4,1.745,0.76,0.77
道平川ダム,2026-10-03T09:00,459.4,1.745,0.76,0.77
道平川ダム,2026-10-03T10:00,459.4,1.745,0.76,0.77
霧積ダム,2026-10-03T05:00,599.62,0.664,1.22,1.07
霧積ダム,2026-10-03T06:00,599.63,0.665,1.21,1.07
霧積ダム,2026-10-03T07:00,599.63,0.665,1.21,1.07
霧積ダム,2026-10-03T08:00,599.64,0.666,1.21,1.06
霧積ダム,2026-10-03T09:00,599.64,0.666,1.21,1.07
霧積ダム,2026-10-03T10:00,599.65,0.667,1.21,1.06
四万川ダム,2026-10-03T11:00,728.52,1.255,1.64,1.63
四万川ダム,2026-10-03T12:00,728.52,1.255,1.64,1.6
四万川ダム,2026-10-03T13:00,728.52,1.255,1.64,1.63
四万川ダム,2026-10-03T14:00,728.52,1.255,1.64,1.63
四万川ダム,2026-10-03T15:00,728.51,1.254,1.56,1.61
四万川ダム,2026-10-03T16:00,728.51,1.254,1.56,1.6
四万川ダム,2026-10-03T17:00,728.51,1.254,1.56,1.6
四万川ダム,2026-10-03T18:00,728.51,1.254,1.56,1.61
四万川ダム,2026-10-03T19:00,728.5,1.253,1.53,1.59
四万川ダム,2026-10-03T20:00,728.5,1.253,1.53,1.58
坂本ダム,2026-10-03T11:00,520.58,0.505,1.04,1.04
坂本ダム,2026-10-03T12:00,520.58,0.505,1.04,1.04
坂本ダム,2026-10-03T13:00,520.58,0.505,1.04,1.04
坂本ダム,2026-10-03T14:00,520.58,0.505,1.04,1.04
坂本ダム,2026-10-03T15:00,520.58,0.505,1.04,1.04
坂本ダム,2026-10-03T16:00,520.58,0.505,1.04,1.04
坂本ダム,2026-10-03T17:00,520.58,0.505,1.04,1.04
坂本ダム,2026-10-03T18:00,520.58,0.505,1.04,1.04
坂本ダム,2026-10-03T19:00,520.58,0.505,1.04,1.04
坂本ダム,2026-10-03T20:00,520.58,0.505,1.04,1.04
塩沢ダム,2026-10-03T11:00,531.42,0.097,0.3,0.05
塩沢ダム,2026-10-03T12:00,531.46,0.097,0.28,0.05
塩沢ダム,2026-10-03T13:00,531.51,0.098,0.28,0.05
塩沢ダム,2026-10-03T14:00,531.56,0.099,0.3,0.05
塩沢ダム,2026-10-03T15:00,531.61,0.1,0.28,0.05
塩沢ダム,2026-10-03T16:00,531.65,0.101,0.28,0.05
塩沢ダム,2026-10-03T17:00,531.7,0.102,0.28,0.05
塩沢ダム,2026-10-03T18:00,531.74,0.102,0.28,0.05
塩沢ダム,2026-10-03T19:00,531.79,0.103,0.28,0.05
塩沢ダム,2026-10-03T20:00,531.84,0.104,0.28,0.05
大仁田ダム,2026-10-03T11:00,679.23,0.051,0.48,0.48
大仁田ダム,2026-10-03T12:00,679.23,0.051,0.48,0.48
大仁田ダム,2026-10-03T13:00,679.23,0.051,0.48,0.48
大仁田ダム,2026-10-03T14:00,679.23,0.051,0.48,0.48
大仁田ダム,2026-10-03T15:00,679.23,0.051,0.48,0.48
大仁田ダム,2026-10-03T16:00,679.23,0.051,0.48,0.48
大仁田ダム,2026-10-03T17:00,679.23,0.051,0.48,0.48
大仁田ダム,2026-10-03T18:00,679.23,0.051,0.48,0.48
大仁田ダム,2026-10-03T19:00,679.23,0.051,0.48,0.48
大仁田ダム,2026-10-03T20:00,679.23,0.051,0.48,0.48
桐生川ダム,2026-10-03T11:00,243.05,3.973,2.68,2.85
桐生川ダム,2026-10-03T12:00,243.05,3.973,2.68,2.85
桐生川ダム,2026-10-03T13:00,243.05,3.973,2.68,2.85
桐生川ダム,2026-10-03T14:00,243.05,3.973,2.68,2.84
桐生川ダム,2026-10-03T15:00,243.05,3.973,2.68,2.85
桐生川ダム,2026-10-03T16:00,243.04,3.969,2.63,2.78
桐生川ダム,2026-10-03T17:00,243.04,3.969,2.63,2.78
桐生川ダム,2026-10-03T18:00,243.04,3.969,2.63,2.78
桐生川ダム,2026-10-03T19:00,243.04,3.969,2.63,2.78
桐生川ダム,2026-10-03T20:00,243.04,3.969,2.63,2.78
道平川ダム,2026-10-03T11:00,459.4,1.745,0.76,0.77
道平川ダム,2026-10-03T12:00,459.4,1.745,0.76,0.77
道平川ダム,2026-10-03T13:00,459.4,1.745,0.76,0.77
道平川ダム,2026-10-03T14:00,459.4,1.745,0.76,0.77
道平川ダム,2026-10-03T15:00,459.4,1.745,0.76,0.77
道平川ダム,2026-10-03T16:00,459.4,1.745,0.76,0.77
道平川ダム,2026-10-03T17:00,459.39,1.744,0.74,0.74
道平川ダム,2026-10-03T18:00,459.39,1.744,0.74,0.74
道平川ダム,2026-10-03T19:00,459.39,1.744,0.74,0.74
道平川ダム,2026-10-03T20:00,459.39,1.744,0.74,0.74
霧積ダム,2026-10-03T11:00,599.66,0.668,1.23,1.1
霧積ダム,2026-10-03T12:00,599.66,0.668,1.23,1.07
霧積ダム,2026-10-03T13:00,599.67,0.669,1.25,1.08
霧積ダム,2026-10-03T14:00,599.68,0.67,1.26,1.07
霧積ダム,2026-10-03T15:00,599.68,0.67,1.26,1.07
霧積ダム,2026-10-03T16:00,599.69,0.671,1.23,1.06
霧積ダム,2026-10-03T17:00,599.69,0.671,1.23,1.07
霧積ダム,2026-10-03T18:00,599.7,0.672,1.22,1.07
霧積ダム,2026-10-03T19:00,599.7,0.672,1.22,1.06
霧積ダム,2026-10-03T20:00,599.71,0.673,1.23,1.07
四万川ダム,2026-10-03T21:00,728.5,1.253,1.53,1.6
四万川ダム,2026-10-03T22:00,728.5,1.253,1.53,1.58
四万川ダム,2026-10-03T23:00,728.49,1.251,1.49,1.57
四万川ダム,2026-10-04T00:00,728.49,1.251,1.49,1.6
四万川ダム,2026-10-04T01:00,728.49,1.251,1.49,1.6
四万川ダム,2026-10-04T02:00,728.49,1.251,1.49,1.59
四万川ダム,2026-10-04T03:00,728.48,1.25,1.5,1.59
坂本ダム,2026-10-03T21:00,520.58,0.505,1.04,1.04
坂本ダム,2026-10-03T22:00,520.58,0.505,1.04,1.04
坂本ダム,2026-10-03T23:00,520.58,0.505,1.04,1.04
坂本ダム,2026-10-04T00:00,520.58,0.505,1.04,1.04
坂本ダム,2026-10-04T01:00,520.58,0.505,1.04,1.04
坂本ダム,2026-10-04T02:00,520.58,0.505,1.04,1.04
坂本ダム,2026-10-04T03:00,520.58,0.505,1.04,1.04
塩沢ダム,2026-10-03T21:00,531.88,0.105,0.26,0.05
塩沢ダム,2026-10-03T22:00,531.92,0.105,0.28,0.05
塩沢ダム,2026-10-03T23:00,531.97,0.106,0.28,0.05
塩沢ダム,2026-10-04T00:00,532.01,0.107,0.28,0.05
塩沢ダム,2026-10-04T01:00,532.06,0.108,0.29,0.05
塩沢ダム,2026-10-04T02:00,532.1,0.109,0.28,0.05
塩沢ダム,2026-10-04T03:00,532.14,0.11,0.28,0.05
大仁田ダム,2026-10-03T21:00,679.23,0.051,0.48,0.48
大仁田ダム,2026-10-03T22:00,679.22,0.051,0.41,0.46
大仁田ダム,2026-10-03T23:00,679.22,0.051,0.46,0.46
大仁田ダム,2026-10-04T00:00,679.22,0.051,0.46,0.46
大仁田ダム,2026-10-04T01:00,679.22,0.051,0.46,0.46
大仁田ダム,2026-10-04T02:00,679.22,0.051,0.46,0.46
大仁田ダム,2026-10-04T03:00,679.22,0.051,0.46,0.46
桐生川ダム,2026-10-03T21:00,243.03,3.965,2.58,2.71
桐生川ダム,2026-10-03T22:00,243.03,3.965,2.58,2.71
桐生川ダム,2026-10-03T23:00,243.03,3.965,2.58,2.72
桐生川ダム,2026-10-04T00:00,243.03,3.965,2.58,2.72
桐生川ダム,2026-10-04T01:00,243.02,3.962,2.48,2.64
桐生川ダム,2026-10-04T02:00,243.02,3.962,2.48,2.65
桐生川ダム,2026-10-04T03:00,243.02,3.962,2.48,2.65
道平川ダム,2026-10-03T21:00,459.39,1.744,0.74,0.74
道平川ダム,2026-10-03T22:00,459.39,1.744,0.74,0.74
道平川ダム,2026-10-03T23:00,459.39,1.744,0.74,0.74
道平川ダム,2026-10-04T00:00,459.39,1.744,0.74,0.74
道平川ダム,2026-10-04T01:00,459.39,1.744,0.74,0.74
道平川ダム,2026-10-04T02:00,459.39,1.744,0.74,0.74
道平川ダム,2026-10-04T03:00,459.39,1.744,0.74,0.74
霧積ダム,2026-10-03T21:00,599.72,0.674,1.23,1.08
霧積ダム,2026-10-03T22:00,599.72,0.674,1.23,1.07
霧積ダム,2026-10-03T23:00,599.73,0.675,1.23,1.07
霧積ダム,2026-10-04T00:00,599.73,0.675,1.23,1.07
霧積ダム,2026-10-04T01:00,599.74,0.676,1.23,1.07
霧積ダム,2026-10-04T02:00,599.75,0.677,1.22,1.08
霧積ダム,2026-10-04T03:00,599.75,0.677,1.22,1.08
四万川ダム,2026-10-04T04:00,728.48,1.25,1.5,1.59
四万川ダム,2026-10-04T05:00,728.48,1.25,1.5,1.61
四万川ダム,2026-10-04T06:00,728.47,1.249,1.48,1.57
四万川ダム,2026-10-04T07:00,728.47,1.249,1.48,1.59
四万川ダム,2026-10-04T08:00,728.47,1.249,1.48,1.59
四万川ダム,2026-10-04T09:00,728.46,1.248,1.46,1.56
四万川ダム,2026-10-04T10:00,728.46,1.248,1.46,1.56
坂本ダム,2026-10-04T04:00,520.58,0.505,1.04,1.04
坂本ダム,2026-10-04T05:00,520.58,0.505,1.04,1.04
坂本ダム,2026-10-04T06:00,520.58,0.505,1.04,1.04
坂本ダム,2026-10-04T07:00,520.58,0.505,1.04,1.04
坂本ダム,2026-10-04T08:00,520.58,0.505,1.04,1.04
坂本ダム,2026-10-04T09:00,520.58,0.505,1.04,1.04
坂本ダム,2026-10-04T10:00,520.58,0.505,1.04,1.04
塩沢ダム,2026-10-04T04:00,532.18,0.11,0.28,0.05
塩沢ダム,2026-10-04T05:00,532.23,0.111,0.28,0.05
塩沢ダム,2026-10-04T06:00,532.27,0.112,0.28,0.05
塩沢ダム,2026-10-04T07:00,532.31,0.113,0.26,0.05
塩沢ダム,2026-10-04T08:00,532.35,0.114,0.26,0.05
塩沢ダム,2026-10-04T09:00,532.39,0.114,0.26,0.05
塩沢ダム,2026-10-04T10:00,532.43,0.115,0.26,0.05
大仁田ダム,2026-10-04T04:00,679.22,0.051,0.46,0.46
大仁田ダム,2026-10-04T05:00,679.22,0.051,0.46,0.46
大仁田ダム,2026-10-04T06:00,679.22,0.051,0.46,0.46
大仁田ダム,2026-10-04T07:00,679.22,0.051,0.46,0.46
大仁田ダム,2026-10-04T08:00,679.22,0.051,0.46,0.46
大仁田ダム,2026-10-04T09:00,679.22,0.051,0.46,0.46
大仁田ダム,2026-10-04T10:00,679.22,0.051,0.46,0.46
桐生川ダム,2026-10-04T04:00,243.02,3.962,2.48,2.65
桐生川ダム,2026-10-04T05:00,243.02,3.962,2.48,2.65
桐生川ダム,2026-10-04T06:00,243.01,3.958,2.44,2.59
桐生川ダム,2026-10-04T07:00,243.01,3.958,2.44,2.59
桐生川ダム,2026-10-04T08:00,243.01,3.958,2.44,2.59
桐生川ダム,2026-10-04T09:00,243.01,3.958,2.44,2.59
桐生川ダム,2026-10-04T10:00,243.0,3.955,2.38,2.52
道平川ダム,2026-10-04T04:00,459.39,1.744,0.74,0.74
道平川ダム,2026-10-04T05:00,459.39,1.744,0.74,0.74
道平川ダム,2026-10-04T06:00,459.39,1.744,0.74,0.74
道平川ダム,2026-10-04T07:00,459.39,1.744,0.74,0.74
道平川ダム,2026-10-04T08:00,459.38,1.743,0.72,0.71
道平川ダム,2026-10-04T09:00,459.38,1.743,0.72,0.71
道平川ダム,2026-10-04T10:00,459.38,1.743,0.72,0.71
霧積ダム,2026-10-04T04:00,599.76,0.678,1.22,1.08
霧積ダム,2026-10-04T05:00,599.76,0.678,1.22,1.08
霧積ダム,2026-10-04T06:00,599.77,0.679,1.21,1.08
霧積ダム,2026-10-04T07:00,599.77,0.679,1.21,1.08
霧積ダム,2026-10-04T08:00,599.78,0.68,1.22,1.08
霧積ダム,2026-10-04T09:00,599.78,0.68,1.22,1.09
霧積ダム,2026-10-04T10:00,599.79,0.681,1.21,1.08
四万川ダム,2026-10-04T11:00,728.45,1.246,1.45,1.57
四万川ダム,2026-10-04T12:00,728.45,1.246,1.45,1.61
四万川ダム,2026-10-04T13:00,728.45,1.246,1.45,1.58
四万川ダム,2026-10-04T14:00,728.44,1.245,1.43,1.6
四万川ダム,2026-10-04T15:00,728.44,1.245,1.43,1.58
四万川ダム,2026-10-04T16:00,728.43,1.244,1.44,1.58
四万川ダム,2026-10-04T17:00,728.43,1.244,1.44,1.57
四万川ダム,2026-10-04T18:00,728.42,1.243,1.44,1.59
四万川ダム,2026-10-04T19:00,728.42,1.243,1.44,1.6
四万川ダム,2026-10-04T20:00,728.41,1.242,1.43,1.59
四万川ダム,2026-10-04T21:00,728.41,1.242,1.43,1.58
坂本ダム,2026-10-04T11:00,520.58,0.505,1.04,1.04
坂本ダム,2026-10-04T12:00,520.58,0.505,1.04,1.04
坂本ダム,2026-10-04T13:00,520.58,0.505,1.04,1.04
坂本ダム,2026-10-04T14:00,520.58,0.505,1.04,1.04
坂本ダム,2026-10-04T15:00,520.58,0.505,1.04,1.04
坂本ダム,2026-10-04T16:00,520.58,0.505,1.04,1.04
坂本ダム,2026-10-04T17:00,520.58,0.505,1.04,1.04
坂本ダム,2026-10-04T18:00,520.58,0.505,1.04,1.04
坂本ダム,2026-10-04T19:00,520.58,0.505,1.04,1.04
坂本ダム,2026-10-04T20:00,520.58,0.505,1.04,1.04
坂本ダム,2026-10-04T21:00,520.58,0.505,1.04,1.04
塩沢ダム,2026-10-04T11:00,532.47,0.116,0.26,0.05
塩沢ダム,2026-10-04T12:00,532.51,0.117,0.28,0.05
塩沢ダム,2026-10-04T13:00,532.55,0.117,0.26,0.05
塩沢ダム,2026-10-04T14:00,532.59,0.118,0.26,0.05
塩沢ダム,2026-10-04T15:00,532.63,0.119,0.26,0.05
塩沢ダム,2026-10-04T16:00,532.67,0.12,0.25,0.05
塩沢ダム,2026-10-04T17:00,532.71,0.12,0.25,0.05
塩沢ダム,2026-10-04T18:00,532.75,0.121,0.25,0.05
塩沢ダム,2026-10-04T19:00,532.79,0.122,0.25,0.05
塩沢ダム,2026-10-04T20:00,532.82,0.123,0.26,0.05
塩沢ダム,2026-10-04T21:00,532.86,0.123,0.25,0.05
大仁田ダム,2026-10-04T11:00,679.22,0.051,0.46,0.46
大仁田ダム,2026-10-04T12:00,679.22,0.051,0.46,0.46
大仁田ダム,2026-10-04T13:00,679.22,0.051,0.46,0.46
大仁田ダム,2026-10-04T14:00,679.22,0.051,0.46,0.46
大仁田ダム,2026-10-04T15:00,679.22,0.051,0.46,0.46
大仁田ダム,2026-10-04T16:00,679.22,0.051,0.46,0.46
大仁田ダム,2026-10-04T17:00,679.22,0.051,0.46,0.46
大仁田ダム,2026-10-04T18:00,679.22,0.051,0.46,0.46
大仁田ダム,2026-10-04T19:00,679.22,0.051,0.46,0.46
大仁田ダム,2026-10-04T20:00,679.22,0.051,0.46,0.46
大仁田ダム,2026-10-04T21:00,679.22,0.051,0.46,0.46
桐生川ダム,2026-10-04T11:00,243.0,3.955,2.38,2.53
桐生川ダム,2026-10-04T12:00,243.0,3.955,2.38,2.54
桐生川ダム,2026-10-04T13:00,243.0,3.955,2.38,2.52
桐生川ダム,2026-10-04T14:00,243.0,3.955,2.38,2.53
桐生川ダム,2026-10-04T15:00,242.99,3.951,2.31,2.48
桐生川ダム,2026-10-04T16:00,242.99,3.951,2.31,2.48
桐生川ダム,2026-10-04T17:00,242.99,3.951,2.31,2.47
桐生川ダム,2026-10-04T18:00,242.99,3.951,2.31,2.48
桐生川ダム,2026-10-04T19:00,242.99,3.951,2.31,2.48
桐生川ダム,2026-10-04T20:00,242.98,3.948,2.27,2.42
桐生川ダム,2026-10-04T21:00,242.98,3.948,2.27,2.41
道平川ダム,2026-10-04T11:00,459.38,1.743,0.72,0.71
道平川ダム,2026-10-04T12:00,459.38,1.743,0.72,0.71
道平川ダム,2026-10-04T13:00,459.38,1.743,0.72,0.71
道平川ダム,2026-10-04T14:00,459.38,1.743,0.72,0.71
道平川ダム,2026-10-04T15:00,459.38,1.743,0.72,0.71
道平川ダム,2026-10-04T16:00,459.38,1.743,0.72,0.71
道平川ダム,2026-10-04T17:00,459.38,1.743,0.72,0.71
道平川ダム,2026-10-04T18:00,459.38,1.743,0.72,0.71
道平川ダム,2026-10-04T19:00,459.38,1.743,0.72,0.71
道平川ダム,2026-10-04T20:00,459.38,1.743,0.71,0.71
道平川ダム,2026-10-04T21:00,459.38,1.743,0.71,0.71
霧積ダム,2026-10-04T11:00,599.79,0.681,1.21,1.08
霧積ダム,2026-10-04T12:00,599.79,0.681,1.21,1.08
霧積ダム,2026-10-04T13:00,599.8,0.682,1.21,1.08
霧積ダム,2026-10-04T14:00,599.8,0.682,1.21,1.09
霧積ダム,2026-10-04T15:00,599.81,0.683,1.2,1.1
霧積ダム,2026-10-04T16:00,599.81,0.683,1.2,1.08
霧積ダム,2026-10-04T17:00,599.82,0.684,1.19,1.08
霧積ダム,2026-10-04T18:00,599.82,0.684,1.19,1.09
霧積ダム,2026-10-04T19:00,599.82,0.684,1.19,1.08
霧積ダム,2026-10-04T20:00,599.83,0.685,1.19,1.08
霧積ダム,2026-10-04T21:00,599.83,0.685,1.19,1.08
四万川ダム,2026-10-04T22:00,728.4,1.24,1.42,1.57
四万川ダム,2026-10-04T23:00,728.4,1.24,1.42,1.59
四万川ダム,2026-10-05T00:00,728.39,1.239,1.4,1.58
四万川ダム,2026-10-05T01:00,728.39,1.239,1.4,1.6
四万川ダム,2026-10-05T02:00,728.38,1.238,1.4,1.58
四万川ダム,2026-10-05T03:00,728.38,1.238,1.4,1.58
坂本ダム,2026-10-04T22:00,520.58,0.505,1.04,1.04
坂本ダム,2026-10-04T23:00,520.58,0.505,1.04,1.04
坂本ダム,2026-10-05T00:00,520.58,0.505,1.04,1.04
坂本ダム,2026-10-05T01:00,520.58,0.505,1.04,1.04
坂本ダム,2026-10-05T02:00,520.58,0.505,1.04,1.04
坂本ダム,2026-10-05T03:00,520.58,0.505,1.04,1.04
塩沢ダム,2026-10-04T22:00,532.9,0.124,0.25,0.05
塩沢ダム,2026-10-04T23:00,532.94,0.125,0.25,0.05
塩沢ダム,2026-10-05T00:00,532.97,0.125,0.24,0.05
塩沢ダム,2026-10-05T01:00,533.01,0.126,0.26,0.05
塩沢ダム,2026-10-05T02:00,533.05,0.127,0.25,0.05
塩沢ダム,2026-10-05T03:00,533.08,0.128,0.26,0.05
大仁田ダム,2026-10-04T22:00,679.22,0.051,0.46,0.46
大仁田ダム,2026-10-04T23:00,679.22,0.051,0.46,0.46
大仁田ダム,2026-10-05T00:00,679.22,0.051,0.46,0.46
大仁田ダム,2026-10-05T01:00,679.22,0.051,0.46,0.46
大仁田ダム,2026-10-05T02:00,679.22,0.051,0.46,0.46
大仁田ダム,2026-10-05T03:00,679.21,0.051,0.4,0.43
桐生川ダム,2026-10-04T22:00,242.98,3.948,2.27,2.42
桐生川ダム,2026-10-04T23:00,242.98,3.948,2.27,2.42
桐生川ダム,2026-10-05T00:00,242.98,3.948,2.27,2.42
桐生川ダム,2026-10-05T01:00,242.97,3.944,2.23,2.35
桐生川ダム,2026-10-05T02:00,242.97,3.944,2.23,2.35
桐生川ダム,2026-10-05T03:00,242.97,3.944,2.23,2.36
道平川ダム,2026-10-04T22:00,459.38,1.743,0.71,0.71
道平川ダム,2026-10-04T23:00,459.38,1.743,0.71,0.71
道平川ダム,2026-10-05T00:00,459.38,1.743,0.71,0.71
道平川ダム,2026-10-05T01:00,459.38,1.743,0.71,0.71
道平川ダム,2026-10-05T02:00,459.37,1.742,0.69,0.69
道平川ダム,2026-10-05T03:00,459.37,1.742,0.69,0.69
霧積ダム,2026-10-04T22:00,599.84,0.686,1.2,1.08
霧積ダム,2026-10-04T23:00,599.84,0.686,1.2,1.09
霧積ダム,2026-10-05T00:00,599.85,0.687,1.2,1.08
霧積ダム,2026-10-05T01:00,599.85,0.687,1.2,1.08
霧積ダム,2026-10-05T02:00,599.85,0.687,1.2,1.08
霧積ダム,2026-10-05T03:00,599.86,0.688,1.19,1.09
四万川ダム,2026-10-05T04:00,728.37,1.237,1.39,1.6
四万川ダム,2026-10-05T05:00,728.36,1.235,1.38,1.6
四万川ダム,2026-10-05T06:00,728.36,1.235,1.38,1.6
四万川ダム,2026-10-05T07:00,728.35,1.234,1.38,1.58
四万川ダム,2026-10-05T08:00,728.35,1.234,1.38,1.58
四万川ダム,2026-10-05T09:00,728.34,1.233,1.36,1.61
四万川ダム,2026-10-05T10:00,728.33,1.232,1.36,1.58
坂本ダム,2026-10-05T04:00,520.57,0.504,0.8,0.97
坂本ダム,2026-10-05T05:00,520.57,0.504,0.88,0.88
坂本ダム,2026-10-05T06:00,520.57,0.504,0.88,0.88
坂本ダム,2026-10-05T07:00,520.57,0.504,0.88,0.88
坂本ダム,2026-10-05T08:00,520.57,0.504,0.88,0.88
坂本ダム,2026-10-05T09:00,520.57,0.504,0.88,0.88
坂本ダム,2026-10-05T10:00,520.57,0.504,0.88,0.88
塩沢ダム,2026-10-05T04:00,533.12,0.128,0.26,0.05
塩沢ダム,2026-10-05T05:00,533.15,0.129,0.25,0.05
塩沢ダム,2026-10-05T06:00,533.19,0.13,0.24,0.05
塩沢ダム,2026-10-05T07:00,533.22,0.13,0.25,0.05
塩沢ダム,2026-10-05T08:00,533.26,0.131,0.25,0.05
塩沢ダム,2026-10-05T09:00,533.29,0.132,0.24,0.05
塩沢ダム,2026-10-05T10:00,533.33,0.133,0.25,0.05
大仁田ダム,2026-10-05T04:00,679.21,0.051,0.43,0.43
大仁田ダム,2026-10-05T05:00,679.21,0.051,0.43,0.43
大仁田ダム,2026-10-05T06:00,679.21,0.051,0.43,0.43
大仁田ダム,2026-10-05T07:00,679.21,0.051,0.43,0.43
大仁田ダム,2026-10-05T08:00,679.21,0.051,0.43,0.43
大仁田ダム,2026-10-05T09:00,679.21,0.051,0.43,0.43
大仁田ダム,2026-10-05T10:00,679.2,0.05,0.45,0.64
桐生川ダム,2026-10-05T04:00,242.97,3.944,2.23,2.36
桐生川ダム,2026-10-05T05:00,242.97,3.944,2.23,2.36
桐生川ダム,2026-10-05T06:00,242.97,3.944,2.23,2.36
桐生川ダム,2026-10-05T07:00,242.96,3.94,2.17,2.32
桐生川ダム,2026-10-05T08:00,242.96,3.94,2.17,2.3
桐生川ダム,2026-10-05T09:00,242.96,3.94,2.17,2.31
桐生川ダム,2026-10-05T10:00,242.96,3.94,2.17,2.31
道平川ダム,2026-10-05T04:00,459.37,1.742,0.69,0.69
道平川ダム,2026-10-05T05:00,459.37,1.742,0.69,0.69
道平川ダム,2026-10-05T06:00,459.37,1.742,0.69,0.69
道平川ダム,2026-10-05T07:00,459.37,1.742,0.69,0.69
道平川ダム,2026-10-05T08:00,459.37,1.742,0.69,0.69
道平川ダム,2026-10-05T09:00,459.37,1.742,0.69,0.69
道平川ダム,2026-10-05T10:00,459.37,1.742,0.69,0.69
霧積ダム,2026-10-05T04:00,599.86,0.688,1.19,1.08
霧積ダム,2026-10-05T05:00,599.86,0.688,1.19,1.08
霧積ダム,2026-10-05T06:00,599.87,0.689,1.18,1.08
霧積ダム,2026-10-05T07:00,599.87,0.689,1.18,1.08
霧積ダム,2026-10-05T08:00,599.87,0.689,1.18,1.08
霧積ダム,2026-10-05T09:00,599.88,0.689,1.18,1.08
霧積ダム,2026-10-05T10:00,599.88,0.689,1.18,1.08
四万川ダム,2026-10-05T11:00,728.32,1.231,1.36,1.6
四万川ダム,2026-10-05T12:00,728.32,1.231,1.36,1.59
四万川ダム,2026-10-05T13:00,728.31,1.229,1.36,1.57
四万川ダム,2026-10-05T14:00,728.3,1.228,1.35,1.58
四万川ダム,2026-10-05T15:00,728.3,1.228,1.35,0.78
四万川ダム,2026-10-05T16:00,728.32,1.231,1.4,0.79
四万川ダム,2026-10-05T17:00,728.34,1.233,1.51,0.78
四万川ダム,2026-10-05T18:00,728.36,1.235,1.51,0.77
四万川ダム,2026-10-05T19:00,728.39,1.239,1.49,0.77
四万川ダム,2026-10-05T20:00,728.41,1.242,1.49,0.79
四万川ダム,2026-10-05T21:00,728.43,1.244,1.51,0.79
四万川ダム,2026-10-05T22:00,728.45,1.246,1.49,0.77
四万川ダム,2026-10-05T23:00,728.47,1.249,1.49,0.79
四万川ダム,2026-10-06T00:00,728.49,1.251,1.47,0.79
坂本ダム,2026-10-05T11:00,520.57,0.504,0.88,0.88
坂本ダム,2026-10-05T12:00,520.57,0.504,0.88,0.88
坂本ダム,2026-10-05T13:00,520.57,0.504,0.88,0.88
坂本ダム,2026-10-05T14:00,520.57,0.504,0.88,0.88
坂本ダム,2026-10-05T15:00,520.57,0.504,0.88,0.88
坂本ダム,2026-10-05T16:00,520.57,0.504,0.88,0.88
坂本ダム,2026-10-05T17:00,520.57,0.504,0.88,0.88
坂本ダム,2026-10-05T18:00,520.57,0.504,0.88,0.88
坂本ダム,2026-10-05T19:00,520.57,0.504,0.88,0.88
坂本ダム,2026-10-05T20:00,520.57,0.504,0.88,0.88
坂本ダム,2026-10-05T21:00,520.57,0.504,0.88,0.88
坂本ダム,2026-10-05T22:00,520.57,0.504,0.88,0.88
坂本ダム,2026-10-05T23:00,520.57,0.504,0.88,0.88
坂本ダム,2026-10-06T00:00,520.57,0.504,0.88,0.88
塩沢ダム,2026-10-05T11:00,533.36,0.133,0.24,0.05
塩沢ダム,2026-10-05T12:00,533.39,0.134,0.24,0.05
塩沢ダム,2026-10-05T13:00,533.43,0.135,0.24,0.05
塩沢ダム,2026-10-05T14:00,533.46,0.135,0.24,0.05
塩沢ダム,2026-10-05T15:00,533.5,0.136,0.24,0.05
塩沢ダム,2026-10-05T16:00,533.53,0.137,0.24,0.05
塩沢ダム,2026-10-05T17:00,533.56,0.137,0.25,0.05
塩沢ダム,2026-10-05T18:00,533.6,0.138,0.24,0.05
塩沢ダム,2026-10-05T19:00,533.63,0.139,0.23,0.05
塩沢ダム,2026-10-05T20:00,533.67,0.14,0.24,0.05
塩沢ダム,2026-10-05T21:00,533.7,0.14,0.24,0.05
塩沢ダム,2026-10-05T22:00,533.73,0.141,0.24,0.05
塩沢ダム,2026-10-05T23:00,533.76,0.141,0.24,0.05
塩沢ダム,2026-10-06T00:00,533.8,0.142,0.24,0.05
大仁田ダム,2026-10-05T11:00,679.16,0.05,0.38,0.53
大仁田ダム,2026-10-05T12:00,679.12,0.049,0.31,0.58
大仁田ダム,2026-10-05T13:00,679.05,0.048,0.2,0.53
大仁田ダム,2026-10-05T14:00,679.07,0.048,0.12,0.03
大仁田ダム,2026-10-05T15:00,679.09,0.048,0.16,0.03
大仁田ダム,2026-10-05T16:00,679.12,0.049,0.19,0.08
大仁田ダム,2026-10-05T17:00,679.15,0.05,0.27,0.17
大仁田ダム,2026-10-05T18:00,679.18,0.05,0.3,0.25
大仁田ダム,2026-10-05T19:00,679.19,0.05,0.36,0.28
大仁田ダム,2026-10-05T20:00,679.21,0.051,0.41,0.34
大仁田ダム,2026-10-05T21:00,679.22,0.051,0.4,0.37
大仁田ダム,2026-10-05T22:00,679.23,0.051,0.43,0.39
大仁田ダム,2026-10-05T23:00,679.24,0.051,0.46,0.42
大仁田ダム,2026-10-06T00:00,679.24,0.051,0.42,0.42
桐生川ダム,2026-10-05T11:00,242.96,3.94,2.17,2.31
桐生川ダム,2026-10-05T12:00,242.95,3.937,2.12,2.25
桐生川ダム,2026-10-05T13:00,242.95,3.937,2.12,2.27
桐生川ダム,2026-10-05T14:00,242.95,3.937,2.12,2.27
桐生川ダム,2026-10-05T15:00,242.95,3.937,2.12,2.26
桐生川ダム,2026-10-05T16:00,242.95,3.937,2.12,2.26
桐生川ダム,2026-10-05T17:00,242.94,3.933,2.08,2.2
桐生川ダム,2026-10-05T18:00,242.94,3.933,2.08,2.21
桐生川ダム,2026-10-05T19:00,242.94,3.933,2.08,2.22
桐生川ダム,2026-10-05T20:00,242.94,3.933,2.08,2.21
桐生川ダム,2026-10-05T21:00,242.94,3.933,2.08,2.21
桐生川ダム,2026-10-05T22:00,242.94,3.933,2.08,2.2
桐生川ダム,2026-10-05T23:00,242.93,3.93,2.03,2.16
桐生川ダム,2026-10-06T00:00,242.93,3.93,2.03,2.16
道平川ダム,2026-10-05T11:00,459.37,1.742,0.69,0.69
道平川ダム,2026-10-05T12:00,459.37,1.742,0.69,0.69
道平川ダム,2026-10-05T13:00,459.37,1.742,0.69,0.69
道平川ダム,2026-10-05T14:00,459.37,1.742,0.69,0.69
道平川ダム,2026-10-05T15:00,459.37,1.742,0.69,0.69
道平川ダム,2026-10-05T16:00,459.37,1.742,0.69,0.69
道平川ダム,2026-10-05T17:00,459.37,1.742,0.69,0.69
道平川ダム,2026-10-05T18:00,459.37,1.742,0.69,0.69
道平川ダム,2026-10-05T19:00,459.37,1.742,0.69,0.69
道平川ダム,2026-10-05T20:00,459.37,1.742,0.69,0.69
道平川ダム,2026-10-05T21:00,459.37,1.742,0.69,0.69
道平川ダム,2026-10-05T22:00,459.36,1.74,0.67,0.66
道平川ダム,2026-10-05T23:00,459.36,1.74,0.67,0.66
道平川ダム,2026-10-06T00:00,459.36,1.74,0.67,0.66
霧積ダム,2026-10-05T11:00,599.88,0.689,1.18,1.09
霧積ダム,2026-10-05T12:00,599.89,0.69,1.17,1.08
霧積ダム,2026-10-05T13:00,599.89,0.69,1.17,1.08
霧積ダム,2026-10-05T14:00,599.89,0.69,1.17,1.09
霧積ダム,2026-10-05T15:00,599.9,0.691,1.17,1.08
霧積ダム,2026-10-05T16:00,599.91,0.692,1.11,0.77
霧積ダム,2026-10-05T17:00,599.91,0.692,1.11,0.78
霧積ダム,2026-10-05T18:00,599.92,0.693,1.04,0.78
霧積ダム,2026-10-05T19:00,599.93,0.694,1.05,0.77
霧積ダム,2026-10-05T20:00,599.94,0.695,1.05,0.77
霧積ダム,2026-10-05T21:00,599.95,0.696,1.04,0.78
霧積ダム,2026-10-05T22:00,599.96,0.697,1.05,0.78
霧積ダム,2026-10-05T23:00,599.97,0.698,1.06,0.78
霧積ダム,2026-10-06T00:00,599.98,0.699,1.06,0.77
四万川ダム,2026-10-06T01:00,728.51,1.254,1.46,0.78
四万川ダム,2026-10-06T02:00,728.53,1.256,1.44,0.79
四万川ダム,2026-10-06T03:00,728.55,1.259,1.49,0.77
四万川ダム,2026-10-06T04:00,728.57,1.261,1.44,0.78
四万川ダム,2026-10-06T05:00,728.59,1.264,1.44,0.78
四万川ダム,2026-10-06T06:00,728.61,1.266,1.53,0.77
坂本ダム,2026-10-06T01:00,520.57,0.504,0.88,0.88
坂本ダム,2026-10-06T02:00,520.57,0.504,0.88,0.88
坂本ダム,2026-10-06T03:00,520.57,0.504,0.88,0.88
坂本ダム,2026-10-06T04:00,520.57,0.504,0.88,0.88
坂本ダム,2026-10-06T05:00,520.57,0.504,0.88,0.88
坂本ダム,2026-10-06T06:00,520.57,0.504,0.88,0.88
塩沢ダム,2026-10-06T01:00,533.83,0.143,0.23,0.05
塩沢ダム,2026-10-06T02:00,533.86,0.143,0.23,0.05
塩沢ダム,2026-10-06T03:00,533.89,0.144,0.23,0.05
塩沢ダム,2026-10-06T04:00,533.92,0.145,0.23,0.05
塩沢ダム,2026-10-06T05:00,533.95,0.145,0.23,0.05
塩沢ダム,2026-10-06T06:00,533.99,0.146,0.23,0.05
大仁田ダム,2026-10-06T01:00,679.25,0.051,0.48,0.45
大仁田ダム,2026-10-06T02:00,679.25,0.051,0.45,0.45
大仁田ダム,2026-10-06T03:00,679.25,0.051,0.45,0.45
大仁田ダム,2026-10-06T04:00,679.25,0.051,0.45,0.45
大仁田ダム,2026-10-06T05:00,679.25,0.051,0.45,0.45
大仁田ダム,2026-10-06T06:00,679.25,0.051,0.45,0.45
桐生川ダム,2026-10-06T01:00,242.93,3.93,2.03,2.15
桐生川ダム,2026-10-06T02:00,242.93,3.93,2.03,2.16
桐生川ダム,2026-10-06T03:00,242.93,3.93,2.03,2.15
桐生川ダム,2026-10-06T04:00,242.93,3.93,2.03,2.16
桐生川ダム,2026-10-06T05:00,242.92,3.926,2.0,2.11
桐生川ダム,2026-10-06T06:00,242.92,3.926,2.0,2.11
道平川ダム,2026-10-06T01:00,459.36,1.74,0.67,0.66
道平川ダム,2026-10-06T02:00,459.36,1.74,0.67,0.66
道平川ダム,2026-10-06T03:00,459.36,1.74,0.67,0.66
道平川ダム,2026-10-06T04:00,459.36,1.74,0.67,0.66
道平川ダム,2026-10-06T05:00,459.36,1.74,0.67,0.66
道平川ダム,2026-10-06T06:00,459.36,1.74,0.67,0.66
霧積ダム,2026-10-06T01:00,599.99,0.7,1.05,0.78
霧積ダム,2026-10-06T02:00,600.0,0.701,1.05,0.78
霧積ダム,2026-10-06T03:00,600.01,0.702,1.06,0.79
霧積ダム,2026-10-06T04:00,600.02,0.703,1.04,0.79
霧積ダム,2026-10-06T05:00,600.03,0.704,1.05,0.79
霧積ダム,2026-10-06T06:00,600.04,0.705,1.05,0.78
四万川ダム,2026-10-06T07:00,728.63,1.269,1.53,0.77
四万川ダム,2026-10-06T08:00,728.65,1.271,1.53,0.77
四万川ダム,2026-10-06T09:00,728.67,1.273,1.48,0.77
四万川ダム,2026-10-06T10:00,728.69,1.276,1.48,0.78
四万川ダム,2026-10-06T11:00,728.71,1.278,1.45,0.78
坂本ダム,2026-10-06T07:00,520.57,0.504,0.88,0.88
坂本ダム,2026-10-06T08:00,520.57,0.504,0.88,0.88
坂本ダム,2026-10-06T09:00,520.57,0.504,0.88,0.88
坂本ダム,2026-10-06T10:00,520.57,0.504,0.87,0.87
坂本ダム,2026-10-06T11:00,520.57,0.504,0.85,0.85
塩沢ダム,2026-10-06T07:00,534.02,0.147,0.23,0.05
塩沢ダム,2026-10-06T08:00,534.05,0.147,0.24,0.05
塩沢ダム,2026-10-06T09:00,534.08,0.148,0.23,0.05
塩沢ダム,2026-10-06T10:00,534.11,0.149,0.23,0.05
塩沢ダム,2026-10-06T11:00,534.14,0.149,0.23,0.05
大仁田ダム,2026-10-06T07:00,679.25,0.051,0.45,0.45
大仁田ダム,2026-10-06T08:00,679.25,0.051,0.45,0.45
大仁田ダム,2026-10-06T09:00,679.25,0.051,0.45,0.45
大仁田ダム,2026-10-06T10:00,679.25,0.051,0.45,0.45
大仁田ダム,2026-10-06T11:00,679.25,0.051,0.45,0.45
桐生川ダム,2026-10-06T07:00,242.92,3.926,2.0,2.11
桐生川ダム,2026-10-06T08:00,242.92,3.926,2.0,2.1
桐生川ダム,2026-10-06T09:00,242.92,3.926,2.0,2.11
桐生川ダム,2026-10-06T10:00,242.91,3.923,1.93,2.06
桐生川ダム,2026-10-06T11:00,242.91,3.923,1.93,2.05
道平川ダム,2026-10-06T07:00,459.36,1.74,0.67,0.66
道平川ダム,2026-10-06T08:00,459.36,1.74,0.67,0.66
道平川ダム,2026-10-06T09:00,459.36,1.74,0.67,0.66
道平川ダム,2026-10-06T10:00,459.36,1.74,0.66,0.66
道平川ダム,2026-10-06T11:00,459.36,1.74,0.66,0.66
霧積ダム,2026-10-06T07:00,600.05,0.706,1.04,0.79
霧積ダム,2026-10-06T08:00,600.06,0.707,1.05,0.78
霧積ダム,2026-10-06T09:00,600.07,0.708,1.05,0.79
霧積ダム,2026-10-06T10:00,600.08,0.709,1.04,0.79
霧積ダム,2026-10-06T11:00,600.09,0.71,1.05,0.79
四万川ダム,2026-10-06T12:00,728.73,1.281,1.26,0.77
四万川ダム,2026-10-06T13:00,728.74,1.282,1.31,0.78
四万川ダム,2026-10-06T14:00,728.76,1.284,1.26,0.78
四万川ダム,2026-10-06T15:00,728.78,1.287,1.56,0.77
四万川ダム,2026-10-06T16:00,728.8,1.289,1.31,0.77
四万川ダム,2026-10-06T17:00,728.82,1.292,1.36,0.78
四万川ダム,2026-10-06T18:00,728.83,1.293,1.34,0.79
四万川ダム,2026-10-06T19:00,728.85,1.295,1.29,0.78
四万川ダム,2026-10-06T20:00,728.87,1.298,1.35,0.79
四万川ダム,2026-10-06T21:00,728.88,1.299,1.47,0.78
四万川ダム,2026-10-06T22:00,728.9,1.302,1.49,0.78
坂本ダム,2026-10-06T12:00,520.57,0.504,0.85,0.85
坂本ダム,2026-10-06T13:00,520.57,0.504,0.85,0.85
坂本ダム,2026-10-06T14:00,520.57,0.504,0.85,0.85
坂本ダム,2026-10-06T15:00,520.57,0.504,0.86,0.86
坂本ダム,2026-10-06T16:00,520.57,0.504,0.88,0.88
坂本ダム,2026-10-06T17:00,520.57,0.504,0.88,0.88
坂本ダム,2026-10-06T18:00,520.57,0.504,0.88,0.88
坂本ダム,2026-10-06T19:00,520.57,0.504,0.88,0.88
坂本ダム,2026-10-06T20:00,520.57,0.504,0.88,0.88
坂本ダム,2026-10-06T21:00,520.57,0.504,0.88,0.88
坂本ダム,2026-10-06T22:00,520.57,0.504,0.88,0.88
塩沢ダム,2026-10-06T12:00,534.17,0.15,0.21,0.05
塩沢ダム,2026-10-06T13:00,534.19,0.15,0.23,0.05
塩沢ダム,2026-10-06T14:00,534.22,0.151,0.22,0.05
塩沢ダム,2026-10-06T15:00,534.25,0.152,0.22,0.05
塩沢ダム,2026-10-06T16:00,534.28,0.152,0.22,0.05
塩沢ダム,2026-10-06T17:00,534.31,0.153,0.22,0.05
塩沢ダム,2026-10-06T18:00,534.34,0.154,0.22,0.05
塩沢ダム,2026-10-06T19:00,534.37,0.154,0.21,0.05
塩沢ダム,2026-10-06T20:00,534.4,0.155,0.23,0.05
塩沢ダム,2026-10-06T21:00,534.42,0.155,0.22,0.05
塩沢ダム,2026-10-06T22:00,534.45,0.156,0.22,0.05
大仁田ダム,2026-10-06T12:00,679.25,0.051,0.45,0.45
大仁田ダム,2026-10-06T13:00,679.25,0.051,0.45,0.45
大仁田ダム,2026-10-06T14:00,679.25,0.051,0.45,0.45
大仁田ダム,2026-10-06T15:00,679.25,0.051,0.45,0.45
大仁田ダム,2026-10-06T16:00,679.25,0.051,0.45,0.45
大仁田ダム,2026-10-06T17:00,679.25,0.051,0.45,0.45
大仁田ダム,2026-10-06T18:00,679.25,0.051,0.45,0.45
大仁田ダム,2026-10-06T19:00,679.25,0.051,0.45,0.45
大仁田ダム,2026-10-06T20:00,679.25,0.051,0.45,0.45
大仁田ダム,2026-10-06T21:00,679.25,0.051,0.45,0.45
大仁田ダム,2026-10-06T22:00,679.25,0.051,0.45,0.45
桐生川ダム,2026-10-06T12:00,242.91,3.923,1.93,2.07
桐生川ダム,2026-10-06T13:00,242.91,3.923,1.93,2.07
桐生川ダム,2026-10-06T14:00,242.91,3.923,1.93,2.06
桐生川ダム,2026-10-06T15:00,242.91,3.923,1.93,2.06
桐生川ダム,2026-10-06T16:00,242.9,3.919,1.89,2.02
桐生川ダム,2026-10-06T17:00,242.9,3.919,1.89,2.02
桐生川ダム,2026-10-06T18:00,242.9,3.919,1.89,2.03
桐生川ダム,2026-10-06T19:00,242.9,3.919,1.89,2.02
桐生川ダム,2026-10-06T20:00,242.9,3.919,1.89,2.03
桐生川ダム,2026-10-06T21:00,242.89,3.915,1.82,1.99
桐生川ダム,2026-10-06T22:00,242.89,3.915,1.82,1.99
道平川ダム,2026-10-06T12:00,459.36,1.74,0.66,0.66
道平川ダム,2026-10-06T13:00,459.36,1.74,0.66,0.66
道平川ダム,2026-10-06T14:00,459.36,1.74,0.66,0.66
道平川ダム,2026-10-06T15:00,459.35,1.739,0.64,0.63
道平川ダム,2026-10-06T16:00,459.35,1.739,0.64,0.63
道平川ダム,2026-10-06T17:00,459.35,1.739,0.64,0.63
道平川ダム,2026-10-06T18:00,459.35,1.739,0.64,0.63
道平川ダム,2026-10-06T19:00,459.35,1.739,0.64,0.63
道平川ダム,2026-10-06T20:00,459.35,1.739,0.64,0.63
道平川ダム,2026-10-06T21:00,459.35,1.739,0.64,0.63
道平川ダム,2026-10-06T22:00,459.35,1.739,0.64,0.63
霧積ダム,2026-10-06T12:00,600.1,0.711,1.04,0.79
霧積ダム,2026-10-06T13:00,600.11,0.712,1.04,0.79
霧積ダム,2026-10-06T14:00,600.12,0.713,1.02,0.79
霧積ダム,2026-10-06T15:00,600.13,0.714,1.07,0.78
霧積ダム,2026-10-06T16:00,600.14,0.715,1.03,0.79
霧積ダム,2026-10-06T17:00,600.15,0.716,1.04,0.79
霧積ダム,2026-10-06T18:00,600.16,0.717,1.03,0.79
霧積ダム,2026-10-06T19:00,600.17,0.718,1.04,0.79
霧積ダム,2026-10-06T20:00,600.17,0.718,1.04,0.79
霧積ダム,2026-10-06T21:00,600.18,0.719,1.03,0.79
霧積ダム,2026-10-06T22:00,600.19,0.72,1.04,0.78
四万川ダム,2026-10-06T23:00,728.92,1.304,1.38,0.78
四万川ダム,2026-10-07T00:00,728.93,1.305,1.24,0.78
四万川ダム,2026-10-07T01:00,728.95,1.308,1.25,0.78
四万川ダム,2026-10-07T02:00,728.96,1.309,1.35,0.79
四万川ダム,2026-10-07T03:00,728.98,1.311,1.38,0.79
四万川ダム,2026-10-07T04:00,728.99,1.313,1.32,0.76
坂本ダム,2026-10-06T23:00,520.57,0.504,0.88,0.88
坂本ダム,2026-10-07T00:00,520.57,0.504,0.88,0.88
坂本ダム,2026-10-07T01:00,520.57,0.504,0.88,0.88
坂本ダム,2026-10-07T02:00,520.57,0.504,0.88,0.88
坂本ダム,2026-10-07T03:00,520.57,0.504,0.88,0.88
坂本ダム,2026-10-07T04:00,520.57,0.504,0.88,0.88
塩沢ダム,2026-10-06T23:00,534.48,0.157,0.21,0.05
塩沢ダム,2026-10-07T00:00,534.51,0.157,0.21,0.05
塩沢ダム,2026-10-07T01:00,534.53,0.158,0.21,0.05
塩沢ダム,2026-10-07T02:00,534.56,0.158,0.22,0.05
塩沢ダム,2026-10-07T03:00,534.59,0.159,0.21,0.05
塩沢ダム,2026-10-07T04:00,534.61,0.159,0.21,0.05
大仁田ダム,2026-10-06T23:00,679.25,0.051,0.45,0.45
大仁田ダム,2026-10-07T00:00,679.25,0.051,0.45,0.45
大仁田ダム,2026-10-07T01:00,679.25,0.051,0.45,0.45
大仁田ダム,2026-10-07T02:00,679.25,0.051,0.45,0.45
大仁田ダム,2026-10-07T03:00,679.25,0.051,0.45,0.45
大仁田ダム,2026-10-07T04:00,679.25,0.051,0.45,0.45
桐生川ダム,2026-10-06T23:00,242.89,3.915,1.82,1.99
桐生川ダム,2026-10-07T00:00,242.89,3.915,1.82,1.99
桐生川ダム,2026-10-07T01:00,242.89,3.915,1.82,1.98
桐生川ダム,2026-10-07T02:00,242.89,3.915,1.82,1.99
桐生川ダム,2026-10-07T03:00,242.88,3.912,1.82,1.94
桐生川ダム,2026-10-07T04:00,242.88,3.912,1.82,1.95
道平川ダム,2026-10-06T23:00,459.35,1.739,0.64,0.63
道平川ダム,2026-10-07T00:00,459.35,1.739,0.64,0.63
道平川ダム,2026-10-07T01:00,459.35,1.739,0.64,0.63
道平川ダム,2026-10-07T02:00,459.35,1.739,0.64,0.63
道平川ダム,2026-10-07T03:00,459.35,1.739,0.63,0.63
道平川ダム,2026-10-07T04:00,459.35,1.739,0.63,0.63
霧積ダム,2026-10-06T23:00,600.2,0.721,1.04,0.78
霧積ダム,2026-10-07T00:00,600.21,0.722,1.03,0.78
霧積ダム,2026-10-07T01:00,600.22,0.723,1.02,0.79
霧積ダム,2026-10-07T02:00,600.23,0.724,1.05,0.79
霧積ダム,2026-10-07T03:00,600.24,0.725,1.0,0.79
霧積ダム,2026-10-07T04:00,600.24,0.725,1.0,0.79
四万川ダム,2026-10-07T05:00,729.01,1.315,1.35,0.77
四万川ダム,2026-10-07T06:00,729.03,1.317,1.22,0.77
四万川ダム,2026-10-07T07:00,729.04,1.319,1.3,0.79
四万川ダム,2026-10-07T08:00,729.06,1.321,1.42,0.78
四万川ダム,2026-10-07T09:00,729.07,1.322,1.33,0.79
四万川ダム,2026-10-07T10:00,729.09,1.325,1.49,0.79
坂本ダム,2026-10-07T05:00,520.57,0.504,0.88,0.88
坂本ダム,2026-10-07T06:00,520.57,0.504,0.88,0.88
坂本ダム,2026-10-07T07:00,520.57,0.504,0.88,0.88
坂本ダム,2026-10-07T08:00,520.57,0.504,0.88,0.88
坂本ダム,2026-10-07T09:00,520.57,0.504,0.88,0.88
坂本ダム,2026-10-07T10:00,520.57,0.504,0.85,0.85
塩沢ダム,2026-10-07T05:00,534.64,0.16,0.2,0.05
塩沢ダム,2026-10-07T06:00,534.67,0.161,0.22,0.06
塩沢ダム,2026-10-07T07:00,534.69,0.161,0.23,0.06
塩沢ダム,2026-10-07T08:00,534.72,0.162,0.22,0.06
塩沢ダム,2026-10-07T09:00,534.74,0.162,0.22,0.06
塩沢ダム,2026-10-07T10:00,534.77,0.163,0.22,0.06
大仁田ダム,2026-10-07T05:00,679.25,0.051,0.45,0.45
大仁田ダム,2026-10-07T06:00,679.25,0.051,0.45,0.45
大仁田ダム,2026-10-07T07:00,679.25,0.051,0.45,0.45
大仁田ダム,2026-10-07T08:00,679.25,0.051,0.45,0.45
大仁田ダム,2026-10-07T09:00,679.25,0.051,0.45,0.45
大仁田ダム,2026-10-07T10:00,679.25,0.051,0.45,0.45
桐生川ダム,2026-10-07T05:00,242.88,3.912,1.82,1.94
桐生川ダム,2026-10-07T06:00,242.88,3.912,1.82,1.95
桐生川ダム,2026-10-07T07:00,242.88,3.912,1.82,1.95
桐生川ダム,2026-10-07T08:00,242.87,3.908,1.76,1.92
桐生川ダム,2026-10-07T09:00,242.87,3.908,1.76,1.92
桐生川ダム,2026-10-07T10:00,242.87,3.908,1.76,1.77
道平川ダム,2026-10-07T05:00,459.35,1.739,0.63,0.63
道平川ダム,2026-10-07T06:00,459.35,1.739,0.63,0.63
道平川ダム,2026-10-07T07:00,459.34,1.738,0.61,0.61
道平川ダム,2026-10-07T08:00,459.34,1.738,0.61,0.61
道平川ダム,2026-10-07T09:00,459.34,1.738,0.61,0.61
道平川ダム,2026-10-07T10:00,459.34,1.738,0.61,0.61
霧積ダム,2026-10-07T05:00,600.25,0.726,1.02,0.79
霧積ダム,2026-10-07T06:00,600.26,0.727,1.02,0.79
霧積ダム,2026-10-07T07:00,600.27,0.728,1.01,0.79
霧積ダム,2026-10-07T08:00,600.28,0.729,1.01,0.79
霧積ダム,2026-10-07T09:00,600.29,0.73,1.03,0.78
霧積ダム,2026-10-07T10:00,600.3,0.731,1.04,0.79
四万川ダム,2026-10-07T11:00,729.11,1.327,1.57,0.77
四万川ダム,2026-10-07T12:00,729.12,1.328,1.32,0.79
四万川ダム,2026-10-07T13:00,729.14,1.331,1.35,0.79
四万川ダム,2026-10-07T14:00,729.15,1.332,1.15,0.78
四万川ダム,2026-10-07T15:00,729.17,1.335,1.28,0.78
四万川ダム,2026-10-07T16:00,729.18,1.336,1.18,0.79
四万川ダム,2026-10-07T17:00,729.19,1.337,1.22,0.79
四万川ダム,2026-10-07T18:00,729.21,1.34,1.32,0.78
四万川ダム,2026-10-07T19:00,729.22,1.341,1.27,0.77
四万川ダム,2026-10-07T20:00,729.23,1.342,1.24,0.78
四万川ダム,2026-10-07T21:00,729.25,1.344,1.25,0.78
四万川ダム,2026-10-07T22:00,729.26,1.346,1.24,0.78
坂本ダム,2026-10-07T11:00,520.57,0.504,0.85,0.85
坂本ダム,2026-10-07T12:00,520.57,0.504,0.86,0.86
坂本ダム,2026-10-07T13:00,520.57,0.504,0.88,0.88
坂本ダム,2026-10-07T14:00,520.57,0.504,0.88,0.88
坂本ダム,2026-10-07T15:00,520.57,0.504,0.88,0.88
坂本ダム,2026-10-07T16:00,520.56,0.504,0.71,0.88
坂本ダム,2026-10-07T17:00,520.57,0.504,1.05,0.88
坂本ダム,2026-10-07T18:00,520.57,0.504,0.88,0.88
坂本ダム,2026-10-07T19:00,520.57,0.504,0.88,0.88
坂本ダム,2026-10-07T20:00,520.57,0.504,0.88,0.88
坂本ダム,2026-10-07T21:00,520.57,0.504,0.88,0.88
坂本ダム,2026-10-07T22:00,520.57,0.504,0.88,0.88
塩沢ダム,2026-10-07T11:00,534.8,0.164,0.21,0.06
塩沢ダム,2026-10-07T12:00,534.82,0.164,0.22,0.06
塩沢ダム,2026-10-07T13:00,534.85,0.165,0.21,0.06
塩沢ダム,2026-10-07T14:00,534.87,0.165,0.2,0.06
塩沢ダム,2026-10-07T15:00,534.89,0.166,0.2,0.06
塩沢ダム,2026-10-07T16:00,534.92,0.166,0.2,0.06
塩沢ダム,2026-10-07T17:00,534.94,0.167,0.2,0.06
塩沢ダム,2026-10-07T18:00,534.97,0.167,0.19,0.06
塩沢ダム,2026-10-07T19:00,534.99,0.168,0.2,0.06
塩沢ダム,2026-10-07T20:00,535.01,0.168,0.21,0.06
塩沢ダム,2026-10-07T21:00,535.04,0.169,0.21,0.06
塩沢ダム,2026-10-07T22:00,535.06,0.169,0.21,0.06
大仁田ダム,2026-10-07T11:00,679.25,0.051,0.45,0.45
大仁田ダム,2026-10-07T12:00,679.25,0.051,0.45,0.45
大仁田ダム,2026-10-07T13:00,679.25,0.051,0.45,0.45
大仁田ダム,2026-10-07T14:00,679.25,0.051,0.45,0.45
大仁田ダム,2026-10-07T15:00,679.25,0.051,0.45,0.45
大仁田ダム,2026-10-07T16:00,679.25,0.051,0.45,0.45
大仁田ダム,2026-10-07T17:00,679.25,0.051,0.45,0.45
大仁田ダム,2026-10-07T18:00,679.25,0.051,0.45,0.45
大仁田ダム,2026-10-07T19:00,679.25,0.051,0.45,0.45
大仁田ダム,2026-10-07T20:00,679.25,0.051,0.45,0.45
大仁田ダム,2026-10-07T21:00,679.25,0.051,0.45,0.45
大仁田ダム,2026-10-07T22:00,679.25,0.051,0.45,0.45
桐生川ダム,2026-10-07T11:00,242.87,3.908,1.76,1.77
桐生川ダム,2026-10-07T12:00,242.86,3.905,1.6,1.77
桐生川ダム,2026-10-07T13:00,242.86,3.905,1.6,1.76
桐生川ダム,2026-10-07T14:00,242.86,3.905,1.6,1.76
桐生川ダム,2026-10-07T15:00,242.86,3.905,1.6,1.88
桐生川ダム,2026-10-07T16:00,242.86,3.905,1.6,1.88
桐生川ダム,2026-10-07T17:00,242.85,3.901,1.61,1.85
桐生川ダム,2026-10-07T18:00,242.85,3.901,1.61,1.86
桐生川ダム,2026-10-07T19:00,242.85,3.901,1.61,1.85
桐生川ダム,2026-10-07T20:00,242.85,3.901,1.61,1.85
桐生川ダム,2026-10-07T21:00,242.84,3.898,1.63,1.83
桐生川ダム,2026-10-07T22:00,242.84,3.898,1.63,1.83
道平川ダム,2026-10-07T11:00,459.34,1.738,0.61,0.61
道平川ダム,2026-10-07T12:00,459.34,1.738,0.61,0.61
道平川ダム,2026-10-07T13:00,459.34,1.738,0.61,0.61
道平川ダム,2026-10-07T14:00,459.34,1.738,0.61,0.61
道平川ダム,2026-10-07T15:00,459.34,1.738,0.61,0.61
道平川ダム,2026-10-07T16:00,459.34,1.738,0.61,0.61
道平川ダム,2026-10-07T17:00,459.34,1.738,0.61,0.61
道平川ダム,2026-10-07T18:00,459.34,1.738,0.61,0.61
道平川ダム,2026-10-07T19:00,459.34,1.738,0.61,0.61
道平川ダム,2026-10-07T20:00,459.34,1.738,0.61,0.61
道平川ダム,2026-10-07T21:00,459.34,1.738,0.61,0.61
道平川ダム,2026-10-07T22:00,459.33,1.737,0.59,0.58
霧積ダム,2026-10-07T11:00,600.31,0.732,1.08,0.79
霧積ダム,2026-10-07T12:00,600.32,0.733,1.03,0.79
霧積ダム,2026-10-07T13:00,600.33,0.734,1.06,0.8
霧積ダム,2026-10-07T14:00,600.34,0.734,1.08,0.8
霧積ダム,2026-10-07T15:00,600.35,0.735,1.03,0.79
霧積ダム,2026-10-07T16:00,600.35,0.735,1.03,0.79
霧積ダム,2026-10-07T17:00,600.36,0.736,1.02,0.79
霧積ダム,2026-10-07T18:00,600.37,0.737,1.04,0.79
霧積ダム,2026-10-07T19:00,600.38,0.738,1.03,0.79
霧積ダム,2026-10-07T20:00,600.39,0.739,1.04,0.79
霧積ダム,2026-10-07T21:00,600.4,0.74,1.03,0.79
霧積ダム,2026-10-07T22:00,600.41,0.741,1.04,0.79
四万川ダム,2026-10-07T23:00,729.27,1.347,1.28,0.78
四万川ダム,2026-10-08T00:00,729.29,1.349,1.26,0.78
四万川ダム,2026-10-08T01:00,729.3,1.351,1.24,0.77
四万川ダム,2026-10-08T02:00,729.32,1.353,1.27,0.78
四万川ダム,2026-10-08T03:00,729.33,1.354,1.25,0.78
四万川ダム,2026-10-08T04:00,729.34,1.355,1.24,0.79
四万川ダム,2026-10-08T05:00,729.36,1.358,1.24,0.78
坂本ダム,2026-10-07T23:00,520.57,0.504,0.88,0.88
坂本ダム,2026-10-08T00:00,520.57,0.504,0.88,0.88
坂本ダム,2026-10-08T01:00,520.57,0.504,0.88,0.88
坂本ダム,2026-10-08T02:00,520.57,0.504,0.88,0.88
坂本ダム,2026-10-08T03:00,520.57,0.504,0.88,0.88
坂本ダム,2026-10-08T04:00,520.57,0.504,0.88,0.88
坂本ダム,2026-10-08T05:00,520.57,0.504,0.86,0.86
塩沢ダム,2026-10-07T23:00,535.08,0.17,0.21,0.06
塩沢ダム,2026-10-08T00:00,535.11,0.17,0.21,0.06
塩沢ダム,2026-10-08T01:00,535.13,0.171,0.21,0.06
塩沢ダム,2026-10-08T02:00,535.15,0.171,0.21,0.06
塩沢ダム,2026-10-08T03:00,535.18,0.172,0.2,0.06
塩沢ダム,2026-10-08T04:00,535.2,0.172,0.21,0.06
塩沢ダム,2026-10-08T05:00,535.22,0.173,0.21,0.06
大仁田ダム,2026-10-07T23:00,679.25,0.051,0.45,0.45
大仁田ダム,2026-10-08T00:00,679.25,0.051,0.45,0.45
大仁田ダム,2026-10-08T01:00,679.24,0.051,0.39,0.42
大仁田ダム,2026-10-08T02:00,679.24,0.051,0.42,0.42
大仁田ダム,2026-10-08T03:00,679.24,0.051,0.42,0.42
大仁田ダム,2026-10-08T04:00,679.24,0.051,0.42,0.42
大仁田ダム,2026-10-08T05:00,679.24,0.051,0.42,0.42
桐生川ダム,2026-10-07T23:00,242.84,3.898,1.63,1.81
桐生川ダム,2026-10-08T00:00,242.84,3.898,1.63,1.82
桐生川ダム,2026-10-08T01:00,242.83,3.894,1.57,1.81
桐生川ダム,2026-10-08T02:00,242.83,3.894,1.57,1.81
桐生川ダム,2026-10-08T03:00,242.83,3.894,1.57,1.82
桐生川ダム,2026-10-08T04:00,242.83,3.894,1.57,1.81
桐生川ダム,2026-10-08T05:00,242.82,3.891,1.54,1.8
道平川ダム,2026-10-07T23:00,459.33,1.737,0.59,0.58
道平川ダム,2026-10-08T00:00,459.33,1.737,0.59,0.58
道平川ダム,2026-10-08T01:00,459.33,1.737,0.59,0.58
道平川ダム,2026-10-08T02:00,459.33,1.737,0.59,0.58
道平川ダム,2026-10-08T03:00,459.33,1.737,0.59,0.58
道平川ダム,2026-10-08T04:00,459.33,1.737,0.59,0.58
道平川ダム,2026-10-08T05:00,459.33,1.737,0.59,0.58
霧積ダム,2026-10-07T23:00,600.42,0.742,1.04,0.79
霧積ダム,2026-10-08T00:00,600.43,0.743,1.04,0.79
霧積ダム,2026-10-08T01:00,600.44,0.744,1.03,0.8
霧積ダム,2026-10-08T02:00,600.44,0.744,1.03,0.8
霧積ダム,2026-10-08T03:00,600.45,0.745,1.03,0.79
霧積ダム,2026-10-08T04:00,600.46,0.746,1.03,0.8
霧積ダム,2026-10-08T05:00,600.47,0.747,1.03,0.8
四万川ダム,2026-10-08T06:00,729.37,1.359,1.25,0.78
四万川ダム,2026-10-08T07:00,729.38,1.36,1.23,0.77
四万川ダム,2026-10-08T08:00,729.4,1.363,1.23,0.79
四万川ダム,2026-10-08T09:00,729.41,1.364,1.21,0.78
四万川ダム,2026-10-08T10:00,729.42,1.365,1.21,0.79
四万川ダム,2026-10-08T11:00,729.44,1.368,1.23,0.78
坂本ダム,2026-10-08T06:00,520.57,0.504,0.87,0.87
坂本ダム,2026-10-08T07:00,520.57,0.504,0.88,0.88
坂本ダム,2026-10-08T08:00,520.57,0.504,0.78,0.78
坂本ダム,2026-10-08T09:00,520.56,0.504,0.56,0.73
坂本ダム,2026-10-08T10:00,520.57,0.504,0.92,0.75
坂本ダム,2026-10-08T11:00,520.57,0.504,0.85,0.85
塩沢ダム,2026-10-08T06:00,535.24,0.173,0.2,0.06
塩沢ダム,2026-10-08T07:00,535.27,0.174,0.2,0.06
塩沢ダム,2026-10-08T08:00,535.29,0.175,0.2,0.06
塩沢ダム,2026-10-08T09:00,535.31,0.175,0.2,0.06
塩沢ダム,2026-10-08T10:00,535.33,0.175,0.2,0.06
塩沢ダム,2026-10-08T11:00,535.36,0.176,0.2,0.06
大仁田ダム,2026-10-08T06:00,679.24,0.051,0.42,0.42
大仁田ダム,2026-10-08T07:00,679.24,0.051,0.42,0.42
大仁田ダム,2026-10-08T08:00,679.24,0.051,0.42,0.42
大仁田ダム,2026-10-08T09:00,679.24,0.051,0.42,0.42
大仁田ダム,2026-10-08T10:00,679.24,0.051,0.42,0.42
大仁田ダム,2026-10-08T11:00,679.24,0.051,0.42,0.42
桐生川ダム,2026-10-08T06:00,242.82,3.891,1.54,1.8
桐生川ダム,2026-10-08T07:00,242.82,3.891,1.54,1.8
桐生川ダム,2026-10-08T08:00,242.81,3.887,1.5,1.79
桐生川ダム,2026-10-08T09:00,242.81,3.887,1.5,1.78
桐生川ダム,2026-10-08T10:00,242.81,3.887,1.5,0.02
桐生川ダム,2026-10-08T11:00,242.82,3.891,1.5,0.03
道平川ダム,2026-10-08T06:00,459.33,1.737,0.59,0.58
道平川ダム,2026-10-08T07:00,459.33,1.737,0.59,0.58
道平川ダム,2026-10-08T08:00,459.33,1.737,0.59,0.58
道平川ダム,2026-10-08T09:00,459.33,1.737,0.59,0.58
道平川ダム,2026-10-08T10:00,459.33,1.737,0.58,0.58
道平川ダム,2026-10-08T11:00,459.33,1.737,0.58,0.58
霧積ダム,2026-10-08T06:00,600.48,0.748,1.02,0.79
霧積ダム,2026-10-08T07:00,600.49,0.749,1.04,0.8
霧積ダム,2026-10-08T08:00,600.5,0.75,1.03,0.81
霧積ダム,2026-10-08T09:00,600.5,0.75,1.03,0.8
霧積ダム,2026-10-08T10:00,600.51,0.751,1.04,0.8
霧積ダム,2026-10-08T11:00,600.52,0.752,1.02,0.81
四万川ダム,2026-10-08T12:00,729.45,1.369,1.21,0.77
四万川ダム,2026-10-08T13:00,729.46,1.37,1.2,0.78
四万川ダム,2026-10-08T14:00,729.47,1.371,1.25,0.78
四万川ダム,2026-10-08T15:00,729.49,1.374,1.19,0.77
四万川ダム,2026-10-08T16:00,729.5,1.375,1.2,0.77
四万川ダム,2026-10-08T17:00,729.51,1.376,1.17,0.79
四万川ダム,2026-10-08T18:00,729.52,1.377,1.21,0.78
四万川ダム,2026-10-08T19:00,729.54,1.38,1.22,0.77
四万川ダム,2026-10-08T20:00,729.55,1.381,1.23,0.78
四万川ダム,2026-10-08T21:00,729.56,1.382,1.2,0.78
四万川ダム,2026-10-08T22:00,729.57,1.384,1.2,0.78
坂本ダム,2026-10-08T12:00,520.57,0.504,0.86,0.86
坂本ダム,2026-10-08T13:00,520.56,0.504,0.63,0.8
坂本ダム,2026-10-08T14:00,520.56,0.504,0.73,0.73
坂本ダム,2026-10-08T15:00,520.56,0.504,0.73,0.73
坂本ダム,2026-10-08T16:00,520.56,0.504,0.73,0.73
坂本ダム,2026-10-08T17:00,520.56,0.504,0.73,0.73
坂本ダム,2026-10-08T18:00,520.56,0.504,0.73,0.73
坂本ダム,2026-10-08T19:00,520.56,0.504,0.73,0.73
坂本ダム,2026-10-08T20:00,520.56,0.504,0.73,0.73
坂本ダム,2026-10-08T21:00,520.56,0.504,0.73,0.73
坂本ダム,2026-10-08T22:00,520.56,0.504,0.73,0.73
塩沢ダム,2026-10-08T12:00,535.38,0.177,0.21,0.06
塩沢ダム,2026-10-08T13:00,535.4,0.177,0.2,0.06
塩沢ダム,2026-10-08T14:00,535.42,0.177,0.19,0.06
塩沢ダム,2026-10-08T15:00,535.44,0.178,0.2,0.06
塩沢ダム,2026-10-08T16:00,535.46,0.178,0.2,0.06
塩沢ダム,2026-10-08T17:00,535.48,0.179,0.2,0.06
塩沢ダム,2026-10-08T18:00,535.5,0.179,0.19,0.06
塩沢ダム,2026-10-08T19:00,535.53,0.18,0.19,0.06
塩沢ダム,2026-10-08T20:00,535.55,0.18,0.2,0.06
塩沢ダム,2026-10-08T21:00,535.57,0.181,0.2,0.06
塩沢ダム,2026-10-08T22:00,535.59,0.181,0.19,0.06
大仁田ダム,2026-10-08T12:00,679.24,0.051,0.42,0.42
大仁田ダム,2026-10-08T13:00,679.24,0.051,0.42,0.42
大仁田ダム,2026-10-08T14:00,679.24,0.051,0.42,0.42
大仁田ダム,2026-10-08T15:00,679.24,0.051,0.42,0.42
大仁田ダム,2026-10-08T16:00,679.24,0.051,0.42,0.42
大仁田ダム,2026-10-08T17:00,679.24,0.051,0.42,0.42
大仁田ダム,2026-10-08T18:00,679.24,0.051,0.42,0.42
大仁田ダム,2026-10-08T19:00,679.24,0.051,0.42,0.42
大仁田ダム,2026-10-08T20:00,679.24,0.051,0.42,0.42
大仁田ダム,2026-10-08T21:00,679.24,0.051,0.42,0.42
大仁田ダム,2026-10-08T22:00,679.24,0.051,0.42,0.42
桐生川ダム,2026-10-08T12:00,242.84,3.898,1.61,0.06
桐生川ダム,2026-10-08T13:00,242.85,3.901,1.67,0.09
桐生川ダム,2026-10-08T14:00,242.87,3.908,1.61,0.15
桐生川ダム,2026-10-08T15:00,242.88,3.912,1.53,0.18
桐生川ダム,2026-10-08T16:00,242.89,3.915,1.16,0.22
桐生川ダム,2026-10-08T17:00,242.9,3.919,1.46,0.56
桐生川ダム,2026-10-08T18:00,242.9,3.919,1.46,1.75
桐生川ダム,2026-10-08T19:00,242.9,3.919,1.46,1.74
桐生川ダム,2026-10-08T20:00,242.9,3.919,1.46,1.75
桐生川ダム,2026-10-08T21:00,242.9,3.919,1.46,1.74
桐生川ダム,2026-10-08T22:00,242.9,3.919,1.46,1.76
道平川ダム,2026-10-08T12:00,459.33,1.737,0.58,0.58
道平川ダム,2026-10-08T13:00,459.33,1.737,0.58,0.58
道平川ダム,2026-10-08T14:00,459.33,1.737,0.58,0.58
道平川ダム,2026-10-08T15:00,459.33,1.737,0.58,0.58
道平川ダム,2026-10-08T16:00,459.33,1.737,0.58,0.58
道平川ダム,2026-10-08T17:00,459.32,1.736,0.56,0.56
道平川ダム,2026-10-08T18:00,459.32,1.736,0.56,0.56
道平川ダム,2026-10-08T19:00,459.32,1.736,0.56,0.56
道平川ダム,2026-10-08T20:00,459.32,1.736,0.56,0.56
道平川ダム,2026-10-08T21:00,459.32,1.736,0.56,0.56
道平川ダム,2026-10-08T22:00,459.32,1.736,0.56,0.56
霧積ダム,2026-10-08T12:00,600.53,0.753,1.04,0.81
霧積ダム,2026-10-08T13:00,600.54,0.754,1.03,0.81
霧積ダム,2026-10-08T14:00,600.55,0.755,1.07,0.81
霧積ダム,2026-10-08T15:00,600.55,0.755,1.07,0.81
霧積ダム,2026-10-08T16:00,600.56,0.756,0.99,0.72
霧積ダム,2026-10-08T17:00,600.57,0.757,0.96,0.73
霧積ダム,2026-10-08T18:00,600.58,0.758,0.95,0.73
霧積ダム,2026-10-08T19:00,600.58,0.758,0.95,0.73
霧積ダム,2026-10-08T20:00,600.59,0.759,0.95,0.73
霧積ダム,2026-10-08T21:00,600.6,0.76,0.94,0.73
霧積ダム,2026-10-08T22:00,600.61,0.761,0.95,0.73
