station_id,dam_jp,observed_at,water_level_masl,total_inflow_m3s,total_outflow_m3s,storage_mcm,storage_pct_flood_season,storage_pct_nonflood_season
8193_7_1,布部ダム,2026-09-10T00:00,187.93,3.6,4.22,2.073,90.1,48.5
8193_7_1,布部ダム,2026-09-10T01:00,187.92,3.44,4.23,2.07,90.0,48.5
8193_7_1,布部ダム,2026-09-10T02:00,187.91,3.44,4.22,2.067,89.9,48.4
8193_7_1,布部ダム,2026-09-10T03:00,187.9,3.44,4.23,2.064,89.7,48.3
8193_7_1,布部ダム,2026-09-10T04:00,187.89,3.44,4.22,2.061,89.6,48.3
8193_7_1,布部ダム,2026-09-10T05:00,187.87,2.66,4.22,2.056,89.4,48.1
8193_7_1,布部ダム,2026-09-10T06:00,187.86,3.44,4.21,2.053,89.3,48.1
8193_7_1,布部ダム,2026-09-10T07:00,187.84,2.65,4.22,2.047,89.0,47.9
8193_7_1,布部ダム,2026-09-10T08:00,187.82,2.66,4.22,2.042,88.8,47.8
8193_7_10,美田ダム,2026-09-10T00:00,34.84,0.03,0.02,0.182,84.3,84.3
8193_7_10,美田ダム,2026-09-10T01:00,34.84,0.03,0.01,0.182,84.3,84.3
8193_7_10,美田ダム,2026-09-10T02:00,34.84,0.03,0.01,0.182,84.3,84.3
8193_7_10,美田ダム,2026-09-10T03:00,34.84,0.03,0.02,0.182,84.3,84.3
8193_7_10,美田ダム,2026-09-10T04:00,34.84,0.03,0.02,0.182,84.3,84.3
8193_7_10,美田ダム,2026-09-10T05:00,34.84,0.03,0.02,0.182,84.3,84.3
8193_7_10,美田ダム,2026-09-10T06:00,34.84,0.03,0.01,0.182,84.3,84.3
8193_7_10,美田ダム,2026-09-10T07:00,34.84,0.02,0.02,0.182,84.3,84.3
8193_7_10,美田ダム,2026-09-10T08:00,34.83,0.02,0.02,0.181,83.8,83.8
8193_7_11,大長見ダム,2026-09-10T00:00,156.46,1.46,1.46,4.337,100.0,100.0
8193_7_11,大長見ダム,2026-09-10T01:00,156.45,1.46,1.46,4.333,100.0,100.0
8193_7_11,大長見ダム,2026-09-10T02:00,156.44,1.46,1.46,4.329,100.0,100.0
8193_7_11,大長見ダム,2026-09-10T03:00,156.43,1.46,1.46,4.325,100.0,100.0
8193_7_11,大長見ダム,2026-09-10T04:00,156.41,0.0,1.46,4.316,100.0,100.0
8193_7_11,大長見ダム,2026-09-10T05:00,156.4,0.0,1.46,4.312,100.0,100.0
8193_7_11,大長見ダム,2026-09-10T06:00,156.39,1.46,1.46,4.308,100.0,100.0
8193_7_11,大長見ダム,2026-09-10T07:00,156.38,1.46,1.46,4.304,100.0,100.0
8193_7_11,大長見ダム,2026-09-10T08:00,156.37,1.46,1.46,4.3,100.0,100.0
8193_7_13,笹倉ダム,2026-09-10T00:00,127.76,0.18,0.22,0.077,38.5,38.5
8193_7_13,笹倉ダム,2026-09-10T01:00,127.75,0.18,0.22,0.077,38.5,38.5
8193_7_13,笹倉ダム,2026-09-10T02:00,127.74,0.18,0.22,0.076,38.0,38.0
8193_7_13,笹倉ダム,2026-09-10T03:00,127.73,0.18,0.22,0.076,38.0,38.0
8193_7_13,笹倉ダム,2026-09-10T04:00,127.72,0.18,0.23,0.076,38.0,38.0
8193_7_13,笹倉ダム,2026-09-10T05:00,127.71,0.18,0.22,0.076,38.0,38.0
8193_7_13,笹倉ダム,2026-09-10T06:00,127.7,0.18,0.22,0.076,38.0,38.0
8193_7_13,笹倉ダム,2026-09-10T07:00,127.69,0.18,0.22,0.076,38.0,38.0
8193_7_13,笹倉ダム,2026-09-10T08:00,127.68,0.18,0.22,0.076,38.0,38.0
8193_7_14,大峠ダム,2026-09-10T00:00,99.44,0.55,0.55,0.0,,
8193_7_14,大峠ダム,2026-09-10T01:00,99.44,0.55,0.55,0.0,,
8193_7_14,大峠ダム,2026-09-10T02:00,99.44,0.55,0.55,0.0,,
8193_7_14,大峠ダム,2026-09-10T03:00,99.44,0.55,0.55,0.0,,
8193_7_14,大峠ダム,2026-09-10T04:00,99.44,0.55,0.55,0.0,,
8193_7_14,大峠ダム,2026-09-10T05:00,99.44,0.55,0.55,0.0,,
8193_7_14,大峠ダム,2026-09-10T06:00,99.44,0.55,0.55,0.0,,
8193_7_14,大峠ダム,2026-09-10T07:00,99.44,0.55,0.55,0.0,,
8193_7_14,大峠ダム,2026-09-10T08:00,99.44,0.55,0.55,0.0,,
8193_7_16,益田川ダム,2026-09-10T00:00,36.25,1.5,1.44,0.001,,
8193_7_16,益田川ダム,2026-09-10T01:00,36.25,1.5,1.44,0.001,,
8193_7_16,益田川ダム,2026-09-10T02:00,36.25,1.5,1.44,0.001,,
8193_7_16,益田川ダム,2026-09-10T03:00,36.25,1.5,1.44,0.001,,
8193_7_16,益田川ダム,2026-09-10T04:00,36.24,1.44,1.38,0.001,,
8193_7_16,益田川ダム,2026-09-10T05:00,36.24,1.44,1.38,0.001,,
8193_7_16,益田川ダム,2026-09-10T06:00,36.24,1.44,1.38,0.001,,
8193_7_16,益田川ダム,2026-09-10T07:00,36.24,1.44,1.38,0.001,,
8193_7_16,益田川ダム,2026-09-10T08:00,36.24,1.44,1.38,0.001,,
8193_7_17,第二浜田ダム,2026-09-10T00:00,57.29,0.39,0.39,0.438,67.4,67.4
8193_7_17,第二浜田ダム,2026-09-10T01:00,57.28,0.39,0.39,0.437,67.2,67.2
8193_7_17,第二浜田ダム,2026-09-10T02:00,57.28,0.39,0.4,0.437,67.2,67.2
8193_7_17,第二浜田ダム,2026-09-10T03:00,57.28,0.39,0.39,0.437,67.2,67.2
8193_7_17,第二浜田ダム,2026-09-10T04:00,57.28,0.39,0.4,0.437,67.2,67.2
8193_7_17,第二浜田ダム,2026-09-10T05:00,57.28,0.39,0.39,0.437,67.2,67.2
8193_7_17,第二浜田ダム,2026-09-10T06:00,57.27,0.39,0.39,0.435,66.9,66.9
8193_7_17,第二浜田ダム,2026-09-10T07:00,57.27,0.39,0.4,0.435,66.9,66.9
8193_7_17,第二浜田ダム,2026-09-10T08:00,57.27,0.39,0.39,0.435,66.9,66.9
8193_7_18,波積ダム,2026-09-10T00:00,67.76,0.07,0.06,0.047,9.4,9.4
8193_7_18,波積ダム,2026-09-10T01:00,67.76,0.07,0.06,0.047,9.4,9.4
8193_7_18,波積ダム,2026-09-10T02:00,67.76,0.07,0.06,0.047,9.4,9.4
8193_7_18,波積ダム,2026-09-10T03:00,67.76,0.07,0.06,0.047,9.4,9.4
8193_7_18,波積ダム,2026-09-10T04:00,67.76,0.06,0.06,0.047,9.4,9.4
8193_7_18,波積ダム,2026-09-10T05:00,67.76,0.06,0.06,0.047,9.4,9.4
8193_7_18,波積ダム,2026-09-10T06:00,67.76,0.06,0.06,0.047,9.4,9.4
8193_7_18,波積ダム,2026-09-10T07:00,67.76,0.06,0.06,0.047,9.4,9.4
8193_7_18,波積ダム,2026-09-10T08:00,67.76,0.06,0.06,0.047,9.4,9.4
8193_7_2,山佐ダム,2026-09-10T00:00,189.9,1.0,0.31,0.861,78.3,78.3
8193_7_2,山佐ダム,2026-09-10T01:00,189.92,0.92,0.31,0.864,78.5,78.5
8193_7_2,山佐ダム,2026-09-10T02:00,189.93,0.92,0.31,0.865,78.6,78.6
8193_7_2,山佐ダム,2026-09-10T03:00,189.95,0.86,0.31,0.868,78.9,78.9
8193_7_2,山佐ダム,2026-09-10T04:00,189.96,0.87,0.31,0.869,79.0,79.0
8193_7_2,山佐ダム,2026-09-10T05:00,189.98,0.85,0.31,0.872,79.3,79.3
8193_7_2,山佐ダム,2026-09-10T06:00,189.99,0.83,0.31,0.873,79.4,79.4
8193_7_2,山佐ダム,2026-09-10T07:00,190.01,0.83,0.31,0.876,79.6,79.6
8193_7_2,山佐ダム,2026-09-10T08:00,190.02,0.78,0.31,0.877,79.7,79.7
8193_7_3,三瓶ダム,2026-09-10T00:00,124.71,0.45,0.46,1.146,66.2,66.2
8193_7_3,三瓶ダム,2026-09-10T01:00,124.71,0.45,0.46,1.146,66.2,66.2
8193_7_3,三瓶ダム,2026-09-10T02:00,124.71,0.45,0.45,1.146,66.2,66.2
8193_7_3,三瓶ダム,2026-09-10T03:00,124.7,0.43,0.46,1.144,66.1,66.1
8193_7_3,三瓶ダム,2026-09-10T04:00,124.7,0.43,0.46,1.144,66.1,66.1
8193_7_3,三瓶ダム,2026-09-10T05:00,124.7,0.43,0.46,1.144,66.1,66.1
8193_7_3,三瓶ダム,2026-09-10T06:00,124.7,0.46,0.46,1.144,66.1,66.1
8193_7_3,三瓶ダム,2026-09-10T07:00,124.7,0.46,0.45,1.144,66.1,66.1
8193_7_3,三瓶ダム,2026-09-10T08:00,124.7,0.46,0.46,1.144,66.1,66.1
8193_7_4,八戸ダム,2026-09-10T00:00,105.1,1.98,0.55,4.123,79.3,20.3
8193_7_4,八戸ダム,2026-09-10T01:00,105.11,1.99,0.56,4.128,79.4,20.3
8193_7_4,八戸ダム,2026-09-10T02:00,105.12,1.99,0.55,4.133,79.5,20.4
8193_7_4,八戸ダム,2026-09-10T03:00,105.13,1.98,0.55,4.138,79.6,20.4
8193_7_4,八戸ダム,2026-09-10T04:00,105.14,1.99,0.56,4.143,79.7,20.4
8193_7_4,八戸ダム,2026-09-10T05:00,105.15,1.99,0.56,4.148,79.8,20.4
8193_7_4,八戸ダム,2026-09-10T06:00,105.16,1.99,0.56,4.154,79.9,20.5
8193_7_4,八戸ダム,2026-09-10T07:00,105.17,1.99,0.56,4.159,80.0,20.5
8193_7_4,八戸ダム,2026-09-10T08:00,105.18,1.99,0.56,4.164,80.1,20.5
8193_7_5,浜田ダム,2026-09-10T00:00,107.95,0.42,0.42,0.005,,
8193_7_5,浜田ダム,2026-09-10T01:00,107.95,0.42,0.42,0.005,,
8193_7_5,浜田ダム,2026-09-10T02:00,107.94,0.28,0.36,0.004,,
8193_7_5,浜田ダム,2026-09-10T03:00,107.94,0.35,0.36,0.004,,
8193_7_5,浜田ダム,2026-09-10T04:00,107.94,0.36,0.36,0.004,,
8193_7_5,浜田ダム,2026-09-10T05:00,107.94,0.36,0.36,0.004,,
8193_7_5,浜田ダム,2026-09-10T06:00,107.94,0.36,0.36,0.004,,
8193_7_5,浜田ダム,2026-09-10T07:00,107.94,0.36,0.36,0.004,,
8193_7_5,浜田ダム,2026-09-10T08:00,107.94,0.36,0.36,0.004,,
8193_7_600,嵯峨谷ダム,2026-09-10T00:00,254.35,1.29,1.29,0.0,,
8193_7_600,嵯峨谷ダム,2026-09-10T01:00,254.35,1.29,1.29,0.0,,
8193_7_600,嵯峨谷ダム,2026-09-10T02:00,254.35,1.29,1.29,0.0,,
8193_7_600,嵯峨谷ダム,2026-09-10T03:00,254.35,1.29,1.29,0.0,,
8193_7_600,嵯峨谷ダム,2026-09-10T04:00,254.35,1.29,1.29,0.0,,
8193_7_600,嵯峨谷ダム,2026-09-10T05:00,254.35,1.29,1.29,0.0,,
8193_7_600,嵯峨谷ダム,2026-09-10T06:00,254.35,1.29,1.29,0.0,,
8193_7_600,嵯峨谷ダム,2026-09-10T07:00,254.35,1.29,1.29,0.0,,
8193_7_600,嵯峨谷ダム,2026-09-10T08:00,254.35,1.29,1.29,0.0,,
8193_7_601,津田川ダム,2026-09-10T00:00,85.17,0.12,0.12,0.002,,
8193_7_601,津田川ダム,2026-09-10T01:00,85.17,0.12,0.12,0.002,,
8193_7_601,津田川ダム,2026-09-10T02:00,85.17,0.12,0.12,0.002,,
8193_7_601,津田川ダム,2026-09-10T03:00,85.16,0.1,0.1,0.002,,
8193_7_601,津田川ダム,2026-09-10T04:00,85.16,0.1,0.1,0.002,,
8193_7_601,津田川ダム,2026-09-10T05:00,85.16,0.1,0.1,0.002,,
8193_7_601,津田川ダム,2026-09-10T06:00,85.16,0.1,0.1,0.002,,
8193_7_601,津田川ダム,2026-09-10T07:00,85.16,0.1,0.1,0.002,,
8193_7_601,津田川ダム,2026-09-10T08:00,85.16,0.1,0.1,0.002,,
8193_7_602,清瀧ダム,2026-09-10T00:00,31.26,0.07,0.07,0.0,,
8193_7_602,清瀧ダム,2026-09-10T01:00,31.26,0.07,0.07,0.0,,
8193_7_602,清瀧ダム,2026-09-10T02:00,31.26,0.07,0.07,0.0,,
8193_7_602,清瀧ダム,2026-09-10T03:00,31.26,0.07,0.07,0.0,,
8193_7_602,清瀧ダム,2026-09-10T04:00,31.26,0.07,0.07,0.0,,
8193_7_602,清瀧ダム,2026-09-10T05:00,31.27,0.07,0.07,0.0,,
8193_7_602,清瀧ダム,2026-09-10T06:00,31.27,0.07,0.07,0.0,,
8193_7_602,清瀧ダム,2026-09-10T07:00,31.27,0.07,0.07,0.0,,
8193_7_602,清瀧ダム,2026-09-10T08:00,31.27,0.07,0.07,0.0,,
8193_7_603,三成ダム,2026-09-10T00:00,287.71,4.38,5.41,0.123,10.8,10.8
8193_7_603,三成ダム,2026-09-10T01:00,287.84,4.52,0.0,0.139,12.2,12.2
8193_7_603,三成ダム,2026-09-10T02:00,287.96,4.13,0.0,0.154,13.5,13.5
8193_7_603,三成ダム,2026-09-10T03:00,288.07,3.79,0.0,0.168,14.8,14.8
8193_7_603,三成ダム,2026-09-10T04:00,288.17,3.66,0.0,0.181,15.9,15.9
8193_7_603,三成ダム,2026-09-10T05:00,288.27,3.86,1.81,0.195,17.1,17.1
8193_7_603,三成ダム,2026-09-10T06:00,288.27,3.87,5.41,0.195,17.1,17.1
8193_7_603,三成ダム,2026-09-10T07:00,288.23,3.89,5.4,0.189,16.6,16.6
8193_7_603,三成ダム,2026-09-10T08:00,288.18,3.5,5.4,0.182,16.0,16.0
8193_7_604,木都賀ダム,2026-09-10T00:00,231.56,0.85,0.0,0.093,6.0,6.0
8193_7_604,木都賀ダム,2026-09-10T01:00,231.6,0.85,0.0,0.096,6.2,6.2
8193_7_604,木都賀ダム,2026-09-10T02:00,231.64,0.85,0.0,0.099,6.4,6.4
8193_7_604,木都賀ダム,2026-09-10T03:00,231.68,0.85,0.0,0.102,6.5,6.5
8193_7_604,木都賀ダム,2026-09-10T04:00,231.71,0.63,0.0,0.105,6.7,6.7
8193_7_604,木都賀ダム,2026-09-10T05:00,231.75,0.85,0.0,0.108,6.9,6.9
8193_7_604,木都賀ダム,2026-09-10T06:00,231.79,0.85,0.0,0.111,7.1,7.1
8193_7_604,木都賀ダム,2026-09-10T07:00,231.82,0.63,0.0,0.113,7.3,7.3
8193_7_604,木都賀ダム,2026-09-10T08:00,231.86,0.88,1.26,0.116,7.4,7.4
8193_7_7,御部ダム,2026-09-10T00:00,92.69,0.42,0.25,0.517,25.9,25.9
8193_7_7,御部ダム,2026-09-10T01:00,92.69,0.42,0.25,0.517,25.9,25.9
8193_7_7,御部ダム,2026-09-10T02:00,92.69,0.42,0.25,0.517,25.9,25.9
8193_7_7,御部ダム,2026-09-10T03:00,92.7,0.4,0.26,0.518,25.9,25.9
8193_7_7,御部ダム,2026-09-10T04:00,92.7,0.4,0.25,0.518,25.9,25.9
8193_7_7,御部ダム,2026-09-10T05:00,92.7,0.4,0.25,0.518,25.9,25.9
8193_7_7,御部ダム,2026-09-10T06:00,92.71,0.41,0.26,0.52,26.0,26.0
8193_7_7,御部ダム,2026-09-10T07:00,92.71,0.41,0.25,0.52,26.0,26.0
8193_7_7,御部ダム,2026-09-10T08:00,92.71,0.41,0.26,0.52,26.0,26.0
8193_7_9,銚子ダム,2026-09-10T00:00,58.41,0.66,0.66,1.124,100.0,100.0
8193_7_9,銚子ダム,2026-09-10T01:00,58.42,0.97,0.68,1.126,100.0,100.0
8193_7_9,銚子ダム,2026-09-10T02:00,58.42,0.76,0.68,1.126,100.0,100.0
8193_7_9,銚子ダム,2026-09-10T03:00,58.42,0.68,0.68,1.126,100.0,100.0
8193_7_9,銚子ダム,2026-09-10T04:00,58.42,0.68,0.68,1.126,100.0,100.0
8193_7_9,銚子ダム,2026-09-10T05:00,58.42,0.68,0.68,1.126,100.0,100.0
8193_7_9,銚子ダム,2026-09-10T06:00,58.42,0.68,0.68,1.126,100.0,100.0
8193_7_9,銚子ダム,2026-09-10T07:00,58.42,0.68,0.68,1.126,100.0,100.0
8193_7_9,銚子ダム,2026-09-10T08:00,58.42,0.68,0.68,1.126,100.0,100.0
8193_7_1,布部ダム,2026-09-10T09:00,187.8,2.89,4.23,2.036,88.5,47.7
8193_7_1,布部ダム,2026-09-10T10:00,187.78,2.79,4.16,2.031,88.3,47.6
8193_7_1,布部ダム,2026-09-10T11:00,187.76,2.92,4.17,2.025,88.0,47.4
8193_7_1,布部ダム,2026-09-10T12:00,187.74,2.29,4.17,2.019,87.8,47.3
8193_7_1,布部ダム,2026-09-10T13:00,187.72,2.38,4.17,2.014,87.6,47.2
8193_7_1,布部ダム,2026-09-10T14:00,187.7,2.44,4.17,2.008,87.3,47.0
8193_7_1,布部ダム,2026-09-10T15:00,187.68,2.6,4.16,2.002,87.0,46.9
8193_7_1,布部ダム,2026-09-10T16:00,187.65,2.29,4.16,1.994,86.7,46.7
8193_7_10,美田ダム,2026-09-10T09:00,34.83,0.02,0.02,0.181,83.8,83.8
8193_7_10,美田ダム,2026-09-10T10:00,34.83,0.02,0.02,0.181,83.8,83.8
8193_7_10,美田ダム,2026-09-10T11:00,34.83,0.02,0.02,0.181,83.8,83.8
8193_7_10,美田ダム,2026-09-10T12:00,34.83,0.01,0.01,0.181,83.8,83.8
8193_7_10,美田ダム,2026-09-10T13:00,34.83,0.02,0.02,0.181,83.8,83.8
8193_7_10,美田ダム,2026-09-10T14:00,34.83,0.02,0.02,0.181,83.8,83.8
8193_7_10,美田ダム,2026-09-10T15:00,34.83,0.01,0.01,0.181,83.8,83.8
8193_7_10,美田ダム,2026-09-10T16:00,34.83,0.01,0.01,0.181,83.8,83.8
8193_7_11,大長見ダム,2026-09-10T09:00,156.35,0.0,1.46,4.292,99.8,99.8
8193_7_11,大長見ダム,2026-09-10T10:00,156.34,0.0,1.46,4.288,99.7,99.7
8193_7_11,大長見ダム,2026-09-10T11:00,156.33,1.46,1.46,4.284,99.6,99.6
8193_7_11,大長見ダム,2026-09-10T12:00,156.32,1.46,1.46,4.28,99.5,99.5
8193_7_11,大長見ダム,2026-09-10T13:00,156.31,1.46,1.46,4.276,99.4,99.4
8193_7_11,大長見ダム,2026-09-10T14:00,156.29,0.0,1.46,4.268,99.3,99.3
8193_7_11,大長見ダム,2026-09-10T15:00,156.28,0.0,1.46,4.263,99.1,99.1
8193_7_11,大長見ダム,2026-09-10T16:00,156.27,1.46,1.46,4.259,99.0,99.0
8193_7_13,笹倉ダム,2026-09-10T09:00,127.67,0.18,0.22,0.075,37.5,37.5
8193_7_13,笹倉ダム,2026-09-10T10:00,127.66,0.18,0.22,0.075,37.5,37.5
8193_7_13,笹倉ダム,2026-09-10T11:00,127.65,0.17,0.22,0.075,37.5,37.5
8193_7_13,笹倉ダム,2026-09-10T12:00,127.64,0.17,0.23,0.075,37.5,37.5
8193_7_13,笹倉ダム,2026-09-10T13:00,127.63,0.17,0.23,0.075,37.5,37.5
8193_7_13,笹倉ダム,2026-09-10T14:00,127.61,0.17,0.23,0.074,37.0,37.0
8193_7_13,笹倉ダム,2026-09-10T15:00,127.6,0.17,0.23,0.074,37.0,37.0
8193_7_13,笹倉ダム,2026-09-10T16:00,127.58,0.17,0.23,0.074,37.0,37.0
8193_7_14,大峠ダム,2026-09-10T09:00,99.44,0.55,0.55,0.0,,
8193_7_14,大峠ダム,2026-09-10T10:00,99.43,0.55,0.53,0.0,,
8193_7_14,大峠ダム,2026-09-10T11:00,99.43,0.55,0.53,0.0,,
8193_7_14,大峠ダム,2026-09-10T12:00,99.44,0.55,0.55,0.0,,
8193_7_14,大峠ダム,2026-09-10T13:00,99.44,0.55,0.55,0.0,,
8193_7_14,大峠ダム,2026-09-10T14:00,99.44,0.55,0.55,0.0,,
8193_7_14,大峠ダム,2026-09-10T15:00,99.42,0.53,0.51,0.0,,
8193_7_14,大峠ダム,2026-09-10T16:00,99.42,0.53,0.51,0.0,,
8193_7_16,益田川ダム,2026-09-10T09:00,36.24,1.44,1.38,0.001,,
8193_7_16,益田川ダム,2026-09-10T10:00,36.23,1.33,1.32,0.001,,
8193_7_16,益田川ダム,2026-09-10T11:00,36.23,1.32,1.32,0.001,,
8193_7_16,益田川ダム,2026-09-10T12:00,36.23,1.32,1.32,0.001,,
8193_7_16,益田川ダム,2026-09-10T13:00,36.23,1.32,1.32,0.001,,
8193_7_16,益田川ダム,2026-09-10T14:00,36.23,1.32,1.32,0.001,,
8193_7_16,益田川ダム,2026-09-10T15:00,36.23,1.32,1.32,0.001,,
8193_7_16,益田川ダム,2026-09-10T16:00,36.23,1.32,1.32,0.001,,
8193_7_17,第二浜田ダム,2026-09-10T09:00,57.26,0.39,0.39,0.434,66.8,66.8
8193_7_17,第二浜田ダム,2026-09-10T10:00,57.26,0.39,0.39,0.434,66.8,66.8
8193_7_17,第二浜田ダム,2026-09-10T11:00,57.26,0.39,0.39,0.434,66.8,66.8
8193_7_17,第二浜田ダム,2026-09-10T12:00,57.25,0.39,0.39,0.432,66.5,66.5
8193_7_17,第二浜田ダム,2026-09-10T13:00,57.25,0.39,0.4,0.432,66.5,66.5
8193_7_17,第二浜田ダム,2026-09-10T14:00,57.25,0.39,0.39,0.432,66.5,66.5
8193_7_17,第二浜田ダム,2026-09-10T15:00,57.24,0.39,0.39,0.431,66.3,66.3
8193_7_17,第二浜田ダム,2026-09-10T16:00,57.24,0.39,0.39,0.431,66.3,66.3
8193_7_18,波積ダム,2026-09-10T09:00,67.76,0.06,0.06,0.047,9.4,9.4
8193_7_18,波積ダム,2026-09-10T10:00,67.76,0.06,0.06,0.047,9.4,9.4
8193_7_18,波積ダム,2026-09-10T11:00,67.76,0.06,0.06,0.047,9.4,9.4
8193_7_18,波積ダム,2026-09-10T12:00,67.76,0.06,0.06,0.047,9.4,9.4
8193_7_18,波積ダム,2026-09-10T13:00,67.76,0.06,0.06,0.047,9.4,9.4
8193_7_18,波積ダム,2026-09-10T14:00,67.76,0.06,0.06,0.047,9.4,9.4
8193_7_18,波積ダム,2026-09-10T15:00,67.76,0.06,0.06,0.047,9.4,9.4
8193_7_18,波積ダム,2026-09-10T16:00,67.76,0.06,0.06,0.047,9.4,9.4
8193_7_2,山佐ダム,2026-09-10T09:00,190.03,0.77,0.31,0.878,79.8,79.8
8193_7_2,山佐ダム,2026-09-10T10:00,190.05,0.79,0.31,0.881,80.1,80.1
8193_7_2,山佐ダム,2026-09-10T11:00,190.06,0.68,0.31,0.882,80.2,80.2
8193_7_2,山佐ダム,2026-09-10T12:00,190.07,0.73,0.31,0.883,80.3,80.3
8193_7_2,山佐ダム,2026-09-10T13:00,190.08,0.73,0.31,0.885,80.5,80.5
8193_7_2,山佐ダム,2026-09-10T14:00,190.09,0.71,0.31,0.886,80.5,80.5
8193_7_2,山佐ダム,2026-09-10T15:00,190.1,0.67,0.31,0.887,80.6,80.6
8193_7_2,山佐ダム,2026-09-10T16:00,190.11,0.63,0.31,0.888,80.7,80.7
8193_7_3,三瓶ダム,2026-09-10T09:00,124.7,0.46,0.46,1.144,66.1,66.1
8193_7_3,三瓶ダム,2026-09-10T10:00,124.69,0.38,0.46,1.142,66.0,66.0
8193_7_3,三瓶ダム,2026-09-10T11:00,124.69,0.38,0.44,1.142,66.0,66.0
8193_7_3,三瓶ダム,2026-09-10T12:00,124.69,0.38,0.44,1.142,66.0,66.0
8193_7_3,三瓶ダム,2026-09-10T13:00,124.69,0.45,0.44,1.142,66.0,66.0
8193_7_3,三瓶ダム,2026-09-10T14:00,124.69,0.45,0.46,1.142,66.0,66.0
8193_7_3,三瓶ダム,2026-09-10T15:00,124.69,0.45,0.46,1.142,66.0,66.0
8193_7_3,三瓶ダム,2026-09-10T16:00,124.68,0.36,0.46,1.14,65.9,65.9
8193_7_4,八戸ダム,2026-09-10T09:00,105.19,1.99,0.56,4.169,80.2,20.5
8193_7_4,八戸ダム,2026-09-10T10:00,105.2,1.99,0.56,4.174,80.3,20.6
8193_7_4,八戸ダム,2026-09-10T11:00,105.21,1.98,0.56,4.179,80.4,20.6
8193_7_4,八戸ダム,2026-09-10T12:00,105.22,0.7,0.55,4.185,80.5,20.6
8193_7_4,八戸ダム,2026-09-10T13:00,105.22,1.84,0.55,4.185,80.5,20.6
8193_7_4,八戸ダム,2026-09-10T14:00,105.23,1.98,0.55,4.19,80.6,20.6
8193_7_4,八戸ダム,2026-09-10T15:00,105.24,1.98,0.55,4.195,80.7,20.7
8193_7_4,八戸ダム,2026-09-10T16:00,105.25,1.98,0.55,4.2,80.8,20.7
8193_7_5,浜田ダム,2026-09-10T09:00,107.94,0.36,0.36,0.004,,
8193_7_5,浜田ダム,2026-09-10T10:00,107.94,0.36,0.36,0.004,,
8193_7_5,浜田ダム,2026-09-10T11:00,107.94,0.36,0.36,0.004,,
8193_7_5,浜田ダム,2026-09-10T12:00,107.94,0.36,0.36,0.004,,
8193_7_5,浜田ダム,2026-09-10T13:00,107.94,0.36,0.36,0.004,,
8193_7_5,浜田ダム,2026-09-10T14:00,107.94,0.36,0.36,0.004,,
8193_7_5,浜田ダム,2026-09-10T15:00,107.94,0.36,0.36,0.004,,
8193_7_5,浜田ダム,2026-09-10T16:00,107.94,0.36,0.36,0.004,,
8193_7_600,嵯峨谷ダム,2026-09-10T09:00,254.35,1.29,1.29,0.0,,
8193_7_600,嵯峨谷ダム,2026-09-10T10:00,254.35,1.29,1.29,0.0,,
8193_7_600,嵯峨谷ダム,2026-09-10T11:00,254.35,1.29,1.29,0.0,,
8193_7_600,嵯峨谷ダム,2026-09-10T12:00,254.35,1.29,1.29,0.0,,
8193_7_600,嵯峨谷ダム,2026-09-10T13:00,254.35,1.29,1.29,0.0,,
8193_7_600,嵯峨谷ダム,2026-09-10T14:00,254.35,1.29,1.29,0.0,,
8193_7_600,嵯峨谷ダム,2026-09-10T15:00,254.35,1.29,1.29,0.0,,
8193_7_600,嵯峨谷ダム,2026-09-10T16:00,254.35,1.29,1.29,0.0,,
8193_7_601,津田川ダム,2026-09-10T09:00,85.16,0.1,0.1,0.002,,
8193_7_601,津田川ダム,2026-09-10T10:00,85.16,0.1,0.1,0.002,,
8193_7_601,津田川ダム,2026-09-10T11:00,85.16,0.1,0.1,0.002,,
8193_7_601,津田川ダム,2026-09-10T12:00,85.16,0.1,0.1,0.002,,
8193_7_601,津田川ダム,2026-09-10T13:00,85.16,0.1,0.1,0.002,,
8193_7_601,津田川ダム,2026-09-10T14:00,85.16,0.1,0.1,0.002,,
8193_7_601,津田川ダム,2026-09-10T15:00,85.16,0.1,0.1,0.002,,
8193_7_601,津田川ダム,2026-09-10T16:00,85.16,0.1,0.1,0.002,,
8193_7_602,清瀧ダム,2026-09-10T09:00,31.27,0.07,0.07,0.0,,
8193_7_602,清瀧ダム,2026-09-10T10:00,31.28,0.07,0.07,0.0,,
8193_7_602,清瀧ダム,2026-09-10T11:00,31.28,0.07,0.07,0.0,,
8193_7_602,清瀧ダム,2026-09-10T12:00,31.28,0.07,0.07,0.0,,
8193_7_602,清瀧ダム,2026-09-10T13:00,31.28,0.07,0.07,0.0,,
8193_7_602,清瀧ダム,2026-09-10T14:00,31.28,0.07,0.07,0.0,,
8193_7_602,清瀧ダム,2026-09-10T15:00,31.29,0.19,0.07,0.0,,
8193_7_602,清瀧ダム,2026-09-10T16:00,31.29,0.07,0.07,0.0,,
8193_7_603,三成ダム,2026-09-10T09:00,288.14,3.89,5.41,0.177,15.6,15.6
8193_7_603,三成ダム,2026-09-10T10:00,288.09,3.58,5.39,0.17,14.9,14.9
8193_7_603,三成ダム,2026-09-10T11:00,288.04,3.67,5.4,0.164,14.4,14.4
8193_7_603,三成ダム,2026-09-10T12:00,287.99,3.68,5.4,0.158,13.9,13.9
8193_7_603,三成ダム,2026-09-10T13:00,287.94,3.67,5.39,0.152,13.4,13.4
8193_7_603,三成ダム,2026-09-10T14:00,287.89,3.67,5.39,0.146,12.8,12.8
8193_7_603,三成ダム,2026-09-10T15:00,287.83,3.33,5.38,0.138,12.1,12.1
8193_7_603,三成ダム,2026-09-10T16:00,287.77,3.31,5.38,0.131,11.5,11.5
8193_7_604,木都賀ダム,2026-09-10T09:00,231.76,1.06,3.22,0.108,6.9,6.9
8193_7_604,木都賀ダム,2026-09-10T10:00,231.66,1.11,3.23,0.101,6.5,6.5
8193_7_604,木都賀ダム,2026-09-10T11:00,231.55,0.9,3.22,0.092,5.9,5.9
8193_7_604,木都賀ダム,2026-09-10T12:00,231.44,1.02,3.22,0.084,5.4,5.4
8193_7_604,木都賀ダム,2026-09-10T13:00,231.33,1.12,3.21,0.077,4.9,4.9
8193_7_604,木都賀ダム,2026-09-10T14:00,231.21,0.93,3.21,0.069,4.4,4.4
8193_7_604,木都賀ダム,2026-09-10T15:00,231.24,0.66,0.0,0.071,4.6,4.6
8193_7_604,木都賀ダム,2026-09-10T16:00,231.28,0.76,0.0,0.073,4.7,4.7
8193_7_7,御部ダム,2026-09-10T09:00,92.72,0.38,0.25,0.521,26.1,26.1
8193_7_7,御部ダム,2026-09-10T10:00,92.72,0.38,0.25,0.521,26.1,26.1
8193_7_7,御部ダム,2026-09-10T11:00,92.72,0.38,0.25,0.521,26.1,26.1
8193_7_7,御部ダム,2026-09-10T12:00,92.72,0.38,0.25,0.521,26.1,26.1
8193_7_7,御部ダム,2026-09-10T13:00,92.73,0.39,0.25,0.523,26.2,26.2
8193_7_7,御部ダム,2026-09-10T14:00,92.73,0.39,0.25,0.523,26.2,26.2
8193_7_7,御部ダム,2026-09-10T15:00,92.73,0.39,0.25,0.523,26.2,26.2
8193_7_7,御部ダム,2026-09-10T16:00,92.74,0.38,0.25,0.525,26.3,26.3
8193_7_9,銚子ダム,2026-09-10T09:00,58.41,0.28,0.66,1.124,100.0,100.0
8193_7_9,銚子ダム,2026-09-10T10:00,58.4,0.65,2.39,1.123,100.0,100.0
8193_7_9,銚子ダム,2026-09-10T11:00,58.35,0.44,2.29,1.116,100.0,100.0
8193_7_9,銚子ダム,2026-09-10T12:00,58.3,0.5,2.22,1.109,100.0,100.0
8193_7_9,銚子ダム,2026-09-10T13:00,58.26,0.45,2.14,1.104,100.0,100.0
8193_7_9,銚子ダム,2026-09-10T14:00,58.21,0.29,2.05,1.097,100.0,100.0
8193_7_9,銚子ダム,2026-09-10T15:00,58.17,0.37,2.0,1.091,100.0,100.0
8193_7_9,銚子ダム,2026-09-10T16:00,58.12,0.36,1.95,1.084,100.0,100.0
8193_7_1,布部ダム,2026-09-10T17:00,187.63,2.13,4.16,1.988,86.4,46.6
8193_7_1,布部ダム,2026-09-10T18:00,187.6,2.37,4.16,1.98,86.1,46.4
8193_7_1,布部ダム,2026-09-10T19:00,187.58,2.05,4.16,1.974,85.8,46.2
8193_7_1,布部ダム,2026-09-10T20:00,187.55,2.21,4.16,1.966,85.5,46.0
8193_7_1,布部ダム,2026-09-10T21:00,187.53,2.2,4.16,1.96,85.2,45.9
8193_7_1,布部ダム,2026-09-10T22:00,187.54,1.56,0.6,1.963,85.3,46.0
8193_7_10,美田ダム,2026-09-10T17:00,34.82,0.01,0.02,0.181,83.8,83.8
8193_7_10,美田ダム,2026-09-10T18:00,34.82,0.01,0.02,0.181,83.8,83.8
8193_7_10,美田ダム,2026-09-10T19:00,34.82,0.01,0.02,0.181,83.8,83.8
8193_7_10,美田ダム,2026-09-10T20:00,34.82,0.01,0.02,0.181,83.8,83.8
8193_7_10,美田ダム,2026-09-10T21:00,34.82,0.01,0.02,0.181,83.8,83.8
8193_7_10,美田ダム,2026-09-10T22:00,34.82,0.01,0.02,0.181,83.8,83.8
8193_7_11,大長見ダム,2026-09-10T17:00,156.26,1.46,1.46,4.255,99.0,99.0
8193_7_11,大長見ダム,2026-09-10T18:00,156.25,1.46,1.46,4.251,98.9,98.9
8193_7_11,大長見ダム,2026-09-10T19:00,156.23,0.0,1.46,4.243,98.7,98.7
8193_7_11,大長見ダム,2026-09-10T20:00,156.22,0.0,1.46,4.239,98.6,98.6
8193_7_11,大長見ダム,2026-09-10T21:00,156.21,1.46,1.46,4.235,98.5,98.5
8193_7_11,大長見ダム,2026-09-10T22:00,156.2,1.46,1.46,4.231,98.4,98.4
8193_7_13,笹倉ダム,2026-09-10T17:00,127.57,0.17,0.23,0.074,37.0,37.0
8193_7_13,笹倉ダム,2026-09-10T18:00,127.55,0.16,0.23,0.073,36.5,36.5
8193_7_13,笹倉ダム,2026-09-10T19:00,127.54,0.17,0.23,0.073,36.5,36.5
8193_7_13,笹倉ダム,2026-09-10T20:00,127.53,0.17,0.23,0.073,36.5,36.5
8193_7_13,笹倉ダム,2026-09-10T21:00,127.51,0.17,0.23,0.073,36.5,36.5
8193_7_13,笹倉ダム,2026-09-10T22:00,127.5,0.17,0.23,0.073,36.5,36.5
8193_7_14,大峠ダム,2026-09-10T17:00,99.43,0.57,0.53,0.0,,
8193_7_14,大峠ダム,2026-09-10T18:00,99.42,0.57,0.51,0.0,,
8193_7_14,大峠ダム,2026-09-10T19:00,99.43,0.57,0.53,0.0,,
8193_7_14,大峠ダム,2026-09-10T20:00,99.43,0.57,0.53,0.0,,
8193_7_14,大峠ダム,2026-09-10T21:00,99.43,0.57,0.53,0.0,,
8193_7_14,大峠ダム,2026-09-10T22:00,99.43,0.57,0.53,0.0,,
8193_7_16,益田川ダム,2026-09-10T17:00,36.23,1.32,1.32,0.001,,
8193_7_16,益田川ダム,2026-09-10T18:00,36.23,1.32,1.32,0.001,,
8193_7_16,益田川ダム,2026-09-10T19:00,36.23,1.32,1.32,0.001,,
8193_7_16,益田川ダム,2026-09-10T20:00,36.23,1.32,1.32,0.001,,
8193_7_16,益田川ダム,2026-09-10T21:00,36.23,1.32,1.32,0.001,,
8193_7_16,益田川ダム,2026-09-10T22:00,36.23,1.32,1.32,0.001,,
8193_7_17,第二浜田ダム,2026-09-10T17:00,57.24,0.39,0.39,0.431,66.3,66.3
8193_7_17,第二浜田ダム,2026-09-10T18:00,57.24,0.39,0.39,0.431,66.3,66.3
8193_7_17,第二浜田ダム,2026-09-10T19:00,57.23,0.39,0.4,0.43,66.2,66.2
8193_7_17,第二浜田ダム,2026-09-10T20:00,57.23,0.39,0.4,0.43,66.2,66.2
8193_7_17,第二浜田ダム,2026-09-10T21:00,57.23,0.39,0.39,0.43,66.2,66.2
8193_7_17,第二浜田ダム,2026-09-10T22:00,57.22,0.16,0.39,0.428,65.8,65.8
8193_7_18,波積ダム,2026-09-10T17:00,67.76,0.06,0.06,0.047,9.4,9.4
8193_7_18,波積ダム,2026-09-10T18:00,67.76,0.06,0.06,0.047,9.4,9.4
8193_7_18,波積ダム,2026-09-10T19:00,67.76,0.06,0.06,0.047,9.4,9.4
8193_7_18,波積ダム,2026-09-10T20:00,67.75,0.05,0.06,0.046,9.2,9.2
8193_7_18,波積ダム,2026-09-10T21:00,67.75,0.05,0.06,0.046,9.2,9.2
8193_7_18,波積ダム,2026-09-10T22:00,67.75,0.05,0.06,0.046,9.2,9.2
8193_7_2,山佐ダム,2026-09-10T17:00,190.12,0.63,0.31,0.89,80.9,80.9
8193_7_2,山佐ダム,2026-09-10T18:00,190.13,0.62,0.31,0.891,81.0,81.0
8193_7_2,山佐ダム,2026-09-10T19:00,190.14,0.62,0.31,0.892,81.1,81.1
8193_7_2,山佐ダム,2026-09-10T20:00,190.15,0.63,0.31,0.893,81.2,81.2
8193_7_2,山佐ダム,2026-09-10T21:00,190.15,0.63,0.31,0.893,81.2,81.2
8193_7_2,山佐ダム,2026-09-10T22:00,190.16,0.59,0.31,0.895,81.4,81.4
8193_7_3,三瓶ダム,2026-09-10T17:00,124.68,0.36,0.44,1.14,65.9,65.9
8193_7_3,三瓶ダム,2026-09-10T18:00,124.68,0.36,0.45,1.14,65.9,65.9
8193_7_3,三瓶ダム,2026-09-10T19:00,124.68,0.45,0.43,1.14,65.9,65.9
8193_7_3,三瓶ダム,2026-09-10T20:00,124.68,0.45,0.46,1.14,65.9,65.9
8193_7_3,三瓶ダム,2026-09-10T21:00,124.68,0.45,0.46,1.14,65.9,65.9
8193_7_3,三瓶ダム,2026-09-10T22:00,124.67,0.36,0.46,1.139,65.8,65.8
8193_7_4,八戸ダム,2026-09-10T17:00,105.26,0.84,0.55,4.205,80.9,20.7
8193_7_4,八戸ダム,2026-09-10T18:00,105.26,1.69,0.55,4.205,80.9,20.7
8193_7_4,八戸ダム,2026-09-10T19:00,105.27,1.98,0.55,4.21,81.0,20.7
8193_7_4,八戸ダム,2026-09-10T20:00,105.28,1.98,0.55,4.215,81.1,20.8
8193_7_4,八戸ダム,2026-09-10T21:00,105.28,0.55,0.55,4.215,81.1,20.8
8193_7_4,八戸ダム,2026-09-10T22:00,105.29,1.98,0.55,4.221,81.2,20.8
8193_7_5,浜田ダム,2026-09-10T17:00,107.94,0.36,0.36,0.004,,
8193_7_5,浜田ダム,2026-09-10T18:00,107.94,0.36,0.36,0.004,,
8193_7_5,浜田ダム,2026-09-10T19:00,107.94,0.36,0.36,0.004,,
8193_7_5,浜田ダム,2026-09-10T20:00,107.94,0.36,0.36,0.004,,
8193_7_5,浜田ダム,2026-09-10T21:00,107.94,0.36,0.36,0.004,,
8193_7_5,浜田ダム,2026-09-10T22:00,107.94,0.36,0.36,0.004,,
8193_7_600,嵯峨谷ダム,2026-09-10T17:00,254.35,1.29,1.29,0.0,,
8193_7_600,嵯峨谷ダム,2026-09-10T18:00,254.35,1.29,1.29,0.0,,
8193_7_600,嵯峨谷ダム,2026-09-10T19:00,254.35,1.29,1.29,0.0,,
8193_7_600,嵯峨谷ダム,2026-09-10T20:00,254.35,1.29,1.29,0.0,,
8193_7_600,嵯峨谷ダム,2026-09-10T21:00,254.35,1.29,1.29,0.0,,
8193_7_600,嵯峨谷ダム,2026-09-10T22:00,254.35,1.29,1.29,0.0,,
8193_7_601,津田川ダム,2026-09-10T17:00,85.16,0.1,0.1,0.002,,
8193_7_601,津田川ダム,2026-09-10T18:00,85.16,0.1,0.1,0.002,,
8193_7_601,津田川ダム,2026-09-10T19:00,85.16,0.1,0.1,0.002,,
8193_7_601,津田川ダム,2026-09-10T20:00,85.16,0.1,0.1,0.002,,
8193_7_601,津田川ダム,2026-09-10T21:00,85.16,0.1,0.1,0.002,,
8193_7_601,津田川ダム,2026-09-10T22:00,85.16,0.1,0.1,0.002,,
8193_7_602,清瀧ダム,2026-09-10T17:00,31.29,0.07,0.07,0.0,,
8193_7_602,清瀧ダム,2026-09-10T18:00,31.29,0.07,0.07,0.0,,
8193_7_602,清瀧ダム,2026-09-10T19:00,31.29,0.07,0.07,0.0,,
8193_7_602,清瀧ダム,2026-09-10T20:00,31.29,0.07,0.07,0.0,,
8193_7_602,清瀧ダム,2026-09-10T21:00,31.29,0.07,0.07,0.0,,
8193_7_602,清瀧ダム,2026-09-10T22:00,31.29,0.07,0.07,0.0,,
8193_7_603,三成ダム,2026-09-10T17:00,287.71,3.32,5.39,0.123,10.8,10.8
8193_7_603,三成ダム,2026-09-10T18:00,287.65,3.31,5.38,0.116,10.2,10.2
8193_7_603,三成ダム,2026-09-10T19:00,287.59,3.47,5.44,0.109,9.6,9.6
8193_7_603,三成ダム,2026-09-10T20:00,287.51,3.19,5.45,0.101,8.9,8.9
8193_7_603,三成ダム,2026-09-10T21:00,287.43,3.19,5.43,0.093,8.2,8.2
8193_7_603,三成ダム,2026-09-10T22:00,287.35,3.19,5.44,0.084,7.4,7.4
8193_7_604,木都賀ダム,2026-09-10T17:00,231.32,0.76,0.0,0.076,4.9,4.9
8193_7_604,木都賀ダム,2026-09-10T18:00,231.35,0.57,0.0,0.078,5.0,5.0
8193_7_604,木都賀ダム,2026-09-10T19:00,231.39,0.76,0.0,0.081,5.2,5.2
8193_7_604,木都賀ダム,2026-09-10T20:00,231.42,0.57,0.0,0.083,5.3,5.3
8193_7_604,木都賀ダム,2026-09-10T21:00,231.46,0.76,0.0,0.086,5.5,5.5
8193_7_604,木都賀ダム,2026-09-10T22:00,231.49,0.57,0.0,0.088,5.6,5.6
8193_7_7,御部ダム,2026-09-10T17:00,92.74,0.38,0.25,0.525,26.3,26.3
8193_7_7,御部ダム,2026-09-10T18:00,92.74,0.38,0.26,0.525,26.3,26.3
8193_7_7,御部ダム,2026-09-10T19:00,92.75,0.38,0.25,0.526,26.3,26.3
8193_7_7,御部ダム,2026-09-10T20:00,92.75,0.38,0.25,0.526,26.3,26.3
8193_7_7,御部ダム,2026-09-10T21:00,92.75,0.38,0.25,0.526,26.3,26.3
8193_7_7,御部ダム,2026-09-10T22:00,92.75,0.38,0.26,0.526,26.3,26.3
8193_7_9,銚子ダム,2026-09-10T17:00,58.08,0.32,1.9,1.079,100.0,100.0
8193_7_9,銚子ダム,2026-09-10T18:00,58.04,0.24,1.86,1.073,100.0,100.0
8193_7_9,銚子ダム,2026-09-10T19:00,58.0,0.3,1.82,1.068,100.0,100.0
8193_7_9,銚子ダム,2026-09-10T20:00,57.96,0.28,1.79,1.062,100.0,100.0
8193_7_9,銚子ダム,2026-09-10T21:00,57.92,0.38,1.78,1.057,100.0,100.0
8193_7_9,銚子ダム,2026-09-10T22:00,57.88,0.33,1.76,1.052,100.0,100.0
8193_7_1,布部ダム,2026-09-11T00:00,187.59,2.64,0.6,1.977,86.0,46.3
8193_7_1,布部ダム,2026-09-11T01:00,187.61,2.48,0.6,1.983,86.2,46.4
8193_7_1,布部ダム,2026-09-11T02:00,187.63,2.17,0.6,1.988,86.4,46.6
8193_7_10,美田ダム,2026-09-11T00:00,34.82,0.01,0.02,0.181,83.8,83.8
8193_7_10,美田ダム,2026-09-11T01:00,34.81,0.01,0.01,0.18,83.3,83.3
8193_7_10,美田ダム,2026-09-11T02:00,34.81,0.01,0.02,0.18,83.3,83.3
8193_7_11,大長見ダム,2026-09-11T00:00,156.17,0.1,1.46,4.219,98.1,98.1
8193_7_11,大長見ダム,2026-09-11T01:00,156.16,0.0,1.46,4.215,98.0,98.0
8193_7_11,大長見ダム,2026-09-11T02:00,156.15,1.46,1.46,4.211,97.9,97.9
8193_7_13,笹倉ダム,2026-09-11T00:00,127.48,0.17,0.23,0.072,36.0,36.0
8193_7_13,笹倉ダム,2026-09-11T01:00,127.46,0.17,0.23,0.072,36.0,36.0
8193_7_13,笹倉ダム,2026-09-11T02:00,127.45,0.17,0.23,0.072,36.0,36.0
8193_7_14,大峠ダム,2026-09-11T00:00,99.43,0.57,0.53,0.0,,
8193_7_14,大峠ダム,2026-09-11T01:00,99.43,0.57,0.53,0.0,,
8193_7_14,大峠ダム,2026-09-11T02:00,99.43,0.57,0.53,0.0,,
8193_7_16,益田川ダム,2026-09-11T00:00,36.23,1.32,1.32,0.001,,
8193_7_16,益田川ダム,2026-09-11T01:00,36.23,1.32,1.32,0.001,,
8193_7_16,益田川ダム,2026-09-11T02:00,36.23,1.32,1.32,0.001,,
8193_7_17,第二浜田ダム,2026-09-11T00:00,57.22,0.39,0.4,0.428,65.8,65.8
8193_7_17,第二浜田ダム,2026-09-11T01:00,57.22,0.39,0.38,0.428,65.8,65.8
8193_7_17,第二浜田ダム,2026-09-11T02:00,57.21,0.39,0.38,0.427,65.7,65.7
8193_7_18,波積ダム,2026-09-11T00:00,67.75,0.05,0.06,0.046,9.2,9.2
8193_7_18,波積ダム,2026-09-11T01:00,67.75,0.05,0.06,0.046,9.2,9.2
8193_7_18,波積ダム,2026-09-11T02:00,67.75,0.05,0.06,0.046,9.2,9.2
8193_7_2,山佐ダム,2026-09-11T00:00,190.18,0.6,0.31,0.897,81.5,81.5
8193_7_2,山佐ダム,2026-09-11T01:00,190.19,0.59,0.31,0.898,81.6,81.6
8193_7_2,山佐ダム,2026-09-11T02:00,190.2,0.6,0.31,0.9,81.8,81.8
8193_7_3,三瓶ダム,2026-09-11T00:00,124.67,0.36,0.45,1.139,65.8,65.8
8193_7_3,三瓶ダム,2026-09-11T01:00,124.67,0.46,0.46,1.139,65.8,65.8
8193_7_3,三瓶ダム,2026-09-11T02:00,124.67,0.46,0.46,1.139,65.8,65.8
8193_7_4,八戸ダム,2026-09-11T00:00,105.31,1.7,0.56,4.231,81.4,20.8
8193_7_4,八戸ダム,2026-09-11T01:00,105.31,0.85,0.56,4.231,81.4,20.8
8193_7_4,八戸ダム,2026-09-11T02:00,105.32,1.99,0.56,4.236,81.5,20.9
8193_7_5,浜田ダム,2026-09-11T00:00,107.94,0.36,0.36,0.004,,
8193_7_5,浜田ダム,2026-09-11T01:00,107.94,0.36,0.36,0.004,,
8193_7_5,浜田ダム,2026-09-11T02:00,107.94,0.36,0.36,0.004,,
8193_7_600,嵯峨谷ダム,2026-09-11T00:00,254.35,1.29,1.29,0.0,,
8193_7_600,嵯峨谷ダム,2026-09-11T01:00,254.35,1.29,1.29,0.0,,
8193_7_600,嵯峨谷ダム,2026-09-11T02:00,254.35,1.29,1.29,0.0,,
8193_7_601,津田川ダム,2026-09-11T00:00,85.16,0.1,0.1,0.002,,
8193_7_601,津田川ダム,2026-09-11T01:00,85.16,0.1,0.1,0.002,,
8193_7_601,津田川ダム,2026-09-11T02:00,85.16,0.1,0.1,0.002,,
8193_7_602,清瀧ダム,2026-09-11T00:00,31.29,0.07,0.07,0.0,,
8193_7_602,清瀧ダム,2026-09-11T01:00,31.29,0.07,0.07,0.0,,
8193_7_602,清瀧ダム,2026-09-11T02:00,31.29,0.07,0.07,0.0,,
8193_7_603,三成ダム,2026-09-11T00:00,287.16,2.61,5.42,0.065,5.7,5.7
8193_7_603,三成ダム,2026-09-11T01:00,287.3,3.99,0.0,0.079,6.9,6.9
8193_7_603,三成ダム,2026-09-11T02:00,287.42,3.38,0.0,0.092,8.1,8.1
8193_7_604,木都賀ダム,2026-09-11T00:00,231.56,0.85,0.0,0.093,6.0,6.0
8193_7_604,木都賀ダム,2026-09-11T01:00,231.59,0.63,0.0,0.095,6.1,6.1
8193_7_604,木都賀ダム,2026-09-11T02:00,231.62,0.63,0.0,0.098,6.3,6.3
8193_7_7,御部ダム,2026-09-11T00:00,92.76,0.38,0.26,0.528,26.4,26.4
8193_7_7,御部ダム,2026-09-11T01:00,92.76,0.38,0.26,0.528,26.4,26.4
8193_7_7,御部ダム,2026-09-11T02:00,92.76,0.38,0.26,0.528,26.4,26.4
8193_7_9,銚子ダム,2026-09-11T00:00,57.8,0.33,1.73,1.042,99.2,99.2
8193_7_9,銚子ダム,2026-09-11T01:00,57.76,0.32,1.75,1.037,98.8,98.8
8193_7_9,銚子ダム,2026-09-11T02:00,57.72,0.36,1.75,1.032,98.3,98.3
8193_7_1,布部ダム,2026-09-11T03:00,187.66,2.72,0.6,1.997,86.8,46.8
8193_7_1,布部ダム,2026-09-11T04:00,187.68,2.4,0.61,2.002,87.0,46.9
8193_7_1,布部ダム,2026-09-11T05:00,187.7,2.17,0.61,2.008,87.3,47.0
8193_7_1,布部ダム,2026-09-11T06:00,187.72,2.17,0.61,2.014,87.6,47.2
8193_7_1,布部ダム,2026-09-11T07:00,187.75,2.48,0.6,2.022,87.9,47.4
8193_7_10,美田ダム,2026-09-11T03:00,34.81,0.01,0.02,0.18,83.3,83.3
8193_7_10,美田ダム,2026-09-11T04:00,34.81,0.01,0.01,0.18,83.3,83.3
8193_7_10,美田ダム,2026-09-11T05:00,34.81,0.01,0.02,0.18,83.3,83.3
8193_7_10,美田ダム,2026-09-11T06:00,34.81,0.01,0.01,0.18,83.3,83.3
8193_7_10,美田ダム,2026-09-11T07:00,34.81,0.01,0.02,0.18,83.3,83.3
8193_7_11,大長見ダム,2026-09-11T03:00,156.14,1.46,1.46,4.206,97.8,97.8
8193_7_11,大長見ダム,2026-09-11T04:00,156.13,1.46,1.46,4.202,97.7,97.7
8193_7_11,大長見ダム,2026-09-11T05:00,156.12,1.46,1.46,4.198,97.6,97.6
8193_7_11,大長見ダム,2026-09-11T06:00,156.11,1.46,1.46,4.194,97.5,97.5
8193_7_11,大長見ダム,2026-09-11T07:00,156.1,1.46,1.46,4.19,97.4,97.4
8193_7_13,笹倉ダム,2026-09-11T03:00,127.44,0.17,0.23,0.072,36.0,36.0
8193_7_13,笹倉ダム,2026-09-11T04:00,127.43,0.18,0.23,0.071,35.5,35.5
8193_7_13,笹倉ダム,2026-09-11T05:00,127.42,0.19,0.23,0.071,35.5,35.5
8193_7_13,笹倉ダム,2026-09-11T06:00,127.42,0.19,0.23,0.071,35.5,35.5
8193_7_13,笹倉ダム,2026-09-11T07:00,127.42,0.19,0.23,0.071,35.5,35.5
8193_7_14,大峠ダム,2026-09-11T03:00,99.43,0.57,0.53,0.0,,
8193_7_14,大峠ダム,2026-09-11T04:00,99.44,0.55,0.55,0.0,,
8193_7_14,大峠ダム,2026-09-11T05:00,99.46,0.58,0.6,0.0,,
8193_7_14,大峠ダム,2026-09-11T06:00,99.49,0.65,0.67,0.0,,
8193_7_14,大峠ダム,2026-09-11T07:00,99.5,0.67,0.69,0.0,,
8193_7_16,益田川ダム,2026-09-11T03:00,36.23,1.32,1.32,0.001,,
8193_7_16,益田川ダム,2026-09-11T04:00,36.23,1.32,1.32,0.001,,
8193_7_16,益田川ダム,2026-09-11T05:00,36.24,1.32,1.38,0.001,,
8193_7_16,益田川ダム,2026-09-11T06:00,36.24,1.32,1.38,0.001,,
8193_7_16,益田川ダム,2026-09-11T07:00,36.25,1.33,1.44,0.001,,
8193_7_17,第二浜田ダム,2026-09-11T03:00,57.21,0.4,0.4,0.427,65.7,65.7
8193_7_17,第二浜田ダム,2026-09-11T04:00,57.21,0.4,0.4,0.427,65.7,65.7
8193_7_17,第二浜田ダム,2026-09-11T05:00,57.21,0.39,0.4,0.427,65.7,65.7
8193_7_17,第二浜田ダム,2026-09-11T06:00,57.21,0.39,0.4,0.427,65.7,65.7
8193_7_17,第二浜田ダム,2026-09-11T07:00,57.2,0.0,0.39,0.426,65.5,65.5
8193_7_18,波積ダム,2026-09-11T03:00,67.75,0.05,0.06,0.046,9.2,9.2
8193_7_18,波積ダム,2026-09-11T04:00,67.75,0.05,0.06,0.046,9.2,9.2
8193_7_18,波積ダム,2026-09-11T05:00,67.75,0.05,0.06,0.046,9.2,9.2
8193_7_18,波積ダム,2026-09-11T06:00,67.75,0.05,0.06,0.046,9.2,9.2
8193_7_18,波積ダム,2026-09-11T07:00,67.75,0.05,0.06,0.046,9.2,9.2
8193_7_2,山佐ダム,2026-09-11T03:00,190.2,0.6,0.31,0.9,81.8,81.8
8193_7_2,山佐ダム,2026-09-11T04:00,190.21,0.58,0.31,0.901,81.9,81.9
8193_7_2,山佐ダム,2026-09-11T05:00,190.22,0.57,0.31,0.902,82.0,82.0
8193_7_2,山佐ダム,2026-09-11T06:00,190.23,0.57,0.31,0.903,82.1,82.1
8193_7_2,山佐ダム,2026-09-11T07:00,190.23,0.57,0.31,0.903,82.1,82.1
8193_7_3,三瓶ダム,2026-09-11T03:00,124.66,0.35,0.46,1.137,65.7,65.7
8193_7_3,三瓶ダム,2026-09-11T04:00,124.66,0.35,0.45,1.137,65.7,65.7
8193_7_3,三瓶ダム,2026-09-11T05:00,124.66,0.35,0.46,1.137,65.7,65.7
8193_7_3,三瓶ダム,2026-09-11T06:00,124.66,0.46,0.46,1.137,65.7,65.7
8193_7_3,三瓶ダム,2026-09-11T07:00,124.66,0.46,0.46,1.137,65.7,65.7
8193_7_4,八戸ダム,2026-09-11T03:00,105.33,1.7,0.56,4.241,81.6,20.9
8193_7_4,八戸ダム,2026-09-11T04:00,105.33,0.85,0.56,4.241,81.6,20.9
8193_7_4,八戸ダム,2026-09-11T05:00,105.34,1.99,0.56,4.246,81.7,20.9
8193_7_4,八戸ダム,2026-09-11T06:00,105.35,1.98,0.55,4.252,81.8,20.9
8193_7_4,八戸ダム,2026-09-11T07:00,105.36,1.98,0.56,4.257,81.9,21.0
8193_7_5,浜田ダム,2026-09-11T03:00,107.94,0.36,0.36,0.004,,
8193_7_5,浜田ダム,2026-09-11T04:00,107.94,0.36,0.36,0.004,,
8193_7_5,浜田ダム,2026-09-11T05:00,107.94,0.36,0.36,0.004,,
8193_7_5,浜田ダム,2026-09-11T06:00,107.94,0.36,0.36,0.004,,
8193_7_5,浜田ダム,2026-09-11T07:00,107.95,0.47,0.42,0.005,,
8193_7_600,嵯峨谷ダム,2026-09-11T03:00,254.35,1.29,1.29,0.0,,
8193_7_600,嵯峨谷ダム,2026-09-11T04:00,254.35,1.29,1.29,0.0,,
8193_7_600,嵯峨谷ダム,2026-09-11T05:00,254.35,1.29,1.29,0.0,,
8193_7_600,嵯峨谷ダム,2026-09-11T06:00,254.35,1.29,1.29,0.0,,
8193_7_600,嵯峨谷ダム,2026-09-11T07:00,254.35,1.29,1.29,0.0,,
8193_7_601,津田川ダム,2026-09-11T03:00,85.16,0.1,0.1,0.002,,
8193_7_601,津田川ダム,2026-09-11T04:00,85.16,0.1,0.1,0.002,,
8193_7_601,津田川ダム,2026-09-11T05:00,85.17,0.12,0.12,0.002,,
8193_7_601,津田川ダム,2026-09-11T06:00,85.19,0.34,0.14,0.002,,
8193_7_601,津田川ダム,2026-09-11T07:00,85.2,0.16,0.16,0.002,,
8193_7_602,清瀧ダム,2026-09-11T03:00,31.29,0.07,0.07,0.0,,
8193_7_602,清瀧ダム,2026-09-11T04:00,31.28,0.07,0.07,0.0,,
8193_7_602,清瀧ダム,2026-09-11T05:00,31.28,0.07,0.07,0.0,,
8193_7_602,清瀧ダム,2026-09-11T06:00,31.28,0.07,0.07,0.0,,
8193_7_602,清瀧ダム,2026-09-11T07:00,31.29,0.07,0.07,0.0,,
8193_7_603,三成ダム,2026-09-11T03:00,287.53,3.09,0.0,0.103,9.1,9.1
8193_7_603,三成ダム,2026-09-11T04:00,287.63,2.94,0.0,0.113,9.9,9.9
8193_7_603,三成ダム,2026-09-11T05:00,287.73,3.44,0.0,0.126,11.1,11.1
8193_7_603,三成ダム,2026-09-11T06:00,287.81,2.76,0.0,0.136,12.0,12.0
8193_7_603,三成ダム,2026-09-11T07:00,287.9,3.1,0.0,0.147,12.9,12.9
8193_7_604,木都賀ダム,2026-09-11T03:00,231.65,0.63,0.0,0.1,6.4,6.4
8193_7_604,木都賀ダム,2026-09-11T04:00,231.68,0.63,0.0,0.102,6.5,6.5
8193_7_604,木都賀ダム,2026-09-11T05:00,231.72,0.85,0.0,0.105,6.7,6.7
8193_7_604,木都賀ダム,2026-09-11T06:00,231.75,0.63,0.0,0.108,6.9,6.9
8193_7_604,木都賀ダム,2026-09-11T07:00,231.79,0.85,0.0,0.111,7.1,7.1
8193_7_7,御部ダム,2026-09-11T03:00,92.77,0.37,0.25,0.529,26.5,26.5
8193_7_7,御部ダム,2026-09-11T04:00,92.77,0.37,0.25,0.529,26.5,26.5
8193_7_7,御部ダム,2026-09-11T05:00,92.78,0.41,0.25,0.531,26.6,26.6
8193_7_7,御部ダム,2026-09-11T06:00,92.78,0.41,0.25,0.531,26.6,26.6
8193_7_7,御部ダム,2026-09-11T07:00,92.78,0.41,0.25,0.531,26.6,26.6
8193_7_9,銚子ダム,2026-09-11T03:00,57.68,0.29,1.75,1.027,97.8,97.8
8193_7_9,銚子ダム,2026-09-11T04:00,57.64,0.36,1.74,1.022,97.3,97.3
8193_7_9,銚子ダム,2026-09-11T05:00,57.6,0.35,1.74,1.017,96.9,96.9
8193_7_9,銚子ダム,2026-09-11T06:00,57.55,0.32,1.74,1.01,96.2,96.2
8193_7_9,銚子ダム,2026-09-11T07:00,57.51,0.21,1.73,1.005,95.7,95.7
8193_7_1,布部ダム,2026-09-11T08:00,187.77,2.64,0.61,2.028,88.2,47.5
8193_7_1,布部ダム,2026-09-11T09:00,187.79,2.17,0.61,2.033,88.4,47.6
8193_7_1,布部ダム,2026-09-11T10:00,187.81,2.17,0.61,2.039,88.7,47.8
8193_7_1,布部ダム,2026-09-11T11:00,187.83,2.17,0.6,2.045,88.9,47.9
8193_7_1,布部ダム,2026-09-11T12:00,187.85,2.53,1.54,2.05,89.1,48.0
8193_7_1,布部ダム,2026-09-11T13:00,187.85,2.69,3.15,2.05,89.1,48.0
8193_7_1,布部ダム,2026-09-11T14:00,187.84,2.36,3.15,2.047,89.0,47.9
8193_7_1,布部ダム,2026-09-11T15:00,187.82,1.74,3.15,2.042,88.8,47.8
8193_7_1,布部ダム,2026-09-11T16:00,187.81,2.2,3.14,2.039,88.7,47.8
8193_7_10,美田ダム,2026-09-11T08:00,34.81,0.01,0.02,0.18,83.3,83.3
8193_7_10,美田ダム,2026-09-11T09:00,34.8,0.0,0.02,0.18,83.3,83.3
8193_7_10,美田ダム,2026-09-11T10:00,34.8,0.0,0.02,0.18,83.3,83.3
8193_7_10,美田ダム,2026-09-11T11:00,34.8,0.0,0.02,0.18,83.3,83.3
8193_7_10,美田ダム,2026-09-11T12:00,34.8,0.0,0.02,0.18,83.3,83.3
8193_7_10,美田ダム,2026-09-11T13:00,34.8,0.0,0.01,0.18,83.3,83.3
8193_7_10,美田ダム,2026-09-11T14:00,34.8,0.0,0.02,0.18,83.3,83.3
8193_7_10,美田ダム,2026-09-11T15:00,34.8,0.0,0.02,0.18,83.3,83.3
8193_7_10,美田ダム,2026-09-11T16:00,34.79,0.0,0.01,0.18,83.3,83.3
8193_7_11,大長見ダム,2026-09-11T08:00,156.09,1.46,1.46,4.186,97.3,97.3
8193_7_11,大長見ダム,2026-09-11T09:00,156.08,1.46,1.46,4.182,97.3,97.3
8193_7_11,大長見ダム,2026-09-11T10:00,156.06,0.0,1.46,4.174,97.1,97.1
8193_7_11,大長見ダム,2026-09-11T11:00,156.05,0.0,1.46,4.17,97.0,97.0
8193_7_11,大長見ダム,2026-09-11T12:00,156.04,1.46,1.46,4.166,96.9,96.9
8193_7_11,大長見ダム,2026-09-11T13:00,156.03,1.45,1.46,4.162,96.8,96.8
8193_7_11,大長見ダム,2026-09-11T14:00,156.02,1.46,1.46,4.158,96.7,96.7
8193_7_11,大長見ダム,2026-09-11T15:00,156.0,0.0,1.45,4.15,96.5,96.5
8193_7_11,大長見ダム,2026-09-11T16:00,155.99,0.0,1.45,4.146,96.4,96.4
8193_7_13,笹倉ダム,2026-09-11T08:00,127.42,0.19,0.23,0.071,35.5,35.5
8193_7_13,笹倉ダム,2026-09-11T09:00,127.42,0.19,0.23,0.071,35.5,35.5
8193_7_13,笹倉ダム,2026-09-11T10:00,127.42,0.19,0.23,0.071,35.5,35.5
8193_7_13,笹倉ダム,2026-09-11T11:00,127.42,0.19,0.23,0.071,35.5,35.5
8193_7_13,笹倉ダム,2026-09-11T12:00,127.42,0.19,0.23,0.071,35.5,35.5
8193_7_13,笹倉ダム,2026-09-11T13:00,127.41,0.22,0.23,0.071,35.5,35.5
8193_7_13,笹倉ダム,2026-09-11T14:00,127.4,0.2,0.23,0.071,35.5,35.5
8193_7_13,笹倉ダム,2026-09-11T15:00,127.4,0.2,0.23,0.071,35.5,35.5
8193_7_13,笹倉ダム,2026-09-11T16:00,127.39,0.19,0.23,0.071,35.5,35.5
8193_7_14,大峠ダム,2026-09-11T08:00,99.48,0.68,0.64,0.0,,
8193_7_14,大峠ダム,2026-09-11T09:00,99.47,0.64,0.62,0.0,,
8193_7_14,大峠ダム,2026-09-11T10:00,99.47,0.64,0.62,0.0,,
8193_7_14,大峠ダム,2026-09-11T11:00,99.46,0.62,0.6,0.0,,
8193_7_14,大峠ダム,2026-09-11T12:00,99.46,0.62,0.6,0.0,,
8193_7_14,大峠ダム,2026-09-11T13:00,99.45,0.6,0.58,0.0,,
8193_7_14,大峠ダム,2026-09-11T14:00,99.45,0.6,0.58,0.0,,
8193_7_14,大峠ダム,2026-09-11T15:00,99.44,0.58,0.55,0.0,,
8193_7_14,大峠ダム,2026-09-11T16:00,99.44,0.55,0.55,0.0,,
8193_7_16,益田川ダム,2026-09-11T08:00,36.25,1.33,1.44,0.001,,
8193_7_16,益田川ダム,2026-09-11T09:00,36.25,1.33,1.44,0.001,,
8193_7_16,益田川ダム,2026-09-11T10:00,36.25,1.33,1.44,0.001,,
8193_7_16,益田川ダム,2026-09-11T11:00,36.26,1.44,1.5,0.001,,
8193_7_16,益田川ダム,2026-09-11T12:00,36.26,1.44,1.5,0.001,,
8193_7_16,益田川ダム,2026-09-11T13:00,36.26,1.44,1.5,0.001,,
8193_7_16,益田川ダム,2026-09-11T14:00,36.26,1.44,1.5,0.001,,
8193_7_16,益田川ダム,2026-09-11T15:00,36.26,1.44,1.5,0.001,,
8193_7_16,益田川ダム,2026-09-11T16:00,36.26,1.44,1.5,0.001,,
8193_7_17,第二浜田ダム,2026-09-11T08:00,57.2,0.39,0.4,0.426,65.5,65.5
8193_7_17,第二浜田ダム,2026-09-11T09:00,57.2,0.39,0.38,0.426,65.5,65.5
8193_7_17,第二浜田ダム,2026-09-11T10:00,57.2,0.4,0.4,0.426,65.5,65.5
8193_7_17,第二浜田ダム,2026-09-11T11:00,57.2,0.39,0.39,0.426,65.5,65.5
8193_7_17,第二浜田ダム,2026-09-11T12:00,57.2,0.39,0.4,0.426,65.5,65.5
8193_7_17,第二浜田ダム,2026-09-11T13:00,57.2,0.39,0.4,0.426,65.5,65.5
8193_7_17,第二浜田ダム,2026-09-11T14:00,57.2,0.39,0.39,0.426,65.5,65.5
8193_7_17,第二浜田ダム,2026-09-11T15:00,57.21,0.39,0.39,0.427,65.7,65.7
8193_7_17,第二浜田ダム,2026-09-11T16:00,57.21,0.39,0.39,0.427,65.7,65.7
8193_7_18,波積ダム,2026-09-11T08:00,67.75,0.06,0.06,0.046,9.2,9.2
8193_7_18,波積ダム,2026-09-11T09:00,67.75,0.06,0.06,0.046,9.2,9.2
8193_7_18,波積ダム,2026-09-11T10:00,67.75,0.06,0.06,0.046,9.2,9.2
8193_7_18,波積ダム,2026-09-11T11:00,67.75,0.06,0.06,0.046,9.2,9.2
8193_7_18,波積ダム,2026-09-11T12:00,67.75,0.06,0.06,0.046,9.2,9.2
8193_7_18,波積ダム,2026-09-11T13:00,67.75,0.06,0.06,0.046,9.2,9.2
8193_7_18,波積ダム,2026-09-11T14:00,67.75,0.06,0.06,0.046,9.2,9.2
8193_7_18,波積ダム,2026-09-11T15:00,67.75,0.06,0.06,0.046,9.2,9.2
8193_7_18,波積ダム,2026-09-11T16:00,67.75,0.06,0.06,0.046,9.2,9.2
8193_7_2,山佐ダム,2026-09-11T08:00,190.24,0.58,0.31,0.905,82.3,82.3
8193_7_2,山佐ダム,2026-09-11T09:00,190.25,0.59,0.31,0.906,82.4,82.4
8193_7_2,山佐ダム,2026-09-11T10:00,190.26,0.59,0.32,0.907,82.5,82.5
8193_7_2,山佐ダム,2026-09-11T11:00,190.27,0.58,0.31,0.908,82.5,82.5
8193_7_2,山佐ダム,2026-09-11T12:00,190.27,0.58,0.31,0.908,82.5,82.5
8193_7_2,山佐ダム,2026-09-11T13:00,190.28,0.59,0.31,0.91,82.7,82.7
8193_7_2,山佐ダム,2026-09-11T14:00,190.29,0.56,0.31,0.911,82.8,82.8
8193_7_2,山佐ダム,2026-09-11T15:00,190.29,0.56,0.31,0.911,82.8,82.8
8193_7_2,山佐ダム,2026-09-11T16:00,190.3,0.55,0.31,0.912,82.9,82.9
8193_7_3,三瓶ダム,2026-09-11T08:00,124.66,0.46,0.46,1.137,65.7,65.7
8193_7_3,三瓶ダム,2026-09-11T09:00,124.66,0.46,0.45,1.137,65.7,65.7
8193_7_3,三瓶ダム,2026-09-11T10:00,124.66,0.46,0.46,1.137,65.7,65.7
8193_7_3,三瓶ダム,2026-09-11T11:00,124.66,0.46,0.44,1.137,65.7,65.7
8193_7_3,三瓶ダム,2026-09-11T12:00,124.66,0.45,0.44,1.137,65.7,65.7
8193_7_3,三瓶ダム,2026-09-11T13:00,124.66,0.45,0.44,1.137,65.7,65.7
8193_7_3,三瓶ダム,2026-09-11T14:00,124.66,0.45,0.43,1.137,65.7,65.7
8193_7_3,三瓶ダム,2026-09-11T15:00,124.66,0.45,0.44,1.137,65.7,65.7
8193_7_3,三瓶ダム,2026-09-11T16:00,124.66,0.45,0.44,1.137,65.7,65.7
8193_7_4,八戸ダム,2026-09-11T08:00,105.37,1.99,0.56,4.262,82.0,21.0
8193_7_4,八戸ダム,2026-09-11T09:00,105.38,0.99,0.56,4.267,82.1,21.0
8193_7_4,八戸ダム,2026-09-11T10:00,105.38,1.56,0.56,4.267,82.1,21.0
8193_7_4,八戸ダム,2026-09-11T11:00,105.39,1.99,0.56,4.272,82.2,21.0
8193_7_4,八戸ダム,2026-09-11T12:00,105.4,1.99,0.56,4.277,82.3,21.1
8193_7_4,八戸ダム,2026-09-11T13:00,105.41,1.99,0.56,4.283,82.4,21.1
8193_7_4,八戸ダム,2026-09-11T14:00,105.42,1.99,0.56,4.288,82.5,21.1
8193_7_4,八戸ダム,2026-09-11T15:00,105.43,1.85,0.56,4.293,82.6,21.1
8193_7_4,八戸ダム,2026-09-11T16:00,105.43,0.7,0.56,4.293,82.6,21.1
8193_7_5,浜田ダム,2026-09-11T08:00,107.96,0.46,0.46,0.005,,
8193_7_5,浜田ダム,2026-09-11T09:00,107.98,0.64,0.54,0.006,,
8193_7_5,浜田ダム,2026-09-11T10:00,107.99,0.8,0.58,0.007,,
8193_7_5,浜田ダム,2026-09-11T11:00,107.99,0.62,0.58,0.007,,
8193_7_5,浜田ダム,2026-09-11T12:00,107.99,0.58,0.58,0.007,,
8193_7_5,浜田ダム,2026-09-11T13:00,107.98,0.43,0.54,0.006,,
8193_7_5,浜田ダム,2026-09-11T14:00,107.97,0.47,0.5,0.006,,
8193_7_5,浜田ダム,2026-09-11T15:00,107.97,0.44,0.5,0.006,,
8193_7_5,浜田ダム,2026-09-11T16:00,107.96,0.45,0.46,0.005,,
8193_7_600,嵯峨谷ダム,2026-09-11T08:00,254.35,1.29,1.29,0.0,,
8193_7_600,嵯峨谷ダム,2026-09-11T09:00,254.36,1.34,1.34,0.0,,
8193_7_600,嵯峨谷ダム,2026-09-11T10:00,254.36,1.34,1.34,0.0,,
8193_7_600,嵯峨谷ダム,2026-09-11T11:00,254.36,1.34,1.34,0.0,,
8193_7_600,嵯峨谷ダム,2026-09-11T12:00,254.36,1.34,1.34,0.0,,
8193_7_600,嵯峨谷ダム,2026-09-11T13:00,254.36,1.34,1.34,0.0,,
8193_7_600,嵯峨谷ダム,2026-09-11T14:00,254.35,1.28,1.29,0.0,,
8193_7_600,嵯峨谷ダム,2026-09-11T15:00,254.35,1.29,1.29,0.0,,
8193_7_600,嵯峨谷ダム,2026-09-11T16:00,254.35,1.29,1.29,0.0,,
8193_7_601,津田川ダム,2026-09-11T08:00,85.21,0.39,0.18,0.003,,
8193_7_601,津田川ダム,2026-09-11T09:00,85.21,0.18,0.18,0.003,,
8193_7_601,津田川ダム,2026-09-11T10:00,85.21,0.18,0.18,0.003,,
8193_7_601,津田川ダム,2026-09-11T11:00,85.21,0.18,0.18,0.003,,
8193_7_601,津田川ダム,2026-09-11T12:00,85.21,0.18,0.18,0.003,,
8193_7_601,津田川ダム,2026-09-11T13:00,85.2,0.16,0.16,0.002,,
8193_7_601,津田川ダム,2026-09-11T14:00,85.2,0.16,0.16,0.002,,
8193_7_601,津田川ダム,2026-09-11T15:00,85.2,0.16,0.16,0.002,,
8193_7_601,津田川ダム,2026-09-11T16:00,85.2,0.16,0.16,0.002,,
8193_7_602,清瀧ダム,2026-09-11T08:00,31.29,0.07,0.07,0.0,,
8193_7_602,清瀧ダム,2026-09-11T09:00,31.29,0.07,0.07,0.0,,
8193_7_602,清瀧ダム,2026-09-11T10:00,31.3,0.07,0.07,0.0,,
8193_7_602,清瀧ダム,2026-09-11T11:00,31.3,0.07,0.07,0.0,,
8193_7_602,清瀧ダム,2026-09-11T12:00,31.29,0.07,0.07,0.0,,
8193_7_602,清瀧ダム,2026-09-11T13:00,31.27,0.07,0.07,0.0,,
8193_7_602,清瀧ダム,2026-09-11T14:00,31.25,0.07,0.07,0.0,,
8193_7_602,清瀧ダム,2026-09-11T15:00,31.23,0.06,0.06,0.0,,
8193_7_602,清瀧ダム,2026-09-11T16:00,31.2,0.0,0.06,0.0,,
8193_7_603,三成ダム,2026-09-11T08:00,287.98,2.81,1.77,0.157,13.8,13.8
8193_7_603,三成ダム,2026-09-11T09:00,287.94,2.89,5.07,0.152,13.4,13.4
8193_7_603,三成ダム,2026-09-11T10:00,287.88,3.0,5.07,0.144,12.7,12.7
8193_7_603,三成ダム,2026-09-11T11:00,287.81,2.65,5.06,0.136,12.0,12.0
8193_7_603,三成ダム,2026-09-11T12:00,287.75,2.99,5.07,0.128,11.2,11.2
8193_7_603,三成ダム,2026-09-11T13:00,287.68,2.85,5.27,0.119,10.5,10.5
8193_7_603,三成ダム,2026-09-11T14:00,287.61,2.85,5.26,0.111,9.8,9.8
8193_7_603,三成ダム,2026-09-11T15:00,287.54,3.28,5.25,0.104,9.1,9.1
8193_7_603,三成ダム,2026-09-11T16:00,287.45,2.72,5.25,0.095,8.3,8.3
8193_7_604,木都賀ダム,2026-09-11T08:00,231.82,0.63,0.0,0.113,7.3,7.3
8193_7_604,木都賀ダム,2026-09-11T09:00,231.86,0.85,0.0,0.116,7.4,7.4
8193_7_604,木都賀ダム,2026-09-11T10:00,231.9,0.85,0.0,0.119,7.6,7.6
8193_7_604,木都賀ダム,2026-09-11T11:00,231.94,0.85,0.0,0.122,7.8,7.8
8193_7_604,木都賀ダム,2026-09-11T12:00,231.98,0.85,0.0,0.125,8.0,8.0
8193_7_604,木都賀ダム,2026-09-11T13:00,232.02,0.9,0.0,0.128,8.2,8.2
8193_7_604,木都賀ダム,2026-09-11T14:00,232.05,0.72,0.0,0.131,8.4,8.4
8193_7_604,木都賀ダム,2026-09-11T15:00,232.09,0.96,0.0,0.134,8.6,8.6
8193_7_604,木都賀ダム,2026-09-11T16:00,232.12,0.72,0.0,0.137,8.8,8.8
8193_7_7,御部ダム,2026-09-11T08:00,92.79,0.42,0.25,0.532,26.6,26.6
8193_7_7,御部ダム,2026-09-11T09:00,92.79,0.42,0.26,0.532,26.6,26.6
8193_7_7,御部ダム,2026-09-11T10:00,92.8,0.46,0.26,0.534,26.7,26.7
8193_7_7,御部ダム,2026-09-11T11:00,92.8,0.46,0.25,0.534,26.7,26.7
8193_7_7,御部ダム,2026-09-11T12:00,92.81,0.44,0.25,0.536,26.8,26.8
8193_7_7,御部ダム,2026-09-11T13:00,92.81,0.44,0.25,0.536,26.8,26.8
8193_7_7,御部ダム,2026-09-11T14:00,92.81,0.44,0.25,0.536,26.8,26.8
8193_7_7,御部ダム,2026-09-11T15:00,92.82,0.44,0.26,0.537,26.9,26.9
8193_7_7,御部ダム,2026-09-11T16:00,92.82,0.44,0.26,0.537,26.9,26.9
8193_7_9,銚子ダム,2026-09-11T08:00,57.47,0.28,1.74,1.0,95.2,95.2
8193_7_9,銚子ダム,2026-09-11T09:00,57.43,0.24,1.74,0.995,94.8,94.8
8193_7_9,銚子ダム,2026-09-11T10:00,57.38,0.39,2.12,0.989,94.2,94.2
8193_7_9,銚子ダム,2026-09-11T11:00,57.31,0.0,2.12,0.98,93.3,93.3
8193_7_9,銚子ダム,2026-09-11T12:00,57.24,0.0,2.12,0.972,92.6,92.6
8193_7_9,銚子ダム,2026-09-11T13:00,57.17,0.0,2.12,0.963,91.7,91.7
8193_7_9,銚子ダム,2026-09-11T14:00,57.1,0.0,2.12,0.954,90.9,90.9
8193_7_9,銚子ダム,2026-09-11T15:00,57.03,0.0,2.12,0.946,90.1,90.1
8193_7_9,銚子ダム,2026-09-11T16:00,56.96,0.0,2.12,0.937,89.2,89.2
8193_7_1,布部ダム,2026-09-11T17:00,187.79,2.2,3.14,2.033,88.4,47.6
8193_7_1,布部ダム,2026-09-11T18:00,187.78,1.74,3.14,2.031,88.3,47.6
8193_7_1,布部ダム,2026-09-11T19:00,187.77,2.36,3.14,2.028,88.2,47.5
8193_7_1,布部ダム,2026-09-11T20:00,187.75,1.58,3.14,2.022,87.9,47.4
8193_7_1,布部ダム,2026-09-11T21:00,187.73,2.13,3.15,2.016,87.7,47.2
8193_7_10,美田ダム,2026-09-11T17:00,34.79,0.0,0.02,0.18,83.3,83.3
8193_7_10,美田ダム,2026-09-11T18:00,34.79,0.0,0.02,0.18,83.3,83.3
8193_7_10,美田ダム,2026-09-11T19:00,34.79,0.0,0.02,0.18,83.3,83.3
8193_7_10,美田ダム,2026-09-11T20:00,34.79,0.0,0.02,0.18,83.3,83.3
8193_7_10,美田ダム,2026-09-11T21:00,34.79,0.0,0.02,0.18,83.3,83.3
8193_7_11,大長見ダム,2026-09-11T17:00,155.98,1.45,1.45,4.142,96.3,96.3
8193_7_11,大長見ダム,2026-09-11T18:00,155.97,1.45,1.46,4.138,96.2,96.2
8193_7_11,大長見ダム,2026-09-11T19:00,155.96,1.45,1.46,4.134,96.1,96.1
8193_7_11,大長見ダム,2026-09-11T20:00,155.94,0.18,1.46,4.127,96.0,96.0
8193_7_11,大長見ダム,2026-09-11T21:00,155.93,0.0,1.45,4.123,95.9,95.9
8193_7_13,笹倉ダム,2026-09-11T17:00,127.38,0.19,0.23,0.071,35.5,35.5
8193_7_13,笹倉ダム,2026-09-11T18:00,127.37,0.19,0.23,0.07,35.0,35.0
8193_7_13,笹倉ダム,2026-09-11T19:00,127.36,0.18,0.23,0.07,35.0,35.0
8193_7_13,笹倉ダム,2026-09-11T20:00,127.34,0.18,0.23,0.07,35.0,35.0
8193_7_13,笹倉ダム,2026-09-11T21:00,127.33,0.18,0.23,0.07,35.0,35.0
8193_7_14,大峠ダム,2026-09-11T17:00,99.44,0.55,0.55,0.0,,
8193_7_14,大峠ダム,2026-09-11T18:00,99.44,0.55,0.55,0.0,,
8193_7_14,大峠ダム,2026-09-11T19:00,99.44,0.55,0.55,0.0,,
8193_7_14,大峠ダム,2026-09-11T20:00,99.44,0.55,0.55,0.0,,
8193_7_14,大峠ダム,2026-09-11T21:00,99.44,0.55,0.55,0.0,,
8193_7_16,益田川ダム,2026-09-11T17:00,36.25,1.5,1.44,0.001,,
8193_7_16,益田川ダム,2026-09-11T18:00,36.25,1.45,1.44,0.001,,
8193_7_16,益田川ダム,2026-09-11T19:00,36.25,1.45,1.44,0.001,,
8193_7_16,益田川ダム,2026-09-11T20:00,36.25,1.45,1.44,0.001,,
8193_7_16,益田川ダム,2026-09-11T21:00,36.24,1.4,1.38,0.001,,
8193_7_17,第二浜田ダム,2026-09-11T17:00,57.21,0.39,0.4,0.427,65.7,65.7
8193_7_17,第二浜田ダム,2026-09-11T18:00,57.21,0.39,0.4,0.427,65.7,65.7
8193_7_17,第二浜田ダム,2026-09-11T19:00,57.21,0.39,0.38,0.427,65.7,65.7
8193_7_17,第二浜田ダム,2026-09-11T20:00,57.21,0.39,0.39,0.427,65.7,65.7
8193_7_17,第二浜田ダム,2026-09-11T21:00,57.21,0.39,0.39,0.427,65.7,65.7
8193_7_18,波積ダム,2026-09-11T17:00,67.75,0.06,0.06,0.046,9.2,9.2
8193_7_18,波積ダム,2026-09-11T18:00,67.75,0.06,0.06,0.046,9.2,9.2
8193_7_18,波積ダム,2026-09-11T19:00,67.75,0.06,0.06,0.046,9.2,9.2
8193_7_18,波積ダム,2026-09-11T20:00,67.75,0.06,0.06,0.046,9.2,9.2
8193_7_18,波積ダム,2026-09-11T21:00,67.75,0.06,0.06,0.046,9.2,9.2
8193_7_2,山佐ダム,2026-09-11T17:00,190.31,0.54,0.31,0.913,83.0,83.0
8193_7_2,山佐ダム,2026-09-11T18:00,190.31,0.54,0.31,0.913,83.0,83.0
8193_7_2,山佐ダム,2026-09-11T19:00,190.32,0.52,0.31,0.915,83.2,83.2
8193_7_2,山佐ダム,2026-09-11T20:00,190.33,0.51,0.31,0.916,83.3,83.3
8193_7_2,山佐ダム,2026-09-11T21:00,190.33,0.51,0.31,0.916,83.3,83.3
8193_7_3,三瓶ダム,2026-09-11T17:00,124.66,0.45,0.45,1.137,65.7,65.7
8193_7_3,三瓶ダム,2026-09-11T18:00,124.66,0.45,0.45,1.137,65.7,65.7
8193_7_3,三瓶ダム,2026-09-11T19:00,124.66,0.45,0.46,1.137,65.7,65.7
8193_7_3,三瓶ダム,2026-09-11T20:00,124.66,0.45,0.45,1.137,65.7,65.7
8193_7_3,三瓶ダム,2026-09-11T21:00,124.66,0.45,0.45,1.137,65.7,65.7
8193_7_4,八戸ダム,2026-09-11T17:00,105.44,1.99,0.56,4.298,82.7,21.2
8193_7_4,八戸ダム,2026-09-11T18:00,105.45,1.99,0.56,4.303,82.8,21.2
8193_7_4,八戸ダム,2026-09-11T19:00,105.46,1.99,0.56,4.308,82.8,21.2
8193_7_4,八戸ダム,2026-09-11T20:00,105.47,1.99,0.56,4.314,83.0,21.3
8193_7_4,八戸ダム,2026-09-11T21:00,105.47,0.56,0.56,4.314,83.0,21.3
8193_7_5,浜田ダム,2026-09-11T17:00,107.96,0.39,0.46,0.005,,
8193_7_5,浜田ダム,2026-09-11T18:00,107.96,0.46,0.46,0.005,,
8193_7_5,浜田ダム,2026-09-11T19:00,107.95,0.39,0.42,0.005,,
8193_7_5,浜田ダム,2026-09-11T20:00,107.95,0.36,0.42,0.005,,
8193_7_5,浜田ダム,2026-09-11T21:00,107.95,0.42,0.42,0.005,,
8193_7_600,嵯峨谷ダム,2026-09-11T17:00,254.35,1.29,1.29,0.0,,
8193_7_600,嵯峨谷ダム,2026-09-11T18:00,254.35,1.29,1.29,0.0,,
8193_7_600,嵯峨谷ダム,2026-09-11T19:00,254.35,1.29,1.29,0.0,,
8193_7_600,嵯峨谷ダム,2026-09-11T20:00,254.35,1.29,1.29,0.0,,
8193_7_600,嵯峨谷ダム,2026-09-11T21:00,254.35,1.29,1.29,0.0,,
8193_7_601,津田川ダム,2026-09-11T17:00,85.19,0.14,0.14,0.002,,
8193_7_601,津田川ダム,2026-09-11T18:00,85.19,0.14,0.14,0.002,,
8193_7_601,津田川ダム,2026-09-11T19:00,85.19,0.14,0.14,0.002,,
8193_7_601,津田川ダム,2026-09-11T20:00,85.19,0.14,0.14,0.002,,
8193_7_601,津田川ダム,2026-09-11T21:00,85.18,0.13,0.13,0.002,,
8193_7_602,清瀧ダム,2026-09-11T17:00,31.18,0.0,0.06,0.0,,
8193_7_602,清瀧ダム,2026-09-11T18:00,31.16,0.06,0.06,0.0,,
8193_7_602,清瀧ダム,2026-09-11T19:00,31.14,0.06,0.06,0.0,,
8193_7_602,清瀧ダム,2026-09-11T20:00,31.11,0.0,0.06,0.0,,
8193_7_602,清瀧ダム,2026-09-11T21:00,31.1,0.06,0.06,0.0,,
8193_7_603,三成ダム,2026-09-11T17:00,287.37,2.99,5.24,0.087,7.6,7.6
8193_7_603,三成ダム,2026-09-11T18:00,287.28,2.7,5.22,0.077,6.8,6.8
8193_7_603,三成ダム,2026-09-11T19:00,287.18,2.41,5.21,0.067,5.9,5.9
8193_7_603,三成ダム,2026-09-11T20:00,287.3,3.42,0.0,0.079,6.9,6.9
8193_7_603,三成ダム,2026-09-11T21:00,287.41,3.09,0.0,0.091,8.0,8.0
8193_7_604,木都賀ダム,2026-09-11T17:00,232.16,0.96,0.0,0.141,9.1,9.1
8193_7_604,木都賀ダム,2026-09-11T18:00,232.19,0.72,0.0,0.143,9.2,9.2
8193_7_604,木都賀ダム,2026-09-11T19:00,232.22,0.72,0.0,0.146,9.4,9.4
8193_7_604,木都賀ダム,2026-09-11T20:00,232.26,0.96,0.0,0.149,9.6,9.6
8193_7_604,木都賀ダム,2026-09-11T21:00,232.29,0.72,0.0,0.152,9.8,9.8
8193_7_7,御部ダム,2026-09-11T17:00,92.83,0.43,0.25,0.539,27.0,27.0
8193_7_7,御部ダム,2026-09-11T18:00,92.83,0.43,0.25,0.539,27.0,27.0
8193_7_7,御部ダム,2026-09-11T19:00,92.83,0.43,0.25,0.539,27.0,27.0
8193_7_7,御部ダム,2026-09-11T20:00,92.84,0.43,0.26,0.54,27.0,27.0
8193_7_7,御部ダム,2026-09-11T21:00,92.84,0.43,0.26,0.54,27.0,27.0
8193_7_9,銚子ダム,2026-09-11T17:00,56.9,0.0,2.12,0.93,88.6,88.6
8193_7_9,銚子ダム,2026-09-11T18:00,56.87,0.0,0.68,0.926,88.2,88.2
8193_7_9,銚子ダム,2026-09-11T19:00,56.85,0.02,0.68,0.924,88.0,88.0
8193_7_9,銚子ダム,2026-09-11T20:00,56.84,0.35,0.68,0.923,87.9,87.9
8193_7_9,銚子ダム,2026-09-11T21:00,56.82,0.05,0.67,0.92,87.6,87.6
8193_7_1,布部ダム,2026-09-12T00:00,187.71,1.59,0.6,2.011,87.4,47.1
8193_7_1,布部ダム,2026-09-12T01:00,187.73,1.93,0.6,2.016,87.7,47.2
8193_7_1,布部ダム,2026-09-12T02:00,187.74,1.62,0.61,2.019,87.8,47.3
8193_7_10,美田ダム,2026-09-12T00:00,34.79,0.0,0.01,0.18,83.3,83.3
8193_7_10,美田ダム,2026-09-12T01:00,34.79,0.0,0.02,0.18,83.3,83.3
8193_7_10,美田ダム,2026-09-12T02:00,34.78,0.01,0.02,0.179,82.9,82.9
8193_7_11,大長見ダム,2026-09-12T00:00,155.9,1.45,1.46,4.111,95.6,95.6
8193_7_11,大長見ダム,2026-09-12T01:00,155.89,1.45,1.46,4.107,95.5,95.5
8193_7_11,大長見ダム,2026-09-12T02:00,155.87,0.0,1.45,4.1,95.3,95.3
8193_7_13,笹倉ダム,2026-09-12T00:00,127.3,0.18,0.23,0.069,34.5,34.5
8193_7_13,笹倉ダム,2026-09-12T01:00,127.29,0.18,0.23,0.069,34.5,34.5
8193_7_13,笹倉ダム,2026-09-12T02:00,127.28,0.18,0.23,0.069,34.5,34.5
8193_7_14,大峠ダム,2026-09-12T00:00,99.44,0.55,0.55,0.0,,
8193_7_14,大峠ダム,2026-09-12T01:00,99.44,0.55,0.55,0.0,,
8193_7_14,大峠ダム,2026-09-12T02:00,99.43,0.55,0.53,0.0,,
8193_7_16,益田川ダム,2026-09-12T00:00,36.24,1.4,1.38,0.001,,
8193_7_16,益田川ダム,2026-09-12T01:00,36.24,1.4,1.38,0.001,,
8193_7_16,益田川ダム,2026-09-12T02:00,36.24,1.4,1.38,0.001,,
8193_7_17,第二浜田ダム,2026-09-12T00:00,57.21,0.39,0.39,0.427,65.7,65.7
8193_7_17,第二浜田ダム,2026-09-12T01:00,57.21,0.4,0.4,0.427,65.7,65.7
8193_7_17,第二浜田ダム,2026-09-12T02:00,57.2,0.39,0.39,0.426,65.5,65.5
8193_7_18,波積ダム,2026-09-12T00:00,67.75,0.06,0.06,0.046,9.2,9.2
8193_7_18,波積ダム,2026-09-12T01:00,67.75,0.06,0.06,0.046,9.2,9.2
8193_7_18,波積ダム,2026-09-12T02:00,67.75,0.06,0.06,0.046,9.2,9.2
8193_7_2,山佐ダム,2026-09-12T00:00,190.35,0.5,0.31,0.919,83.5,83.5
8193_7_2,山佐ダム,2026-09-12T01:00,190.35,0.5,0.31,0.919,83.5,83.5
8193_7_2,山佐ダム,2026-09-12T02:00,190.36,0.5,0.31,0.92,83.6,83.6
8193_7_3,三瓶ダム,2026-09-12T00:00,124.66,0.45,0.45,1.137,65.7,65.7
8193_7_3,三瓶ダム,2026-09-12T01:00,124.65,0.43,0.46,1.135,65.6,65.6
8193_7_3,三瓶ダム,2026-09-12T02:00,124.65,0.43,0.46,1.135,65.6,65.6
8193_7_4,八戸ダム,2026-09-12T00:00,105.5,1.99,0.56,4.329,83.3,21.3
8193_7_4,八戸ダム,2026-09-12T01:00,105.5,0.56,0.56,4.329,83.3,21.3
8193_7_4,八戸ダム,2026-09-12T02:00,105.51,1.99,0.56,4.334,83.3,21.3
8193_7_5,浜田ダム,2026-09-12T00:00,107.95,0.42,0.42,0.005,,
8193_7_5,浜田ダム,2026-09-12T01:00,107.95,0.42,0.42,0.005,,
8193_7_5,浜田ダム,2026-09-12T02:00,107.94,0.29,0.36,0.004,,
8193_7_600,嵯峨谷ダム,2026-09-12T00:00,254.35,1.29,1.29,0.0,,
8193_7_600,嵯峨谷ダム,2026-09-12T01:00,254.35,1.29,1.29,0.0,,
8193_7_600,嵯峨谷ダム,2026-09-12T02:00,254.35,1.29,1.29,0.0,,
8193_7_601,津田川ダム,2026-09-12T00:00,85.18,0.13,0.13,0.002,,
8193_7_601,津田川ダム,2026-09-12T01:00,85.18,0.13,0.13,0.002,,
8193_7_601,津田川ダム,2026-09-12T02:00,85.18,0.13,0.13,0.002,,
8193_7_602,清瀧ダム,2026-09-12T00:00,31.04,0.06,0.06,0.0,,
8193_7_602,清瀧ダム,2026-09-12T01:00,31.02,0.0,0.06,0.0,,
8193_7_602,清瀧ダム,2026-09-12T02:00,31.02,0.06,0.06,0.0,,
8193_7_603,三成ダム,2026-09-12T00:00,287.68,2.69,0.0,0.119,10.5,10.5
8193_7_603,三成ダム,2026-09-12T01:00,287.76,2.76,0.0,0.129,11.3,11.3
8193_7_603,三成ダム,2026-09-12T02:00,287.84,2.76,0.0,0.139,12.2,12.2
8193_7_604,木都賀ダム,2026-09-12T00:00,232.37,0.48,0.0,0.159,10.2,10.2
8193_7_604,木都賀ダム,2026-09-12T01:00,232.4,0.72,0.0,0.161,10.3,10.3
8193_7_604,木都賀ダム,2026-09-12T02:00,232.43,0.72,0.0,0.164,10.5,10.5
8193_7_7,御部ダム,2026-09-12T00:00,92.85,0.41,0.25,0.542,27.1,27.1
8193_7_7,御部ダム,2026-09-12T01:00,92.86,0.4,0.25,0.543,27.2,27.2
8193_7_7,御部ダム,2026-09-12T02:00,92.86,0.4,0.25,0.543,27.2,27.2
8193_7_9,銚子ダム,2026-09-12T00:00,56.78,0.31,0.68,0.916,87.2,87.2
8193_7_9,銚子ダム,2026-09-12T01:00,56.76,0.02,0.67,0.913,87.0,87.0
8193_7_9,銚子ダム,2026-09-12T02:00,56.75,0.35,0.68,0.912,86.9,86.9
8193_7_1,布部ダム,2026-09-12T03:00,187.76,2.17,0.6,2.025,88.0,47.4
8193_7_1,布部ダム,2026-09-12T04:00,187.78,2.17,0.61,2.031,88.3,47.6
8193_7_1,布部ダム,2026-09-12T05:00,187.8,1.55,0.61,2.036,88.5,47.7
8193_7_1,布部ダム,2026-09-12T06:00,187.81,2.01,0.6,2.039,88.7,47.8
8193_7_1,布部ダム,2026-09-12T07:00,187.83,2.17,0.61,2.045,88.9,47.9
8193_7_10,美田ダム,2026-09-12T03:00,34.78,0.01,0.01,0.179,82.9,82.9
8193_7_10,美田ダム,2026-09-12T04:00,34.78,0.01,0.02,0.179,82.9,82.9
8193_7_10,美田ダム,2026-09-12T05:00,34.78,0.01,0.01,0.179,82.9,82.9
8193_7_10,美田ダム,2026-09-12T06:00,34.78,0.01,0.02,0.179,82.9,82.9
8193_7_10,美田ダム,2026-09-12T07:00,34.78,0.01,0.02,0.179,82.9,82.9
8193_7_11,大長見ダム,2026-09-12T03:00,155.86,1.45,1.45,4.096,95.3,95.3
8193_7_11,大長見ダム,2026-09-12T04:00,155.85,1.45,1.45,4.092,95.2,95.2
8193_7_11,大長見ダム,2026-09-12T05:00,155.84,1.45,1.45,4.088,95.1,95.1
8193_7_11,大長見ダム,2026-09-12T06:00,155.82,0.18,1.46,4.081,94.9,94.9
8193_7_11,大長見ダム,2026-09-12T07:00,155.81,0.0,1.45,4.077,94.8,94.8
8193_7_13,笹倉ダム,2026-09-12T03:00,127.27,0.18,0.23,0.069,34.5,34.5
8193_7_13,笹倉ダム,2026-09-12T04:00,127.25,0.18,0.23,0.068,34.0,34.0
8193_7_13,笹倉ダム,2026-09-12T05:00,127.24,0.18,0.23,0.068,34.0,34.0
8193_7_13,笹倉ダム,2026-09-12T06:00,127.23,0.18,0.23,0.068,34.0,34.0
8193_7_13,笹倉ダム,2026-09-12T07:00,127.22,0.18,0.23,0.068,34.0,34.0
8193_7_14,大峠ダム,2026-09-12T03:00,99.44,0.53,0.55,0.0,,
8193_7_14,大峠ダム,2026-09-12T04:00,99.43,0.54,0.53,0.0,,
8193_7_14,大峠ダム,2026-09-12T05:00,99.44,0.54,0.55,0.0,,
8193_7_14,大峠ダム,2026-09-12T06:00,99.43,0.55,0.53,0.0,,
8193_7_14,大峠ダム,2026-09-12T07:00,99.43,0.55,0.53,0.0,,
8193_7_16,益田川ダム,2026-09-12T03:00,36.24,1.4,1.38,0.001,,
8193_7_16,益田川ダム,2026-09-12T04:00,36.24,1.4,1.38,0.001,,
8193_7_16,益田川ダム,2026-09-12T05:00,36.24,1.4,1.38,0.001,,
8193_7_16,益田川ダム,2026-09-12T06:00,36.24,1.38,1.38,0.001,,
8193_7_16,益田川ダム,2026-09-12T07:00,36.23,1.37,1.32,0.001,,
8193_7_17,第二浜田ダム,2026-09-12T03:00,57.2,0.39,0.39,0.426,65.5,65.5
8193_7_17,第二浜田ダム,2026-09-12T04:00,57.2,0.39,0.39,0.426,65.5,65.5
8193_7_17,第二浜田ダム,2026-09-12T05:00,57.2,0.39,0.39,0.426,65.5,65.5
8193_7_17,第二浜田ダム,2026-09-12T06:00,57.19,0.39,0.39,0.424,65.2,65.2
8193_7_17,第二浜田ダム,2026-09-12T07:00,57.19,0.39,0.4,0.424,65.2,65.2
8193_7_18,波積ダム,2026-09-12T03:00,67.75,0.06,0.06,0.046,9.2,9.2
8193_7_18,波積ダム,2026-09-12T04:00,67.75,0.06,0.06,0.046,9.2,9.2
8193_7_18,波積ダム,2026-09-12T05:00,67.75,0.06,0.06,0.046,9.2,9.2
8193_7_18,波積ダム,2026-09-12T06:00,67.75,0.06,0.06,0.046,9.2,9.2
8193_7_18,波積ダム,2026-09-12T07:00,67.75,0.06,0.06,0.046,9.2,9.2
8193_7_2,山佐ダム,2026-09-12T03:00,190.36,0.5,0.31,0.92,83.6,83.6
8193_7_2,山佐ダム,2026-09-12T04:00,190.37,0.49,0.31,0.921,83.7,83.7
8193_7_2,山佐ダム,2026-09-12T05:00,190.37,0.49,0.31,0.921,83.7,83.7
8193_7_2,山佐ダム,2026-09-12T06:00,190.38,0.49,0.31,0.922,83.8,83.8
8193_7_2,山佐ダム,2026-09-12T07:00,190.38,0.49,0.31,0.922,83.8,83.8
8193_7_3,三瓶ダム,2026-09-12T03:00,124.65,0.43,0.45,1.135,65.6,65.6
8193_7_3,三瓶ダム,2026-09-12T04:00,124.65,0.45,0.45,1.135,65.6,65.6
8193_7_3,三瓶ダム,2026-09-12T05:00,124.65,0.45,0.46,1.135,65.6,65.6
8193_7_3,三瓶ダム,2026-09-12T06:00,124.65,0.45,0.45,1.135,65.6,65.6
8193_7_3,三瓶ダム,2026-09-12T07:00,124.65,0.45,0.44,1.135,65.6,65.6
8193_7_4,八戸ダム,2026-09-12T03:00,105.52,1.99,0.56,4.339,83.4,21.4
8193_7_4,八戸ダム,2026-09-12T04:00,105.52,0.56,0.56,4.339,83.4,21.4
8193_7_4,八戸ダム,2026-09-12T05:00,105.53,1.99,0.56,4.344,83.5,21.4
8193_7_4,八戸ダム,2026-09-12T06:00,105.54,1.99,2.96,4.35,83.7,21.4
8193_7_4,八戸ダム,2026-09-12T07:00,105.51,0.93,6.58,4.334,83.3,21.3
8193_7_5,浜田ダム,2026-09-12T03:00,107.94,0.34,0.36,0.004,,
8193_7_5,浜田ダム,2026-09-12T04:00,107.94,0.36,0.36,0.004,,
8193_7_5,浜田ダム,2026-09-12T05:00,107.94,0.36,0.36,0.004,,
8193_7_5,浜田ダム,2026-09-12T06:00,107.94,0.36,0.36,0.004,,
8193_7_5,浜田ダム,2026-09-12T07:00,107.94,0.36,0.36,0.004,,
8193_7_600,嵯峨谷ダム,2026-09-12T03:00,254.35,1.29,1.29,0.0,,
8193_7_600,嵯峨谷ダム,2026-09-12T04:00,254.35,1.29,1.29,0.0,,
8193_7_600,嵯峨谷ダム,2026-09-12T05:00,254.35,1.29,1.29,0.0,,
8193_7_600,嵯峨谷ダム,2026-09-12T06:00,254.35,1.29,1.29,0.0,,
8193_7_600,嵯峨谷ダム,2026-09-12T07:00,254.35,1.29,1.29,0.0,,
8193_7_601,津田川ダム,2026-09-12T03:00,85.18,0.13,0.13,0.002,,
8193_7_601,津田川ダム,2026-09-12T04:00,85.18,0.13,0.13,0.002,,
8193_7_601,津田川ダム,2026-09-12T05:00,85.17,0.0,0.12,0.002,,
8193_7_601,津田川ダム,2026-09-12T06:00,85.17,0.12,0.12,0.002,,
8193_7_601,津田川ダム,2026-09-12T07:00,85.17,0.12,0.12,0.002,,
8193_7_602,清瀧ダム,2026-09-12T03:00,31.01,0.06,0.06,0.0,,
8193_7_602,清瀧ダム,2026-09-12T04:00,31.0,0.06,0.06,0.0,,
8193_7_602,清瀧ダム,2026-09-12T05:00,30.99,0.06,0.06,0.0,,
8193_7_602,清瀧ダム,2026-09-12T06:00,30.98,0.06,0.06,0.0,,
8193_7_602,清瀧ダム,2026-09-12T07:00,30.98,0.06,0.06,0.0,,
8193_7_603,三成ダム,2026-09-12T03:00,287.91,2.41,0.0,0.148,13.0,13.0
8193_7_603,三成ダム,2026-09-12T04:00,287.98,2.41,0.0,0.157,13.8,13.8
8193_7_603,三成ダム,2026-09-12T05:00,288.05,2.41,0.0,0.165,14.5,14.5
8193_7_603,三成ダム,2026-09-12T06:00,288.11,2.07,0.0,0.173,15.2,15.2
8193_7_603,三成ダム,2026-09-12T07:00,288.18,2.66,0.0,0.182,16.0,16.0
8193_7_604,木都賀ダム,2026-09-12T03:00,232.46,0.72,0.0,0.167,10.7,10.7
8193_7_604,木都賀ダム,2026-09-12T04:00,232.49,0.72,0.0,0.169,10.8,10.8
8193_7_604,木都賀ダム,2026-09-12T05:00,232.52,0.77,0.0,0.172,11.0,11.0
8193_7_604,木都賀ダム,2026-09-12T06:00,232.54,0.53,0.0,0.174,11.2,11.2
8193_7_604,木都賀ダム,2026-09-12T07:00,232.57,0.79,0.0,0.177,11.4,11.4
8193_7_7,御部ダム,2026-09-12T03:00,92.86,0.4,0.26,0.543,27.2,27.2
8193_7_7,御部ダム,2026-09-12T04:00,92.86,0.4,0.26,0.543,27.2,27.2
8193_7_7,御部ダム,2026-09-12T05:00,92.87,0.39,0.25,0.545,27.3,27.3
8193_7_7,御部ダム,2026-09-12T06:00,92.87,0.39,0.25,0.545,27.3,27.3
8193_7_7,御部ダム,2026-09-12T07:00,92.87,0.39,0.25,0.545,27.3,27.3
8193_7_9,銚子ダム,2026-09-12T03:00,56.73,0.02,0.68,0.91,86.7,86.7
8193_7_9,銚子ダム,2026-09-12T04:00,56.72,0.35,0.67,0.909,86.6,86.6
8193_7_9,銚子ダム,2026-09-12T05:00,56.7,0.02,0.68,0.906,86.3,86.3
8193_7_9,銚子ダム,2026-09-12T06:00,56.68,0.31,0.68,0.904,86.1,86.1
8193_7_9,銚子ダム,2026-09-12T07:00,56.67,0.05,0.68,0.903,86.0,86.0
8193_7_1,布部ダム,2026-09-12T08:00,187.85,1.7,0.61,2.05,89.1,48.0
8193_7_1,布部ダム,2026-09-12T09:00,187.86,2.22,1.52,2.053,89.3,48.1
8193_7_1,布部ダム,2026-09-12T10:00,187.86,2.57,2.92,2.053,89.3,48.1
8193_7_1,布部ダム,2026-09-12T11:00,187.84,1.36,2.93,2.047,89.0,47.9
8193_7_1,布部ダム,2026-09-12T12:00,187.83,2.15,2.93,2.045,88.9,47.9
8193_7_1,布部ダム,2026-09-12T13:00,187.81,1.37,2.94,2.039,88.7,47.8
8193_7_1,布部ダム,2026-09-12T14:00,187.8,2.15,2.93,2.036,88.5,47.7
8193_7_1,布部ダム,2026-09-12T15:00,187.78,1.37,2.93,2.031,88.3,47.6
8193_7_1,布部ダム,2026-09-12T16:00,187.77,2.14,2.92,2.028,88.2,47.5
8193_7_10,美田ダム,2026-09-12T08:00,34.78,0.01,0.02,0.179,82.9,82.9
8193_7_10,美田ダム,2026-09-12T09:00,34.77,0.0,0.02,0.179,82.9,82.9
8193_7_10,美田ダム,2026-09-12T10:00,34.77,0.0,0.02,0.179,82.9,82.9
8193_7_10,美田ダム,2026-09-12T11:00,34.77,0.0,0.02,0.179,82.9,82.9
8193_7_10,美田ダム,2026-09-12T12:00,34.76,0.0,0.01,0.179,82.9,82.9
8193_7_10,美田ダム,2026-09-12T13:00,34.76,0.0,0.01,0.179,82.9,82.9
8193_7_10,美田ダム,2026-09-12T14:00,34.76,0.0,0.02,0.179,82.9,82.9
8193_7_10,美田ダム,2026-09-12T15:00,34.76,0.0,0.01,0.179,82.9,82.9
8193_7_10,美田ダム,2026-09-12T16:00,34.76,0.0,0.02,0.179,82.9,82.9
8193_7_11,大長見ダム,2026-09-12T08:00,155.8,1.45,1.45,4.073,94.7,94.7
8193_7_11,大長見ダム,2026-09-12T09:00,155.79,1.45,1.45,4.069,94.6,94.6
8193_7_11,大長見ダム,2026-09-12T10:00,155.78,1.45,1.45,4.065,94.5,94.5
8193_7_11,大長見ダム,2026-09-12T11:00,155.76,0.0,1.45,4.058,94.4,94.4
8193_7_11,大長見ダム,2026-09-12T12:00,155.75,1.45,1.45,4.054,94.3,94.3
8193_7_11,大長見ダム,2026-09-12T13:00,155.74,1.45,1.45,4.05,94.2,94.2
8193_7_11,大長見ダム,2026-09-12T14:00,155.73,1.45,1.45,4.046,94.1,94.1
8193_7_11,大長見ダム,2026-09-12T15:00,155.71,0.0,1.45,4.039,93.9,93.9
8193_7_11,大長見ダム,2026-09-12T16:00,155.7,0.17,1.45,4.035,93.8,93.8
8193_7_13,笹倉ダム,2026-09-12T08:00,127.21,0.18,0.23,0.068,34.0,34.0
8193_7_13,笹倉ダム,2026-09-12T09:00,127.2,0.18,0.23,0.068,34.0,34.0
8193_7_13,笹倉ダム,2026-09-12T10:00,127.19,0.18,0.23,0.067,33.5,33.5
8193_7_13,笹倉ダム,2026-09-12T11:00,127.18,0.18,0.23,0.067,33.5,33.5
8193_7_13,笹倉ダム,2026-09-12T12:00,127.17,0.18,0.23,0.067,33.5,33.5
8193_7_13,笹倉ダム,2026-09-12T13:00,127.15,0.17,0.23,0.067,33.5,33.5
8193_7_13,笹倉ダム,2026-09-12T14:00,127.14,0.17,0.23,0.067,33.5,33.5
8193_7_13,笹倉ダム,2026-09-12T15:00,127.13,0.17,0.23,0.066,33.0,33.0
8193_7_13,笹倉ダム,2026-09-12T16:00,127.11,0.17,0.23,0.066,33.0,33.0
8193_7_14,大峠ダム,2026-09-12T08:00,99.43,0.55,0.53,0.0,,
8193_7_14,大峠ダム,2026-09-12T09:00,99.43,0.55,0.53,0.0,,
8193_7_14,大峠ダム,2026-09-12T10:00,99.43,0.55,0.53,0.0,,
8193_7_14,大峠ダム,2026-09-12T11:00,99.43,0.55,0.53,0.0,,
8193_7_14,大峠ダム,2026-09-12T12:00,99.43,0.55,0.53,0.0,,
8193_7_14,大峠ダム,2026-09-12T13:00,99.43,0.55,0.53,0.0,,
8193_7_14,大峠ダム,2026-09-12T14:00,99.43,0.55,0.53,0.0,,
8193_7_14,大峠ダム,2026-09-12T15:00,99.43,0.55,0.53,0.0,,
8193_7_14,大峠ダム,2026-09-12T16:00,99.43,0.55,0.53,0.0,,
8193_7_16,益田川ダム,2026-09-12T08:00,36.23,1.33,1.32,0.001,,
8193_7_16,益田川ダム,2026-09-12T09:00,36.23,1.33,1.32,0.001,,
8193_7_16,益田川ダム,2026-09-12T10:00,36.23,1.33,1.32,0.001,,
8193_7_16,益田川ダム,2026-09-12T11:00,36.23,1.33,1.32,0.001,,
8193_7_16,益田川ダム,2026-09-12T12:00,36.23,1.33,1.32,0.001,,
8193_7_16,益田川ダム,2026-09-12T13:00,36.23,1.33,1.32,0.001,,
8193_7_16,益田川ダム,2026-09-12T14:00,36.23,1.33,1.32,0.001,,
8193_7_16,益田川ダム,2026-09-12T15:00,36.23,1.33,1.32,0.001,,
8193_7_16,益田川ダム,2026-09-12T16:00,36.23,1.33,1.32,0.001,,
8193_7_17,第二浜田ダム,2026-09-12T08:00,57.19,0.39,0.39,0.424,65.2,65.2
8193_7_17,第二浜田ダム,2026-09-12T09:00,57.19,0.39,0.4,0.424,65.2,65.2
8193_7_17,第二浜田ダム,2026-09-12T10:00,57.18,0.39,0.39,0.423,65.1,65.1
8193_7_17,第二浜田ダム,2026-09-12T11:00,57.18,0.39,0.38,0.423,65.1,65.1
8193_7_17,第二浜田ダム,2026-09-12T12:00,57.18,0.4,0.4,0.423,65.1,65.1
8193_7_17,第二浜田ダム,2026-09-12T13:00,57.17,0.39,0.4,0.422,64.9,64.9
8193_7_17,第二浜田ダム,2026-09-12T14:00,57.17,0.39,0.4,0.422,64.9,64.9
8193_7_17,第二浜田ダム,2026-09-12T15:00,57.17,0.4,0.4,0.422,64.9,64.9
8193_7_17,第二浜田ダム,2026-09-12T16:00,57.16,0.0,0.39,0.42,64.6,64.6
8193_7_18,波積ダム,2026-09-12T08:00,67.75,0.06,0.06,0.046,9.2,9.2
8193_7_18,波積ダム,2026-09-12T09:00,67.75,0.06,0.06,0.046,9.2,9.2
8193_7_18,波積ダム,2026-09-12T10:00,67.75,0.06,0.06,0.046,9.2,9.2
8193_7_18,波積ダム,2026-09-12T11:00,67.75,0.06,0.06,0.046,9.2,9.2
8193_7_18,波積ダム,2026-09-12T12:00,67.75,0.06,0.06,0.046,9.2,9.2
8193_7_18,波積ダム,2026-09-12T13:00,67.75,0.06,0.06,0.046,9.2,9.2
8193_7_18,波積ダム,2026-09-12T14:00,67.75,0.06,0.06,0.046,9.2,9.2
8193_7_18,波積ダム,2026-09-12T15:00,67.75,0.06,0.06,0.046,9.2,9.2
8193_7_18,波積ダム,2026-09-12T16:00,67.75,0.06,0.06,0.046,9.2,9.2
8193_7_2,山佐ダム,2026-09-12T08:00,190.39,0.48,0.31,0.924,84.0,84.0
8193_7_2,山佐ダム,2026-09-12T09:00,190.39,0.48,0.31,0.924,84.0,84.0
8193_7_2,山佐ダム,2026-09-12T10:00,190.4,0.48,0.31,0.925,84.1,84.1
8193_7_2,山佐ダム,2026-09-12T11:00,190.4,0.48,0.3,0.925,84.1,84.1
8193_7_2,山佐ダム,2026-09-12T12:00,190.41,0.47,0.3,0.926,84.2,84.2
8193_7_2,山佐ダム,2026-09-12T13:00,190.41,0.47,0.3,0.926,84.2,84.2
8193_7_2,山佐ダム,2026-09-12T14:00,190.42,0.47,0.3,0.927,84.3,84.3
8193_7_2,山佐ダム,2026-09-12T15:00,190.42,0.47,0.3,0.927,84.3,84.3
8193_7_2,山佐ダム,2026-09-12T16:00,190.42,0.47,0.3,0.927,84.3,84.3
8193_7_3,三瓶ダム,2026-09-12T08:00,124.65,0.45,0.45,1.135,65.6,65.6
8193_7_3,三瓶ダム,2026-09-12T09:00,124.64,0.38,0.46,1.133,65.5,65.5
8193_7_3,三瓶ダム,2026-09-12T10:00,124.64,0.38,0.45,1.133,65.5,65.5
8193_7_3,三瓶ダム,2026-09-12T11:00,124.64,0.38,0.44,1.133,65.5,65.5
8193_7_3,三瓶ダム,2026-09-12T12:00,124.64,0.45,0.44,1.133,65.5,65.5
8193_7_3,三瓶ダム,2026-09-12T13:00,124.64,0.45,0.44,1.133,65.5,65.5
8193_7_3,三瓶ダム,2026-09-12T14:00,124.64,0.45,0.44,1.133,65.5,65.5
8193_7_3,三瓶ダム,2026-09-12T15:00,124.64,0.44,0.44,1.133,65.5,65.5
8193_7_3,三瓶ダム,2026-09-12T16:00,124.63,0.37,0.44,1.131,65.4,65.4
8193_7_4,八戸ダム,2026-09-12T08:00,105.46,0.14,6.6,4.308,82.8,21.2
8193_7_4,八戸ダム,2026-09-12T09:00,105.42,0.16,6.61,4.288,82.5,21.1
8193_7_4,八戸ダム,2026-09-12T10:00,105.37,0.45,6.62,4.262,82.0,21.0
8193_7_4,八戸ダム,2026-09-12T11:00,105.33,0.16,6.62,4.241,81.6,20.9
8193_7_4,八戸ダム,2026-09-12T12:00,105.28,0.44,6.62,4.215,81.1,20.8
8193_7_4,八戸ダム,2026-09-12T13:00,105.24,0.16,6.62,4.195,80.7,20.7
8193_7_4,八戸ダム,2026-09-12T14:00,105.2,0.31,6.65,4.174,80.3,20.6
8193_7_4,八戸ダム,2026-09-12T15:00,105.16,0.35,5.78,4.154,79.9,20.5
8193_7_4,八戸ダム,2026-09-12T16:00,105.16,1.2,0.54,4.154,79.9,20.5
8193_7_5,浜田ダム,2026-09-12T08:00,107.94,0.36,0.36,0.004,,
8193_7_5,浜田ダム,2026-09-12T09:00,107.94,0.36,0.36,0.004,,
8193_7_5,浜田ダム,2026-09-12T10:00,107.94,0.36,0.36,0.004,,
8193_7_5,浜田ダム,2026-09-12T11:00,107.94,0.36,0.36,0.004,,
8193_7_5,浜田ダム,2026-09-12T12:00,107.94,0.36,0.36,0.004,,
8193_7_5,浜田ダム,2026-09-12T13:00,107.94,0.36,0.36,0.004,,
8193_7_5,浜田ダム,2026-09-12T14:00,107.94,0.36,0.36,0.004,,
8193_7_5,浜田ダム,2026-09-12T15:00,107.94,0.36,0.36,0.004,,
8193_7_5,浜田ダム,2026-09-12T16:00,107.94,0.36,0.36,0.004,,
8193_7_600,嵯峨谷ダム,2026-09-12T08:00,254.35,1.29,1.29,0.0,,
8193_7_600,嵯峨谷ダム,2026-09-12T09:00,254.35,1.29,1.29,0.0,,
8193_7_600,嵯峨谷ダム,2026-09-12T10:00,254.35,1.29,1.29,0.0,,
8193_7_600,嵯峨谷ダム,2026-09-12T11:00,254.35,1.29,1.29,0.0,,
8193_7_600,嵯峨谷ダム,2026-09-12T12:00,254.35,1.29,1.29,0.0,,
8193_7_600,嵯峨谷ダム,2026-09-12T13:00,254.35,1.29,1.29,0.0,,
8193_7_600,嵯峨谷ダム,2026-09-12T14:00,254.35,1.29,1.29,0.0,,
8193_7_600,嵯峨谷ダム,2026-09-12T15:00,254.35,1.29,1.29,0.0,,
8193_7_600,嵯峨谷ダム,2026-09-12T16:00,254.35,1.29,1.29,0.0,,
8193_7_601,津田川ダム,2026-09-12T08:00,85.17,0.12,0.12,0.002,,
8193_7_601,津田川ダム,2026-09-12T09:00,85.17,0.12,0.12,0.002,,
8193_7_601,津田川ダム,2026-09-12T10:00,85.17,0.12,0.12,0.002,,
8193_7_601,津田川ダム,2026-09-12T11:00,85.17,0.12,0.12,0.002,,
8193_7_601,津田川ダム,2026-09-12T12:00,85.17,0.12,0.12,0.002,,
8193_7_601,津田川ダム,2026-09-12T13:00,85.17,0.12,0.12,0.002,,
8193_7_601,津田川ダム,2026-09-12T14:00,85.17,0.12,0.12,0.002,,
8193_7_601,津田川ダム,2026-09-12T15:00,85.17,0.12,0.12,0.002,,
8193_7_601,津田川ダム,2026-09-12T16:00,85.17,0.12,0.12,0.002,,
8193_7_602,清瀧ダム,2026-09-12T08:00,30.97,0.06,0.06,0.0,,
8193_7_602,清瀧ダム,2026-09-12T15:00,30.95,0.06,0.06,0.0,,
8193_7_602,清瀧ダム,2026-09-12T16:00,30.95,0.06,0.06,0.0,,
8193_7_603,三成ダム,2026-09-12T08:00,288.24,2.33,1.68,0.191,16.8,16.8
8193_7_603,三成ダム,2026-09-12T09:00,288.19,2.34,5.04,0.184,16.2,16.2
8193_7_603,三成ダム,2026-09-12T10:00,288.13,2.76,5.05,0.176,15.5,15.5
8193_7_603,三成ダム,2026-09-12T11:00,288.06,2.55,5.04,0.167,14.7,14.7
8193_7_603,三成ダム,2026-09-12T12:00,287.98,2.68,5.44,0.157,13.8,13.8
8193_7_603,三成ダム,2026-09-12T13:00,287.9,2.68,5.43,0.147,12.9,12.9
8193_7_603,三成ダム,2026-09-12T14:00,287.82,2.68,5.42,0.137,12.0,12.0
8193_7_603,三成ダム,2026-09-12T15:00,287.74,2.67,5.41,0.127,11.2,11.2
8193_7_603,三成ダム,2026-09-12T16:00,287.65,2.32,5.42,0.116,10.2,10.2
8193_7_604,木都賀ダム,2026-09-12T08:00,232.6,0.82,1.28,0.179,11.5,11.5
8193_7_604,木都賀ダム,2026-09-12T09:00,232.51,0.82,3.24,0.171,11.0,11.0
8193_7_604,木都賀ダム,2026-09-12T10:00,232.42,1.04,3.22,0.163,10.5,10.5
8193_7_604,木都賀ダム,2026-09-12T11:00,232.33,1.06,3.22,0.155,9.9,9.9
8193_7_604,木都賀ダム,2026-09-12T12:00,232.24,1.05,3.22,0.147,9.4,9.4
8193_7_604,木都賀ダム,2026-09-12T13:00,232.14,0.82,3.23,0.139,8.9,8.9
8193_7_604,木都賀ダム,2026-09-12T14:00,232.05,1.06,3.22,0.131,8.4,8.4
8193_7_604,木都賀ダム,2026-09-12T15:00,231.95,0.96,3.22,0.123,7.9,7.9
8193_7_604,木都賀ダム,2026-09-12T16:00,231.84,0.9,3.21,0.114,7.3,7.3
8193_7_7,御部ダム,2026-09-12T08:00,92.88,0.38,0.25,0.547,27.4,27.4
8193_7_7,御部ダム,2026-09-12T09:00,92.88,0.38,0.25,0.547,27.4,27.4
8193_7_7,御部ダム,2026-09-12T10:00,92.88,0.38,0.26,0.547,27.4,27.4
8193_7_7,御部ダム,2026-09-12T11:00,92.89,0.37,0.25,0.548,27.4,27.4
8193_7_7,御部ダム,2026-09-12T12:00,92.89,0.37,0.26,0.548,27.4,27.4
8193_7_7,御部ダム,2026-09-12T13:00,92.89,0.37,0.25,0.548,27.4,27.4
8193_7_7,御部ダム,2026-09-12T14:00,92.89,0.37,0.26,0.548,27.4,27.4
8193_7_7,御部ダム,2026-09-12T15:00,92.9,0.38,0.25,0.55,27.5,27.5
8193_7_7,御部ダム,2026-09-12T16:00,92.9,0.38,0.25,0.55,27.5,27.5
8193_7_9,銚子ダム,2026-09-12T08:00,56.65,0.02,0.67,0.9,85.7,85.7
8193_7_9,銚子ダム,2026-09-12T09:00,56.64,0.34,0.75,0.899,85.6,85.6
8193_7_9,銚子ダム,2026-09-12T10:00,56.61,0.33,1.16,0.896,85.3,85.3
8193_7_9,銚子ダム,2026-09-12T11:00,56.59,0.33,1.16,0.893,85.0,85.0
8193_7_9,銚子ダム,2026-09-12T12:00,56.57,0.46,1.16,0.891,84.9,84.9
8193_7_9,銚子ダム,2026-09-12T13:00,56.54,0.2,1.15,0.887,84.5,84.5
8193_7_9,銚子ダム,2026-09-12T14:00,56.52,0.46,1.16,0.885,84.3,84.3
8193_7_9,銚子ダム,2026-09-12T15:00,56.5,0.27,0.28,0.882,84.0,84.0
8193_7_9,銚子ダム,2026-09-12T16:00,56.5,0.25,0.25,0.882,84.0,84.0
8193_7_1,布部ダム,2026-09-12T17:00,187.75,1.37,2.92,2.022,87.9,47.4
8193_7_1,布部ダム,2026-09-12T18:00,187.73,1.67,2.92,2.016,87.7,47.2
8193_7_1,布部ダム,2026-09-12T19:00,187.72,1.83,2.93,2.014,87.6,47.2
8193_7_1,布部ダム,2026-09-12T20:00,187.7,1.36,2.92,2.008,87.3,47.0
8193_7_1,布部ダム,2026-09-12T21:00,187.68,1.98,2.93,2.002,87.0,46.9
8193_7_10,美田ダム,2026-09-12T17:00,34.76,0.0,0.02,0.179,82.9,82.9
8193_7_10,美田ダム,2026-09-12T18:00,34.76,0.0,0.01,0.179,82.9,82.9
8193_7_10,美田ダム,2026-09-12T19:00,34.76,0.0,0.02,0.179,82.9,82.9
8193_7_10,美田ダム,2026-09-12T20:00,34.76,0.0,0.02,0.179,82.9,82.9
8193_7_10,美田ダム,2026-09-12T21:00,34.75,0.0,0.02,0.178,82.4,82.4
8193_7_11,大長見ダム,2026-09-12T17:00,155.69,1.45,1.45,4.031,93.7,93.7
8193_7_11,大長見ダム,2026-09-12T18:00,155.68,1.45,1.45,4.027,93.7,93.7
8193_7_11,大長見ダム,2026-09-12T19:00,155.66,0.81,1.45,4.019,93.5,93.5
8193_7_11,大長見ダム,2026-09-12T20:00,155.65,0.0,1.45,4.016,93.4,93.4
8193_7_11,大長見ダム,2026-09-12T21:00,155.64,1.45,1.45,4.012,93.3,93.3
8193_7_13,笹倉ダム,2026-09-12T17:00,127.1,0.17,0.23,0.066,33.0,33.0
8193_7_13,笹倉ダム,2026-09-12T18:00,127.09,0.16,0.23,0.066,33.0,33.0
8193_7_13,笹倉ダム,2026-09-12T19:00,127.07,0.16,0.23,0.065,32.5,32.5
8193_7_13,笹倉ダム,2026-09-12T20:00,127.06,0.16,0.23,0.065,32.5,32.5
8193_7_13,笹倉ダム,2026-09-12T21:00,127.05,0.16,0.23,0.065,32.5,32.5
8193_7_14,大峠ダム,2026-09-12T17:00,99.43,0.55,0.53,0.0,,
8193_7_14,大峠ダム,2026-09-12T18:00,99.43,0.55,0.53,0.0,,
8193_7_14,大峠ダム,2026-09-12T19:00,99.43,0.55,0.53,0.0,,
8193_7_14,大峠ダム,2026-09-12T20:00,99.43,0.55,0.53,0.0,,
8193_7_14,大峠ダム,2026-09-12T21:00,99.43,0.55,0.53,0.0,,
8193_7_16,益田川ダム,2026-09-12T17:00,36.23,1.33,1.32,0.001,,
8193_7_16,益田川ダム,2026-09-12T18:00,36.23,1.33,1.32,0.001,,
8193_7_16,益田川ダム,2026-09-12T19:00,36.23,1.33,1.32,0.001,,
8193_7_16,益田川ダム,2026-09-12T20:00,36.23,1.33,1.32,0.001,,
8193_7_16,益田川ダム,2026-09-12T21:00,36.23,1.33,1.32,0.001,,
8193_7_17,第二浜田ダム,2026-09-12T17:00,57.16,0.4,0.4,0.42,64.6,64.6
8193_7_17,第二浜田ダム,2026-09-12T18:00,57.16,0.39,0.39,0.42,64.6,64.6
8193_7_17,第二浜田ダム,2026-09-12T19:00,57.16,0.39,0.39,0.42,64.6,64.6
8193_7_17,第二浜田ダム,2026-09-12T20:00,57.16,0.39,0.39,0.42,64.6,64.6
8193_7_17,第二浜田ダム,2026-09-12T21:00,57.15,0.39,0.39,0.419,64.5,64.5
8193_7_18,波積ダム,2026-09-12T17:00,67.75,0.06,0.06,0.046,9.2,9.2
8193_7_18,波積ダム,2026-09-12T18:00,67.75,0.06,0.06,0.046,9.2,9.2
8193_7_18,波積ダム,2026-09-12T19:00,67.75,0.06,0.06,0.046,9.2,9.2
8193_7_18,波積ダム,2026-09-12T20:00,67.75,0.06,0.06,0.046,9.2,9.2
8193_7_18,波積ダム,2026-09-12T21:00,67.75,0.06,0.06,0.046,9.2,9.2
8193_7_2,山佐ダム,2026-09-12T17:00,190.43,0.43,0.3,0.929,84.5,84.5
8193_7_2,山佐ダム,2026-09-12T18:00,190.43,0.43,0.3,0.929,84.5,84.5
8193_7_2,山佐ダム,2026-09-12T19:00,190.44,0.44,0.3,0.93,84.5,84.5
8193_7_2,山佐ダム,2026-09-12T20:00,190.44,0.44,0.3,0.93,84.5,84.5
8193_7_2,山佐ダム,2026-09-12T21:00,190.44,0.44,0.3,0.93,84.5,84.5
8193_7_3,三瓶ダム,2026-09-12T17:00,124.63,0.37,0.45,1.131,65.4,65.4
8193_7_3,三瓶ダム,2026-09-12T18:00,124.63,0.37,0.45,1.131,65.4,65.4
8193_7_3,三瓶ダム,2026-09-12T19:00,124.63,0.45,0.46,1.131,65.4,65.4
8193_7_3,三瓶ダム,2026-09-12T20:00,124.63,0.45,0.46,1.131,65.4,65.4
8193_7_3,三瓶ダム,2026-09-12T21:00,124.63,0.45,0.45,1.131,65.4,65.4
8193_7_4,八戸ダム,2026-09-12T17:00,105.16,0.55,0.55,4.154,79.9,20.5
8193_7_4,八戸ダム,2026-09-12T18:00,105.17,1.98,0.55,4.159,80.0,20.5
8193_7_4,八戸ダム,2026-09-12T19:00,105.17,0.55,0.55,4.159,80.0,20.5
8193_7_4,八戸ダム,2026-09-12T20:00,105.18,1.98,0.55,4.164,80.1,20.5
8193_7_4,八戸ダム,2026-09-12T21:00,105.19,1.98,0.55,4.169,80.2,20.5
8193_7_5,浜田ダム,2026-09-12T17:00,107.94,0.36,0.36,0.004,,
8193_7_5,浜田ダム,2026-09-12T18:00,107.94,0.36,0.36,0.004,,
8193_7_5,浜田ダム,2026-09-12T19:00,107.94,0.36,0.36,0.004,,
8193_7_5,浜田ダム,2026-09-12T20:00,107.94,0.36,0.36,0.004,,
8193_7_5,浜田ダム,2026-09-12T21:00,107.94,0.36,0.36,0.004,,
8193_7_600,嵯峨谷ダム,2026-09-12T17:00,254.35,1.29,1.29,0.0,,
8193_7_600,嵯峨谷ダム,2026-09-12T18:00,254.35,1.29,1.29,0.0,,
8193_7_600,嵯峨谷ダム,2026-09-12T19:00,254.35,1.29,1.29,0.0,,
8193_7_600,嵯峨谷ダム,2026-09-12T20:00,254.35,1.29,1.29,0.0,,
8193_7_600,嵯峨谷ダム,2026-09-12T21:00,254.35,1.29,1.29,0.0,,
8193_7_601,津田川ダム,2026-09-12T17:00,85.17,0.12,0.12,0.002,,
8193_7_601,津田川ダム,2026-09-12T18:00,85.17,0.12,0.12,0.002,,
8193_7_601,津田川ダム,2026-09-12T19:00,85.17,0.12,0.12,0.002,,
8193_7_601,津田川ダム,2026-09-12T20:00,85.17,0.12,0.12,0.002,,
8193_7_601,津田川ダム,2026-09-12T21:00,85.17,0.12,0.12,0.002,,
8193_7_602,清瀧ダム,2026-09-12T17:00,30.94,0.06,0.06,0.0,,
8193_7_602,清瀧ダム,2026-09-12T18:00,30.94,0.06,0.06,0.0,,
8193_7_602,清瀧ダム,2026-09-12T19:00,30.94,0.06,0.06,0.0,,
8193_7_602,清瀧ダム,2026-09-12T20:00,30.94,0.06,0.06,0.0,,
8193_7_602,清瀧ダム,2026-09-12T21:00,30.93,0.06,0.06,0.0,,
8193_7_603,三成ダム,2026-09-12T17:00,287.56,2.63,5.4,0.106,9.3,9.3
8193_7_603,三成ダム,2026-09-12T18:00,287.46,2.59,5.39,0.096,8.4,8.4
8193_7_603,三成ダム,2026-09-12T19:00,287.36,2.58,5.4,0.085,7.5,7.5
8193_7_603,三成ダム,2026-09-12T20:00,287.24,2.08,5.47,0.073,6.4,6.4
8193_7_603,三成ダム,2026-09-12T21:00,287.11,1.81,5.46,0.06,5.3,5.3
8193_7_604,木都賀ダム,2026-09-12T17:00,231.74,1.11,3.23,0.107,6.9,6.9
8193_7_604,木都賀ダム,2026-09-12T18:00,231.76,0.52,0.0,0.108,6.9,6.9
8193_7_604,木都賀ダム,2026-09-12T19:00,231.79,0.63,0.0,0.111,7.1,7.1
8193_7_604,木都賀ダム,2026-09-12T20:00,231.82,0.63,0.0,0.113,7.3,7.3
8193_7_604,木都賀ダム,2026-09-12T21:00,231.85,0.63,0.0,0.115,7.4,7.4
8193_7_7,御部ダム,2026-09-12T17:00,92.9,0.38,0.25,0.55,27.5,27.5
8193_7_7,御部ダム,2026-09-12T18:00,92.9,0.38,0.25,0.55,27.5,27.5
8193_7_7,御部ダム,2026-09-12T19:00,92.91,0.37,0.25,0.551,27.6,27.6
8193_7_7,御部ダム,2026-09-12T20:00,92.91,0.37,0.25,0.551,27.6,27.6
8193_7_7,御部ダム,2026-09-12T21:00,92.91,0.37,0.26,0.551,27.6,27.6
8193_7_9,銚子ダム,2026-09-12T17:00,56.49,0.0,0.25,0.881,83.9,83.9
8193_7_9,銚子ダム,2026-09-12T18:00,56.49,0.25,0.25,0.881,83.9,83.9
8193_7_9,銚子ダム,2026-09-12T19:00,56.49,0.22,0.21,0.881,83.9,83.9
8193_7_9,銚子ダム,2026-09-12T20:00,56.48,0.0,0.21,0.88,83.8,83.8
8193_7_9,銚子ダム,2026-09-12T21:00,56.48,0.21,0.21,0.88,83.8,83.8
8193_7_1,布部ダム,2026-09-13T00:00,187.68,1.39,0.6,2.002,87.0,46.9
8193_7_1,布部ダム,2026-09-13T01:00,187.7,2.17,0.6,2.008,87.3,47.0
8193_7_1,布部ダム,2026-09-13T02:00,187.71,1.38,0.61,2.011,87.4,47.1
8193_7_10,美田ダム,2026-09-13T00:00,34.75,0.0,0.01,0.178,82.4,82.4
8193_7_10,美田ダム,2026-09-13T01:00,34.75,0.0,0.02,0.178,82.4,82.4
8193_7_10,美田ダム,2026-09-13T02:00,34.75,0.0,0.02,0.178,82.4,82.4
8193_7_11,大長見ダム,2026-09-13T00:00,155.6,0.0,1.45,3.996,92.9,92.9
8193_7_11,大長見ダム,2026-09-13T01:00,155.59,0.17,1.45,3.993,92.9,92.9
8193_7_11,大長見ダム,2026-09-13T02:00,155.58,1.45,1.44,3.989,92.8,92.8
8193_7_13,笹倉ダム,2026-09-13T00:00,127.01,0.17,0.23,0.064,32.0,32.0
8193_7_13,笹倉ダム,2026-09-13T01:00,126.99,0.18,0.23,0.064,32.0,32.0
8193_7_13,笹倉ダム,2026-09-13T02:00,126.98,0.18,0.23,0.064,32.0,32.0
8193_7_14,大峠ダム,2026-09-13T00:00,99.43,0.55,0.53,0.0,,
8193_7_14,大峠ダム,2026-09-13T01:00,99.43,0.55,0.53,0.0,,
8193_7_14,大峠ダム,2026-09-13T02:00,99.43,0.55,0.53,0.0,,
8193_7_16,益田川ダム,2026-09-13T00:00,36.23,1.33,1.32,0.001,,
8193_7_16,益田川ダム,2026-09-13T01:00,36.23,1.33,1.32,0.001,,
8193_7_16,益田川ダム,2026-09-13T02:00,36.23,1.33,1.32,0.001,,
8193_7_17,第二浜田ダム,2026-09-13T00:00,57.14,0.39,0.39,0.418,64.3,64.3
8193_7_17,第二浜田ダム,2026-09-13T01:00,57.14,0.39,0.39,0.418,64.3,64.3
8193_7_17,第二浜田ダム,2026-09-13T02:00,57.14,0.39,0.39,0.418,64.3,64.3
8193_7_18,波積ダム,2026-09-13T00:00,67.75,0.06,0.06,0.046,9.2,9.2
8193_7_18,波積ダム,2026-09-13T01:00,67.75,0.06,0.06,0.046,9.2,9.2
8193_7_18,波積ダム,2026-09-13T02:00,67.74,0.05,0.06,0.045,9.0,9.0
8193_7_2,山佐ダム,2026-09-13T00:00,190.46,0.43,0.3,0.932,84.7,84.7
8193_7_2,山佐ダム,2026-09-13T01:00,190.46,0.43,0.29,0.932,84.7,84.7
8193_7_2,山佐ダム,2026-09-13T02:00,190.46,0.43,0.3,0.932,84.7,84.7
8193_7_3,三瓶ダム,2026-09-13T00:00,124.62,0.36,0.46,1.129,65.3,65.3
8193_7_3,三瓶ダム,2026-09-13T01:00,124.62,0.46,0.46,1.129,65.3,65.3
8193_7_3,三瓶ダム,2026-09-13T02:00,124.62,0.46,0.46,1.129,65.3,65.3
8193_7_4,八戸ダム,2026-09-13T00:00,105.21,1.98,0.55,4.179,80.4,20.6
8193_7_4,八戸ダム,2026-09-13T01:00,105.21,0.55,0.55,4.179,80.4,20.6
8193_7_5,浜田ダム,2026-09-13T00:00,107.94,0.36,0.36,0.004,,
8193_7_5,浜田ダム,2026-09-13T01:00,107.94,0.36,0.36,0.004,,
8193_7_5,浜田ダム,2026-09-13T02:00,107.94,0.36,0.36,0.004,,
8193_7_600,嵯峨谷ダム,2026-09-13T00:00,254.35,1.29,1.29,0.0,,
8193_7_600,嵯峨谷ダム,2026-09-13T01:00,254.35,1.29,1.29,0.0,,
8193_7_600,嵯峨谷ダム,2026-09-13T02:00,254.35,1.29,1.29,0.0,,
8193_7_601,津田川ダム,2026-09-13T00:00,85.17,0.12,0.12,0.002,,
8193_7_601,津田川ダム,2026-09-13T01:00,85.17,0.12,0.12,0.002,,
8193_7_601,津田川ダム,2026-09-13T02:00,85.17,0.12,0.12,0.002,,
8193_7_602,清瀧ダム,2026-09-13T00:00,30.93,0.06,0.06,0.0,,
8193_7_602,清瀧ダム,2026-09-13T01:00,30.93,0.06,0.06,0.0,,
8193_7_602,清瀧ダム,2026-09-13T02:00,30.93,0.06,0.06,0.0,,
8193_7_603,三成ダム,2026-09-13T00:00,287.21,3.22,0.0,0.07,6.2,6.2
8193_7_603,三成ダム,2026-09-13T01:00,287.31,2.81,0.0,0.08,7.0,7.0
8193_7_603,三成ダム,2026-09-13T02:00,287.4,2.53,0.0,0.09,7.9,7.9
8193_7_604,木都賀ダム,2026-09-13T00:00,231.94,0.63,0.0,0.122,7.8,7.8
8193_7_604,木都賀ダム,2026-09-13T01:00,231.97,0.63,0.0,0.124,8.0,8.0
8193_7_604,木都賀ダム,2026-09-13T02:00,232.0,0.63,0.0,0.127,8.2,8.2
8193_7_7,御部ダム,2026-09-13T00:00,92.92,0.37,0.26,0.553,27.7,27.7
8193_7_7,御部ダム,2026-09-13T01:00,92.92,0.37,0.25,0.553,27.7,27.7
8193_7_7,御部ダム,2026-09-13T02:00,92.93,0.37,0.25,0.555,27.8,27.8
8193_7_9,銚子ダム,2026-09-13T00:00,56.47,0.0,0.21,0.879,83.7,83.7
8193_7_9,銚子ダム,2026-09-13T01:00,56.47,0.21,0.21,0.879,83.7,83.7
8193_7_9,銚子ダム,2026-09-13T02:00,56.47,0.21,0.21,0.879,83.7,83.7
8193_7_1,布部ダム,2026-09-13T03:00,187.73,2.09,0.6,2.016,87.7,47.2
8193_7_1,布部ダム,2026-09-13T04:00,187.74,1.47,0.61,2.019,87.8,47.3
8193_7_1,布部ダム,2026-09-13T05:00,187.76,1.47,0.6,2.025,88.0,47.4
8193_7_1,布部ダム,2026-09-13T06:00,187.77,2.09,0.6,2.028,88.2,47.5
8193_7_1,布部ダム,2026-09-13T07:00,187.78,1.39,0.61,2.031,88.3,47.6
8193_7_10,美田ダム,2026-09-13T03:00,34.75,0.0,0.01,0.178,82.4,82.4
8193_7_10,美田ダム,2026-09-13T04:00,34.74,0.0,0.02,0.178,82.4,82.4
8193_7_10,美田ダム,2026-09-13T05:00,34.74,0.0,0.01,0.178,82.4,82.4
8193_7_10,美田ダム,2026-09-13T06:00,34.74,0.0,0.02,0.178,82.4,82.4
8193_7_10,美田ダム,2026-09-13T07:00,34.74,0.0,0.02,0.178,82.4,82.4
8193_7_11,大長見ダム,2026-09-13T03:00,155.57,1.45,1.45,3.985,92.7,92.7
8193_7_11,大長見ダム,2026-09-13T04:00,155.55,0.0,1.45,3.977,92.5,92.5
8193_7_11,大長見ダム,2026-09-13T05:00,155.54,0.0,1.45,3.973,92.4,92.4
8193_7_11,大長見ダム,2026-09-13T06:00,155.53,1.45,1.45,3.97,92.3,92.3
8193_7_11,大長見ダム,2026-09-13T07:00,155.52,1.45,1.45,3.966,92.2,92.2
8193_7_13,笹倉ダム,2026-09-13T03:00,126.97,0.18,0.23,0.064,32.0,32.0
8193_7_13,笹倉ダム,2026-09-13T04:00,126.96,0.18,0.23,0.064,32.0,32.0
8193_7_13,笹倉ダム,2026-09-13T05:00,126.94,0.18,0.22,0.063,31.5,31.5
8193_7_13,笹倉ダム,2026-09-13T06:00,126.93,0.18,0.23,0.063,31.5,31.5
8193_7_13,笹倉ダム,2026-09-13T07:00,126.92,0.18,0.22,0.063,31.5,31.5
8193_7_14,大峠ダム,2026-09-13T03:00,99.43,0.55,0.53,0.0,,
8193_7_14,大峠ダム,2026-09-13T04:00,99.43,0.55,0.53,0.0,,
8193_7_14,大峠ダム,2026-09-13T05:00,99.43,0.55,0.53,0.0,,
8193_7_14,大峠ダム,2026-09-13T06:00,99.43,0.53,0.53,0.0,,
8193_7_14,大峠ダム,2026-09-13T07:00,99.44,0.55,0.55,0.0,,
8193_7_16,益田川ダム,2026-09-13T03:00,36.23,1.33,1.32,0.001,,
8193_7_16,益田川ダム,2026-09-13T04:00,36.23,1.33,1.32,0.001,,
8193_7_16,益田川ダム,2026-09-13T05:00,36.23,1.33,1.32,0.001,,
8193_7_16,益田川ダム,2026-09-13T06:00,36.23,1.33,1.32,0.001,,
8193_7_16,益田川ダム,2026-09-13T07:00,36.23,1.33,1.32,0.001,,
8193_7_17,第二浜田ダム,2026-09-13T03:00,57.13,0.0,0.39,0.416,64.0,64.0
8193_7_17,第二浜田ダム,2026-09-13T04:00,57.13,0.39,0.4,0.416,64.0,64.0
8193_7_17,第二浜田ダム,2026-09-13T05:00,57.13,0.39,0.39,0.416,64.0,64.0
8193_7_17,第二浜田ダム,2026-09-13T06:00,57.13,0.39,0.4,0.416,64.0,64.0
8193_7_17,第二浜田ダム,2026-09-13T07:00,57.12,0.39,0.39,0.415,63.8,63.8
8193_7_18,波積ダム,2026-09-13T03:00,67.74,0.05,0.06,0.045,9.0,9.0
8193_7_18,波積ダム,2026-09-13T04:00,67.74,0.05,0.06,0.045,9.0,9.0
8193_7_18,波積ダム,2026-09-13T05:00,67.74,0.05,0.06,0.045,9.0,9.0
8193_7_18,波積ダム,2026-09-13T06:00,67.74,0.05,0.06,0.045,9.0,9.0
8193_7_18,波積ダム,2026-09-13T07:00,67.74,0.05,0.06,0.045,9.0,9.0
8193_7_2,山佐ダム,2026-09-13T03:00,190.47,0.43,0.3,0.934,84.9,84.9
8193_7_2,山佐ダム,2026-09-13T04:00,190.47,0.43,0.3,0.934,84.9,84.9
8193_7_2,山佐ダム,2026-09-13T05:00,190.47,0.43,0.3,0.934,84.9,84.9
8193_7_2,山佐ダム,2026-09-13T06:00,190.48,0.43,0.3,0.935,85.0,85.0
8193_7_2,山佐ダム,2026-09-13T07:00,190.48,0.43,0.3,0.935,85.0,85.0
8193_7_3,三瓶ダム,2026-09-13T03:00,124.62,0.46,0.46,1.129,65.3,65.3
8193_7_3,三瓶ダム,2026-09-13T04:00,124.61,0.37,0.46,1.127,65.1,65.1
8193_7_3,三瓶ダム,2026-09-13T05:00,124.61,0.37,0.46,1.127,65.1,65.1
8193_7_3,三瓶ダム,2026-09-13T06:00,124.61,0.37,0.46,1.127,65.1,65.1
8193_7_3,三瓶ダム,2026-09-13T07:00,124.61,0.46,0.46,1.127,65.1,65.1
8193_7_4,八戸ダム,2026-09-13T03:00,105.23,1.69,0.55,4.19,80.6,20.6
8193_7_4,八戸ダム,2026-09-13T04:00,105.23,0.84,0.55,4.19,80.6,20.6
8193_7_4,八戸ダム,2026-09-13T05:00,105.24,1.98,0.55,4.195,80.7,20.7
8193_7_4,八戸ダム,2026-09-13T06:00,105.24,0.55,0.55,4.195,80.7,20.7
8193_7_4,八戸ダム,2026-09-13T07:00,105.22,1.71,6.67,4.185,80.5,20.6
8193_7_5,浜田ダム,2026-09-13T03:00,107.94,0.36,0.36,0.004,,
8193_7_5,浜田ダム,2026-09-13T04:00,107.94,0.36,0.36,0.004,,
8193_7_5,浜田ダム,2026-09-13T05:00,107.94,0.36,0.36,0.004,,
8193_7_5,浜田ダム,2026-09-13T06:00,107.94,0.36,0.36,0.004,,
8193_7_5,浜田ダム,2026-09-13T07:00,107.94,0.36,0.36,0.004,,
8193_7_600,嵯峨谷ダム,2026-09-13T03:00,254.35,1.29,1.29,0.0,,
8193_7_600,嵯峨谷ダム,2026-09-13T04:00,254.35,1.29,1.29,0.0,,
8193_7_600,嵯峨谷ダム,2026-09-13T05:00,254.35,1.29,1.29,0.0,,
8193_7_600,嵯峨谷ダム,2026-09-13T06:00,254.35,1.29,1.29,0.0,,
8193_7_600,嵯峨谷ダム,2026-09-13T07:00,254.35,1.29,1.29,0.0,,
8193_7_601,津田川ダム,2026-09-13T03:00,85.17,0.12,0.12,0.002,,
8193_7_601,津田川ダム,2026-09-13T04:00,85.17,0.12,0.12,0.002,,
8193_7_601,津田川ダム,2026-09-13T05:00,85.17,0.12,0.12,0.002,,
8193_7_601,津田川ダム,2026-09-13T06:00,85.17,0.12,0.12,0.002,,
8193_7_601,津田川ダム,2026-09-13T07:00,85.17,0.12,0.12,0.002,,
8193_7_602,清瀧ダム,2026-09-13T03:00,30.93,0.06,0.06,0.0,,
8193_7_602,清瀧ダム,2026-09-13T04:00,30.92,0.0,0.06,0.0,,
8193_7_602,清瀧ダム,2026-09-13T05:00,30.92,0.06,0.06,0.0,,
8193_7_602,清瀧ダム,2026-09-13T06:00,30.92,0.06,0.06,0.0,,
8193_7_602,清瀧ダム,2026-09-13T07:00,30.92,0.06,0.06,0.0,,
8193_7_603,三成ダム,2026-09-13T03:00,287.48,2.25,0.0,0.098,8.6,8.6
8193_7_603,三成ダム,2026-09-13T04:00,287.56,2.25,0.0,0.106,9.3,9.3
8193_7_603,三成ダム,2026-09-13T05:00,287.63,2.1,0.0,0.113,9.9,9.9
8193_7_603,三成ダム,2026-09-13T06:00,287.71,2.76,0.0,0.123,10.8,10.8
8193_7_603,三成ダム,2026-09-13T07:00,287.77,2.07,0.0,0.131,11.5,11.5
8193_7_604,木都賀ダム,2026-09-13T03:00,232.03,0.72,0.0,0.129,8.3,8.3
8193_7_604,木都賀ダム,2026-09-13T04:00,232.06,0.72,0.0,0.132,8.5,8.5
8193_7_604,木都賀ダム,2026-09-13T05:00,232.08,0.48,0.0,0.134,8.6,8.6
8193_7_604,木都賀ダム,2026-09-13T06:00,232.11,0.72,0.0,0.136,8.7,8.7
8193_7_604,木都賀ダム,2026-09-13T07:00,232.14,0.72,0.0,0.139,8.9,8.9
8193_7_7,御部ダム,2026-09-13T03:00,92.93,0.37,0.26,0.555,27.8,27.8
8193_7_7,御部ダム,2026-09-13T04:00,92.93,0.37,0.25,0.555,27.8,27.8
8193_7_7,御部ダム,2026-09-13T05:00,92.93,0.37,0.25,0.555,27.8,27.8
8193_7_7,御部ダム,2026-09-13T06:00,92.94,0.37,0.26,0.556,27.8,27.8
8193_7_7,御部ダム,2026-09-13T07:00,92.94,0.37,0.24,0.556,27.8,27.8
8193_7_9,銚子ダム,2026-09-13T03:00,56.47,0.21,0.21,0.879,83.7,83.7
8193_7_9,銚子ダム,2026-09-13T04:00,56.46,0.0,0.21,0.878,83.6,83.6
8193_7_9,銚子ダム,2026-09-13T05:00,56.46,0.21,0.21,0.878,83.6,83.6
8193_7_9,銚子ダム,2026-09-13T06:00,56.46,0.21,0.21,0.878,83.6,83.6
8193_7_9,銚子ダム,2026-09-13T07:00,56.45,0.0,0.21,0.877,83.5,83.5
8193_7_1,布部ダム,2026-09-13T08:00,187.8,2.09,0.6,2.036,88.5,47.7
8193_7_1,布部ダム,2026-09-13T09:00,187.81,1.28,1.51,2.039,88.7,47.8
8193_7_1,布部ダム,2026-09-13T10:00,187.8,2.48,2.92,2.036,88.5,47.7
8193_7_1,布部ダム,2026-09-13T11:00,187.79,1.98,2.92,2.033,88.4,47.6
8193_7_1,布部ダム,2026-09-13T12:00,187.77,1.35,2.92,2.028,88.2,47.5
8193_7_1,布部ダム,2026-09-13T13:00,187.75,1.51,2.91,2.022,87.9,47.4
8193_7_1,布部ダム,2026-09-13T14:00,187.74,1.97,2.91,2.019,87.8,47.3
8193_7_1,布部ダム,2026-09-13T15:00,187.72,1.35,2.91,2.014,87.6,47.2
8193_7_1,布部ダム,2026-09-13T16:00,187.7,1.51,2.91,2.008,87.3,47.0
8193_7_10,美田ダム,2026-09-13T08:00,34.74,0.0,0.02,0.178,82.4,82.4
8193_7_10,美田ダム,2026-09-13T09:00,34.74,0.0,0.02,0.178,82.4,82.4
8193_7_10,美田ダム,2026-09-13T10:00,34.74,0.0,0.02,0.178,82.4,82.4
8193_7_10,美田ダム,2026-09-13T11:00,34.74,0.0,0.02,0.178,82.4,82.4
8193_7_10,美田ダム,2026-09-13T12:00,34.73,0.0,0.01,0.177,81.9,81.9
8193_7_10,美田ダム,2026-09-13T13:00,34.73,0.0,0.01,0.177,81.9,81.9
8193_7_10,美田ダム,2026-09-13T14:00,34.73,0.0,0.02,0.177,81.9,81.9
8193_7_10,美田ダム,2026-09-13T15:00,34.73,0.0,0.02,0.177,81.9,81.9
8193_7_10,美田ダム,2026-09-13T16:00,34.73,0.0,0.01,0.177,81.9,81.9
8193_7_11,大長見ダム,2026-09-13T08:00,155.51,1.45,1.45,3.962,92.1,92.1
8193_7_11,大長見ダム,2026-09-13T09:00,155.5,1.45,1.44,3.958,92.0,92.0
8193_7_11,大長見ダム,2026-09-13T10:00,155.49,1.45,1.45,3.954,92.0,92.0
8193_7_11,大長見ダム,2026-09-13T11:00,155.48,1.45,1.45,3.951,91.9,91.9
8193_7_11,大長見ダム,2026-09-13T12:00,155.47,0.81,1.45,3.947,91.8,91.8
8193_7_11,大長見ダム,2026-09-13T13:00,155.45,0.0,1.45,3.939,91.6,91.6
8193_7_11,大長見ダム,2026-09-13T14:00,155.44,1.45,1.45,3.935,91.5,91.5
8193_7_11,大長見ダム,2026-09-13T15:00,155.43,1.45,1.44,3.931,91.4,91.4
8193_7_11,大長見ダム,2026-09-13T16:00,155.42,1.45,1.44,3.928,91.3,91.3
8193_7_13,笹倉ダム,2026-09-13T08:00,126.91,0.19,0.22,0.063,31.5,31.5
8193_7_13,笹倉ダム,2026-09-13T09:00,126.94,0.35,0.22,0.063,31.5,31.5
8193_7_13,笹倉ダム,2026-09-13T10:00,127.01,0.57,0.23,0.064,32.0,32.0
8193_7_13,笹倉ダム,2026-09-13T11:00,127.1,0.57,0.23,0.066,33.0,33.0
8193_7_13,笹倉ダム,2026-09-13T12:00,127.15,0.44,0.23,0.067,33.5,33.5
8193_7_13,笹倉ダム,2026-09-13T13:00,127.18,0.37,0.23,0.067,33.5,33.5
8193_7_13,笹倉ダム,2026-09-13T14:00,127.2,0.32,0.23,0.068,34.0,34.0
8193_7_13,笹倉ダム,2026-09-13T15:00,127.21,0.3,0.23,0.068,34.0,34.0
8193_7_13,笹倉ダム,2026-09-13T16:00,127.24,0.38,0.23,0.068,34.0,34.0
8193_7_14,大峠ダム,2026-09-13T08:00,99.46,0.58,0.6,0.0,,
8193_7_14,大峠ダム,2026-09-13T09:00,99.55,0.79,0.81,0.0,,
8193_7_14,大峠ダム,2026-09-13T10:00,99.66,1.09,1.07,0.0,,
8193_7_14,大峠ダム,2026-09-13T11:00,99.57,0.9,0.85,0.0,,
8193_7_14,大峠ダム,2026-09-13T12:00,99.52,0.76,0.74,0.0,,
8193_7_14,大峠ダム,2026-09-13T13:00,99.49,0.69,0.67,0.0,,
8193_7_14,大峠ダム,2026-09-13T14:00,99.48,0.67,0.64,0.0,,
8193_7_14,大峠ダム,2026-09-13T15:00,99.47,0.63,0.62,0.0,,
8193_7_14,大峠ダム,2026-09-13T16:00,99.52,0.67,0.74,0.0,,
8193_7_16,益田川ダム,2026-09-13T08:00,36.23,1.32,1.32,0.001,,
8193_7_16,益田川ダム,2026-09-13T09:00,36.24,1.32,1.38,0.001,,
8193_7_16,益田川ダム,2026-09-13T10:00,36.27,1.54,1.56,0.001,,
8193_7_16,益田川ダム,2026-09-13T11:00,36.33,1.91,1.9,0.001,,
8193_7_16,益田川ダム,2026-09-13T12:00,36.34,2.02,1.96,0.001,,
8193_7_16,益田川ダム,2026-09-13T13:00,36.34,1.97,1.96,0.001,,
8193_7_16,益田川ダム,2026-09-13T14:00,36.39,2.19,2.25,0.001,,
8193_7_16,益田川ダム,2026-09-13T15:00,36.39,2.3,2.25,0.001,,
8193_7_16,益田川ダム,2026-09-13T16:00,36.37,2.17,2.13,0.001,,
8193_7_17,第二浜田ダム,2026-09-13T08:00,57.12,0.39,0.4,0.415,63.8,63.8
8193_7_17,第二浜田ダム,2026-09-13T09:00,57.12,0.39,0.39,0.415,63.8,63.8
8193_7_17,第二浜田ダム,2026-09-13T10:00,57.12,0.39,0.39,0.415,63.8,63.8
8193_7_17,第二浜田ダム,2026-09-13T11:00,57.12,0.39,0.39,0.415,63.8,63.8
8193_7_17,第二浜田ダム,2026-09-13T12:00,57.12,0.39,0.4,0.415,63.8,63.8
8193_7_17,第二浜田ダム,2026-09-13T13:00,57.12,0.39,0.39,0.415,63.8,63.8
8193_7_17,第二浜田ダム,2026-09-13T14:00,57.11,0.39,0.39,0.414,63.7,63.7
8193_7_17,第二浜田ダム,2026-09-13T15:00,57.11,0.4,0.39,0.414,63.7,63.7
8193_7_17,第二浜田ダム,2026-09-13T16:00,57.12,0.84,0.4,0.415,63.8,63.8
8193_7_18,波積ダム,2026-09-13T08:00,67.74,0.05,0.06,0.045,9.0,9.0
8193_7_18,波積ダム,2026-09-13T09:00,67.74,0.05,0.06,0.045,9.0,9.0
8193_7_18,波積ダム,2026-09-13T10:00,67.74,0.05,0.06,0.045,9.0,9.0
8193_7_18,波積ダム,2026-09-13T11:00,67.74,0.05,0.06,0.045,9.0,9.0
8193_7_18,波積ダム,2026-09-13T12:00,67.74,0.05,0.06,0.045,9.0,9.0
8193_7_18,波積ダム,2026-09-13T13:00,67.74,0.05,0.06,0.045,9.0,9.0
8193_7_18,波積ダム,2026-09-13T14:00,67.74,0.06,0.06,0.045,9.0,9.0
8193_7_18,波積ダム,2026-09-13T15:00,67.74,0.06,0.06,0.045,9.0,9.0
8193_7_18,波積ダム,2026-09-13T16:00,67.74,0.06,0.06,0.045,9.0,9.0
8193_7_2,山佐ダム,2026-09-13T08:00,190.49,0.43,0.3,0.936,85.1,85.1
8193_7_2,山佐ダム,2026-09-13T09:00,190.49,0.43,0.3,0.936,85.1,85.1
8193_7_2,山佐ダム,2026-09-13T10:00,190.49,0.43,0.3,0.936,85.1,85.1
8193_7_2,山佐ダム,2026-09-13T11:00,190.5,0.43,0.3,0.937,85.2,85.2
8193_7_2,山佐ダム,2026-09-13T12:00,190.5,0.43,0.3,0.937,85.2,85.2
8193_7_2,山佐ダム,2026-09-13T13:00,190.51,0.54,0.3,0.939,85.4,85.4
8193_7_2,山佐ダム,2026-09-13T14:00,190.51,0.54,0.3,0.939,85.4,85.4
8193_7_2,山佐ダム,2026-09-13T15:00,190.52,0.49,0.3,0.94,85.5,85.5
8193_7_2,山佐ダム,2026-09-13T16:00,190.53,0.53,0.3,0.941,85.5,85.5
8193_7_3,三瓶ダム,2026-09-13T08:00,124.61,0.46,0.46,1.127,65.1,65.1
8193_7_3,三瓶ダム,2026-09-13T09:00,124.61,0.46,0.45,1.127,65.1,65.1
8193_7_3,三瓶ダム,2026-09-13T10:00,124.6,0.37,0.46,1.125,65.0,65.0
8193_7_3,三瓶ダム,2026-09-13T11:00,124.6,0.37,0.44,1.125,65.0,65.0
8193_7_3,三瓶ダム,2026-09-13T12:00,124.6,0.37,0.44,1.125,65.0,65.0
8193_7_3,三瓶ダム,2026-09-13T13:00,124.6,0.44,0.43,1.125,65.0,65.0
8193_7_3,三瓶ダム,2026-09-13T14:00,124.6,0.44,0.44,1.125,65.0,65.0
8193_7_3,三瓶ダム,2026-09-13T15:00,124.6,0.44,0.44,1.125,65.0,65.0
8193_7_3,三瓶ダム,2026-09-13T16:00,124.6,0.44,0.44,1.125,65.0,65.0
8193_7_4,八戸ダム,2026-09-13T08:00,105.17,0.0,6.72,4.159,80.0,20.5
8193_7_4,八戸ダム,2026-09-13T09:00,105.12,0.54,6.66,4.133,79.5,20.4
8193_7_4,八戸ダム,2026-09-13T10:00,105.08,0.66,6.66,4.112,79.1,20.3
8193_7_4,八戸ダム,2026-09-13T11:00,105.04,0.06,6.67,4.092,78.7,20.2
8193_7_4,八戸ダム,2026-09-13T12:00,104.99,0.49,6.61,4.066,78.2,20.0
8193_7_4,八戸ダム,2026-09-13T13:00,104.95,0.45,6.49,4.047,77.8,19.9
8193_7_4,八戸ダム,2026-09-13T14:00,104.91,0.63,6.44,4.027,77.4,19.8
8193_7_4,八戸ダム,2026-09-13T15:00,104.87,0.92,5.31,4.007,77.1,19.7
8193_7_4,八戸ダム,2026-09-13T16:00,104.87,0.45,0.55,4.007,77.1,19.7
8193_7_5,浜田ダム,2026-09-13T08:00,107.94,0.36,0.36,0.004,,
8193_7_5,浜田ダム,2026-09-13T09:00,107.94,0.36,0.36,0.004,,
8193_7_5,浜田ダム,2026-09-13T10:00,107.95,0.44,0.42,0.005,,
8193_7_5,浜田ダム,2026-09-13T11:00,107.95,0.47,0.42,0.005,,
8193_7_5,浜田ダム,2026-09-13T12:00,107.95,0.42,0.42,0.005,,
8193_7_5,浜田ダム,2026-09-13T13:00,107.98,0.6,0.54,0.006,,
8193_7_5,浜田ダム,2026-09-13T14:00,107.99,0.85,0.58,0.007,,
8193_7_5,浜田ダム,2026-09-13T15:00,107.99,0.61,0.58,0.007,,
8193_7_5,浜田ダム,2026-09-13T16:00,107.98,0.48,0.54,0.006,,
8193_7_600,嵯峨谷ダム,2026-09-13T08:00,254.35,1.28,1.29,0.0,,
8193_7_600,嵯峨谷ダム,2026-09-13T09:00,254.36,1.34,1.34,0.0,,
8193_7_600,嵯峨谷ダム,2026-09-13T10:00,254.36,1.34,1.34,0.0,,
8193_7_600,嵯峨谷ダム,2026-09-13T11:00,254.36,1.34,1.34,0.0,,
8193_7_600,嵯峨谷ダム,2026-09-13T12:00,254.36,1.34,1.34,0.0,,
8193_7_600,嵯峨谷ダム,2026-09-13T13:00,254.36,1.34,1.34,0.0,,
8193_7_600,嵯峨谷ダム,2026-09-13T14:00,254.36,1.34,1.34,0.0,,
8193_7_600,嵯峨谷ダム,2026-09-13T15:00,254.36,1.34,1.34,0.0,,
8193_7_600,嵯峨谷ダム,2026-09-13T16:00,254.36,1.34,1.34,0.0,,
8193_7_601,津田川ダム,2026-09-13T08:00,85.17,0.12,0.12,0.002,,
8193_7_601,津田川ダム,2026-09-13T09:00,85.18,0.13,0.13,0.002,,
8193_7_601,津田川ダム,2026-09-13T10:00,85.19,0.14,0.14,0.002,,
8193_7_601,津田川ダム,2026-09-13T11:00,85.2,0.16,0.16,0.002,,
8193_7_601,津田川ダム,2026-09-13T12:00,85.2,0.16,0.16,0.002,,
8193_7_601,津田川ダム,2026-09-13T13:00,85.2,0.16,0.16,0.002,,
8193_7_601,津田川ダム,2026-09-13T14:00,85.2,0.16,0.16,0.002,,
8193_7_601,津田川ダム,2026-09-13T15:00,85.2,0.16,0.16,0.002,,
8193_7_601,津田川ダム,2026-09-13T16:00,85.2,0.16,0.16,0.002,,
8193_7_602,清瀧ダム,2026-09-13T08:00,30.92,0.06,0.06,0.0,,
8193_7_602,清瀧ダム,2026-09-13T09:00,30.92,0.06,0.06,0.0,,
8193_7_602,清瀧ダム,2026-09-13T10:00,30.93,0.18,0.06,0.0,,
8193_7_602,清瀧ダム,2026-09-13T11:00,30.93,0.06,0.06,0.0,,
8193_7_602,清瀧ダム,2026-09-13T12:00,30.93,0.06,0.06,0.0,,
8193_7_602,清瀧ダム,2026-09-13T13:00,30.94,0.06,0.06,0.0,,
8193_7_602,清瀧ダム,2026-09-13T14:00,30.95,0.18,0.06,0.0,,
8193_7_602,清瀧ダム,2026-09-13T15:00,30.95,0.06,0.06,0.0,,
8193_7_602,清瀧ダム,2026-09-13T16:00,30.96,0.06,0.06,0.0,,
8193_7_603,三成ダム,2026-09-13T08:00,287.84,2.44,1.51,0.139,12.2,12.2
8193_7_603,三成ダム,2026-09-13T09:00,287.78,2.18,5.06,0.132,11.6,11.6
8193_7_603,三成ダム,2026-09-13T10:00,287.7,2.32,5.07,0.122,10.7,10.7
8193_7_603,三成ダム,2026-09-13T11:00,287.61,1.97,5.06,0.111,9.8,9.8
8193_7_603,三成ダム,2026-09-13T12:00,287.52,2.53,5.07,0.102,9.0,9.0
8193_7_603,三成ダム,2026-09-13T13:00,287.43,2.52,5.03,0.093,8.2,8.2
8193_7_603,三成ダム,2026-09-13T14:00,287.33,2.23,5.04,0.082,7.2,7.2
8193_7_603,三成ダム,2026-09-13T15:00,287.23,2.22,5.03,0.072,6.3,6.3
8193_7_603,三成ダム,2026-09-13T16:00,287.13,2.21,5.03,0.062,5.4,5.4
8193_7_604,木都賀ダム,2026-09-13T08:00,232.17,0.76,1.23,0.141,9.1,9.1
8193_7_604,木都賀ダム,2026-09-13T09:00,232.09,1.26,3.24,0.134,8.6,8.6
8193_7_604,木都賀ダム,2026-09-13T10:00,232.0,1.07,3.23,0.127,8.2,8.2
8193_7_604,木都賀ダム,2026-09-13T11:00,231.91,1.33,3.24,0.12,7.7,7.7
8193_7_604,木都賀ダム,2026-09-13T12:00,231.82,1.33,3.23,0.113,7.3,7.3
8193_7_604,木都賀ダム,2026-09-13T13:00,231.73,1.33,3.23,0.106,6.8,6.8
8193_7_604,木都賀ダム,2026-09-13T14:00,231.64,1.34,3.24,0.099,6.4,6.4
8193_7_604,木都賀ダム,2026-09-13T15:00,231.56,1.55,3.24,0.093,6.0,6.0
8193_7_604,木都賀ダム,2026-09-13T16:00,231.47,1.39,3.23,0.087,5.6,5.6
8193_7_7,御部ダム,2026-09-13T08:00,92.94,0.37,0.25,0.556,27.8,27.8
8193_7_7,御部ダム,2026-09-13T09:00,92.95,0.41,0.25,0.558,27.9,27.9
8193_7_7,御部ダム,2026-09-13T10:00,92.96,0.7,0.25,0.559,28.0,28.0
8193_7_7,御部ダム,2026-09-13T11:00,92.97,0.49,0.25,0.561,28.1,28.1
8193_7_7,御部ダム,2026-09-13T12:00,92.97,0.49,0.25,0.561,28.1,28.1
8193_7_7,御部ダム,2026-09-13T13:00,92.98,0.6,0.25,0.562,28.1,28.1
8193_7_7,御部ダム,2026-09-13T14:00,92.99,0.57,0.25,0.564,28.2,28.2
8193_7_7,御部ダム,2026-09-13T15:00,93.0,0.58,0.25,0.566,28.3,28.3
8193_7_7,御部ダム,2026-09-13T16:00,93.0,0.58,0.24,0.566,28.3,28.3
8193_7_9,銚子ダム,2026-09-13T08:00,56.45,0.21,0.21,0.877,83.5,83.5
8193_7_9,銚子ダム,2026-09-13T09:00,56.45,0.06,0.04,0.877,83.5,83.5
8193_7_9,銚子ダム,2026-09-13T10:00,56.46,0.37,0.04,0.878,83.6,83.6
8193_7_9,銚子ダム,2026-09-13T11:00,56.46,0.04,0.04,0.878,83.6,83.6
8193_7_9,銚子ダム,2026-09-13T12:00,56.46,0.04,0.04,0.878,83.6,83.6
8193_7_9,銚子ダム,2026-09-13T13:00,56.46,0.04,0.04,0.878,83.6,83.6
8193_7_9,銚子ダム,2026-09-13T14:00,56.47,0.37,0.04,0.879,83.7,83.7
8193_7_9,銚子ダム,2026-09-13T15:00,56.47,0.04,0.04,0.879,83.7,83.7
8193_7_9,銚子ダム,2026-09-13T16:00,56.47,0.04,0.04,0.879,83.7,83.7
8193_7_1,布部ダム,2026-09-13T17:00,187.69,1.97,2.92,2.005,87.2,47.0
8193_7_1,布部ダム,2026-09-13T18:00,187.67,1.51,2.92,2.0,87.0,46.8
8193_7_1,布部ダム,2026-09-13T19:00,187.66,1.97,2.91,1.997,86.8,46.8
8193_7_1,布部ダム,2026-09-13T20:00,187.64,1.35,2.91,1.991,86.6,46.6
8193_7_1,布部ダム,2026-09-13T21:00,187.63,2.13,2.91,1.988,86.4,46.6
8193_7_1,布部ダム,2026-09-13T22:00,187.61,1.35,2.91,1.983,86.2,46.4
8193_7_10,美田ダム,2026-09-13T17:00,34.73,0.0,0.02,0.177,81.9,81.9
8193_7_10,美田ダム,2026-09-13T18:00,34.73,0.0,0.02,0.177,81.9,81.9
8193_7_10,美田ダム,2026-09-13T19:00,34.73,0.0,0.02,0.177,81.9,81.9
8193_7_10,美田ダム,2026-09-13T20:00,34.72,0.0,0.02,0.177,81.9,81.9
8193_7_10,美田ダム,2026-09-13T21:00,34.72,0.0,0.02,0.177,81.9,81.9
8193_7_10,美田ダム,2026-09-13T22:00,34.72,0.0,0.02,0.177,81.9,81.9
8193_7_11,大長見ダム,2026-09-13T17:00,155.41,1.45,1.45,3.924,91.3,91.3
8193_7_11,大長見ダム,2026-09-13T18:00,155.39,0.0,1.45,3.916,91.1,91.1
8193_7_11,大長見ダム,2026-09-13T19:00,155.38,0.0,1.44,3.912,91.0,91.0
8193_7_11,大長見ダム,2026-09-13T20:00,155.37,1.45,1.45,3.908,90.9,90.9
8193_7_11,大長見ダム,2026-09-13T21:00,155.36,1.45,1.45,3.905,90.8,90.8
8193_7_11,大長見ダム,2026-09-13T22:00,155.35,1.45,1.45,3.901,90.7,90.7
8193_7_13,笹倉ダム,2026-09-13T17:00,127.3,0.54,0.23,0.069,34.5,34.5
8193_7_13,笹倉ダム,2026-09-13T18:00,127.36,0.52,0.23,0.07,35.0,35.0
8193_7_13,笹倉ダム,2026-09-13T19:00,127.41,0.41,0.23,0.071,35.5,35.5
8193_7_13,笹倉ダム,2026-09-13T20:00,127.44,0.38,0.23,0.072,36.0,36.0
8193_7_13,笹倉ダム,2026-09-13T21:00,127.47,0.34,0.23,0.072,36.0,36.0
8193_7_13,笹倉ダム,2026-09-13T22:00,127.49,0.32,0.23,0.072,36.0,36.0
8193_7_14,大峠ダム,2026-09-13T17:00,99.63,1.04,0.99,0.0,,
8193_7_14,大峠ダム,2026-09-13T18:00,99.59,0.91,0.9,0.0,,
8193_7_14,大峠ダム,2026-09-13T19:00,99.55,0.82,0.81,0.0,,
8193_7_14,大峠ダム,2026-09-13T20:00,99.52,0.76,0.74,0.0,,
8193_7_14,大峠ダム,2026-09-13T21:00,99.5,0.71,0.69,0.0,,
8193_7_14,大峠ダム,2026-09-13T22:00,99.49,0.69,0.67,0.0,,
8193_7_16,益田川ダム,2026-09-13T17:00,36.35,2.06,2.02,0.001,,
8193_7_16,益田川ダム,2026-09-13T18:00,36.37,2.06,2.13,0.001,,
8193_7_16,益田川ダム,2026-09-13T19:00,36.4,2.3,2.3,0.001,,
8193_7_16,益田川ダム,2026-09-13T20:00,36.41,2.31,2.36,0.001,,
8193_7_16,益田川ダム,2026-09-13T21:00,36.43,2.45,2.48,0.001,,
8193_7_16,益田川ダム,2026-09-13T22:00,36.4,2.33,2.3,0.001,,
8193_7_17,第二浜田ダム,2026-09-13T17:00,57.12,0.39,0.4,0.415,63.8,63.8
8193_7_17,第二浜田ダム,2026-09-13T18:00,57.12,0.39,0.39,0.415,63.8,63.8
8193_7_17,第二浜田ダム,2026-09-13T19:00,57.12,0.39,0.4,0.415,63.8,63.8
8193_7_17,第二浜田ダム,2026-09-13T20:00,57.12,0.4,0.39,0.415,63.8,63.8
8193_7_17,第二浜田ダム,2026-09-13T21:00,57.13,0.39,0.39,0.416,64.0,64.0
8193_7_17,第二浜田ダム,2026-09-13T22:00,57.13,0.39,0.39,0.416,64.0,64.0
8193_7_18,波積ダム,2026-09-13T17:00,67.74,0.06,0.06,0.045,9.0,9.0
8193_7_18,波積ダム,2026-09-13T18:00,67.74,0.06,0.06,0.045,9.0,9.0
8193_7_18,波積ダム,2026-09-13T19:00,67.74,0.06,0.06,0.045,9.0,9.0
8193_7_18,波積ダム,2026-09-13T20:00,67.74,0.06,0.06,0.045,9.0,9.0
8193_7_18,波積ダム,2026-09-13T21:00,67.74,0.06,0.06,0.045,9.0,9.0
8193_7_18,波積ダム,2026-09-13T22:00,67.74,0.06,0.06,0.045,9.0,9.0
8193_7_2,山佐ダム,2026-09-13T17:00,190.53,0.53,0.3,0.941,85.5,85.5
8193_7_2,山佐ダム,2026-09-13T18:00,190.54,0.48,0.3,0.943,85.7,85.7
8193_7_2,山佐ダム,2026-09-13T19:00,190.54,0.48,0.3,0.943,85.7,85.7
8193_7_2,山佐ダム,2026-09-13T20:00,190.56,1.06,0.3,0.945,85.9,85.9
8193_7_2,山佐ダム,2026-09-13T21:00,190.58,1.04,0.3,0.948,86.2,86.2
8193_7_2,山佐ダム,2026-09-13T22:00,190.62,2.0,0.3,0.953,86.6,86.6
8193_7_3,三瓶ダム,2026-09-13T17:00,124.6,0.44,0.46,1.125,65.0,65.0
8193_7_3,三瓶ダム,2026-09-13T18:00,124.6,0.44,0.45,1.125,65.0,65.0
8193_7_3,三瓶ダム,2026-09-13T19:00,124.6,0.44,0.46,1.125,65.0,65.0
8193_7_3,三瓶ダム,2026-09-13T20:00,124.6,0.44,0.45,1.125,65.0,65.0
8193_7_3,三瓶ダム,2026-09-13T21:00,124.6,0.44,0.45,1.125,65.0,65.0
8193_7_3,三瓶ダム,2026-09-13T22:00,124.6,0.45,0.46,1.125,65.0,65.0
8193_7_4,八戸ダム,2026-09-13T17:00,104.88,1.9,0.54,4.012,77.2,19.8
8193_7_4,八戸ダム,2026-09-13T18:00,104.89,1.9,0.55,4.017,77.3,19.8
8193_7_4,八戸ダム,2026-09-13T19:00,104.9,1.91,0.54,4.022,77.3,19.8
8193_7_4,八戸ダム,2026-09-13T20:00,104.91,1.9,0.54,4.027,77.4,19.8
8193_7_4,八戸ダム,2026-09-13T21:00,104.92,1.9,0.54,4.032,77.5,19.9
8193_7_4,八戸ダム,2026-09-13T22:00,104.93,1.9,0.54,4.037,77.6,19.9
8193_7_5,浜田ダム,2026-09-13T17:00,107.97,0.49,0.5,0.006,,
8193_7_5,浜田ダム,2026-09-13T18:00,107.97,0.4,0.5,0.006,,
8193_7_5,浜田ダム,2026-09-13T19:00,107.97,0.5,0.5,0.006,,
8193_7_5,浜田ダム,2026-09-13T20:00,107.96,0.44,0.46,0.005,,
8193_7_5,浜田ダム,2026-09-13T21:00,107.96,0.4,0.46,0.005,,
8193_7_5,浜田ダム,2026-09-13T22:00,107.96,0.46,0.46,0.005,,
8193_7_600,嵯峨谷ダム,2026-09-13T17:00,254.36,1.34,1.34,0.0,,
8193_7_600,嵯峨谷ダム,2026-09-13T18:00,254.36,1.34,1.34,0.0,,
8193_7_600,嵯峨谷ダム,2026-09-13T19:00,254.36,1.34,1.34,0.0,,
8193_7_600,嵯峨谷ダム,2026-09-13T20:00,254.36,1.34,1.34,0.0,,
8193_7_600,嵯峨谷ダム,2026-09-13T21:00,254.36,1.34,1.34,0.0,,
8193_7_600,嵯峨谷ダム,2026-09-13T22:00,254.37,1.4,1.39,0.0,,
8193_7_601,津田川ダム,2026-09-13T17:00,85.2,0.16,0.16,0.002,,
8193_7_601,津田川ダム,2026-09-13T18:00,85.21,0.18,0.18,0.003,,
8193_7_601,津田川ダム,2026-09-13T19:00,85.21,0.18,0.18,0.003,,
8193_7_601,津田川ダム,2026-09-13T20:00,85.21,0.18,0.18,0.003,,
8193_7_601,津田川ダム,2026-09-13T21:00,85.21,0.18,0.18,0.003,,
8193_7_601,津田川ダム,2026-09-13T22:00,85.21,0.18,0.18,0.003,,
8193_7_602,清瀧ダム,2026-09-13T17:00,30.96,0.06,0.06,0.0,,
8193_7_602,清瀧ダム,2026-09-13T18:00,30.97,0.06,0.06,0.0,,
8193_7_602,清瀧ダム,2026-09-13T19:00,30.97,0.06,0.06,0.0,,
8193_7_602,清瀧ダム,2026-09-13T20:00,30.98,0.18,0.06,0.0,,
8193_7_602,清瀧ダム,2026-09-13T21:00,30.98,0.06,0.06,0.0,,
8193_7_602,清瀧ダム,2026-09-13T22:00,30.98,0.06,0.06,0.0,,
8193_7_603,三成ダム,2026-09-13T17:00,287.01,2.43,5.02,0.053,4.7,4.7
8193_7_603,三成ダム,2026-09-13T18:00,286.86,2.03,5.09,0.042,3.7,3.7
8193_7_603,三成ダム,2026-09-13T19:00,287.0,2.87,0.0,0.052,4.6,4.6
8193_7_603,三成ダム,2026-09-13T20:00,287.11,2.23,0.0,0.06,5.3,5.3
8193_7_603,三成ダム,2026-09-13T21:00,287.22,3.09,0.0,0.071,6.2,6.2
8193_7_603,三成ダム,2026-09-13T22:00,287.31,2.53,0.0,0.08,7.0,7.0
8193_7_604,木都賀ダム,2026-09-13T17:00,231.38,1.52,3.22,0.08,5.1,5.1
8193_7_604,木都賀ダム,2026-09-13T18:00,231.43,1.05,0.0,0.084,5.4,5.4
8193_7_604,木都賀ダム,2026-09-13T19:00,231.49,1.14,0.0,0.088,5.6,5.6
8193_7_604,木都賀ダム,2026-09-13T20:00,231.54,1.04,0.0,0.092,5.9,5.9
8193_7_604,木都賀ダム,2026-09-13T21:00,231.6,1.27,0.0,0.096,6.2,6.2
8193_7_604,木都賀ダム,2026-09-13T22:00,231.65,1.06,0.0,0.1,6.4,6.4
8193_7_7,御部ダム,2026-09-13T17:00,93.01,0.61,0.25,0.567,28.4,28.4
8193_7_7,御部ダム,2026-09-13T18:00,93.02,0.54,0.25,0.569,28.5,28.5
8193_7_7,御部ダム,2026-09-13T19:00,93.03,0.58,0.25,0.57,28.5,28.5
8193_7_7,御部ダム,2026-09-13T20:00,93.03,0.58,0.25,0.57,28.5,28.5
8193_7_7,御部ダム,2026-09-13T21:00,93.04,0.61,0.26,0.572,28.6,28.6
8193_7_7,御部ダム,2026-09-13T22:00,93.05,0.57,0.25,0.574,28.7,28.7
8193_7_9,銚子ダム,2026-09-13T17:00,56.47,0.04,0.04,0.879,83.7,83.7
8193_7_9,銚子ダム,2026-09-13T18:00,56.48,0.37,0.04,0.88,83.8,83.8
8193_7_9,銚子ダム,2026-09-13T19:00,56.48,0.04,0.04,0.88,83.8,83.8
8193_7_9,銚子ダム,2026-09-13T20:00,56.48,0.04,0.04,0.88,83.8,83.8
8193_7_9,銚子ダム,2026-09-13T21:00,56.48,0.04,0.04,0.88,83.8,83.8
8193_7_9,銚子ダム,2026-09-13T22:00,56.48,0.04,0.04,0.88,83.8,83.8
8193_7_1,布部ダム,2026-09-14T00:00,187.63,2.17,0.6,1.988,86.4,46.6
8193_7_1,布部ダム,2026-09-14T01:00,187.65,1.85,0.61,1.994,86.7,46.7
8193_7_1,布部ダム,2026-09-14T02:00,187.66,1.7,0.6,1.997,86.8,46.8
8193_7_10,美田ダム,2026-09-14T00:00,34.72,0.0,0.01,0.177,81.9,81.9
8193_7_10,美田ダム,2026-09-14T01:00,34.72,0.0,0.01,0.177,81.9,81.9
8193_7_10,美田ダム,2026-09-14T02:00,34.72,0.0,0.02,0.177,81.9,81.9
8193_7_11,大長見ダム,2026-09-14T00:00,155.32,0.0,1.45,3.889,90.4,90.4
8193_7_11,大長見ダム,2026-09-14T01:00,155.31,1.45,1.45,3.885,90.3,90.3
8193_7_11,大長見ダム,2026-09-14T02:00,155.3,1.45,1.45,3.882,90.3,90.3
8193_7_13,笹倉ダム,2026-09-14T00:00,127.51,0.29,0.23,0.073,36.5,36.5
8193_7_13,笹倉ダム,2026-09-14T01:00,127.52,0.29,0.23,0.073,36.5,36.5
8193_7_13,笹倉ダム,2026-09-14T02:00,127.53,0.28,0.23,0.073,36.5,36.5
8193_7_14,大峠ダム,2026-09-14T00:00,99.47,0.64,0.62,0.0,,
8193_7_14,大峠ダム,2026-09-14T01:00,99.47,0.64,0.62,0.0,,
8193_7_14,大峠ダム,2026-09-14T02:00,99.46,0.62,0.6,0.0,,
8193_7_16,益田川ダム,2026-09-14T00:00,36.36,2.11,2.07,0.001,,
8193_7_16,益田川ダム,2026-09-14T01:00,36.34,2.0,1.96,0.001,,
8193_7_16,益田川ダム,2026-09-14T02:00,36.33,1.95,1.9,0.001,,
8193_7_17,第二浜田ダム,2026-09-14T00:00,57.13,0.39,0.39,0.416,64.0,64.0
8193_7_17,第二浜田ダム,2026-09-14T01:00,57.13,0.39,0.39,0.416,64.0,64.0
8193_7_17,第二浜田ダム,2026-09-14T02:00,57.13,0.39,0.39,0.416,64.0,64.0
8193_7_18,波積ダム,2026-09-14T00:00,67.74,0.06,0.06,0.045,9.0,9.0
8193_7_18,波積ダム,2026-09-14T01:00,67.74,0.06,0.06,0.045,9.0,9.0
8193_7_18,波積ダム,2026-09-14T02:00,67.74,0.06,0.06,0.045,9.0,9.0
8193_7_2,山佐ダム,2026-09-14T00:00,190.67,1.19,0.3,0.96,87.3,87.3
8193_7_2,山佐ダム,2026-09-14T01:00,190.69,0.93,0.3,0.963,87.5,87.5
8193_7_2,山佐ダム,2026-09-14T02:00,190.7,0.84,0.3,0.964,87.6,87.6
8193_7_3,三瓶ダム,2026-09-14T00:00,124.6,0.45,0.45,1.125,65.0,65.0
8193_7_3,三瓶ダム,2026-09-14T01:00,124.6,0.45,0.45,1.125,65.0,65.0
8193_7_3,三瓶ダム,2026-09-14T02:00,124.6,0.45,0.45,1.125,65.0,65.0
8193_7_4,八戸ダム,2026-09-14T00:00,104.96,2.72,0.54,4.051,77.9,20.0
8193_7_4,八戸ダム,2026-09-14T01:00,104.97,2.44,0.54,4.056,78.0,20.0
8193_7_4,八戸ダム,2026-09-14T02:00,104.99,2.31,0.54,4.066,78.2,20.0
8193_7_5,浜田ダム,2026-09-14T00:00,107.96,0.46,0.46,0.005,,
8193_7_5,浜田ダム,2026-09-14T01:00,107.96,0.46,0.46,0.005,,
8193_7_5,浜田ダム,2026-09-14T02:00,107.96,0.46,0.46,0.005,,
8193_7_600,嵯峨谷ダム,2026-09-14T00:00,254.37,1.39,1.39,0.0,,
8193_7_600,嵯峨谷ダム,2026-09-14T01:00,254.37,1.39,1.39,0.0,,
8193_7_600,嵯峨谷ダム,2026-09-14T02:00,254.37,1.39,1.39,0.0,,
8193_7_601,津田川ダム,2026-09-14T00:00,85.2,0.16,0.16,0.002,,
8193_7_601,津田川ダム,2026-09-14T01:00,85.2,0.16,0.16,0.002,,
8193_7_601,津田川ダム,2026-09-14T02:00,85.2,0.16,0.16,0.002,,
8193_7_602,清瀧ダム,2026-09-14T00:00,30.98,0.06,0.06,0.0,,
8193_7_602,清瀧ダム,2026-09-14T01:00,30.97,0.06,0.06,0.0,,
8193_7_602,清瀧ダム,2026-09-14T02:00,30.96,0.06,0.06,0.0,,
8193_7_603,三成ダム,2026-09-14T00:00,287.47,1.97,0.0,0.097,8.5,8.5
8193_7_603,三成ダム,2026-09-14T01:00,287.55,2.25,0.0,0.105,9.2,9.2
8193_7_603,三成ダム,2026-09-14T02:00,287.62,2.03,0.0,0.112,9.8,9.8
8193_7_604,木都賀ダム,2026-09-14T00:00,231.76,1.06,0.0,0.108,6.9,6.9
8193_7_604,木都賀ダム,2026-09-14T01:00,231.81,1.06,0.0,0.112,7.2,7.2
8193_7_604,木都賀ダム,2026-09-14T02:00,231.86,1.06,0.0,0.116,7.4,7.4
8193_7_7,御部ダム,2026-09-14T00:00,93.06,0.56,0.25,0.575,28.8,28.8
8193_7_7,御部ダム,2026-09-14T01:00,93.07,0.56,0.26,0.577,28.9,28.9
8193_7_7,御部ダム,2026-09-14T02:00,93.07,0.56,0.25,0.577,28.9,28.9
8193_7_9,銚子ダム,2026-09-14T00:00,56.49,0.04,0.04,0.881,83.9,83.9
8193_7_9,銚子ダム,2026-09-14T01:00,56.49,0.04,0.04,0.881,83.9,83.9
8193_7_9,銚子ダム,2026-09-14T02:00,56.49,0.04,0.04,0.881,83.9,83.9
8193_7_1,布部ダム,2026-09-14T03:00,187.67,1.38,0.6,2.0,87.0,46.8
8193_7_1,布部ダム,2026-09-14T04:00,187.69,2.17,0.61,2.005,87.2,47.0
8193_7_1,布部ダム,2026-09-14T05:00,187.7,1.39,0.61,2.008,87.3,47.0
8193_7_1,布部ダム,2026-09-14T06:00,187.72,1.78,0.6,2.014,87.6,47.2
8193_7_1,布部ダム,2026-09-14T07:00,187.73,1.78,0.61,2.016,87.7,47.2
8193_7_10,美田ダム,2026-09-14T03:00,34.72,0.0,0.02,0.177,81.9,81.9
8193_7_10,美田ダム,2026-09-14T04:00,34.72,0.0,0.01,0.177,81.9,81.9
8193_7_10,美田ダム,2026-09-14T05:00,34.72,0.0,0.02,0.177,81.9,81.9
8193_7_10,美田ダム,2026-09-14T06:00,34.72,0.0,0.02,0.177,81.9,81.9
8193_7_10,美田ダム,2026-09-14T07:00,34.72,0.0,0.01,0.177,81.9,81.9
8193_7_11,大長見ダム,2026-09-14T03:00,155.29,1.45,1.45,3.878,90.2,90.2
8193_7_11,大長見ダム,2026-09-14T04:00,155.27,0.0,1.45,3.87,90.0,90.0
8193_7_11,大長見ダム,2026-09-14T05:00,155.26,0.0,1.45,3.866,89.9,89.9
8193_7_11,大長見ダム,2026-09-14T06:00,155.25,1.45,1.45,3.862,89.8,89.8
8193_7_11,大長見ダム,2026-09-14T07:00,155.26,3.36,1.45,3.866,89.9,89.9
8193_7_13,笹倉ダム,2026-09-14T03:00,127.54,0.27,0.23,0.073,36.5,36.5
8193_7_13,笹倉ダム,2026-09-14T04:00,127.54,0.27,0.23,0.073,36.5,36.5
8193_7_13,笹倉ダム,2026-09-14T05:00,127.55,0.26,0.23,0.073,36.5,36.5
8193_7_13,笹倉ダム,2026-09-14T06:00,127.56,0.26,0.23,0.074,37.0,37.0
8193_7_13,笹倉ダム,2026-09-14T07:00,127.62,0.56,0.23,0.075,37.5,37.5
8193_7_14,大峠ダム,2026-09-14T03:00,99.46,0.62,0.6,0.0,,
8193_7_14,大峠ダム,2026-09-14T04:00,99.45,0.6,0.58,0.0,,
8193_7_14,大峠ダム,2026-09-14T05:00,99.45,0.6,0.58,0.0,,
8193_7_14,大峠ダム,2026-09-14T06:00,99.51,0.63,0.71,0.0,,
8193_7_14,大峠ダム,2026-09-14T07:00,99.85,1.3,1.54,0.0,,
8193_7_16,益田川ダム,2026-09-14T03:00,36.32,1.89,1.84,0.001,,
8193_7_16,益田川ダム,2026-09-14T04:00,36.32,1.89,1.84,0.001,,
8193_7_16,益田川ダム,2026-09-14T05:00,36.33,1.84,1.9,0.001,,
8193_7_16,益田川ダム,2026-09-14T06:00,36.37,2.15,2.13,0.001,,
8193_7_16,益田川ダム,2026-09-14T07:00,36.51,3.04,2.94,0.002,,
8193_7_17,第二浜田ダム,2026-09-14T03:00,57.13,0.39,0.4,0.416,64.0,64.0
8193_7_17,第二浜田ダム,2026-09-14T04:00,57.13,0.39,0.39,0.416,64.0,64.0
8193_7_17,第二浜田ダム,2026-09-14T05:00,57.13,0.39,0.39,0.416,64.0,64.0
8193_7_17,第二浜田ダム,2026-09-14T06:00,57.13,0.39,0.4,0.416,64.0,64.0
8193_7_17,第二浜田ダム,2026-09-14T07:00,57.16,3.3,0.39,0.42,64.6,64.6
8193_7_18,波積ダム,2026-09-14T03:00,67.74,0.06,0.06,0.045,9.0,9.0
8193_7_18,波積ダム,2026-09-14T04:00,67.74,0.06,0.06,0.045,9.0,9.0
8193_7_18,波積ダム,2026-09-14T05:00,67.74,0.06,0.06,0.045,9.0,9.0
8193_7_18,波積ダム,2026-09-14T06:00,67.74,0.06,0.06,0.045,9.0,9.0
8193_7_18,波積ダム,2026-09-14T07:00,67.74,0.06,0.06,0.045,9.0,9.0
8193_7_2,山佐ダム,2026-09-14T03:00,190.71,0.77,0.3,0.965,87.7,87.7
8193_7_2,山佐ダム,2026-09-14T04:00,190.72,0.72,0.3,0.967,87.9,87.9
8193_7_2,山佐ダム,2026-09-14T05:00,190.73,0.68,0.3,0.968,88.0,88.0
8193_7_2,山佐ダム,2026-09-14T06:00,190.74,0.66,0.3,0.969,88.1,88.1
8193_7_2,山佐ダム,2026-09-14T07:00,190.75,0.64,0.3,0.971,88.3,88.3
8193_7_3,三瓶ダム,2026-09-14T03:00,124.6,0.45,0.46,1.125,65.0,65.0
8193_7_3,三瓶ダム,2026-09-14T04:00,124.6,0.45,0.45,1.125,65.0,65.0
8193_7_3,三瓶ダム,2026-09-14T05:00,124.6,0.45,0.46,1.125,65.0,65.0
8193_7_3,三瓶ダム,2026-09-14T06:00,124.6,0.45,0.45,1.125,65.0,65.0
8193_7_3,三瓶ダム,2026-09-14T07:00,124.6,0.45,0.46,1.125,65.0,65.0
8193_7_4,八戸ダム,2026-09-14T03:00,105.0,2.85,0.55,4.071,78.3,20.1
8193_7_4,八戸ダム,2026-09-14T04:00,105.01,1.98,0.55,4.076,78.4,20.1
8193_7_4,八戸ダム,2026-09-14T05:00,105.03,2.7,0.55,4.086,78.6,20.1
8193_7_4,八戸ダム,2026-09-14T06:00,105.04,2.7,0.55,4.092,78.7,20.2
8193_7_4,八戸ダム,2026-09-14T07:00,105.05,1.98,0.55,4.097,78.8,20.2
8193_7_5,浜田ダム,2026-09-14T03:00,107.96,0.46,0.46,0.005,,
8193_7_5,浜田ダム,2026-09-14T04:00,107.96,0.46,0.46,0.005,,
8193_7_5,浜田ダム,2026-09-14T05:00,107.96,0.46,0.46,0.005,,
8193_7_5,浜田ダム,2026-09-14T06:00,107.96,0.46,0.46,0.005,,
8193_7_5,浜田ダム,2026-09-14T07:00,108.0,0.62,0.62,0.007,,
8193_7_600,嵯峨谷ダム,2026-09-14T03:00,254.36,1.34,1.34,0.0,,
8193_7_600,嵯峨谷ダム,2026-09-14T04:00,254.36,1.34,1.34,0.0,,
8193_7_600,嵯峨谷ダム,2026-09-14T05:00,254.36,1.34,1.34,0.0,,
8193_7_600,嵯峨谷ダム,2026-09-14T06:00,254.36,1.34,1.34,0.0,,
8193_7_600,嵯峨谷ダム,2026-09-14T07:00,254.36,1.34,1.34,0.0,,
8193_7_601,津田川ダム,2026-09-14T03:00,85.2,0.16,0.16,0.002,,
8193_7_601,津田川ダム,2026-09-14T04:00,85.2,0.16,0.16,0.002,,
8193_7_601,津田川ダム,2026-09-14T05:00,85.2,0.16,0.16,0.002,,
8193_7_601,津田川ダム,2026-09-14T06:00,85.25,0.86,0.25,0.003,,
8193_7_601,津田川ダム,2026-09-14T07:00,85.66,2.03,1.42,0.008,,
8193_7_602,清瀧ダム,2026-09-14T03:00,30.94,0.0,0.06,0.0,,
8193_7_602,清瀧ダム,2026-09-14T04:00,30.93,0.0,0.06,0.0,,
8193_7_602,清瀧ダム,2026-09-14T05:00,30.92,0.06,0.06,0.0,,
8193_7_602,清瀧ダム,2026-09-14T06:00,30.92,0.06,0.06,0.0,,
8193_7_602,清瀧ダム,2026-09-14T07:00,30.91,0.06,0.06,0.0,,
8193_7_603,三成ダム,2026-09-14T03:00,287.69,2.41,0.0,0.121,10.6,10.6
8193_7_603,三成ダム,2026-09-14T04:00,287.76,2.41,0.0,0.129,11.3,11.3
8193_7_603,三成ダム,2026-09-14T05:00,287.82,2.07,0.0,0.137,12.0,12.0
8193_7_603,三成ダム,2026-09-14T06:00,287.88,2.07,0.0,0.144,12.7,12.7
8193_7_603,三成ダム,2026-09-14T07:00,287.93,1.72,0.0,0.15,13.2,13.2
8193_7_604,木都賀ダム,2026-09-14T03:00,231.9,0.85,0.0,0.119,7.6,7.6
8193_7_604,木都賀ダム,2026-09-14T04:00,231.95,1.06,0.0,0.123,7.9,7.9
8193_7_604,木都賀ダム,2026-09-14T05:00,231.99,0.85,0.0,0.126,8.1,8.1
8193_7_604,木都賀ダム,2026-09-14T06:00,232.03,0.93,0.0,0.129,8.3,8.3
8193_7_604,木都賀ダム,2026-09-14T07:00,232.1,1.72,1.21,0.135,8.7,8.7
8193_7_7,御部ダム,2026-09-14T03:00,93.08,0.55,0.25,0.579,29.0,29.0
8193_7_7,御部ダム,2026-09-14T04:00,93.09,0.56,0.26,0.58,29.0,29.0
8193_7_7,御部ダム,2026-09-14T05:00,93.09,0.56,0.25,0.58,29.0,29.0
8193_7_7,御部ダム,2026-09-14T06:00,93.1,0.55,0.25,0.582,29.1,29.1
8193_7_7,御部ダム,2026-09-14T07:00,93.13,2.51,0.25,0.587,29.4,29.4
8193_7_9,銚子ダム,2026-09-14T03:00,56.5,0.37,0.04,0.882,84.0,84.0
8193_7_9,銚子ダム,2026-09-14T04:00,56.5,0.04,0.04,0.882,84.0,84.0
8193_7_9,銚子ダム,2026-09-14T05:00,56.5,0.04,0.04,0.882,84.0,84.0
8193_7_9,銚子ダム,2026-09-14T06:00,56.51,0.37,0.04,0.884,84.2,84.2
8193_7_9,銚子ダム,2026-09-14T07:00,56.51,0.04,0.04,0.884,84.2,84.2
8193_7_1,布部ダム,2026-09-14T08:00,187.74,1.39,0.61,2.019,87.8,47.3
8193_7_1,布部ダム,2026-09-14T09:00,187.75,1.75,1.52,2.022,87.9,47.4
8193_7_1,布部ダム,2026-09-14T10:00,187.75,2.63,2.94,2.022,87.9,47.4
8193_7_1,布部ダム,2026-09-14T11:00,187.73,1.77,2.94,2.016,87.7,47.2
8193_7_1,布部ダム,2026-09-14T12:00,187.72,1.77,2.94,2.014,87.6,47.2
8193_7_1,布部ダム,2026-09-14T13:00,187.71,2.16,2.95,2.011,87.4,47.1
8193_7_1,布部ダム,2026-09-14T14:00,187.7,2.16,2.95,2.008,87.3,47.0
8193_7_1,布部ダム,2026-09-14T15:00,187.69,2.16,2.95,2.005,87.2,47.0
8193_7_1,布部ダム,2026-09-14T16:00,187.68,2.16,2.94,2.002,87.0,46.9
8193_7_1,布部ダム,2026-09-14T17:00,187.67,2.16,2.94,2.0,87.0,46.8
8193_7_10,美田ダム,2026-09-14T08:00,34.72,0.0,0.02,0.177,81.9,81.9
8193_7_10,美田ダム,2026-09-14T09:00,34.72,0.0,0.02,0.177,81.9,81.9
8193_7_10,美田ダム,2026-09-14T10:00,34.73,0.0,0.02,0.177,81.9,81.9
8193_7_10,美田ダム,2026-09-14T11:00,34.73,0.0,0.01,0.177,81.9,81.9
8193_7_10,美田ダム,2026-09-14T12:00,34.74,0.03,0.02,0.178,82.4,82.4
8193_7_10,美田ダム,2026-09-14T13:00,34.75,0.1,0.02,0.178,82.4,82.4
8193_7_10,美田ダム,2026-09-14T14:00,34.75,0.1,0.01,0.178,82.4,82.4
8193_7_10,美田ダム,2026-09-14T15:00,34.76,0.08,0.02,0.179,82.9,82.9
8193_7_10,美田ダム,2026-09-14T16:00,34.77,0.1,0.02,0.179,82.9,82.9
8193_7_10,美田ダム,2026-09-14T17:00,34.78,0.14,0.01,0.179,82.9,82.9
8193_7_11,大長見ダム,2026-09-14T08:00,155.26,1.45,1.45,3.866,89.9,89.9
8193_7_11,大長見ダム,2026-09-14T09:00,155.25,1.45,1.45,3.862,89.8,89.8
8193_7_11,大長見ダム,2026-09-14T10:00,155.24,1.45,1.44,3.859,89.7,89.7
8193_7_11,大長見ダム,2026-09-14T11:00,155.23,1.45,1.45,3.855,89.7,89.7
8193_7_11,大長見ダム,2026-09-14T12:00,155.22,1.45,1.45,3.851,89.6,89.6
8193_7_11,大長見ダム,2026-09-14T13:00,155.21,1.45,1.44,3.847,89.5,89.5
8193_7_11,大長見ダム,2026-09-14T14:00,155.2,1.43,1.0,3.843,89.4,89.4
8193_7_11,大長見ダム,2026-09-14T15:00,155.19,0.0,1.45,3.84,89.3,89.3
8193_7_11,大長見ダム,2026-09-14T16:00,155.18,0.0,1.45,3.836,89.2,89.2
8193_7_11,大長見ダム,2026-09-14T17:00,155.17,0.0,1.45,3.832,89.1,89.1
8193_7_13,笹倉ダム,2026-09-14T08:00,127.74,0.87,0.23,0.076,38.0,38.0
8193_7_13,笹倉ダム,2026-09-14T09:00,127.87,0.79,0.24,0.079,39.5,39.5
8193_7_13,笹倉ダム,2026-09-14T10:00,127.96,0.6,0.24,0.08,40.0,40.0
8193_7_13,笹倉ダム,2026-09-14T11:00,128.03,0.56,0.24,0.081,40.5,40.5
8193_7_13,笹倉ダム,2026-09-14T12:00,128.08,0.51,0.24,0.082,41.0,41.0
8193_7_13,笹倉ダム,2026-09-14T13:00,128.12,0.44,0.24,0.083,41.5,41.5
8193_7_13,笹倉ダム,2026-09-14T14:00,128.15,0.41,0.24,0.084,42.0,42.0
8193_7_13,笹倉ダム,2026-09-14T15:00,128.19,0.44,0.24,0.085,42.5,42.5
8193_7_13,笹倉ダム,2026-09-14T16:00,128.23,0.47,0.24,0.085,42.5,42.5
8193_7_13,笹倉ダム,2026-09-14T17:00,128.27,0.43,0.24,0.086,43.0,43.0
8193_7_14,大峠ダム,2026-09-14T08:00,99.71,1.21,1.19,0.0,,
8193_7_14,大峠ダム,2026-09-14T09:00,99.59,0.91,0.9,0.0,,
8193_7_14,大峠ダム,2026-09-14T10:00,99.54,0.8,0.78,0.0,,
8193_7_14,大峠ダム,2026-09-14T11:00,99.53,0.76,0.76,0.0,,
8193_7_14,大峠ダム,2026-09-14T12:00,99.51,0.74,0.71,0.0,,
8193_7_14,大峠ダム,2026-09-14T13:00,99.49,0.69,0.67,0.0,,
8193_7_14,大峠ダム,2026-09-14T14:00,99.49,0.69,0.67,0.0,,
8193_7_14,大峠ダム,2026-09-14T15:00,99.5,0.68,0.69,0.0,,
8193_7_14,大峠ダム,2026-09-14T16:00,99.5,0.69,0.69,0.0,,
8193_7_14,大峠ダム,2026-09-14T17:00,99.49,0.67,0.67,0.0,,
8193_7_16,益田川ダム,2026-09-14T08:00,36.83,4.81,4.78,0.003,,
8193_7_16,益田川ダム,2026-09-14T09:00,36.85,4.78,4.9,0.003,,
8193_7_16,益田川ダム,2026-09-14T10:00,36.95,5.46,5.47,0.003,,
8193_7_16,益田川ダム,2026-09-14T11:00,36.86,5.0,4.95,0.003,,
8193_7_16,益田川ダム,2026-09-14T12:00,36.73,4.29,4.2,0.002,,
8193_7_16,益田川ダム,2026-09-14T13:00,36.64,3.68,3.69,0.002,,
8193_7_16,益田川ダム,2026-09-14T14:00,36.58,3.36,3.34,0.002,,
8193_7_16,益田川ダム,2026-09-14T15:00,36.54,3.13,3.11,0.002,,
8193_7_16,益田川ダム,2026-09-14T16:00,36.51,2.97,2.94,0.002,,
8193_7_16,益田川ダム,2026-09-14T17:00,36.49,2.85,2.82,0.002,,
8193_7_17,第二浜田ダム,2026-09-14T08:00,57.21,2.41,0.39,0.427,65.7,65.7
8193_7_17,第二浜田ダム,2026-09-14T09:00,57.35,6.44,0.4,0.446,68.6,68.6
8193_7_17,第二浜田ダム,2026-09-14T10:00,57.49,4.87,0.39,0.465,71.5,71.5
8193_7_17,第二浜田ダム,2026-09-14T11:00,57.58,3.3,0.4,0.477,73.4,73.4
8193_7_17,第二浜田ダム,2026-09-14T12:00,57.63,2.18,0.39,0.484,74.5,74.5
8193_7_17,第二浜田ダム,2026-09-14T13:00,57.68,1.29,0.39,0.49,75.4,75.4
8193_7_17,第二浜田ダム,2026-09-14T14:00,57.71,2.41,0.39,0.494,76.0,76.0
8193_7_17,第二浜田ダム,2026-09-14T15:00,57.74,0.62,0.4,0.498,76.6,76.6
8193_7_17,第二浜田ダム,2026-09-14T16:00,57.77,2.41,0.39,0.502,77.2,77.2
8193_7_17,第二浜田ダム,2026-09-14T17:00,57.8,0.61,0.39,0.506,77.8,77.8
8193_7_18,波積ダム,2026-09-14T08:00,67.75,0.06,0.06,0.046,9.2,9.2
8193_7_18,波積ダム,2026-09-14T09:00,67.75,0.06,0.06,0.046,9.2,9.2
8193_7_18,波積ダム,2026-09-14T10:00,67.76,0.19,0.06,0.047,9.4,9.4
8193_7_18,波積ダム,2026-09-14T11:00,67.77,0.19,0.06,0.048,9.6,9.6
8193_7_18,波積ダム,2026-09-14T12:00,67.77,0.19,0.06,0.048,9.6,9.6
8193_7_18,波積ダム,2026-09-14T13:00,67.77,0.19,0.06,0.048,9.6,9.6
8193_7_18,波積ダム,2026-09-14T14:00,67.78,0.16,0.06,0.048,9.6,9.6
8193_7_18,波積ダム,2026-09-14T15:00,67.78,0.16,0.06,0.048,9.6,9.6
8193_7_18,波積ダム,2026-09-14T16:00,67.79,0.18,0.06,0.049,9.8,9.8
8193_7_18,波積ダム,2026-09-14T17:00,67.79,0.18,0.06,0.049,9.8,9.8
8193_7_2,山佐ダム,2026-09-14T08:00,190.76,0.62,0.3,0.972,88.4,88.4
8193_7_2,山佐ダム,2026-09-14T09:00,190.77,0.6,0.3,0.973,88.5,88.5
8193_7_2,山佐ダム,2026-09-14T10:00,190.78,0.68,0.3,0.975,88.6,88.6
8193_7_2,山佐ダム,2026-09-14T11:00,190.79,0.68,0.3,0.976,88.7,88.7
8193_7_2,山佐ダム,2026-09-14T12:00,190.81,0.83,0.3,0.979,89.0,89.0
8193_7_2,山佐ダム,2026-09-14T13:00,190.82,0.8,0.3,0.98,89.1,89.1
8193_7_2,山佐ダム,2026-09-14T14:00,190.83,0.73,0.3,0.981,89.2,89.2
8193_7_2,山佐ダム,2026-09-14T15:00,190.84,0.76,0.3,0.983,89.4,89.4
8193_7_2,山佐ダム,2026-09-14T16:00,190.85,0.68,0.3,0.984,89.5,89.5
8193_7_2,山佐ダム,2026-09-14T17:00,190.87,1.06,0.3,0.987,89.7,89.7
8193_7_3,三瓶ダム,2026-09-14T08:00,124.6,0.45,0.46,1.125,65.0,65.0
8193_7_3,三瓶ダム,2026-09-14T09:00,124.6,0.45,0.45,1.125,65.0,65.0
8193_7_3,三瓶ダム,2026-09-14T10:00,124.6,0.45,0.46,1.125,65.0,65.0
8193_7_3,三瓶ダム,2026-09-14T11:00,124.61,0.47,0.4,1.127,65.1,65.1
8193_7_3,三瓶ダム,2026-09-14T12:00,124.62,0.79,0.46,1.129,65.3,65.3
8193_7_3,三瓶ダム,2026-09-14T13:00,124.62,0.79,0.44,1.129,65.3,65.3
8193_7_3,三瓶ダム,2026-09-14T14:00,124.63,0.81,0.03,1.131,65.4,65.4
8193_7_3,三瓶ダム,2026-09-14T15:00,124.63,0.81,0.43,1.131,65.4,65.4
8193_7_3,三瓶ダム,2026-09-14T16:00,124.63,0.81,0.43,1.131,65.4,65.4
8193_7_3,三瓶ダム,2026-09-14T17:00,124.63,0.43,0.45,1.131,65.4,65.4
8193_7_4,八戸ダム,2026-09-14T08:00,105.06,1.98,0.55,4.102,78.9,20.2
8193_7_4,八戸ダム,2026-09-14T09:00,105.08,3.42,0.55,4.112,79.1,20.3
8193_7_4,八戸ダム,2026-09-14T10:00,105.09,1.98,0.55,4.117,79.2,20.3
8193_7_4,八戸ダム,2026-09-14T11:00,105.1,1.97,0.55,4.123,79.3,20.3
8193_7_4,八戸ダム,2026-09-14T12:00,105.11,1.98,0.55,4.128,79.4,20.3
8193_7_4,八戸ダム,2026-09-14T13:00,105.12,1.98,0.55,4.133,79.5,20.4
8193_7_4,八戸ダム,2026-09-14T14:00,105.14,2.27,0.55,4.143,79.7,20.4
8193_7_4,八戸ダム,2026-09-14T15:00,105.15,3.13,0.55,4.148,79.8,20.4
8193_7_4,八戸ダム,2026-09-14T16:00,105.16,1.98,0.55,4.154,79.9,20.5
8193_7_4,八戸ダム,2026-09-14T17:00,105.17,1.98,0.55,4.159,80.0,20.5
8193_7_5,浜田ダム,2026-09-14T08:00,108.37,3.14,3.52,0.024,,
8193_7_5,浜田ダム,2026-09-14T09:00,108.59,8.81,5.92,0.035,,
8193_7_5,浜田ダム,2026-09-14T10:00,108.41,4.93,3.9,0.026,,
8193_7_5,浜田ダム,2026-09-14T11:00,108.28,1.91,2.64,0.02,,
8193_7_5,浜田ダム,2026-09-14T12:00,108.2,1.31,1.96,0.017,,
8193_7_5,浜田ダム,2026-09-14T13:00,108.15,1.14,1.58,0.014,,
8193_7_5,浜田ダム,2026-09-14T14:00,108.12,1.07,1.36,0.013,,
8193_7_5,浜田ダム,2026-09-14T15:00,108.1,1.08,1.2,0.012,,
8193_7_5,浜田ダム,2026-09-14T16:00,108.1,1.09,1.2,0.012,,
8193_7_5,浜田ダム,2026-09-14T17:00,108.13,1.32,1.42,0.013,,
8193_7_600,嵯峨谷ダム,2026-09-14T08:00,254.36,1.34,1.34,0.0,,
8193_7_600,嵯峨谷ダム,2026-09-14T09:00,254.37,1.39,1.39,0.0,,
8193_7_600,嵯峨谷ダム,2026-09-14T10:00,254.36,1.34,1.34,0.0,,
8193_7_600,嵯峨谷ダム,2026-09-14T11:00,254.36,1.34,1.34,0.0,,
8193_7_600,嵯峨谷ダム,2026-09-14T12:00,254.36,1.34,1.34,0.0,,
8193_7_600,嵯峨谷ダム,2026-09-14T13:00,254.36,1.34,1.34,0.0,,
8193_7_600,嵯峨谷ダム,2026-09-14T14:00,254.37,1.39,1.39,0.0,,
8193_7_600,嵯峨谷ダム,2026-09-14T15:00,254.37,1.39,1.39,0.0,,
8193_7_600,嵯峨谷ダム,2026-09-14T16:00,254.38,1.44,1.44,0.0,,
8193_7_600,嵯峨谷ダム,2026-09-14T17:00,254.4,1.55,1.55,0.0,,
8193_7_601,津田川ダム,2026-09-14T08:00,85.66,1.22,1.42,0.008,,
8193_7_601,津田川ダム,2026-09-14T09:00,85.59,1.0,1.2,0.007,,
8193_7_601,津田川ダム,2026-09-14T10:00,85.52,0.77,0.98,0.006,,
8193_7_601,津田川ダム,2026-09-14T11:00,85.46,0.59,0.79,0.006,,
8193_7_601,津田川ダム,2026-09-14T12:00,85.41,0.45,0.65,0.005,,
8193_7_601,津田川ダム,2026-09-14T13:00,85.37,0.54,0.54,0.005,,
8193_7_601,津田川ダム,2026-09-14T14:00,85.34,0.46,0.46,0.004,,
8193_7_601,津田川ダム,2026-09-14T15:00,85.31,0.18,0.38,0.004,,
8193_7_601,津田川ダム,2026-09-14T16:00,85.3,0.36,0.36,0.004,,
8193_7_601,津田川ダム,2026-09-14T17:00,85.28,0.31,0.31,0.003,,
8193_7_602,清瀧ダム,2026-09-14T08:00,30.93,0.18,0.06,0.0,,
8193_7_602,清瀧ダム,2026-09-14T09:00,30.95,0.06,0.06,0.0,,
8193_7_602,清瀧ダム,2026-09-14T10:00,31.0,0.18,0.06,0.0,,
8193_7_602,清瀧ダム,2026-09-14T11:00,31.06,0.18,0.06,0.0,,
8193_7_602,清瀧ダム,2026-09-14T12:00,31.11,0.18,0.06,0.0,,
8193_7_602,清瀧ダム,2026-09-14T13:00,31.14,0.06,0.06,0.0,,
8193_7_602,清瀧ダム,2026-09-14T14:00,31.15,0.06,0.06,0.0,,
8193_7_602,清瀧ダム,2026-09-14T15:00,31.17,0.18,0.06,0.0,,
8193_7_602,清瀧ダム,2026-09-14T16:00,31.19,0.18,0.06,0.0,,
8193_7_602,清瀧ダム,2026-09-14T17:00,31.2,0.06,0.06,0.0,,
8193_7_603,三成ダム,2026-09-14T08:00,287.99,2.12,1.8,0.158,13.9,13.9
8193_7_603,三成ダム,2026-09-14T09:00,287.93,2.2,5.07,0.15,13.2,13.2
8193_7_603,三成ダム,2026-09-14T10:00,287.85,2.31,5.06,0.141,12.4,12.4
8193_7_603,三成ダム,2026-09-14T11:00,287.77,2.3,5.04,0.131,11.5,11.5
8193_7_603,三成ダム,2026-09-14T12:00,287.69,2.3,5.05,0.121,10.6,10.6
8193_7_603,三成ダム,2026-09-14T13:00,287.6,2.01,5.04,0.11,9.7,9.7
8193_7_603,三成ダム,2026-09-14T14:00,287.52,2.79,5.05,0.102,9.0,9.0
8193_7_603,三成ダム,2026-09-14T15:00,287.43,2.5,5.03,0.093,8.2,8.2
8193_7_603,三成ダム,2026-09-14T16:00,287.34,2.5,5.04,0.083,7.3,7.3
8193_7_603,三成ダム,2026-09-14T17:00,287.25,2.49,5.01,0.074,6.5,6.5
8193_7_604,木都賀ダム,2026-09-14T08:00,232.08,2.71,3.24,0.134,8.6,8.6
8193_7_604,木都賀ダム,2026-09-14T09:00,232.04,3.12,4.09,0.13,8.3,8.3
8193_7_604,木都賀ダム,2026-09-14T10:00,231.98,2.71,4.09,0.125,8.0,8.0
8193_7_604,木都賀ダム,2026-09-14T11:00,231.94,3.25,4.09,0.122,7.8,7.8
8193_7_604,木都賀ダム,2026-09-14T12:00,231.91,3.46,4.09,0.12,7.7,7.7
8193_7_604,木都賀ダム,2026-09-14T13:00,231.85,2.82,4.09,0.115,7.4,7.4
8193_7_604,木都賀ダム,2026-09-14T14:00,231.79,2.82,4.09,0.111,7.1,7.1
8193_7_604,木都賀ダム,2026-09-14T15:00,231.71,2.4,4.09,0.105,6.7,6.7
8193_7_604,木都賀ダム,2026-09-14T16:00,231.62,2.19,4.09,0.098,6.3,6.3
8193_7_604,木都賀ダム,2026-09-14T17:00,231.53,2.19,4.08,0.091,5.8,5.8
8193_7_7,御部ダム,2026-09-14T08:00,93.15,1.03,0.26,0.59,29.5,29.5
8193_7_7,御部ダム,2026-09-14T09:00,93.19,1.76,0.26,0.596,29.8,29.8
8193_7_7,御部ダム,2026-09-14T10:00,93.21,1.54,0.26,0.6,30.0,30.0
8193_7_7,御部ダム,2026-09-14T11:00,93.24,1.34,0.26,0.605,30.3,30.3
8193_7_7,御部ダム,2026-09-14T12:00,93.26,1.19,0.26,0.608,30.4,30.4
8193_7_7,御部ダム,2026-09-14T13:00,93.28,1.1,0.26,0.611,30.6,30.6
8193_7_7,御部ダム,2026-09-14T14:00,93.3,1.08,0.26,0.614,30.7,30.7
8193_7_7,御部ダム,2026-09-14T15:00,93.32,1.05,0.26,0.618,30.9,30.9
8193_7_7,御部ダム,2026-09-14T16:00,93.33,0.97,0.26,0.619,31.0,31.0
8193_7_7,御部ダム,2026-09-14T17:00,93.35,1.05,0.26,0.622,31.1,31.1
8193_7_9,銚子ダム,2026-09-14T08:00,56.52,0.37,0.04,0.885,84.3,84.3
8193_7_9,銚子ダム,2026-09-14T09:00,56.53,0.37,0.04,0.886,84.4,84.4
8193_7_9,銚子ダム,2026-09-14T10:00,56.54,0.43,0.21,0.887,84.5,84.5
8193_7_9,銚子ダム,2026-09-14T11:00,56.54,0.42,0.61,0.887,84.5,84.5
8193_7_9,銚子ダム,2026-09-14T12:00,56.53,0.38,0.61,0.886,84.4,84.4
8193_7_9,銚子ダム,2026-09-14T13:00,56.53,0.61,0.61,0.886,84.4,84.4
8193_7_9,銚子ダム,2026-09-14T14:00,56.53,0.61,0.61,0.886,84.4,84.4
8193_7_9,銚子ダム,2026-09-14T15:00,56.53,0.61,0.61,0.886,84.4,84.4
8193_7_9,銚子ダム,2026-09-14T16:00,56.53,0.61,0.61,0.886,84.4,84.4
8193_7_9,銚子ダム,2026-09-14T17:00,56.53,0.61,0.61,0.886,84.4,84.4
8193_7_1,布部ダム,2026-09-15T00:00,187.68,2.95,0.61,2.002,87.0,46.9
8193_7_10,美田ダム,2026-09-15T00:00,34.85,0.11,0.01,0.182,84.3,84.3
8193_7_11,大長見ダム,2026-09-15T00:00,155.1,1.44,1.44,3.805,88.5,88.5
8193_7_13,笹倉ダム,2026-09-15T00:00,128.8,0.45,0.24,0.097,48.5,48.5
8193_7_14,大峠ダム,2026-09-15T00:00,99.49,0.69,0.67,0.0,,
8193_7_16,益田川ダム,2026-09-15T00:00,36.61,3.54,3.51,0.002,,
8193_7_17,第二浜田ダム,2026-09-15T00:00,57.97,2.41,0.39,0.529,81.4,81.4
8193_7_18,波積ダム,2026-09-15T00:00,67.81,0.11,0.06,0.051,10.2,10.2
8193_7_2,山佐ダム,2026-09-15T00:00,191.04,1.07,0.3,1.009,91.7,91.7
8193_7_3,三瓶ダム,2026-09-15T00:00,124.64,0.45,0.46,1.133,65.5,65.5
8193_7_4,八戸ダム,2026-09-15T00:00,105.28,3.42,0.55,4.215,81.1,20.8
8193_7_5,浜田ダム,2026-09-15T00:00,108.06,0.88,0.9,0.01,,
8193_7_600,嵯峨谷ダム,2026-09-15T00:00,254.44,1.77,1.77,0.0,,
8193_7_601,津田川ダム,2026-09-15T00:00,85.22,0.19,0.19,0.003,,
8193_7_602,清瀧ダム,2026-09-15T00:00,31.28,0.07,0.07,0.0,,
8193_7_603,三成ダム,2026-09-15T00:00,287.57,4.5,0.0,0.107,9.4,9.4
8193_7_604,木都賀ダム,2026-09-15T00:00,232.0,1.69,0.0,0.127,8.2,8.2
8193_7_7,御部ダム,2026-09-15T00:00,93.48,1.14,0.26,0.644,32.2,32.2
8193_7_9,銚子ダム,2026-09-15T00:00,56.6,0.61,0.61,0.894,85.1,85.1
8193_7_1,布部ダム,2026-09-15T01:00,187.7,2.17,0.61,2.008,87.3,47.0
8193_7_1,布部ダム,2026-09-15T02:00,187.73,2.95,0.61,2.016,87.7,47.2
8193_7_1,布部ダム,2026-09-15T03:00,187.76,2.4,0.61,2.025,88.0,47.4
8193_7_1,布部ダム,2026-09-15T04:00,187.78,2.72,0.6,2.031,88.3,47.6
8193_7_10,美田ダム,2026-09-15T01:00,34.86,0.1,0.01,0.182,84.3,84.3
8193_7_10,美田ダム,2026-09-15T02:00,34.86,0.1,0.01,0.182,84.3,84.3
8193_7_10,美田ダム,2026-09-15T03:00,34.87,0.09,0.02,0.183,84.7,84.7
8193_7_10,美田ダム,2026-09-15T04:00,34.87,0.09,0.02,0.183,84.7,84.7
8193_7_11,大長見ダム,2026-09-15T01:00,155.08,0.0,1.44,3.797,88.3,88.3
8193_7_11,大長見ダム,2026-09-15T02:00,155.07,0.0,1.44,3.794,88.2,88.2
8193_7_11,大長見ダム,2026-09-15T03:00,155.06,0.0,1.43,3.79,88.1,88.1
8193_7_11,大長見ダム,2026-09-15T04:00,155.05,0.0,1.43,3.786,88.0,88.0
8193_7_13,笹倉ダム,2026-09-15T01:00,128.84,0.43,0.24,0.097,48.5,48.5
8193_7_13,笹倉ダム,2026-09-15T02:00,128.87,0.44,0.25,0.098,49.0,49.0
8193_7_13,笹倉ダム,2026-09-15T03:00,128.91,0.46,0.24,0.099,49.5,49.5
8193_7_13,笹倉ダム,2026-09-15T04:00,128.95,0.48,0.24,0.099,49.5,49.5
8193_7_14,大峠ダム,2026-09-15T01:00,99.48,0.67,0.64,0.0,,
8193_7_14,大峠ダム,2026-09-15T02:00,99.51,0.7,0.71,0.0,,
8193_7_14,大峠ダム,2026-09-15T03:00,99.57,0.85,0.85,0.0,,
8193_7_14,大峠ダム,2026-09-15T04:00,99.55,0.82,0.81,0.0,,
8193_7_16,益田川ダム,2026-09-15T01:00,36.58,3.38,3.34,0.002,,
8193_7_16,益田川ダム,2026-09-15T02:00,36.56,3.26,3.23,0.002,,
8193_7_16,益田川ダム,2026-09-15T03:00,36.55,3.21,3.17,0.002,,
8193_7_16,益田川ダム,2026-09-15T04:00,36.55,3.21,3.17,0.002,,
8193_7_17,第二浜田ダム,2026-09-15T01:00,57.98,0.39,0.39,0.531,81.7,81.7
8193_7_17,第二浜田ダム,2026-09-15T02:00,58.0,0.84,0.38,0.533,82.0,82.0
8193_7_17,第二浜田ダム,2026-09-15T03:00,58.01,0.39,0.4,0.535,82.3,82.3
8193_7_17,第二浜田ダム,2026-09-15T04:00,58.03,2.51,0.39,0.537,82.6,82.6
8193_7_18,波積ダム,2026-09-15T01:00,67.81,0.11,0.06,0.051,10.2,10.2
8193_7_18,波積ダム,2026-09-15T02:00,67.81,0.11,0.06,0.051,10.2,10.2
8193_7_18,波積ダム,2026-09-15T03:00,67.81,0.11,0.06,0.051,10.2,10.2
8193_7_18,波積ダム,2026-09-15T04:00,67.82,0.1,0.06,0.052,10.4,10.4
8193_7_2,山佐ダム,2026-09-15T01:00,191.06,1.04,0.3,1.012,92.0,92.0
8193_7_2,山佐ダム,2026-09-15T02:00,191.08,1.3,0.3,1.015,92.3,92.3
8193_7_2,山佐ダム,2026-09-15T03:00,191.11,1.4,0.3,1.019,92.6,92.6
8193_7_2,山佐ダム,2026-09-15T04:00,191.14,1.35,0.3,1.023,93.0,93.0
8193_7_3,三瓶ダム,2026-09-15T01:00,124.64,0.45,0.45,1.133,65.5,65.5
8193_7_3,三瓶ダム,2026-09-15T02:00,124.64,0.45,0.45,1.133,65.5,65.5
8193_7_3,三瓶ダム,2026-09-15T03:00,124.64,0.45,0.45,1.133,65.5,65.5
8193_7_3,三瓶ダム,2026-09-15T04:00,124.64,0.45,0.45,1.133,65.5,65.5
8193_7_4,八戸ダム,2026-09-15T01:00,105.27,2.9,6.23,4.21,81.0,20.7
8193_7_4,八戸ダム,2026-09-15T02:00,105.24,2.97,6.3,4.195,80.7,20.7
8193_7_4,八戸ダム,2026-09-15T03:00,105.22,2.29,6.31,4.185,80.5,20.6
8193_7_4,八戸ダム,2026-09-15T04:00,105.19,2.01,6.31,4.169,80.2,20.5
8193_7_5,浜田ダム,2026-09-15T01:00,108.05,0.82,0.82,0.01,,
8193_7_5,浜田ダム,2026-09-15T02:00,108.05,0.73,0.82,0.01,,
8193_7_5,浜田ダム,2026-09-15T03:00,108.04,0.71,0.78,0.009,,
8193_7_5,浜田ダム,2026-09-15T04:00,108.04,0.75,0.78,0.009,,
8193_7_600,嵯峨谷ダム,2026-09-15T01:00,254.42,1.66,1.66,0.0,,
8193_7_600,嵯峨谷ダム,2026-09-15T02:00,254.41,1.6,1.6,0.0,,
8193_7_600,嵯峨谷ダム,2026-09-15T03:00,254.41,1.6,1.6,0.0,,
8193_7_600,嵯峨谷ダム,2026-09-15T04:00,254.41,1.6,1.6,0.0,,
8193_7_601,津田川ダム,2026-09-15T01:00,85.21,0.18,0.18,0.003,,
8193_7_601,津田川ダム,2026-09-15T02:00,85.2,0.0,0.16,0.002,,
8193_7_601,津田川ダム,2026-09-15T03:00,85.2,0.16,0.16,0.002,,
8193_7_601,津田川ダム,2026-09-15T04:00,85.19,0.0,0.14,0.002,,
8193_7_602,清瀧ダム,2026-09-15T01:00,31.29,0.07,0.07,0.0,,
8193_7_602,清瀧ダム,2026-09-15T02:00,31.29,0.07,0.07,0.0,,
8193_7_602,清瀧ダム,2026-09-15T03:00,31.3,0.07,0.07,0.0,,
8193_7_602,清瀧ダム,2026-09-15T04:00,31.31,0.07,0.07,0.0,,
8193_7_603,三成ダム,2026-09-15T01:00,287.7,4.23,0.0,0.122,10.7,10.7
8193_7_603,三成ダム,2026-09-15T02:00,287.82,4.13,0.0,0.137,12.0,12.0
8193_7_603,三成ダム,2026-09-15T03:00,287.94,4.13,0.0,0.152,13.4,13.4
8193_7_603,三成ダム,2026-09-15T04:00,288.05,3.79,0.0,0.165,14.5,14.5
8193_7_604,木都賀ダム,2026-09-15T01:00,232.08,1.93,0.0,0.134,8.6,8.6
8193_7_604,木都賀ダム,2026-09-15T02:00,232.15,1.69,0.0,0.14,9.0,9.0
8193_7_604,木都賀ダム,2026-09-15T03:00,232.23,1.93,0.0,0.147,9.4,9.4
8193_7_604,木都賀ダム,2026-09-15T04:00,232.3,1.69,0.0,0.153,9.8,9.8
8193_7_7,御部ダム,2026-09-15T01:00,93.5,0.99,0.26,0.647,32.4,32.4
8193_7_7,御部ダム,2026-09-15T02:00,93.52,1.06,0.26,0.65,32.5,32.5
8193_7_7,御部ダム,2026-09-15T03:00,93.54,0.99,0.26,0.653,32.7,32.7
8193_7_7,御部ダム,2026-09-15T04:00,93.55,0.97,0.25,0.655,32.8,32.8
8193_7_9,銚子ダム,2026-09-15T01:00,56.6,0.61,0.61,0.894,85.1,85.1
8193_7_9,銚子ダム,2026-09-15T02:00,56.6,0.61,0.6,0.894,85.1,85.1
8193_7_9,銚子ダム,2026-09-15T03:00,56.6,0.61,0.61,0.894,85.1,85.1
8193_7_9,銚子ダム,2026-09-15T04:00,56.6,0.61,0.61,0.894,85.1,85.1
8193_7_1,布部ダム,2026-09-15T05:00,187.81,2.95,0.61,2.039,88.7,47.8
8193_7_1,布部ダム,2026-09-15T06:00,187.85,4.09,1.54,2.05,89.1,48.0
8193_7_1,布部ダム,2026-09-15T07:00,187.87,4.45,3.67,2.056,89.4,48.1
8193_7_1,布部ダム,2026-09-15T08:00,187.9,5.84,4.01,2.064,89.7,48.3
8193_7_10,美田ダム,2026-09-15T05:00,34.88,0.06,0.01,0.183,84.7,84.7
8193_7_10,美田ダム,2026-09-15T06:00,34.88,0.06,0.02,0.183,84.7,84.7
8193_7_10,美田ダム,2026-09-15T07:00,34.89,0.06,0.01,0.184,85.2,85.2
8193_7_10,美田ダム,2026-09-15T08:00,34.89,0.06,0.02,0.184,85.2,85.2
8193_7_11,大長見ダム,2026-09-15T05:00,155.04,1.44,1.44,3.782,88.0,88.0
8193_7_11,大長見ダム,2026-09-15T06:00,155.03,1.43,1.43,3.778,87.9,87.9
8193_7_11,大長見ダム,2026-09-15T07:00,155.02,1.44,1.43,3.774,87.8,87.8
8193_7_11,大長見ダム,2026-09-15T08:00,155.01,1.44,1.43,3.771,87.7,87.7
8193_7_13,笹倉ダム,2026-09-15T05:00,128.99,0.44,0.25,0.1,50.0,50.0
8193_7_13,笹倉ダム,2026-09-15T06:00,129.02,0.42,0.25,0.101,50.5,50.5
8193_7_13,笹倉ダム,2026-09-15T07:00,129.04,0.4,0.25,0.101,50.5,50.5
8193_7_13,笹倉ダム,2026-09-15T08:00,129.06,0.38,0.25,0.102,51.0,51.0
8193_7_14,大峠ダム,2026-09-15T05:00,99.52,0.75,0.74,0.0,,
8193_7_14,大峠ダム,2026-09-15T06:00,99.49,0.69,0.67,0.0,,
8193_7_14,大峠ダム,2026-09-15T07:00,99.5,0.65,0.69,0.0,,
8193_7_14,大峠ダム,2026-09-15T08:00,99.49,0.69,0.67,0.0,,
8193_7_16,益田川ダム,2026-09-15T05:00,36.54,3.17,3.11,0.002,,
8193_7_16,益田川ダム,2026-09-15T06:00,36.53,3.1,3.05,0.002,,
8193_7_16,益田川ダム,2026-09-15T07:00,36.52,3.03,3.0,0.002,,
8193_7_16,益田川ダム,2026-09-15T08:00,36.5,2.92,2.88,0.002,,
8193_7_17,第二浜田ダム,2026-09-15T05:00,58.04,0.63,0.4,0.539,82.9,82.9
8193_7_17,第二浜田ダム,2026-09-15T06:00,58.05,0.39,0.39,0.54,83.1,83.1
8193_7_17,第二浜田ダム,2026-09-15T07:00,58.06,0.39,0.39,0.542,83.4,83.4
8193_7_17,第二浜田ダム,2026-09-15T08:00,58.07,0.39,0.39,0.543,83.5,83.5
8193_7_18,波積ダム,2026-09-15T05:00,67.82,0.1,0.06,0.052,10.4,10.4
8193_7_18,波積ダム,2026-09-15T06:00,67.82,0.1,0.06,0.052,10.4,10.4
8193_7_18,波積ダム,2026-09-15T07:00,67.82,0.1,0.06,0.052,10.4,10.4
8193_7_18,波積ダム,2026-09-15T08:00,67.82,0.1,0.06,0.052,10.4,10.4
8193_7_2,山佐ダム,2026-09-15T05:00,191.16,1.26,0.3,1.026,93.3,93.3
8193_7_2,山佐ダム,2026-09-15T06:00,191.19,1.42,0.7,1.03,93.6,93.6
8193_7_2,山佐ダム,2026-09-15T07:00,191.2,1.4,0.78,1.031,93.7,93.7
8193_7_2,山佐ダム,2026-09-15T08:00,191.22,1.4,0.81,1.034,94.0,94.0
8193_7_3,三瓶ダム,2026-09-15T05:00,124.64,0.45,0.46,1.133,65.5,65.5
8193_7_3,三瓶ダム,2026-09-15T06:00,124.64,0.45,0.45,1.133,65.5,65.5
8193_7_3,三瓶ダム,2026-09-15T07:00,124.64,0.45,0.45,1.133,65.5,65.5
8193_7_3,三瓶ダム,2026-09-15T08:00,124.64,0.45,0.46,1.133,65.5,65.5
8193_7_4,八戸ダム,2026-09-15T05:00,105.16,2.0,6.3,4.154,79.9,20.5
8193_7_4,八戸ダム,2026-09-15T06:00,105.13,2.11,6.23,4.138,79.6,20.4
8193_7_4,八戸ダム,2026-09-15T07:00,105.11,2.66,5.31,4.128,79.4,20.3
8193_7_4,八戸ダム,2026-09-15T08:00,105.11,1.14,0.54,4.128,79.4,20.3
8193_7_5,浜田ダム,2026-09-15T05:00,108.03,0.63,0.74,0.009,,
8193_7_5,浜田ダム,2026-09-15T06:00,108.04,0.8,0.78,0.009,,
8193_7_5,浜田ダム,2026-09-15T07:00,108.03,0.81,0.74,0.009,,
8193_7_5,浜田ダム,2026-09-15T08:00,108.03,0.66,0.74,0.009,,
8193_7_600,嵯峨谷ダム,2026-09-15T05:00,254.41,1.6,1.6,0.0,,
8193_7_600,嵯峨谷ダム,2026-09-15T06:00,254.41,1.6,1.6,0.0,,
8193_7_600,嵯峨谷ダム,2026-09-15T07:00,254.4,1.55,1.55,0.0,,
8193_7_600,嵯峨谷ダム,2026-09-15T08:00,254.4,1.55,1.55,0.0,,
8193_7_601,津田川ダム,2026-09-15T05:00,85.19,0.14,0.14,0.002,,
8193_7_601,津田川ダム,2026-09-15T06:00,85.19,0.14,0.14,0.002,,
8193_7_601,津田川ダム,2026-09-15T07:00,85.18,0.13,0.13,0.002,,
8193_7_601,津田川ダム,2026-09-15T08:00,85.18,0.13,0.13,0.002,,
8193_7_602,清瀧ダム,2026-09-15T05:00,31.32,0.07,0.07,0.0,,
8193_7_602,清瀧ダム,2026-09-15T06:00,31.34,0.07,0.07,0.0,,
8193_7_602,清瀧ダム,2026-09-15T07:00,31.36,0.19,0.07,0.0,,
8193_7_602,清瀧ダム,2026-09-15T08:00,31.37,0.07,0.07,0.0,,
8193_7_603,三成ダム,2026-09-15T05:00,288.23,6.63,0.0,0.189,16.6,16.6
8193_7_603,三成ダム,2026-09-15T06:00,288.36,9.5,5.81,0.207,18.2,18.2
8193_7_603,三成ダム,2026-09-15T07:00,288.43,8.46,5.8,0.217,19.1,19.1
8193_7_603,三成ダム,2026-09-15T08:00,288.48,7.7,5.79,0.223,19.6,19.6
8193_7_604,木都賀ダム,2026-09-15T05:00,232.37,1.69,0.0,0.159,10.2,10.2
8193_7_604,木都賀ダム,2026-09-15T06:00,232.44,1.69,0.0,0.165,10.6,10.6
8193_7_604,木都賀ダム,2026-09-15T07:00,232.5,1.45,0.0,0.17,10.9,10.9
8193_7_604,木都賀ダム,2026-09-15T08:00,232.56,1.61,1.27,0.176,11.3,11.3
8193_7_7,御部ダム,2026-09-15T05:00,93.57,0.97,0.26,0.658,32.9,32.9
8193_7_7,御部ダム,2026-09-15T06:00,93.58,0.94,0.26,0.66,33.0,33.0
8193_7_7,御部ダム,2026-09-15T07:00,93.6,0.87,0.26,0.663,33.2,33.2
8193_7_7,御部ダム,2026-09-15T08:00,93.61,0.85,0.26,0.665,33.3,33.3
8193_7_9,銚子ダム,2026-09-15T05:00,56.6,0.61,0.61,0.894,85.1,85.1
8193_7_9,銚子ダム,2026-09-15T06:00,56.59,0.28,0.61,0.893,85.0,85.0
8193_7_9,銚子ダム,2026-09-15T07:00,56.59,0.61,0.61,0.893,85.0,85.0
8193_7_9,銚子ダム,2026-09-15T08:00,56.58,0.28,0.61,0.892,85.0,85.0
8193_7_1,布部ダム,2026-09-15T09:00,187.92,6.08,4.4,2.07,90.0,48.5
8193_7_1,布部ダム,2026-09-15T10:00,187.93,5.18,4.4,2.073,90.1,48.5
8193_7_1,布部ダム,2026-09-15T11:00,187.93,4.4,4.4,2.073,90.1,48.5
8193_7_1,布部ダム,2026-09-15T12:00,187.93,4.4,4.4,2.073,90.1,48.5
8193_7_1,布部ダム,2026-09-15T13:00,187.93,4.4,4.4,2.073,90.1,48.5
8193_7_1,布部ダム,2026-09-15T14:00,187.92,3.62,4.4,2.07,90.0,48.5
8193_7_1,布部ダム,2026-09-15T15:00,187.9,3.0,4.4,2.064,89.7,48.3
8193_7_1,布部ダム,2026-09-15T16:00,187.89,3.46,4.4,2.061,89.6,48.3
8193_7_10,美田ダム,2026-09-15T09:00,34.89,0.06,0.02,0.184,85.2,85.2
8193_7_10,美田ダム,2026-09-15T10:00,34.89,0.06,0.02,0.184,85.2,85.2
8193_7_10,美田ダム,2026-09-15T11:00,34.9,0.05,0.01,0.184,85.2,85.2
8193_7_10,美田ダム,2026-09-15T12:00,34.9,0.05,0.02,0.184,85.2,85.2
8193_7_10,美田ダム,2026-09-15T13:00,34.9,0.05,0.01,0.184,85.2,85.2
8193_7_10,美田ダム,2026-09-15T14:00,34.9,0.05,0.01,0.184,85.2,85.2
8193_7_10,美田ダム,2026-09-15T15:00,34.91,0.04,0.02,0.184,85.2,85.2
8193_7_10,美田ダム,2026-09-15T16:00,34.91,0.04,0.02,0.184,85.2,85.2
8193_7_11,大長見ダム,2026-09-15T09:00,155.0,1.44,1.44,3.767,87.6,87.6
8193_7_11,大長見ダム,2026-09-15T10:00,154.98,0.0,1.44,3.76,87.4,87.4
8193_7_11,大長見ダム,2026-09-15T11:00,154.97,0.84,1.44,3.756,87.3,87.3
8193_7_11,大長見ダム,2026-09-15T12:00,154.96,1.43,1.43,3.752,87.3,87.3
8193_7_11,大長見ダム,2026-09-15T13:00,154.95,1.44,1.44,3.749,87.2,87.2
8193_7_11,大長見ダム,2026-09-15T14:00,154.94,1.43,1.44,3.745,87.1,87.1
8193_7_11,大長見ダム,2026-09-15T15:00,154.92,0.0,1.44,3.738,86.9,86.9
8193_7_11,大長見ダム,2026-09-15T16:00,154.91,0.0,1.43,3.735,86.9,86.9
8193_7_13,笹倉ダム,2026-09-15T09:00,129.08,0.37,0.25,0.102,51.0,51.0
8193_7_13,笹倉ダム,2026-09-15T10:00,129.1,0.36,0.25,0.103,51.5,51.5
8193_7_13,笹倉ダム,2026-09-15T11:00,129.12,0.34,0.25,0.103,51.5,51.5
8193_7_13,笹倉ダム,2026-09-15T12:00,129.13,0.33,0.25,0.103,51.5,51.5
8193_7_13,笹倉ダム,2026-09-15T13:00,129.14,0.32,0.25,0.104,52.0,52.0
8193_7_13,笹倉ダム,2026-09-15T14:00,129.15,0.31,0.25,0.104,52.0,52.0
8193_7_13,笹倉ダム,2026-09-15T15:00,129.16,0.3,0.25,0.104,52.0,52.0
8193_7_13,笹倉ダム,2026-09-15T16:00,129.17,0.29,0.25,0.104,52.0,52.0
8193_7_14,大峠ダム,2026-09-15T09:00,99.48,0.67,0.64,0.0,,
8193_7_14,大峠ダム,2026-09-15T10:00,99.47,0.64,0.62,0.0,,
8193_7_14,大峠ダム,2026-09-15T11:00,99.47,0.62,0.62,0.0,,
8193_7_14,大峠ダム,2026-09-15T12:00,99.47,0.62,0.62,0.0,,
8193_7_14,大峠ダム,2026-09-15T13:00,99.46,0.62,0.6,0.0,,
8193_7_14,大峠ダム,2026-09-15T14:00,99.45,0.59,0.58,0.0,,
8193_7_14,大峠ダム,2026-09-15T15:00,99.45,0.59,0.58,0.0,,
8193_7_14,大峠ダム,2026-09-15T16:00,99.45,0.6,0.58,0.0,,
8193_7_16,益田川ダム,2026-09-15T09:00,36.48,2.8,2.76,0.002,,
8193_7_16,益田川ダム,2026-09-15T10:00,36.47,2.75,2.71,0.002,,
8193_7_16,益田川ダム,2026-09-15T11:00,36.45,2.63,2.59,0.001,,
8193_7_16,益田川ダム,2026-09-15T12:00,36.44,2.58,2.53,0.001,,
8193_7_16,益田川ダム,2026-09-15T13:00,36.43,2.52,2.48,0.001,,
8193_7_16,益田川ダム,2026-09-15T14:00,36.41,2.41,2.36,0.001,,
8193_7_16,益田川ダム,2026-09-15T15:00,36.4,2.35,2.3,0.001,,
8193_7_16,益田川ダム,2026-09-15T16:00,36.39,2.29,2.25,0.001,,
8193_7_17,第二浜田ダム,2026-09-15T09:00,58.08,0.39,0.4,0.544,83.7,83.7
8193_7_17,第二浜田ダム,2026-09-15T10:00,58.09,0.39,0.39,0.546,84.0,84.0
8193_7_17,第二浜田ダム,2026-09-15T11:00,58.1,0.39,0.39,0.547,84.2,84.2
8193_7_17,第二浜田ダム,2026-09-15T12:00,58.11,0.39,0.4,0.549,84.5,84.5
8193_7_17,第二浜田ダム,2026-09-15T13:00,58.12,2.51,0.39,0.55,84.6,84.6
8193_7_17,第二浜田ダム,2026-09-15T14:00,58.12,0.39,0.4,0.55,84.6,84.6
8193_7_17,第二浜田ダム,2026-09-15T15:00,58.13,0.39,0.4,0.552,84.9,84.9
8193_7_17,第二浜田ダム,2026-09-15T16:00,58.13,0.39,0.4,0.552,84.9,84.9
8193_7_18,波積ダム,2026-09-15T09:00,67.82,0.1,0.06,0.052,10.4,10.4
8193_7_18,波積ダム,2026-09-15T10:00,67.82,0.1,0.06,0.052,10.4,10.4
8193_7_18,波積ダム,2026-09-15T11:00,67.83,0.09,0.06,0.053,10.6,10.6
8193_7_18,波積ダム,2026-09-15T12:00,67.83,0.09,0.06,0.053,10.6,10.6
8193_7_18,波積ダム,2026-09-15T13:00,67.83,0.09,0.06,0.053,10.6,10.6
8193_7_18,波積ダム,2026-09-15T14:00,67.83,0.09,0.06,0.053,10.6,10.6
8193_7_18,波積ダム,2026-09-15T15:00,67.83,0.09,0.06,0.053,10.6,10.6
8193_7_18,波積ダム,2026-09-15T16:00,67.83,0.09,0.06,0.053,10.6,10.6
8193_7_2,山佐ダム,2026-09-15T09:00,191.23,1.36,0.84,1.036,94.2,94.2
8193_7_2,山佐ダム,2026-09-15T10:00,191.24,1.34,0.87,1.037,94.3,94.3
8193_7_2,山佐ダム,2026-09-15T11:00,191.25,1.25,0.9,1.038,94.4,94.4
8193_7_2,山佐ダム,2026-09-15T12:00,191.26,1.23,0.94,1.04,94.5,94.5
8193_7_2,山佐ダム,2026-09-15T13:00,191.26,1.23,0.94,1.04,94.5,94.5
8193_7_2,山佐ダム,2026-09-15T14:00,191.27,1.14,0.98,1.041,94.6,94.6
8193_7_2,山佐ダム,2026-09-15T15:00,191.27,1.14,0.98,1.041,94.6,94.6
8193_7_2,山佐ダム,2026-09-15T16:00,191.27,1.14,0.97,1.041,94.6,94.6
8193_7_3,三瓶ダム,2026-09-15T09:00,124.64,0.45,0.46,1.133,65.5,65.5
8193_7_3,三瓶ダム,2026-09-15T10:00,124.64,0.45,0.46,1.133,65.5,65.5
8193_7_3,三瓶ダム,2026-09-15T11:00,124.64,0.45,0.44,1.133,65.5,65.5
8193_7_3,三瓶ダム,2026-09-15T12:00,124.64,0.45,0.44,1.133,65.5,65.5
8193_7_3,三瓶ダム,2026-09-15T13:00,124.64,0.45,0.44,1.133,65.5,65.5
8193_7_3,三瓶ダム,2026-09-15T14:00,124.64,0.45,0.44,1.133,65.5,65.5
8193_7_3,三瓶ダム,2026-09-15T15:00,124.64,0.45,0.44,1.133,65.5,65.5
8193_7_3,三瓶ダム,2026-09-15T16:00,124.64,0.45,0.44,1.133,65.5,65.5
8193_7_4,八戸ダム,2026-09-15T09:00,105.13,3.12,0.54,4.138,79.6,20.4
8193_7_4,八戸ダム,2026-09-15T10:00,105.14,2.26,0.54,4.143,79.7,20.4
8193_7_4,八戸ダム,2026-09-15T11:00,105.16,3.41,0.54,4.154,79.9,20.5
8193_7_4,八戸ダム,2026-09-15T12:00,105.17,1.97,0.54,4.159,80.0,20.5
8193_7_4,八戸ダム,2026-09-15T13:00,105.19,3.41,0.54,4.169,80.2,20.5
8193_7_4,八戸ダム,2026-09-15T14:00,105.2,1.97,0.54,4.174,80.3,20.6
8193_7_4,八戸ダム,2026-09-15T15:00,105.22,3.41,0.54,4.185,80.5,20.6
8193_7_4,八戸ダム,2026-09-15T16:00,105.23,1.97,0.54,4.19,80.6,20.6
8193_7_5,浜田ダム,2026-09-15T09:00,108.02,0.64,0.7,0.008,,
8193_7_5,浜田ダム,2026-09-15T10:00,108.02,0.66,0.7,0.008,,
8193_7_5,浜田ダム,2026-09-15T11:00,108.02,0.7,0.7,0.008,,
8193_7_5,浜田ダム,2026-09-15T12:00,108.01,0.64,0.66,0.008,,
8193_7_5,浜田ダム,2026-09-15T13:00,108.01,0.59,0.66,0.008,,
8193_7_5,浜田ダム,2026-09-15T14:00,108.01,0.66,0.66,0.008,,
8193_7_5,浜田ダム,2026-09-15T15:00,108.0,0.52,0.62,0.007,,
8193_7_5,浜田ダム,2026-09-15T16:00,108.0,0.62,0.62,0.007,,
8193_7_600,嵯峨谷ダム,2026-09-15T09:00,254.4,1.55,1.55,0.0,,
8193_7_600,嵯峨谷ダム,2026-09-15T10:00,254.39,1.5,1.5,0.0,,
8193_7_600,嵯峨谷ダム,2026-09-15T11:00,254.38,1.44,1.44,0.0,,
8193_7_600,嵯峨谷ダム,2026-09-15T12:00,254.38,1.44,1.44,0.0,,
8193_7_600,嵯峨谷ダム,2026-09-15T13:00,254.37,1.39,1.39,0.0,,
8193_7_600,嵯峨谷ダム,2026-09-15T14:00,254.37,1.39,1.39,0.0,,
8193_7_600,嵯峨谷ダム,2026-09-15T15:00,254.37,1.39,1.39,0.0,,
8193_7_600,嵯峨谷ダム,2026-09-15T16:00,254.37,1.39,1.39,0.0,,
8193_7_601,津田川ダム,2026-09-15T09:00,85.17,0.0,0.12,0.002,,
8193_7_601,津田川ダム,2026-09-15T10:00,85.17,0.12,0.12,0.002,,
8193_7_601,津田川ダム,2026-09-15T11:00,85.17,0.12,0.12,0.002,,
8193_7_601,津田川ダム,2026-09-15T12:00,85.17,0.12,0.12,0.002,,
8193_7_601,津田川ダム,2026-09-15T13:00,85.16,0.1,0.1,0.002,,
8193_7_601,津田川ダム,2026-09-15T14:00,85.16,0.1,0.1,0.002,,
8193_7_601,津田川ダム,2026-09-15T15:00,85.16,0.1,0.1,0.002,,
8193_7_601,津田川ダム,2026-09-15T16:00,85.15,0.09,0.09,0.002,,
8193_7_602,清瀧ダム,2026-09-15T09:00,31.39,0.19,0.07,0.0,,
8193_7_602,清瀧ダム,2026-09-15T10:00,31.4,0.07,0.07,0.0,,
8193_7_602,清瀧ダム,2026-09-15T11:00,31.41,0.07,0.07,0.0,,
8193_7_602,清瀧ダム,2026-09-15T12:00,31.41,0.07,0.07,0.0,,
8193_7_602,清瀧ダム,2026-09-15T13:00,31.42,0.07,0.07,0.0,,
8193_7_602,清瀧ダム,2026-09-15T14:00,31.42,0.07,0.07,0.0,,
8193_7_602,清瀧ダム,2026-09-15T15:00,31.43,0.07,0.07,0.0,,
8193_7_602,清瀧ダム,2026-09-15T16:00,31.43,0.07,0.07,0.0,,
8193_7_603,三成ダム,2026-09-15T09:00,288.52,7.31,5.79,0.229,20.1,20.1
8193_7_603,三成ダム,2026-09-15T10:00,288.55,6.94,5.81,0.233,20.5,20.5
8193_7_603,三成ダム,2026-09-15T11:00,288.56,6.19,5.81,0.234,20.6,20.6
8193_7_603,三成ダム,2026-09-15T12:00,288.56,5.81,5.81,0.234,20.6,20.6
8193_7_603,三成ダム,2026-09-15T13:00,288.54,5.05,5.81,0.232,20.4,20.4
8193_7_603,三成ダム,2026-09-15T14:00,288.53,5.43,5.81,0.23,20.2,20.2
8193_7_603,三成ダム,2026-09-15T15:00,288.5,4.67,5.79,0.226,19.9,19.9
8193_7_603,三成ダム,2026-09-15T16:00,288.47,4.66,5.79,0.222,19.5,19.5
8193_7_604,木都賀ダム,2026-09-15T09:00,232.5,2.13,3.78,0.17,10.9,10.9
8193_7_604,木都賀ダム,2026-09-15T10:00,232.42,1.85,3.78,0.163,10.5,10.5
8193_7_604,木都賀ダム,2026-09-15T11:00,232.34,1.85,3.78,0.156,10.0,10.0
8193_7_604,木都賀ダム,2026-09-15T12:00,232.25,1.61,3.78,0.148,9.5,9.5
8193_7_604,木都賀ダム,2026-09-15T13:00,232.16,1.61,3.78,0.141,9.1,9.1
8193_7_604,木都賀ダム,2026-09-15T14:00,232.07,1.6,3.78,0.133,8.5,8.5
8193_7_604,木都賀ダム,2026-09-15T15:00,231.98,1.66,3.77,0.125,8.0,8.0
8193_7_604,木都賀ダム,2026-09-15T16:00,231.88,1.65,3.76,0.118,7.6,7.6
8193_7_7,御部ダム,2026-09-15T09:00,93.62,0.83,0.27,0.666,33.3,33.3
8193_7_7,御部ダム,2026-09-15T10:00,93.63,0.79,0.27,0.668,33.4,33.4
8193_7_7,御部ダム,2026-09-15T11:00,93.64,0.78,0.26,0.67,33.5,33.5
8193_7_7,御部ダム,2026-09-15T12:00,93.66,0.77,0.26,0.673,33.7,33.7
8193_7_7,御部ダム,2026-09-15T13:00,93.67,0.74,0.26,0.674,33.7,33.7
8193_7_7,御部ダム,2026-09-15T14:00,93.68,0.7,0.25,0.676,33.8,33.8
8193_7_7,御部ダム,2026-09-15T15:00,93.69,0.72,0.26,0.678,33.9,33.9
8193_7_7,御部ダム,2026-09-15T16:00,93.69,0.72,0.26,0.678,33.9,33.9
8193_7_9,銚子ダム,2026-09-15T09:00,56.58,0.61,0.61,0.892,85.0,85.0
8193_7_9,銚子ダム,2026-09-15T10:00,56.57,0.28,0.61,0.891,84.9,84.9
8193_7_9,銚子ダム,2026-09-15T11:00,56.57,0.61,0.61,0.891,84.9,84.9
8193_7_9,銚子ダム,2026-09-15T12:00,56.58,0.94,0.61,0.892,85.0,85.0
8193_7_9,銚子ダム,2026-09-15T13:00,56.59,0.67,0.61,0.893,85.0,85.0
8193_7_9,銚子ダム,2026-09-15T14:00,56.59,0.87,0.61,0.893,85.0,85.0
8193_7_9,銚子ダム,2026-09-15T15:00,56.59,0.61,0.61,0.893,85.0,85.0
8193_7_9,銚子ダム,2026-09-15T16:00,56.6,0.94,0.61,0.894,85.1,85.1
8193_7_1,布部ダム,2026-09-15T17:00,187.87,2.83,4.39,2.056,89.4,48.1
8193_7_1,布部ダム,2026-09-15T18:00,187.85,2.83,4.39,2.05,89.1,48.0
8193_7_1,布部ダム,2026-09-15T19:00,187.82,2.6,4.39,2.042,88.8,47.8
8193_7_1,布部ダム,2026-09-15T20:00,187.8,2.2,4.21,2.036,88.5,47.7
8193_7_1,布部ダム,2026-09-15T21:00,187.78,2.64,4.2,2.031,88.3,47.6
8193_7_1,布部ダム,2026-09-15T22:00,187.76,2.64,4.21,2.025,88.0,47.4
8193_7_10,美田ダム,2026-09-15T17:00,34.91,0.04,0.01,0.184,85.2,85.2
8193_7_10,美田ダム,2026-09-15T18:00,34.91,0.04,0.01,0.184,85.2,85.2
8193_7_10,美田ダム,2026-09-15T19:00,34.91,0.04,0.02,0.184,85.2,85.2
8193_7_10,美田ダム,2026-09-15T20:00,34.91,0.04,0.02,0.184,85.2,85.2
8193_7_10,美田ダム,2026-09-15T21:00,34.91,0.04,0.02,0.184,85.2,85.2
8193_7_10,美田ダム,2026-09-15T22:00,34.91,0.04,0.02,0.184,85.2,85.2
8193_7_11,大長見ダム,2026-09-15T17:00,154.9,1.43,1.43,3.731,86.8,86.8
8193_7_11,大長見ダム,2026-09-15T18:00,154.89,1.43,1.43,3.727,86.7,86.7
8193_7_11,大長見ダム,2026-09-15T19:00,154.88,1.43,1.43,3.724,86.6,86.6
8193_7_11,大長見ダム,2026-09-15T20:00,154.86,0.24,1.43,3.717,86.4,86.4
8193_7_11,大長見ダム,2026-09-15T21:00,154.85,0.0,1.43,3.713,86.3,86.3
8193_7_11,大長見ダム,2026-09-15T22:00,154.84,1.43,1.43,3.709,86.3,86.3
8193_7_13,笹倉ダム,2026-09-15T17:00,129.17,0.29,0.25,0.104,52.0,52.0
8193_7_13,笹倉ダム,2026-09-15T18:00,129.17,0.29,0.25,0.104,52.0,52.0
8193_7_13,笹倉ダム,2026-09-15T19:00,129.18,0.28,0.25,0.104,52.0,52.0
8193_7_13,笹倉ダム,2026-09-15T20:00,129.18,0.28,0.25,0.104,52.0,52.0
8193_7_13,笹倉ダム,2026-09-15T21:00,129.18,0.28,0.25,0.104,52.0,52.0
8193_7_13,笹倉ダム,2026-09-15T22:00,129.19,0.26,0.25,0.105,52.5,52.5
8193_7_14,大峠ダム,2026-09-15T17:00,99.43,0.55,0.53,0.0,,
8193_7_14,大峠ダム,2026-09-15T18:00,99.44,0.55,0.55,0.0,,
8193_7_14,大峠ダム,2026-09-15T19:00,99.43,0.54,0.53,0.0,,
8193_7_14,大峠ダム,2026-09-15T20:00,99.43,0.54,0.53,0.0,,
8193_7_14,大峠ダム,2026-09-15T21:00,99.43,0.54,0.53,0.0,,
8193_7_14,大峠ダム,2026-09-15T22:00,99.43,0.54,0.53,0.0,,
8193_7_16,益田川ダム,2026-09-15T17:00,36.38,2.24,2.19,0.001,,
8193_7_16,益田川ダム,2026-09-15T18:00,36.37,2.18,2.13,0.001,,
8193_7_16,益田川ダム,2026-09-15T19:00,36.36,2.12,2.07,0.001,,
8193_7_16,益田川ダム,2026-09-15T20:00,36.36,2.12,2.07,0.001,,
8193_7_16,益田川ダム,2026-09-15T21:00,36.35,2.06,2.02,0.001,,
8193_7_16,益田川ダム,2026-09-15T22:00,36.34,2.01,1.96,0.001,,
8193_7_17,第二浜田ダム,2026-09-15T17:00,58.14,0.39,0.39,0.553,85.1,85.1
8193_7_17,第二浜田ダム,2026-09-15T18:00,58.14,0.39,0.39,0.553,85.1,85.1
8193_7_17,第二浜田ダム,2026-09-15T19:00,58.15,0.39,0.38,0.554,85.2,85.2
8193_7_17,第二浜田ダム,2026-09-15T20:00,58.15,0.39,0.39,0.554,85.2,85.2
8193_7_17,第二浜田ダム,2026-09-15T21:00,58.16,1.57,0.39,0.556,85.5,85.5
8193_7_17,第二浜田ダム,2026-09-15T22:00,58.16,0.39,0.39,0.556,85.5,85.5
8193_7_18,波積ダム,2026-09-15T17:00,67.83,0.09,0.06,0.053,10.6,10.6
8193_7_18,波積ダム,2026-09-15T18:00,67.83,0.09,0.06,0.053,10.6,10.6
8193_7_18,波積ダム,2026-09-15T19:00,67.83,0.09,0.06,0.053,10.6,10.6
8193_7_18,波積ダム,2026-09-15T20:00,67.83,0.09,0.06,0.053,10.6,10.6
8193_7_18,波積ダム,2026-09-15T21:00,67.83,0.09,0.06,0.053,10.6,10.6
8193_7_18,波積ダム,2026-09-15T22:00,67.83,0.09,0.06,0.053,10.6,10.6
8193_7_2,山佐ダム,2026-09-15T17:00,191.27,1.14,0.97,1.041,94.6,94.6
8193_7_2,山佐ダム,2026-09-15T18:00,191.27,1.14,0.97,1.041,94.6,94.6
8193_7_2,山佐ダム,2026-09-15T19:00,191.27,1.14,0.96,1.041,94.6,94.6
8193_7_2,山佐ダム,2026-09-15T20:00,191.27,1.14,0.97,1.041,94.6,94.6
8193_7_2,山佐ダム,2026-09-15T21:00,191.27,1.14,0.97,1.041,94.6,94.6
8193_7_2,山佐ダム,2026-09-15T22:00,191.27,1.14,0.97,1.041,94.6,94.6
8193_7_3,三瓶ダム,2026-09-15T17:00,124.64,0.45,0.44,1.133,65.5,65.5
8193_7_3,三瓶ダム,2026-09-15T18:00,124.64,0.45,0.46,1.133,65.5,65.5
8193_7_3,三瓶ダム,2026-09-15T19:00,124.64,0.45,0.46,1.133,65.5,65.5
8193_7_3,三瓶ダム,2026-09-15T20:00,124.64,0.45,0.46,1.133,65.5,65.5
8193_7_3,三瓶ダム,2026-09-15T21:00,124.64,0.45,0.46,1.133,65.5,65.5
8193_7_3,三瓶ダム,2026-09-15T22:00,124.64,0.45,0.46,1.133,65.5,65.5
8193_7_4,八戸ダム,2026-09-15T17:00,105.24,1.97,0.54,4.195,80.7,20.7
8193_7_4,八戸ダム,2026-09-15T18:00,105.26,2.4,0.54,4.205,80.9,20.7
8193_7_4,八戸ダム,2026-09-15T19:00,105.27,2.98,0.54,4.21,81.0,20.7
8193_7_4,八戸ダム,2026-09-15T20:00,105.28,1.97,0.54,4.215,81.1,20.8
8193_7_4,八戸ダム,2026-09-15T21:00,105.29,1.97,0.54,4.221,81.2,20.8
8193_7_4,八戸ダム,2026-09-15T22:00,105.3,1.97,0.54,4.226,81.3,20.8
8193_7_5,浜田ダム,2026-09-15T17:00,107.99,0.54,0.58,0.007,,
8193_7_5,浜田ダム,2026-09-15T18:00,107.99,0.53,0.58,0.007,,
8193_7_5,浜田ダム,2026-09-15T19:00,107.99,0.58,0.58,0.007,,
8193_7_5,浜田ダム,2026-09-15T20:00,107.98,0.55,0.54,0.006,,
8193_7_5,浜田ダム,2026-09-15T21:00,107.98,0.45,0.54,0.006,,
8193_7_5,浜田ダム,2026-09-15T22:00,107.98,0.54,0.54,0.006,,
8193_7_600,嵯峨谷ダム,2026-09-15T17:00,254.36,1.34,1.34,0.0,,
8193_7_600,嵯峨谷ダム,2026-09-15T18:00,254.36,1.34,1.34,0.0,,
8193_7_600,嵯峨谷ダム,2026-09-15T19:00,254.36,1.34,1.34,0.0,,
8193_7_600,嵯峨谷ダム,2026-09-15T20:00,254.36,1.34,1.34,0.0,,
8193_7_600,嵯峨谷ダム,2026-09-15T21:00,254.36,1.34,1.34,0.0,,
8193_7_600,嵯峨谷ダム,2026-09-15T22:00,254.36,1.34,1.34,0.0,,
8193_7_601,津田川ダム,2026-09-15T17:00,85.15,0.09,0.09,0.002,,
8193_7_601,津田川ダム,2026-09-15T18:00,85.15,0.09,0.09,0.002,,
8193_7_601,津田川ダム,2026-09-15T19:00,85.15,0.09,0.09,0.002,,
8193_7_601,津田川ダム,2026-09-15T20:00,85.14,0.08,0.08,0.002,,
8193_7_601,津田川ダム,2026-09-15T21:00,85.14,0.08,0.08,0.002,,
8193_7_601,津田川ダム,2026-09-15T22:00,85.14,0.08,0.08,0.002,,
8193_7_602,清瀧ダム,2026-09-15T17:00,31.43,0.07,0.07,0.0,,
8193_7_602,清瀧ダム,2026-09-15T18:00,31.43,0.07,0.07,0.0,,
8193_7_602,清瀧ダム,2026-09-15T19:00,31.43,0.07,0.07,0.0,,
8193_7_602,清瀧ダム,2026-09-15T20:00,31.43,0.07,0.07,0.0,,
8193_7_602,清瀧ダム,2026-09-15T21:00,31.43,0.07,0.07,0.0,,
8193_7_602,清瀧ダム,2026-09-15T22:00,31.43,0.07,0.07,0.0,,
8193_7_603,三成ダム,2026-09-15T17:00,288.43,4.28,5.8,0.217,19.1,19.1
8193_7_603,三成ダム,2026-09-15T18:00,288.39,4.28,5.8,0.211,18.5,18.5
8193_7_603,三成ダム,2026-09-15T19:00,288.35,4.27,5.78,0.206,18.1,18.1
8193_7_603,三成ダム,2026-09-15T20:00,288.31,4.27,5.79,0.2,17.6,17.6
8193_7_603,三成ダム,2026-09-15T21:00,288.27,4.27,5.79,0.195,17.1,17.1
8193_7_603,三成ダム,2026-09-15T22:00,288.22,3.88,5.77,0.188,16.5,16.5
8193_7_604,木都賀ダム,2026-09-15T17:00,231.77,1.46,3.79,0.109,7.0,7.0
8193_7_604,木都賀ダム,2026-09-15T18:00,231.66,1.46,3.78,0.101,6.5,6.5
8193_7_604,木都賀ダム,2026-09-15T19:00,231.55,1.46,3.78,0.092,5.9,5.9
8193_7_604,木都賀ダム,2026-09-15T20:00,231.43,1.39,3.79,0.084,5.4,5.4
8193_7_604,木都賀ダム,2026-09-15T21:00,231.47,0.9,0.0,0.087,5.6,5.6
8193_7_604,木都賀ダム,2026-09-15T22:00,231.52,0.99,0.0,0.09,5.8,5.8
8193_7_7,御部ダム,2026-09-15T17:00,93.7,0.65,0.26,0.679,34.0,34.0
8193_7_7,御部ダム,2026-09-15T18:00,93.71,0.66,0.26,0.681,34.1,34.1
8193_7_7,御部ダム,2026-09-15T19:00,93.72,0.6,0.26,0.683,34.2,34.2
8193_7_7,御部ダム,2026-09-15T20:00,93.73,0.61,0.26,0.684,34.2,34.2
8193_7_7,御部ダム,2026-09-15T21:00,93.73,0.61,0.26,0.684,34.2,34.2
8193_7_7,御部ダム,2026-09-15T22:00,93.74,0.6,0.27,0.686,34.3,34.3
8193_7_9,銚子ダム,2026-09-15T17:00,56.6,0.61,0.61,0.894,85.1,85.1
8193_7_9,銚子ダム,2026-09-15T18:00,56.6,0.61,0.61,0.894,85.1,85.1
8193_7_9,銚子ダム,2026-09-15T19:00,56.6,0.61,0.61,0.894,85.1,85.1
8193_7_9,銚子ダム,2026-09-15T20:00,56.6,0.48,0.61,0.894,85.1,85.1
8193_7_9,銚子ダム,2026-09-15T21:00,56.59,0.41,0.61,0.893,85.0,85.0
8193_7_9,銚子ダム,2026-09-15T22:00,56.59,0.61,0.61,0.893,85.0,85.0
8193_7_1,布部ダム,2026-09-16T00:00,187.71,2.2,4.23,2.011,87.4,47.1
8193_7_1,布部ダム,2026-09-16T01:00,187.69,2.52,4.06,2.005,87.2,47.0
8193_7_1,布部ダム,2026-09-16T02:00,187.67,2.5,4.06,2.0,87.0,46.8
8193_7_1,布部ダム,2026-09-16T03:00,187.64,2.11,4.07,1.991,86.6,46.6
8193_7_10,美田ダム,2026-09-16T00:00,34.91,0.04,0.02,0.184,85.2,85.2
8193_7_10,美田ダム,2026-09-16T01:00,34.91,0.04,0.02,0.184,85.2,85.2
8193_7_10,美田ダム,2026-09-16T02:00,34.91,0.04,0.01,0.184,85.2,85.2
8193_7_10,美田ダム,2026-09-16T03:00,34.91,0.04,0.01,0.184,85.2,85.2
8193_7_11,大長見ダム,2026-09-16T00:00,154.82,1.43,1.43,3.702,86.1,86.1
8193_7_11,大長見ダム,2026-09-16T01:00,154.8,0.0,1.43,3.695,85.9,85.9
8193_7_11,大長見ダム,2026-09-16T02:00,154.79,0.0,1.43,3.692,85.9,85.9
8193_7_11,大長見ダム,2026-09-16T03:00,154.78,1.43,1.43,3.688,85.8,85.8
8193_7_13,笹倉ダム,2026-09-16T00:00,129.19,0.26,0.25,0.105,52.5,52.5
8193_7_13,笹倉ダム,2026-09-16T01:00,129.19,0.26,0.25,0.105,52.5,52.5
8193_7_13,笹倉ダム,2026-09-16T02:00,129.19,0.26,0.25,0.105,52.5,52.5
8193_7_13,笹倉ダム,2026-09-16T03:00,129.19,0.26,0.25,0.105,52.5,52.5
8193_7_14,大峠ダム,2026-09-16T00:00,99.42,0.53,0.51,0.0,,
8193_7_14,大峠ダム,2026-09-16T01:00,99.42,0.53,0.51,0.0,,
8193_7_14,大峠ダム,2026-09-16T02:00,99.42,0.53,0.51,0.0,,
8193_7_14,大峠ダム,2026-09-16T03:00,99.42,0.53,0.51,0.0,,
8193_7_16,益田川ダム,2026-09-16T00:00,36.33,1.95,1.9,0.001,,
8193_7_16,益田川ダム,2026-09-16T01:00,36.32,1.89,1.84,0.001,,
8193_7_16,益田川ダム,2026-09-16T02:00,36.32,1.89,1.84,0.001,,
8193_7_16,益田川ダム,2026-09-16T03:00,36.32,1.89,1.84,0.001,,
8193_7_17,第二浜田ダム,2026-09-16T00:00,58.16,0.39,0.39,0.556,85.5,85.5
8193_7_17,第二浜田ダム,2026-09-16T01:00,58.17,0.39,0.38,0.557,85.7,85.7
8193_7_17,第二浜田ダム,2026-09-16T02:00,58.17,0.39,0.38,0.557,85.7,85.7
8193_7_17,第二浜田ダム,2026-09-16T03:00,58.17,0.39,0.4,0.557,85.7,85.7
8193_7_18,波積ダム,2026-09-16T00:00,67.83,0.06,0.06,0.053,10.6,10.6
8193_7_18,波積ダム,2026-09-16T01:00,67.83,0.06,0.06,0.053,10.6,10.6
8193_7_18,波積ダム,2026-09-16T02:00,67.83,0.06,0.06,0.053,10.6,10.6
8193_7_18,波積ダム,2026-09-16T03:00,67.83,0.06,0.06,0.053,10.6,10.6
8193_7_2,山佐ダム,2026-09-16T00:00,191.27,1.14,0.97,1.041,94.6,94.6
8193_7_2,山佐ダム,2026-09-16T01:00,191.27,1.14,0.97,1.041,94.6,94.6
8193_7_2,山佐ダム,2026-09-16T02:00,191.27,1.14,0.97,1.041,94.6,94.6
8193_7_2,山佐ダム,2026-09-16T03:00,191.27,1.14,0.97,1.041,94.6,94.6
8193_7_3,三瓶ダム,2026-09-16T00:00,124.64,0.45,0.45,1.133,65.5,65.5
8193_7_3,三瓶ダム,2026-09-16T01:00,124.64,0.45,0.46,1.133,65.5,65.5
8193_7_3,三瓶ダム,2026-09-16T02:00,124.64,0.45,0.45,1.133,65.5,65.5
8193_7_3,三瓶ダム,2026-09-16T03:00,124.64,0.45,0.45,1.133,65.5,65.5
8193_7_4,八戸ダム,2026-09-16T00:00,105.32,1.97,0.54,4.236,81.5,20.9
8193_7_4,八戸ダム,2026-09-16T01:00,105.33,1.97,0.54,4.241,81.6,20.9
8193_7_4,八戸ダム,2026-09-16T02:00,105.34,1.97,0.55,4.246,81.7,20.9
8193_7_4,八戸ダム,2026-09-16T03:00,105.35,1.98,0.55,4.252,81.8,20.9
8193_7_5,浜田ダム,2026-09-16T00:00,107.98,0.54,0.54,0.006,,
8193_7_5,浜田ダム,2026-09-16T01:00,107.98,0.54,0.54,0.006,,
8193_7_5,浜田ダム,2026-09-16T02:00,107.97,0.42,0.5,0.006,,
8193_7_5,浜田ダム,2026-09-16T03:00,107.97,0.48,0.5,0.006,,
8193_7_600,嵯峨谷ダム,2026-09-16T00:00,254.36,1.34,1.34,0.0,,
8193_7_600,嵯峨谷ダム,2026-09-16T01:00,254.36,1.34,1.34,0.0,,
8193_7_600,嵯峨谷ダム,2026-09-16T02:00,254.36,1.34,1.34,0.0,,
8193_7_600,嵯峨谷ダム,2026-09-16T03:00,254.36,1.34,1.34,0.0,,
8193_7_601,津田川ダム,2026-09-16T00:00,85.14,0.08,0.08,0.002,,
8193_7_601,津田川ダム,2026-09-16T01:00,85.14,0.08,0.08,0.002,,
8193_7_601,津田川ダム,2026-09-16T02:00,85.14,0.08,0.08,0.002,,
8193_7_601,津田川ダム,2026-09-16T03:00,85.13,0.07,0.07,0.002,,
8193_7_602,清瀧ダム,2026-09-16T00:00,31.43,0.07,0.07,0.0,,
8193_7_602,清瀧ダム,2026-09-16T01:00,31.43,0.0,0.07,0.0,,
8193_7_602,清瀧ダム,2026-09-16T02:00,31.43,0.07,0.07,0.0,,
8193_7_602,清瀧ダム,2026-09-16T03:00,31.43,0.07,0.07,0.0,,
8193_7_603,三成ダム,2026-09-16T00:00,288.12,3.88,5.76,0.174,15.3,15.3
8193_7_603,三成ダム,2026-09-16T01:00,288.08,3.61,5.01,0.169,14.9,14.9
8193_7_603,三成ダム,2026-09-16T02:00,288.05,3.98,5.02,0.165,14.5,14.5
8193_7_603,三成ダム,2026-09-16T03:00,288.01,3.64,5.02,0.16,14.1,14.1
8193_7_604,木都賀ダム,2026-09-16T00:00,231.62,0.85,0.0,0.098,6.3,6.3
8193_7_604,木都賀ダム,2026-09-16T01:00,231.67,1.06,0.0,0.102,6.5,6.5
8193_7_604,木都賀ダム,2026-09-16T02:00,231.72,1.06,0.0,0.105,6.7,6.7
8193_7_604,木都賀ダム,2026-09-16T03:00,231.76,0.85,0.0,0.108,6.9,6.9
8193_7_7,御部ダム,2026-09-16T00:00,93.75,0.58,0.27,0.687,34.4,34.4
8193_7_7,御部ダム,2026-09-16T01:00,93.76,0.55,0.27,0.689,34.5,34.5
8193_7_7,御部ダム,2026-09-16T02:00,93.77,0.57,0.26,0.691,34.6,34.6
8193_7_7,御部ダム,2026-09-16T03:00,93.77,0.57,0.26,0.691,34.6,34.6
8193_7_9,銚子ダム,2026-09-16T00:00,56.58,0.28,0.61,0.892,85.0,85.0
8193_7_9,銚子ダム,2026-09-16T01:00,56.58,0.61,0.61,0.892,85.0,85.0
8193_7_9,銚子ダム,2026-09-16T02:00,56.57,0.28,0.61,0.891,84.9,84.9
8193_7_9,銚子ダム,2026-09-16T03:00,56.57,0.61,0.61,0.891,84.9,84.9
8193_7_1,布部ダム,2026-09-16T04:00,187.62,2.1,4.06,1.985,86.3,46.5
8193_7_1,布部ダム,2026-09-16T05:00,187.6,2.5,4.07,1.98,86.1,46.4
8193_7_1,布部ダム,2026-09-16T06:00,187.57,1.95,4.06,1.971,85.7,46.2
8193_7_1,布部ダム,2026-09-16T07:00,187.55,2.27,4.07,1.966,85.5,46.0
8193_7_1,布部ダム,2026-09-16T08:00,187.52,2.03,4.06,1.957,85.1,45.8
8193_7_10,美田ダム,2026-09-16T04:00,34.91,0.04,0.02,0.184,85.2,85.2
8193_7_10,美田ダム,2026-09-16T05:00,34.91,0.04,0.02,0.184,85.2,85.2
8193_7_10,美田ダム,2026-09-16T06:00,34.91,0.04,0.02,0.184,85.2,85.2
8193_7_10,美田ダム,2026-09-16T07:00,34.91,0.04,0.01,0.184,85.2,85.2
8193_7_10,美田ダム,2026-09-16T08:00,34.91,0.04,0.02,0.184,85.2,85.2
8193_7_11,大長見ダム,2026-09-16T04:00,154.77,1.43,1.43,3.684,85.7,85.7
8193_7_11,大長見ダム,2026-09-16T05:00,154.76,1.43,1.43,3.681,85.6,85.6
8193_7_11,大長見ダム,2026-09-16T06:00,154.74,0.0,1.43,3.674,85.4,85.4
8193_7_11,大長見ダム,2026-09-16T07:00,154.73,0.83,1.43,3.67,85.3,85.3
8193_7_11,大長見ダム,2026-09-16T08:00,154.72,1.43,1.43,3.666,85.3,85.3
8193_7_13,笹倉ダム,2026-09-16T04:00,129.19,0.26,0.25,0.105,52.5,52.5
8193_7_13,笹倉ダム,2026-09-16T05:00,129.19,0.26,0.25,0.105,52.5,52.5
8193_7_13,笹倉ダム,2026-09-16T06:00,129.19,0.26,0.25,0.105,52.5,52.5
8193_7_13,笹倉ダム,2026-09-16T07:00,129.19,0.26,0.25,0.105,52.5,52.5
8193_7_13,笹倉ダム,2026-09-16T08:00,129.18,0.26,0.25,0.104,52.0,52.0
8193_7_14,大峠ダム,2026-09-16T04:00,99.42,0.53,0.51,0.0,,
8193_7_14,大峠ダム,2026-09-16T05:00,99.42,0.53,0.51,0.0,,
8193_7_14,大峠ダム,2026-09-16T06:00,99.42,0.53,0.51,0.0,,
8193_7_14,大峠ダム,2026-09-16T07:00,99.42,0.53,0.51,0.0,,
8193_7_14,大峠ダム,2026-09-16T08:00,99.41,0.51,0.48,0.0,,
8193_7_16,益田川ダム,2026-09-16T04:00,36.31,1.84,1.79,0.001,,
8193_7_16,益田川ダム,2026-09-16T05:00,36.31,1.84,1.79,0.001,,
8193_7_16,益田川ダム,2026-09-16T06:00,36.31,1.84,1.79,0.001,,
8193_7_16,益田川ダム,2026-09-16T07:00,36.3,1.79,1.73,0.001,,
8193_7_16,益田川ダム,2026-09-16T08:00,36.3,1.79,1.73,0.001,,
8193_7_17,第二浜田ダム,2026-09-16T04:00,58.17,0.39,0.38,0.557,85.7,85.7
8193_7_17,第二浜田ダム,2026-09-16T05:00,58.17,0.39,0.39,0.557,85.7,85.7
8193_7_17,第二浜田ダム,2026-09-16T06:00,58.18,0.39,0.4,0.559,86.0,86.0
8193_7_17,第二浜田ダム,2026-09-16T07:00,58.18,0.39,0.39,0.559,86.0,86.0
8193_7_17,第二浜田ダム,2026-09-16T08:00,58.18,0.39,0.38,0.559,86.0,86.0
8193_7_18,波積ダム,2026-09-16T04:00,67.83,0.06,0.06,0.053,10.6,10.6
8193_7_18,波積ダム,2026-09-16T05:00,67.83,0.06,0.06,0.053,10.6,10.6
8193_7_18,波積ダム,2026-09-16T06:00,67.83,0.06,0.06,0.053,10.6,10.6
8193_7_18,波積ダム,2026-09-16T07:00,67.83,0.06,0.06,0.053,10.6,10.6
8193_7_18,波積ダム,2026-09-16T08:00,67.83,0.06,0.06,0.053,10.6,10.6
8193_7_2,山佐ダム,2026-09-16T04:00,191.27,1.14,0.97,1.041,94.6,94.6
8193_7_2,山佐ダム,2026-09-16T05:00,191.27,1.14,0.97,1.041,94.6,94.6
8193_7_2,山佐ダム,2026-09-16T06:00,191.26,1.14,0.93,1.04,94.5,94.5
8193_7_2,山佐ダム,2026-09-16T07:00,191.26,1.14,0.93,1.04,94.5,94.5
8193_7_2,山佐ダム,2026-09-16T08:00,191.26,1.14,0.93,1.04,94.5,94.5
8193_7_3,三瓶ダム,2026-09-16T04:00,124.64,0.45,0.45,1.133,65.5,65.5
8193_7_3,三瓶ダム,2026-09-16T05:00,124.64,0.45,0.45,1.133,65.5,65.5
8193_7_3,三瓶ダム,2026-09-16T06:00,124.63,0.44,0.45,1.131,65.4,65.4
8193_7_3,三瓶ダム,2026-09-16T07:00,124.63,0.44,0.45,1.131,65.4,65.4
8193_7_3,三瓶ダム,2026-09-16T08:00,124.63,0.44,0.45,1.131,65.4,65.4
8193_7_4,八戸ダム,2026-09-16T04:00,105.36,1.98,0.54,4.257,81.9,21.0
8193_7_4,八戸ダム,2026-09-16T05:00,105.37,1.98,0.55,4.262,82.0,21.0
8193_7_4,八戸ダム,2026-09-16T06:00,105.39,2.41,0.55,4.272,82.2,21.0
8193_7_4,八戸ダム,2026-09-16T07:00,105.39,1.55,0.55,4.272,82.2,21.0
8193_7_4,八戸ダム,2026-09-16T08:00,105.4,1.98,2.95,4.277,82.3,21.1
8193_7_5,浜田ダム,2026-09-16T04:00,107.97,0.5,0.5,0.006,,
8193_7_5,浜田ダム,2026-09-16T05:00,107.97,0.5,0.5,0.006,,
8193_7_5,浜田ダム,2026-09-16T06:00,107.97,0.5,0.5,0.006,,
8193_7_5,浜田ダム,2026-09-16T07:00,107.97,0.5,0.5,0.006,,
8193_7_5,浜田ダム,2026-09-16T08:00,107.97,0.5,0.5,0.006,,
8193_7_600,嵯峨谷ダム,2026-09-16T04:00,254.36,1.34,1.34,0.0,,
8193_7_600,嵯峨谷ダム,2026-09-16T05:00,254.36,1.34,1.34,0.0,,
8193_7_600,嵯峨谷ダム,2026-09-16T06:00,254.36,1.34,1.34,0.0,,
8193_7_600,嵯峨谷ダム,2026-09-16T07:00,254.36,1.34,1.34,0.0,,
8193_7_600,嵯峨谷ダム,2026-09-16T08:00,254.36,1.34,1.34,0.0,,
8193_7_601,津田川ダム,2026-09-16T04:00,85.13,0.07,0.07,0.002,,
8193_7_601,津田川ダム,2026-09-16T05:00,85.13,0.07,0.07,0.002,,
8193_7_601,津田川ダム,2026-09-16T06:00,85.13,0.07,0.07,0.002,,
8193_7_601,津田川ダム,2026-09-16T07:00,85.13,0.07,0.07,0.002,,
8193_7_601,津田川ダム,2026-09-16T08:00,85.13,0.07,0.07,0.002,,
8193_7_602,清瀧ダム,2026-09-16T04:00,31.43,0.07,0.07,0.0,,
8193_7_602,清瀧ダム,2026-09-16T05:00,31.42,0.0,0.07,0.0,,
8193_7_602,清瀧ダム,2026-09-16T06:00,31.42,0.07,0.07,0.0,,
8193_7_602,清瀧ダム,2026-09-16T07:00,31.42,0.07,0.07,0.0,,
8193_7_602,清瀧ダム,2026-09-16T08:00,31.42,0.07,0.07,0.0,,
8193_7_603,三成ダム,2026-09-16T04:00,287.98,3.98,5.0,0.157,13.8,13.8
8193_7_603,三成ダム,2026-09-16T05:00,287.94,3.64,5.01,0.152,13.4,13.4
8193_7_603,三成ダム,2026-09-16T06:00,287.89,3.29,5.0,0.146,12.8,12.8
8193_7_603,三成ダム,2026-09-16T07:00,287.85,3.63,5.02,0.141,12.4,12.4
8193_7_603,三成ダム,2026-09-16T08:00,287.8,3.54,5.26,0.134,11.8,11.8
8193_7_604,木都賀ダム,2026-09-16T04:00,231.81,1.06,0.0,0.112,7.2,7.2
8193_7_604,木都賀ダム,2026-09-16T05:00,231.85,0.85,0.0,0.115,7.4,7.4
8193_7_604,木都賀ダム,2026-09-16T06:00,231.89,0.85,0.0,0.118,7.6,7.6
8193_7_604,木都賀ダム,2026-09-16T07:00,231.93,0.85,0.0,0.121,7.8,7.8
8193_7_604,木都賀ダム,2026-09-16T08:00,231.97,0.88,1.21,0.124,8.0,8.0
8193_7_7,御部ダム,2026-09-16T04:00,93.78,0.54,0.28,0.692,34.6,34.6
8193_7_7,御部ダム,2026-09-16T05:00,93.79,0.52,0.27,0.694,34.7,34.7
8193_7_7,御部ダム,2026-09-16T06:00,93.79,0.52,0.26,0.694,34.7,34.7
8193_7_7,御部ダム,2026-09-16T07:00,93.8,0.51,0.26,0.696,34.8,34.8
8193_7_7,御部ダム,2026-09-16T08:00,93.8,0.51,0.27,0.696,34.8,34.8
8193_7_9,銚子ダム,2026-09-16T04:00,56.56,0.28,0.61,0.89,84.8,84.8
8193_7_9,銚子ダム,2026-09-16T05:00,56.55,0.41,0.61,0.888,84.6,84.6
8193_7_9,銚子ダム,2026-09-16T06:00,56.55,0.48,0.61,0.888,84.6,84.6
8193_7_9,銚子ダム,2026-09-16T07:00,56.54,0.28,0.61,0.887,84.5,84.5
8193_7_9,銚子ダム,2026-09-16T08:00,56.53,0.35,0.61,0.886,84.4,84.4
8193_7_1,布部ダム,2026-09-16T09:00,187.5,2.19,4.07,1.952,84.9,45.7
8193_7_1,布部ダム,2026-09-16T10:00,187.47,1.72,4.06,1.943,84.5,45.5
8193_7_1,布部ダム,2026-09-16T11:00,187.44,2.42,4.07,1.935,84.1,45.3
8193_7_1,布部ダム,2026-09-16T12:00,187.42,1.79,4.05,1.929,83.9,45.2
8193_7_1,布部ダム,2026-09-16T13:00,187.39,1.79,4.06,1.921,83.5,45.0
8193_7_1,布部ダム,2026-09-16T14:00,187.36,2.02,4.05,1.912,83.1,44.8
8193_7_1,布部ダム,2026-09-16T15:00,187.34,2.1,4.05,1.907,82.9,44.7
8193_7_1,布部ダム,2026-09-16T16:00,187.31,1.71,4.06,1.898,82.5,44.4
8193_7_10,美田ダム,2026-09-16T09:00,34.91,0.04,0.02,0.184,85.2,85.2
8193_7_10,美田ダム,2026-09-16T10:00,34.91,0.04,0.02,0.184,85.2,85.2
8193_7_10,美田ダム,2026-09-16T11:00,34.91,0.04,0.02,0.184,85.2,85.2
8193_7_10,美田ダム,2026-09-16T12:00,34.91,0.04,0.02,0.184,85.2,85.2
8193_7_10,美田ダム,2026-09-16T13:00,34.91,0.04,0.01,0.184,85.2,85.2
8193_7_10,美田ダム,2026-09-16T14:00,34.91,0.04,0.02,0.184,85.2,85.2
8193_7_10,美田ダム,2026-09-16T15:00,34.91,0.02,0.02,0.184,85.2,85.2
8193_7_10,美田ダム,2026-09-16T16:00,34.91,0.02,0.02,0.184,85.2,85.2
8193_7_11,大長見ダム,2026-09-16T09:00,154.71,1.43,1.43,3.663,85.2,85.2
8193_7_11,大長見ダム,2026-09-16T10:00,154.69,0.0,1.45,3.656,85.0,85.0
8193_7_11,大長見ダム,2026-09-16T11:00,154.68,1.45,1.45,3.652,84.9,84.9
8193_7_11,大長見ダム,2026-09-16T12:00,154.67,1.45,1.44,3.649,84.9,84.9
8193_7_11,大長見ダム,2026-09-16T13:00,154.66,1.45,1.45,3.645,84.8,84.8
8193_7_11,大長見ダム,2026-09-16T14:00,154.64,0.0,1.45,3.638,84.6,84.6
8193_7_11,大長見ダム,2026-09-16T15:00,154.63,1.45,1.45,3.634,84.5,84.5
8193_7_11,大長見ダム,2026-09-16T16:00,154.62,1.45,1.45,3.631,84.4,84.4
8193_7_13,笹倉ダム,2026-09-16T09:00,129.18,0.26,0.25,0.104,52.0,52.0
8193_7_13,笹倉ダム,2026-09-16T10:00,129.18,0.26,0.25,0.104,52.0,52.0
8193_7_13,笹倉ダム,2026-09-16T11:00,129.18,0.26,0.25,0.104,52.0,52.0
8193_7_13,笹倉ダム,2026-09-16T12:00,129.18,0.26,0.25,0.104,52.0,52.0
8193_7_13,笹倉ダム,2026-09-16T13:00,129.17,0.24,0.25,0.104,52.0,52.0
8193_7_13,笹倉ダム,2026-09-16T14:00,129.17,0.24,0.25,0.104,52.0,52.0
8193_7_13,笹倉ダム,2026-09-16T15:00,129.16,0.22,0.25,0.104,52.0,52.0
8193_7_13,笹倉ダム,2026-09-16T16:00,129.16,0.22,0.25,0.104,52.0,52.0
8193_7_14,大峠ダム,2026-09-16T09:00,99.4,0.48,0.46,0.0,,
8193_7_14,大峠ダム,2026-09-16T10:00,99.41,0.48,0.48,0.0,,
8193_7_14,大峠ダム,2026-09-16T11:00,99.42,0.47,0.51,0.0,,
8193_7_14,大峠ダム,2026-09-16T12:00,99.41,0.51,0.48,0.0,,
8193_7_14,大峠ダム,2026-09-16T13:00,99.41,0.48,0.48,0.0,,
8193_7_14,大峠ダム,2026-09-16T14:00,99.4,0.48,0.46,0.0,,
8193_7_14,大峠ダム,2026-09-16T15:00,99.41,0.48,0.48,0.0,,
8193_7_14,大峠ダム,2026-09-16T16:00,99.41,0.48,0.48,0.0,,
8193_7_16,益田川ダム,2026-09-16T09:00,36.3,1.79,1.73,0.001,,
8193_7_16,益田川ダム,2026-09-16T10:00,36.29,1.71,1.67,0.001,,
8193_7_16,益田川ダム,2026-09-16T11:00,36.29,1.71,1.67,0.001,,
8193_7_16,益田川ダム,2026-09-16T12:00,36.29,1.71,1.67,0.001,,
8193_7_16,益田川ダム,2026-09-16T13:00,36.29,1.71,1.67,0.001,,
8193_7_16,益田川ダム,2026-09-16T14:00,36.29,1.71,1.67,0.001,,
8193_7_16,益田川ダム,2026-09-16T15:00,36.28,1.67,1.61,0.001,,
8193_7_16,益田川ダム,2026-09-16T16:00,36.28,1.67,1.61,0.001,,
8193_7_17,第二浜田ダム,2026-09-16T09:00,58.18,0.39,0.39,0.559,86.0,86.0
8193_7_17,第二浜田ダム,2026-09-16T10:00,58.18,0.39,0.39,0.559,86.0,86.0
8193_7_17,第二浜田ダム,2026-09-16T11:00,58.18,0.39,0.4,0.559,86.0,86.0
8193_7_17,第二浜田ダム,2026-09-16T12:00,58.18,0.4,0.4,0.559,86.0,86.0
8193_7_17,第二浜田ダム,2026-09-16T13:00,58.18,0.4,0.4,0.559,86.0,86.0
8193_7_17,第二浜田ダム,2026-09-16T14:00,58.18,0.4,0.39,0.559,86.0,86.0
8193_7_17,第二浜田ダム,2026-09-16T15:00,58.18,0.4,0.39,0.559,86.0,86.0
8193_7_17,第二浜田ダム,2026-09-16T16:00,58.18,0.4,0.39,0.559,86.0,86.0
8193_7_18,波積ダム,2026-09-16T09:00,67.83,0.06,0.06,0.053,10.6,10.6
8193_7_18,波積ダム,2026-09-16T10:00,67.83,0.06,0.06,0.053,10.6,10.6
8193_7_18,波積ダム,2026-09-16T11:00,67.83,0.06,0.06,0.053,10.6,10.6
8193_7_18,波積ダム,2026-09-16T12:00,67.83,0.06,0.06,0.053,10.6,10.6
8193_7_18,波積ダム,2026-09-16T13:00,67.83,0.06,0.06,0.053,10.6,10.6
8193_7_18,波積ダム,2026-09-16T14:00,67.83,0.06,0.06,0.053,10.6,10.6
8193_7_18,波積ダム,2026-09-16T15:00,67.83,0.06,0.06,0.053,10.6,10.6
8193_7_18,波積ダム,2026-09-16T16:00,67.83,0.06,0.06,0.053,10.6,10.6
8193_7_2,山佐ダム,2026-09-16T09:00,191.25,0.92,0.89,1.038,94.4,94.4
8193_7_2,山佐ダム,2026-09-16T10:00,191.25,0.92,0.9,1.038,94.4,94.4
8193_7_2,山佐ダム,2026-09-16T11:00,191.25,0.92,0.89,1.038,94.4,94.4
8193_7_2,山佐ダム,2026-09-16T12:00,191.24,0.76,0.86,1.037,94.3,94.3
8193_7_2,山佐ダム,2026-09-16T13:00,191.24,0.76,0.86,1.037,94.3,94.3
8193_7_2,山佐ダム,2026-09-16T14:00,191.24,0.76,0.86,1.037,94.3,94.3
8193_7_2,山佐ダム,2026-09-16T15:00,191.23,0.74,0.83,1.036,94.2,94.2
8193_7_2,山佐ダム,2026-09-16T16:00,191.23,0.74,0.83,1.036,94.2,94.2
8193_7_3,三瓶ダム,2026-09-16T09:00,124.63,0.45,0.45,1.131,65.4,65.4
8193_7_3,三瓶ダム,2026-09-16T10:00,124.63,0.45,0.45,1.131,65.4,65.4
8193_7_3,三瓶ダム,2026-09-16T11:00,124.63,0.45,0.43,1.131,65.4,65.4
8193_7_3,三瓶ダム,2026-09-16T12:00,124.63,0.45,0.43,1.131,65.4,65.4
8193_7_3,三瓶ダム,2026-09-16T13:00,124.63,0.45,0.44,1.131,65.4,65.4
8193_7_3,三瓶ダム,2026-09-16T14:00,124.63,0.45,0.44,1.131,65.4,65.4
8193_7_3,三瓶ダム,2026-09-16T15:00,124.63,0.44,0.44,1.131,65.4,65.4
8193_7_3,三瓶ダム,2026-09-16T16:00,124.62,0.39,0.44,1.129,65.3,65.3
8193_7_4,八戸ダム,2026-09-16T09:00,105.37,1.3,6.59,4.262,82.0,21.0
8193_7_4,八戸ダム,2026-09-16T10:00,105.33,0.55,6.83,4.241,81.6,20.9
8193_7_4,八戸ダム,2026-09-16T11:00,105.29,0.81,6.5,4.221,81.2,20.8
8193_7_4,八戸ダム,2026-09-16T12:00,105.24,0.72,6.86,4.195,80.7,20.7
8193_7_4,八戸ダム,2026-09-16T13:00,105.2,0.35,6.54,4.174,80.3,20.6
8193_7_4,八戸ダム,2026-09-16T14:00,105.17,0.97,5.76,4.159,80.0,20.5
8193_7_4,八戸ダム,2026-09-16T15:00,105.17,1.19,0.54,4.159,80.0,20.5
8193_7_4,八戸ダム,2026-09-16T16:00,105.17,0.54,0.54,4.159,80.0,20.5
8193_7_5,浜田ダム,2026-09-16T09:00,107.97,0.5,0.5,0.006,,
8193_7_5,浜田ダム,2026-09-16T10:00,107.97,0.5,0.5,0.006,,
8193_7_5,浜田ダム,2026-09-16T11:00,107.97,0.5,0.5,0.006,,
8193_7_5,浜田ダム,2026-09-16T12:00,107.97,0.5,0.5,0.006,,
8193_7_5,浜田ダム,2026-09-16T13:00,107.97,0.5,0.5,0.006,,
8193_7_5,浜田ダム,2026-09-16T14:00,107.97,0.5,0.5,0.006,,
8193_7_5,浜田ダム,2026-09-16T15:00,107.97,0.5,0.5,0.006,,
8193_7_5,浜田ダム,2026-09-16T16:00,107.96,0.4,0.46,0.005,,
8193_7_600,嵯峨谷ダム,2026-09-16T09:00,254.36,1.34,1.34,0.0,,
8193_7_600,嵯峨谷ダム,2026-09-16T10:00,254.36,1.34,1.34,0.0,,
8193_7_600,嵯峨谷ダム,2026-09-16T11:00,254.36,1.34,1.34,0.0,,
8193_7_600,嵯峨谷ダム,2026-09-16T12:00,254.36,1.34,1.34,0.0,,
8193_7_600,嵯峨谷ダム,2026-09-16T13:00,254.36,1.34,1.34,0.0,,
8193_7_600,嵯峨谷ダム,2026-09-16T14:00,254.36,1.34,1.34,0.0,,
8193_7_600,嵯峨谷ダム,2026-09-16T15:00,254.36,1.34,1.34,0.0,,
8193_7_600,嵯峨谷ダム,2026-09-16T16:00,254.36,1.34,1.34,0.0,,
8193_7_601,津田川ダム,2026-09-16T09:00,85.13,0.07,0.07,0.002,,
8193_7_601,津田川ダム,2026-09-16T10:00,85.13,0.07,0.07,0.002,,
8193_7_601,津田川ダム,2026-09-16T11:00,85.13,0.07,0.07,0.002,,
8193_7_601,津田川ダム,2026-09-16T12:00,85.13,0.07,0.07,0.002,,
8193_7_601,津田川ダム,2026-09-16T13:00,85.13,0.07,0.07,0.002,,
8193_7_601,津田川ダム,2026-09-16T14:00,85.13,0.07,0.07,0.002,,
8193_7_601,津田川ダム,2026-09-16T15:00,85.13,0.07,0.07,0.002,,
8193_7_601,津田川ダム,2026-09-16T16:00,85.12,0.06,0.06,0.001,,
8193_7_602,清瀧ダム,2026-09-16T09:00,31.42,0.07,0.07,0.0,,
8193_7_602,清瀧ダム,2026-09-16T10:00,31.42,0.07,0.07,0.0,,
8193_7_602,清瀧ダム,2026-09-16T11:00,31.42,0.07,0.07,0.0,,
8193_7_602,清瀧ダム,2026-09-16T12:00,31.42,0.07,0.07,0.0,,
8193_7_602,清瀧ダム,2026-09-16T13:00,31.42,0.07,0.07,0.0,,
8193_7_602,清瀧ダム,2026-09-16T14:00,31.41,0.07,0.07,0.0,,
8193_7_602,清瀧ダム,2026-09-16T15:00,31.41,0.07,0.07,0.0,,
8193_7_602,清瀧ダム,2026-09-16T16:00,31.41,0.07,0.07,0.0,,
8193_7_603,三成ダム,2026-09-16T09:00,287.75,3.53,5.25,0.128,11.2,11.2
8193_7_603,三成ダム,2026-09-16T10:00,287.69,3.32,5.45,0.121,10.6,10.6
8193_7_603,三成ダム,2026-09-16T11:00,287.62,3.05,5.46,0.112,9.8,9.8
8193_7_603,三成ダム,2026-09-16T12:00,287.56,3.69,5.44,0.106,9.3,9.3
8193_7_603,三成ダム,2026-09-16T13:00,287.48,3.2,5.43,0.098,8.6,8.6
8193_7_603,三成ダム,2026-09-16T14:00,287.41,3.46,5.44,0.091,8.0,8.0
8193_7_603,三成ダム,2026-09-16T15:00,287.33,3.18,5.42,0.082,7.2,7.2
8193_7_603,三成ダム,2026-09-16T16:00,287.24,2.89,5.41,0.073,6.4,6.4
8193_7_604,木都賀ダム,2026-09-16T09:00,231.89,1.5,3.23,0.118,7.6,7.6
8193_7_604,木都賀ダム,2026-09-16T10:00,231.79,1.13,3.23,0.111,7.1,7.1
8193_7_604,木都賀ダム,2026-09-16T11:00,231.69,1.13,3.24,0.103,6.6,6.6
8193_7_604,木都賀ダム,2026-09-16T12:00,231.59,1.13,3.24,0.095,6.1,6.1
8193_7_604,木都賀ダム,2026-09-16T13:00,231.49,1.15,3.24,0.088,5.6,5.6
8193_7_604,木都賀ダム,2026-09-16T14:00,231.39,1.33,3.23,0.081,5.2,5.2
8193_7_604,木都賀ダム,2026-09-16T15:00,231.28,1.14,3.24,0.073,4.7,4.7
8193_7_604,木都賀ダム,2026-09-16T16:00,231.31,0.67,0.0,0.076,4.9,4.9
8193_7_7,御部ダム,2026-09-16T09:00,93.8,0.51,0.26,0.696,34.8,34.8
8193_7_7,御部ダム,2026-09-16T10:00,93.81,0.46,0.27,0.697,34.9,34.9
8193_7_7,御部ダム,2026-09-16T11:00,93.81,0.46,0.26,0.697,34.9,34.9
8193_7_7,御部ダム,2026-09-16T12:00,93.82,0.5,0.26,0.699,35.0,35.0
8193_7_7,御部ダム,2026-09-16T13:00,93.83,0.49,0.26,0.7,35.0,35.0
8193_7_7,御部ダム,2026-09-16T14:00,93.83,0.49,0.26,0.7,35.0,35.0
8193_7_7,御部ダム,2026-09-16T15:00,93.83,0.49,0.27,0.7,35.0,35.0
8193_7_7,御部ダム,2026-09-16T16:00,93.84,0.48,0.26,0.702,35.1,35.1
8193_7_9,銚子ダム,2026-09-16T09:00,56.53,0.51,0.61,0.886,84.4,84.4
8193_7_9,銚子ダム,2026-09-16T10:00,56.52,0.31,0.61,0.885,84.3,84.3
8193_7_9,銚子ダム,2026-09-16T11:00,56.51,0.28,0.61,0.884,84.2,84.2
8193_7_9,銚子ダム,2026-09-16T12:00,56.5,0.28,0.61,0.882,84.0,84.0
8193_7_9,銚子ダム,2026-09-16T13:00,56.5,0.37,0.3,0.882,84.0,84.0
8193_7_9,銚子ダム,2026-09-16T14:00,56.5,0.3,0.3,0.882,84.0,84.0
8193_7_9,銚子ダム,2026-09-16T15:00,56.5,0.3,0.3,0.882,84.0,84.0
8193_7_9,銚子ダム,2026-09-16T16:00,56.5,0.3,0.3,0.882,84.0,84.0
8193_7_1,布部ダム,2026-09-16T17:00,187.28,1.71,4.05,1.89,82.2,44.3
8193_7_1,布部ダム,2026-09-16T18:00,187.26,2.09,3.58,1.884,81.9,44.1
8193_7_1,布部ダム,2026-09-16T19:00,187.24,2.03,3.6,1.879,81.7,44.0
8193_7_1,布部ダム,2026-09-16T20:00,187.22,2.03,3.6,1.873,81.4,43.9
8193_7_1,布部ダム,2026-09-16T21:00,187.22,0.94,0.61,1.873,81.4,43.9
8193_7_1,布部ダム,2026-09-16T22:00,187.24,2.17,0.6,1.879,81.7,44.0
8193_7_10,美田ダム,2026-09-16T17:00,34.91,0.02,0.02,0.184,85.2,85.2
8193_7_10,美田ダム,2026-09-16T18:00,34.91,0.01,0.01,0.184,85.2,85.2
8193_7_10,美田ダム,2026-09-16T19:00,34.91,0.02,0.02,0.184,85.2,85.2
8193_7_10,美田ダム,2026-09-16T20:00,34.91,0.02,0.02,0.184,85.2,85.2
8193_7_10,美田ダム,2026-09-16T21:00,34.91,0.02,0.02,0.184,85.2,85.2
8193_7_10,美田ダム,2026-09-16T22:00,34.91,0.02,0.02,0.184,85.2,85.2
8193_7_11,大長見ダム,2026-09-16T17:00,154.6,0.25,1.45,3.623,84.3,84.3
8193_7_11,大長見ダム,2026-09-16T18:00,154.59,0.0,1.45,3.62,84.2,84.2
8193_7_11,大長見ダム,2026-09-16T19:00,154.58,1.45,1.45,3.616,84.1,84.1
8193_7_11,大長見ダム,2026-09-16T20:00,154.57,1.44,1.45,3.613,84.0,84.0
8193_7_11,大長見ダム,2026-09-16T21:00,154.55,0.0,1.44,3.606,83.9,83.9
8193_7_11,大長見ダム,2026-09-16T22:00,154.54,0.85,1.44,3.602,83.8,83.8
8193_7_13,笹倉ダム,2026-09-16T17:00,129.15,0.22,0.25,0.104,52.0,52.0
8193_7_13,笹倉ダム,2026-09-16T18:00,129.15,0.22,0.25,0.104,52.0,52.0
8193_7_13,笹倉ダム,2026-09-16T19:00,129.14,0.21,0.25,0.104,52.0,52.0
8193_7_13,笹倉ダム,2026-09-16T20:00,129.14,0.21,0.25,0.104,52.0,52.0
8193_7_13,笹倉ダム,2026-09-16T21:00,129.13,0.21,0.25,0.103,51.5,51.5
8193_7_13,笹倉ダム,2026-09-16T22:00,129.13,0.21,0.25,0.103,51.5,51.5
8193_7_14,大峠ダム,2026-09-16T17:00,99.43,0.48,0.53,0.0,,
8193_7_14,大峠ダム,2026-09-16T18:00,99.4,0.52,0.46,0.0,,
8193_7_14,大峠ダム,2026-09-16T19:00,99.4,0.46,0.46,0.0,,
8193_7_14,大峠ダム,2026-09-16T20:00,99.4,0.46,0.46,0.0,,
8193_7_14,大峠ダム,2026-09-16T21:00,99.4,0.46,0.46,0.0,,
8193_7_14,大峠ダム,2026-09-16T22:00,99.4,0.46,0.46,0.0,,
8193_7_16,益田川ダム,2026-09-16T17:00,36.28,1.67,1.61,0.001,,
8193_7_16,益田川ダム,2026-09-16T18:00,36.28,1.67,1.61,0.001,,
8193_7_16,益田川ダム,2026-09-16T19:00,36.28,1.57,1.61,0.001,,
8193_7_16,益田川ダム,2026-09-16T20:00,36.27,1.6,1.56,0.001,,
8193_7_16,益田川ダム,2026-09-16T21:00,36.27,1.6,1.56,0.001,,
8193_7_16,益田川ダム,2026-09-16T22:00,36.27,1.6,1.56,0.001,,
8193_7_17,第二浜田ダム,2026-09-16T17:00,58.18,0.39,0.39,0.559,86.0,86.0
8193_7_17,第二浜田ダム,2026-09-16T18:00,58.18,0.4,0.39,0.559,86.0,86.0
8193_7_17,第二浜田ダム,2026-09-16T19:00,58.18,0.39,0.4,0.559,86.0,86.0
8193_7_17,第二浜田ダム,2026-09-16T20:00,58.18,0.39,0.4,0.559,86.0,86.0
8193_7_17,第二浜田ダム,2026-09-16T21:00,58.18,0.39,0.39,0.559,86.0,86.0
8193_7_17,第二浜田ダム,2026-09-16T22:00,58.18,0.39,0.39,0.559,86.0,86.0
8193_7_18,波積ダム,2026-09-16T17:00,67.83,0.06,0.06,0.053,10.6,10.6
8193_7_18,波積ダム,2026-09-16T18:00,67.83,0.06,0.06,0.053,10.6,10.6
8193_7_18,波積ダム,2026-09-16T19:00,67.83,0.06,0.06,0.053,10.6,10.6
8193_7_18,波積ダム,2026-09-16T20:00,67.83,0.06,0.06,0.053,10.6,10.6
8193_7_18,波積ダム,2026-09-16T21:00,67.83,0.06,0.06,0.053,10.6,10.6
8193_7_18,波積ダム,2026-09-16T22:00,67.83,0.06,0.06,0.053,10.6,10.6
8193_7_2,山佐ダム,2026-09-16T17:00,191.23,0.74,0.84,1.036,94.2,94.2
8193_7_2,山佐ダム,2026-09-16T18:00,191.22,0.71,0.8,1.034,94.0,94.0
8193_7_2,山佐ダム,2026-09-16T19:00,191.22,0.71,0.8,1.034,94.0,94.0
8193_7_2,山佐ダム,2026-09-16T20:00,191.22,0.71,0.8,1.034,94.0,94.0
8193_7_2,山佐ダム,2026-09-16T21:00,191.21,0.67,0.78,1.033,93.9,93.9
8193_7_2,山佐ダム,2026-09-16T22:00,191.21,0.67,0.78,1.033,93.9,93.9
8193_7_3,三瓶ダム,2026-09-16T17:00,124.62,0.39,0.46,1.129,65.3,65.3
8193_7_3,三瓶ダム,2026-09-16T18:00,124.62,0.39,0.46,1.129,65.3,65.3
8193_7_3,三瓶ダム,2026-09-16T19:00,124.62,0.45,0.45,1.129,65.3,65.3
8193_7_3,三瓶ダム,2026-09-16T20:00,124.62,0.45,0.46,1.129,65.3,65.3
8193_7_3,三瓶ダム,2026-09-16T21:00,124.62,0.45,0.46,1.129,65.3,65.3
8193_7_3,三瓶ダム,2026-09-16T22:00,124.61,0.36,0.46,1.127,65.1,65.1
8193_7_4,八戸ダム,2026-09-16T17:00,105.18,1.97,0.54,4.164,80.1,20.5
8193_7_4,八戸ダム,2026-09-16T18:00,105.19,1.97,0.54,4.169,80.2,20.5
8193_7_4,八戸ダム,2026-09-16T19:00,105.2,1.97,0.54,4.174,80.3,20.6
8193_7_4,八戸ダム,2026-09-16T20:00,105.21,1.97,0.54,4.179,80.4,20.6
8193_7_4,八戸ダム,2026-09-16T21:00,105.22,0.97,0.54,4.185,80.5,20.6
8193_7_4,八戸ダム,2026-09-16T22:00,105.22,1.54,0.54,4.185,80.5,20.6
8193_7_5,浜田ダム,2026-09-16T17:00,107.96,0.42,0.46,0.005,,
8193_7_5,浜田ダム,2026-09-16T18:00,107.96,0.46,0.46,0.005,,
8193_7_5,浜田ダム,2026-09-16T19:00,107.96,0.46,0.46,0.005,,
8193_7_5,浜田ダム,2026-09-16T20:00,107.96,0.46,0.46,0.005,,
8193_7_5,浜田ダム,2026-09-16T21:00,107.96,0.46,0.46,0.005,,
8193_7_5,浜田ダム,2026-09-16T22:00,107.96,0.46,0.46,0.005,,
8193_7_600,嵯峨谷ダム,2026-09-16T17:00,254.36,1.34,1.34,0.0,,
8193_7_600,嵯峨谷ダム,2026-09-16T18:00,254.36,1.34,1.34,0.0,,
8193_7_600,嵯峨谷ダム,2026-09-16T19:00,254.36,1.34,1.34,0.0,,
8193_7_600,嵯峨谷ダム,2026-09-16T20:00,254.36,1.34,1.34,0.0,,
8193_7_600,嵯峨谷ダム,2026-09-16T21:00,254.36,1.34,1.34,0.0,,
8193_7_600,嵯峨谷ダム,2026-09-16T22:00,254.36,1.34,1.34,0.0,,
8193_7_601,津田川ダム,2026-09-16T17:00,85.12,0.06,0.06,0.001,,
8193_7_601,津田川ダム,2026-09-16T18:00,85.12,0.06,0.06,0.001,,
8193_7_601,津田川ダム,2026-09-16T19:00,85.12,0.06,0.06,0.001,,
8193_7_601,津田川ダム,2026-09-16T20:00,85.12,0.06,0.06,0.001,,
8193_7_601,津田川ダム,2026-09-16T21:00,85.12,0.06,0.06,0.001,,
8193_7_601,津田川ダム,2026-09-16T22:00,85.12,0.06,0.06,0.001,,
8193_7_602,清瀧ダム,2026-09-16T17:00,31.41,0.07,0.07,0.0,,
8193_7_602,清瀧ダム,2026-09-16T18:00,31.4,0.07,0.07,0.0,,
8193_7_602,清瀧ダム,2026-09-16T19:00,31.4,0.07,0.07,0.0,,
8193_7_602,清瀧ダム,2026-09-16T20:00,31.39,0.07,0.07,0.0,,
8193_7_602,清瀧ダム,2026-09-16T21:00,31.39,0.07,0.07,0.0,,
8193_7_602,清瀧ダム,2026-09-16T22:00,31.39,0.07,0.07,0.0,,
8193_7_603,三成ダム,2026-09-16T17:00,287.14,2.6,5.42,0.063,5.5,5.5
8193_7_603,三成ダム,2026-09-16T18:00,287.03,3.01,5.49,0.054,4.7,4.7
8193_7_603,三成ダム,2026-09-16T19:00,286.91,3.06,5.48,0.046,4.0,4.0
8193_7_603,三成ダム,2026-09-16T20:00,287.07,3.29,0.0,0.057,5.0,5.0
8193_7_603,三成ダム,2026-09-16T21:00,287.22,3.9,0.0,0.071,6.2,6.2
8193_7_603,三成ダム,2026-09-16T22:00,287.34,3.38,0.0,0.083,7.3,7.3
8193_7_604,木都賀ダム,2026-09-16T17:00,231.35,0.76,0.0,0.078,5.0,5.0
8193_7_604,木都賀ダム,2026-09-16T18:00,231.4,0.95,0.0,0.082,5.3,5.3
8193_7_604,木都賀ダム,2026-09-16T19:00,231.44,0.76,0.0,0.084,5.4,5.4
8193_7_604,木都賀ダム,2026-09-16T20:00,231.48,0.76,0.0,0.087,5.6,5.6
8193_7_604,木都賀ダム,2026-09-16T21:00,231.52,0.8,0.0,0.09,5.8,5.8
8193_7_604,木都賀ダム,2026-09-16T22:00,231.56,0.85,0.0,0.093,6.0,6.0
8193_7_7,御部ダム,2026-09-16T17:00,93.84,0.48,0.26,0.702,35.1,35.1
8193_7_7,御部ダム,2026-09-16T18:00,93.85,0.46,0.27,0.704,35.2,35.2
8193_7_7,御部ダム,2026-09-16T19:00,93.85,0.46,0.26,0.704,35.2,35.2
8193_7_7,御部ダム,2026-09-16T20:00,93.86,0.46,0.27,0.705,35.3,35.3
8193_7_7,御部ダム,2026-09-16T21:00,93.86,0.46,0.27,0.705,35.3,35.3
8193_7_7,御部ダム,2026-09-16T22:00,93.86,0.46,0.27,0.705,35.3,35.3
8193_7_9,銚子ダム,2026-09-16T17:00,56.5,0.3,0.3,0.882,84.0,84.0
8193_7_9,銚子ダム,2026-09-16T18:00,56.5,0.3,0.3,0.882,84.0,84.0
8193_7_9,銚子ダム,2026-09-16T19:00,56.5,0.3,0.3,0.882,84.0,84.0
8193_7_9,銚子ダム,2026-09-16T20:00,56.5,0.2,0.3,0.882,84.0,84.0
8193_7_9,銚子ダム,2026-09-16T21:00,56.5,0.2,0.3,0.882,84.0,84.0
8193_7_9,銚子ダム,2026-09-16T22:00,56.49,0.17,0.3,0.881,83.9,83.9
8193_7_1,布部ダム,2026-09-17T00:00,187.28,2.09,0.61,1.89,82.2,44.3
8193_7_1,布部ダム,2026-09-17T01:00,187.3,2.17,0.61,1.895,82.4,44.4
8193_7_1,布部ダム,2026-09-17T02:00,187.32,2.17,0.61,1.901,82.7,44.5
8193_7_1,布部ダム,2026-09-17T03:00,187.34,2.17,0.6,1.907,82.9,44.7
8193_7_10,美田ダム,2026-09-17T00:00,34.91,0.02,0.02,0.184,85.2,85.2
8193_7_10,美田ダム,2026-09-17T01:00,34.91,0.01,0.01,0.184,85.2,85.2
8193_7_10,美田ダム,2026-09-17T02:00,34.91,0.01,0.01,0.184,85.2,85.2
8193_7_10,美田ダム,2026-09-17T03:00,34.91,0.02,0.02,0.184,85.2,85.2
8193_7_11,大長見ダム,2026-09-17T00:00,154.52,1.45,1.44,3.595,83.6,83.6
8193_7_11,大長見ダム,2026-09-17T01:00,154.5,0.0,1.45,3.588,83.4,83.4
8193_7_11,大長見ダム,2026-09-17T02:00,154.49,1.44,1.44,3.584,83.3,83.3
8193_7_11,大長見ダム,2026-09-17T03:00,154.48,1.44,1.44,3.58,83.3,83.3
8193_7_13,笹倉ダム,2026-09-17T00:00,129.11,0.21,0.25,0.103,51.5,51.5
8193_7_13,笹倉ダム,2026-09-17T01:00,129.11,0.21,0.25,0.103,51.5,51.5
8193_7_13,笹倉ダム,2026-09-17T02:00,129.1,0.21,0.24,0.103,51.5,51.5
8193_7_13,笹倉ダム,2026-09-17T03:00,129.1,0.21,0.25,0.103,51.5,51.5
8193_7_14,大峠ダム,2026-09-17T00:00,99.4,0.46,0.46,0.0,,
8193_7_14,大峠ダム,2026-09-17T01:00,99.4,0.46,0.46,0.0,,
8193_7_14,大峠ダム,2026-09-17T02:00,99.4,0.46,0.46,0.0,,
8193_7_14,大峠ダム,2026-09-17T03:00,99.4,0.46,0.46,0.0,,
8193_7_16,益田川ダム,2026-09-17T00:00,36.27,1.6,1.56,0.001,,
8193_7_16,益田川ダム,2026-09-17T01:00,36.27,1.6,1.56,0.001,,
8193_7_16,益田川ダム,2026-09-17T02:00,36.26,1.56,1.5,0.001,,
8193_7_16,益田川ダム,2026-09-17T03:00,36.26,1.51,1.5,0.001,,
8193_7_17,第二浜田ダム,2026-09-17T00:00,58.18,0.39,0.4,0.559,86.0,86.0
8193_7_17,第二浜田ダム,2026-09-17T01:00,58.18,0.39,0.39,0.559,86.0,86.0
8193_7_17,第二浜田ダム,2026-09-17T02:00,58.18,0.39,0.39,0.559,86.0,86.0
8193_7_17,第二浜田ダム,2026-09-17T03:00,58.18,0.39,0.39,0.559,86.0,86.0
8193_7_18,波積ダム,2026-09-17T00:00,67.83,0.06,0.06,0.053,10.6,10.6
8193_7_18,波積ダム,2026-09-17T01:00,67.83,0.06,0.06,0.053,10.6,10.6
8193_7_18,波積ダム,2026-09-17T02:00,67.83,0.06,0.06,0.053,10.6,10.6
8193_7_18,波積ダム,2026-09-17T03:00,67.83,0.06,0.06,0.053,10.6,10.6
8193_7_2,山佐ダム,2026-09-17T00:00,191.21,0.67,0.78,1.033,93.9,93.9
8193_7_2,山佐ダム,2026-09-17T01:00,191.2,0.67,0.79,1.031,93.7,93.7
8193_7_2,山佐ダム,2026-09-17T02:00,191.2,0.67,0.79,1.031,93.7,93.7
8193_7_2,山佐ダム,2026-09-17T03:00,191.19,0.65,0.73,1.03,93.6,93.6
8193_7_3,三瓶ダム,2026-09-17T00:00,124.61,0.36,0.45,1.127,65.1,65.1
8193_7_3,三瓶ダム,2026-09-17T01:00,124.61,0.46,0.46,1.127,65.1,65.1
8193_7_3,三瓶ダム,2026-09-17T02:00,124.61,0.46,0.46,1.127,65.1,65.1
8193_7_3,三瓶ダム,2026-09-17T03:00,124.61,0.46,0.45,1.127,65.1,65.1
8193_7_4,八戸ダム,2026-09-17T00:00,105.24,1.97,0.54,4.195,80.7,20.7
8193_7_4,八戸ダム,2026-09-17T01:00,105.25,1.83,0.54,4.2,80.8,20.7
8193_7_4,八戸ダム,2026-09-17T02:00,105.25,0.68,0.54,4.2,80.8,20.7
8193_7_4,八戸ダム,2026-09-17T03:00,105.26,1.97,0.54,4.205,80.9,20.7
8193_7_5,浜田ダム,2026-09-17T00:00,107.96,0.46,0.46,0.005,,
8193_7_5,浜田ダム,2026-09-17T01:00,107.96,0.46,0.46,0.005,,
8193_7_5,浜田ダム,2026-09-17T02:00,107.96,0.46,0.46,0.005,,
8193_7_5,浜田ダム,2026-09-17T03:00,107.96,0.46,0.46,0.005,,
8193_7_600,嵯峨谷ダム,2026-09-17T00:00,254.36,1.34,1.34,0.0,,
8193_7_600,嵯峨谷ダム,2026-09-17T01:00,254.36,1.34,1.34,0.0,,
8193_7_600,嵯峨谷ダム,2026-09-17T02:00,254.36,1.34,1.34,0.0,,
8193_7_600,嵯峨谷ダム,2026-09-17T03:00,254.36,1.34,1.34,0.0,,
8193_7_601,津田川ダム,2026-09-17T00:00,85.12,0.06,0.06,0.001,,
8193_7_601,津田川ダム,2026-09-17T01:00,85.12,0.06,0.06,0.001,,
8193_7_601,津田川ダム,2026-09-17T02:00,85.12,0.06,0.06,0.001,,
8193_7_601,津田川ダム,2026-09-17T03:00,85.12,0.06,0.06,0.001,,
8193_7_602,清瀧ダム,2026-09-17T00:00,31.38,0.07,0.07,0.0,,
8193_7_602,清瀧ダム,2026-09-17T01:00,31.37,0.07,0.07,0.0,,
8193_7_602,清瀧ダム,2026-09-17T02:00,31.37,0.07,0.07,0.0,,
8193_7_602,清瀧ダム,2026-09-17T03:00,31.37,0.07,0.07,0.0,,
8193_7_603,三成ダム,2026-09-17T00:00,287.55,2.81,0.0,0.105,9.2,9.2
8193_7_603,三成ダム,2026-09-17T01:00,287.65,3.07,0.0,0.116,10.2,10.2
8193_7_603,三成ダム,2026-09-17T02:00,287.73,2.76,0.0,0.126,11.1,11.1
8193_7_603,三成ダム,2026-09-17T03:00,287.82,3.1,0.0,0.137,12.0,12.0
8193_7_604,木都賀ダム,2026-09-17T00:00,231.63,0.85,0.0,0.098,6.3,6.3
8193_7_604,木都賀ダム,2026-09-17T01:00,231.67,0.85,0.0,0.102,6.5,6.5
8193_7_604,木都賀ダム,2026-09-17T02:00,231.7,0.63,0.0,0.104,6.7,6.7
8193_7_604,木都賀ダム,2026-09-17T03:00,231.74,0.85,0.0,0.107,6.9,6.9
8193_7_7,御部ダム,2026-09-17T00:00,93.87,0.46,0.26,0.707,35.4,35.4
8193_7_7,御部ダム,2026-09-17T01:00,93.88,0.44,0.26,0.709,35.5,35.5
8193_7_7,御部ダム,2026-09-17T02:00,93.88,0.44,0.26,0.709,35.5,35.5
8193_7_7,御部ダム,2026-09-17T03:00,93.88,0.44,0.27,0.709,35.5,35.5
8193_7_9,銚子ダム,2026-09-17T00:00,56.49,0.3,0.3,0.881,83.9,83.9
8193_7_9,銚子ダム,2026-09-17T01:00,56.49,0.3,0.3,0.881,83.9,83.9
8193_7_9,銚子ダム,2026-09-17T02:00,56.48,0.14,0.3,0.88,83.8,83.8
8193_7_9,銚子ダム,2026-09-17T03:00,56.48,0.14,0.3,0.88,83.8,83.8
8193_7_1,布部ダム,2026-09-17T04:00,187.36,2.17,0.6,1.912,83.1,44.8
8193_7_1,布部ダム,2026-09-17T05:00,187.38,2.17,0.61,1.918,83.4,44.9
8193_7_1,布部ダム,2026-09-17T06:00,187.4,2.17,0.61,1.924,83.7,45.1
8193_7_1,布部ダム,2026-09-17T07:00,187.42,2.01,0.61,1.929,83.9,45.2
8193_7_1,布部ダム,2026-09-17T08:00,187.43,1.55,0.6,1.932,84.0,45.2
8193_7_10,美田ダム,2026-09-17T04:00,34.91,0.02,0.02,0.184,85.2,85.2
8193_7_10,美田ダム,2026-09-17T05:00,34.91,0.01,0.01,0.184,85.2,85.2
8193_7_10,美田ダム,2026-09-17T06:00,34.91,0.01,0.01,0.184,85.2,85.2
8193_7_10,美田ダム,2026-09-17T07:00,34.91,0.02,0.02,0.184,85.2,85.2
8193_7_10,美田ダム,2026-09-17T08:00,34.91,0.02,0.02,0.184,85.2,85.2
8193_7_11,大長見ダム,2026-09-17T04:00,154.46,0.0,1.45,3.573,83.1,83.1
8193_7_11,大長見ダム,2026-09-17T05:00,154.45,0.85,1.44,3.57,83.0,83.0
8193_7_11,大長見ダム,2026-09-17T06:00,154.44,1.44,1.44,3.566,82.9,82.9
8193_7_11,大長見ダム,2026-09-17T07:00,154.43,1.44,1.44,3.563,82.9,82.9
8193_7_11,大長見ダム,2026-09-17T08:00,154.41,0.0,1.44,3.555,82.7,82.7
8193_7_13,笹倉ダム,2026-09-17T04:00,129.09,0.21,0.25,0.102,51.0,51.0
8193_7_13,笹倉ダム,2026-09-17T05:00,129.08,0.21,0.25,0.102,51.0,51.0
8193_7_13,笹倉ダム,2026-09-17T06:00,129.08,0.21,0.25,0.102,51.0,51.0
8193_7_13,笹倉ダム,2026-09-17T07:00,129.07,0.21,0.25,0.102,51.0,51.0
8193_7_13,笹倉ダム,2026-09-17T08:00,129.06,0.2,0.25,0.102,51.0,51.0
8193_7_14,大峠ダム,2026-09-17T04:00,99.4,0.46,0.46,0.0,,
8193_7_14,大峠ダム,2026-09-17T05:00,99.39,0.46,0.44,0.0,,
8193_7_14,大峠ダム,2026-09-17T06:00,99.4,0.45,0.46,0.0,,
8193_7_14,大峠ダム,2026-09-17T07:00,99.4,0.45,0.46,0.0,,
8193_7_14,大峠ダム,2026-09-17T08:00,99.4,0.46,0.46,0.0,,
8193_7_16,益田川ダム,2026-09-17T04:00,36.26,1.51,1.5,0.001,,
8193_7_16,益田川ダム,2026-09-17T05:00,36.26,1.51,1.5,0.001,,
8193_7_16,益田川ダム,2026-09-17T06:00,36.26,1.51,1.5,0.001,,
8193_7_16,益田川ダム,2026-09-17T07:00,36.26,1.51,1.5,0.001,,
8193_7_16,益田川ダム,2026-09-17T08:00,36.26,1.51,1.5,0.001,,
8193_7_17,第二浜田ダム,2026-09-17T04:00,58.18,0.39,0.39,0.559,86.0,86.0
8193_7_17,第二浜田ダム,2026-09-17T05:00,58.18,0.39,0.4,0.559,86.0,86.0
8193_7_17,第二浜田ダム,2026-09-17T06:00,58.18,0.39,0.39,0.559,86.0,86.0
8193_7_17,第二浜田ダム,2026-09-17T07:00,58.18,0.39,0.39,0.559,86.0,86.0
8193_7_17,第二浜田ダム,2026-09-17T08:00,58.18,0.39,0.4,0.559,86.0,86.0
8193_7_18,波積ダム,2026-09-17T04:00,67.83,0.06,0.06,0.053,10.6,10.6
8193_7_18,波積ダム,2026-09-17T05:00,67.83,0.06,0.06,0.053,10.6,10.6
8193_7_18,波積ダム,2026-09-17T06:00,67.83,0.06,0.06,0.053,10.6,10.6
8193_7_18,波積ダム,2026-09-17T07:00,67.83,0.06,0.06,0.053,10.6,10.6
8193_7_18,波積ダム,2026-09-17T08:00,67.83,0.06,0.06,0.053,10.6,10.6
8193_7_2,山佐ダム,2026-09-17T04:00,191.19,0.65,0.74,1.03,93.6,93.6
8193_7_2,山佐ダム,2026-09-17T05:00,191.19,0.65,0.73,1.03,93.6,93.6
8193_7_2,山佐ダム,2026-09-17T06:00,191.19,0.65,0.74,1.03,93.6,93.6
8193_7_2,山佐ダム,2026-09-17T07:00,191.18,0.64,0.69,1.029,93.5,93.5
8193_7_2,山佐ダム,2026-09-17T08:00,191.18,0.64,0.69,1.029,93.5,93.5
8193_7_3,三瓶ダム,2026-09-17T04:00,124.6,0.37,0.46,1.125,65.0,65.0
8193_7_3,三瓶ダム,2026-09-17T05:00,124.6,0.37,0.46,1.125,65.0,65.0
8193_7_3,三瓶ダム,2026-09-17T06:00,124.6,0.37,0.45,1.125,65.0,65.0
8193_7_3,三瓶ダム,2026-09-17T07:00,124.6,0.45,0.45,1.125,65.0,65.0
8193_7_3,三瓶ダム,2026-09-17T08:00,124.6,0.45,0.45,1.125,65.0,65.0
8193_7_4,八戸ダム,2026-09-17T04:00,105.27,1.97,0.54,4.21,81.0,20.7
8193_7_4,八戸ダム,2026-09-17T05:00,105.28,1.83,0.54,4.215,81.1,20.8
8193_7_4,八戸ダム,2026-09-17T06:00,105.28,0.68,0.54,4.215,81.1,20.8
8193_7_4,八戸ダム,2026-09-17T07:00,105.29,1.97,0.54,4.221,81.2,20.8
8193_7_4,八戸ダム,2026-09-17T08:00,105.3,1.97,0.54,4.226,81.3,20.8
8193_7_5,浜田ダム,2026-09-17T04:00,107.96,0.46,0.46,0.005,,
8193_7_5,浜田ダム,2026-09-17T05:00,107.96,0.46,0.46,0.005,,
8193_7_5,浜田ダム,2026-09-17T06:00,107.96,0.46,0.46,0.005,,
8193_7_5,浜田ダム,2026-09-17T07:00,107.96,0.46,0.46,0.005,,
8193_7_5,浜田ダム,2026-09-17T08:00,107.96,0.46,0.46,0.005,,
8193_7_600,嵯峨谷ダム,2026-09-17T04:00,254.36,1.34,1.34,0.0,,
8193_7_600,嵯峨谷ダム,2026-09-17T05:00,254.36,1.34,1.34,0.0,,
8193_7_600,嵯峨谷ダム,2026-09-17T06:00,254.36,1.34,1.34,0.0,,
8193_7_600,嵯峨谷ダム,2026-09-17T07:00,254.36,1.34,1.34,0.0,,
8193_7_600,嵯峨谷ダム,2026-09-17T08:00,254.36,1.34,1.34,0.0,,
8193_7_601,津田川ダム,2026-09-17T04:00,85.12,0.06,0.06,0.001,,
8193_7_601,津田川ダム,2026-09-17T05:00,85.12,0.06,0.06,0.001,,
8193_7_601,津田川ダム,2026-09-17T06:00,85.12,0.06,0.06,0.001,,
8193_7_601,津田川ダム,2026-09-17T07:00,85.12,0.06,0.06,0.001,,
8193_7_601,津田川ダム,2026-09-17T08:00,85.12,0.06,0.06,0.001,,
8193_7_602,清瀧ダム,2026-09-17T04:00,31.36,0.07,0.07,0.0,,
8193_7_602,清瀧ダム,2026-09-17T05:00,31.36,0.07,0.07,0.0,,
8193_7_602,清瀧ダム,2026-09-17T06:00,31.36,0.07,0.07,0.0,,
8193_7_602,清瀧ダム,2026-09-17T07:00,31.35,0.07,0.07,0.0,,
8193_7_602,清瀧ダム,2026-09-17T08:00,31.35,0.07,0.07,0.0,,
8193_7_603,三成ダム,2026-09-17T04:00,287.9,2.76,0.0,0.147,12.9,12.9
8193_7_603,三成ダム,2026-09-17T05:00,287.97,2.41,0.0,0.155,13.6,13.6
8193_7_603,三成ダム,2026-09-17T06:00,288.04,2.41,0.0,0.164,14.4,14.4
8193_7_603,三成ダム,2026-09-17T07:00,288.12,2.79,0.0,0.174,15.3,15.3
8193_7_603,三成ダム,2026-09-17T08:00,288.19,2.71,1.68,0.184,16.2,16.2
8193_7_604,木都賀ダム,2026-09-17T04:00,231.78,0.85,0.0,0.11,7.1,7.1
8193_7_604,木都賀ダム,2026-09-17T05:00,231.81,0.63,0.0,0.112,7.2,7.2
8193_7_604,木都賀ダム,2026-09-17T06:00,231.85,0.85,0.0,0.115,7.4,7.4
8193_7_604,木都賀ダム,2026-09-17T07:00,231.88,0.63,0.0,0.118,7.6,7.6
8193_7_604,木都賀ダム,2026-09-17T08:00,231.91,0.67,1.28,0.12,7.7,7.7
8193_7_7,御部ダム,2026-09-17T04:00,93.89,0.45,0.26,0.71,35.5,35.5
8193_7_7,御部ダム,2026-09-17T05:00,93.89,0.45,0.27,0.71,35.5,35.5
8193_7_7,御部ダム,2026-09-17T06:00,93.9,0.43,0.27,0.712,35.6,35.6
8193_7_7,御部ダム,2026-09-17T07:00,93.9,0.43,0.26,0.712,35.6,35.6
8193_7_7,御部ダム,2026-09-17T08:00,93.9,0.43,0.26,0.712,35.6,35.6
8193_7_9,銚子ダム,2026-09-17T04:00,56.48,0.3,0.3,0.88,83.8,83.8
8193_7_9,銚子ダム,2026-09-17T05:00,56.48,0.3,0.3,0.88,83.8,83.8
8193_7_9,銚子ダム,2026-09-17T06:00,56.47,0.07,0.3,0.879,83.7,83.7
8193_7_9,銚子ダム,2026-09-17T07:00,56.47,0.2,0.3,0.879,83.7,83.7
8193_7_9,銚子ダム,2026-09-17T08:00,56.47,0.3,0.17,0.879,83.7,83.7
8193_7_1,布部ダム,2026-09-17T09:00,187.45,2.17,0.61,1.938,84.3,45.4
8193_7_1,布部ダム,2026-09-17T10:00,187.47,2.17,0.6,1.943,84.5,45.5
8193_7_1,布部ダム,2026-09-17T11:00,187.49,2.17,0.61,1.949,84.7,45.6
8193_7_1,布部ダム,2026-09-17T12:00,187.5,1.75,1.52,1.952,84.9,45.7
8193_7_1,布部ダム,2026-09-17T13:00,187.49,2.62,3.16,1.949,84.7,45.6
8193_7_1,布部ダム,2026-09-17T14:00,187.47,1.51,3.15,1.943,84.5,45.5
8193_7_1,布部ダム,2026-09-17T15:00,187.46,1.75,3.15,1.94,84.3,45.4
8193_7_1,布部ダム,2026-09-17T16:00,187.44,1.59,3.15,1.935,84.1,45.3
8193_7_10,美田ダム,2026-09-17T09:00,34.9,0.02,0.02,0.184,85.2,85.2
8193_7_10,美田ダム,2026-09-17T10:00,34.9,0.02,0.02,0.184,85.2,85.2
8193_7_10,美田ダム,2026-09-17T11:00,34.9,0.01,0.01,0.184,85.2,85.2
8193_7_10,美田ダム,2026-09-17T12:00,34.9,0.02,0.02,0.184,85.2,85.2
8193_7_10,美田ダム,2026-09-17T13:00,34.9,0.02,0.02,0.184,85.2,85.2
8193_7_10,美田ダム,2026-09-17T14:00,34.9,0.02,0.02,0.184,85.2,85.2
8193_7_10,美田ダム,2026-09-17T15:00,34.9,0.01,0.01,0.184,85.2,85.2
8193_7_10,美田ダム,2026-09-17T16:00,34.89,0.01,0.02,0.184,85.2,85.2
8193_7_11,大長見ダム,2026-09-17T09:00,154.4,1.44,1.44,3.552,82.6,82.6
8193_7_11,大長見ダム,2026-09-17T10:00,154.38,0.85,1.44,3.545,82.4,82.4
8193_7_11,大長見ダム,2026-09-17T11:00,154.37,0.0,1.44,3.541,82.3,82.3
8193_7_11,大長見ダム,2026-09-17T12:00,154.36,1.44,1.44,3.537,82.3,82.3
8193_7_11,大長見ダム,2026-09-17T13:00,154.35,1.44,1.44,3.534,82.2,82.2
8193_7_11,大長見ダム,2026-09-17T14:00,154.33,0.0,1.44,3.527,82.0,82.0
8193_7_11,大長見ダム,2026-09-17T15:00,154.32,1.44,1.44,3.523,81.9,81.9
8193_7_11,大長見ダム,2026-09-17T16:00,154.31,1.44,1.44,3.52,81.9,81.9
8193_7_13,笹倉ダム,2026-09-17T09:00,129.06,0.2,0.25,0.102,51.0,51.0
8193_7_13,笹倉ダム,2026-09-17T10:00,129.05,0.21,0.25,0.102,51.0,51.0
8193_7_13,笹倉ダム,2026-09-17T11:00,129.04,0.2,0.25,0.101,50.5,50.5
8193_7_13,笹倉ダム,2026-09-17T12:00,129.04,0.2,0.24,0.101,50.5,50.5
8193_7_13,笹倉ダム,2026-09-17T13:00,129.03,0.2,0.25,0.101,50.5,50.5
8193_7_13,笹倉ダム,2026-09-17T14:00,129.02,0.2,0.24,0.101,50.5,50.5
8193_7_13,笹倉ダム,2026-09-17T15:00,129.01,0.19,0.25,0.101,50.5,50.5
8193_7_13,笹倉ダム,2026-09-17T16:00,129.0,0.19,0.25,0.1,50.0,50.0
8193_7_14,大峠ダム,2026-09-17T09:00,99.39,0.46,0.44,0.0,,
8193_7_14,大峠ダム,2026-09-17T10:00,99.38,0.44,0.42,0.0,,
8193_7_14,大峠ダム,2026-09-17T11:00,99.39,0.44,0.44,0.0,,
8193_7_14,大峠ダム,2026-09-17T12:00,99.4,0.43,0.46,0.0,,
8193_7_14,大峠ダム,2026-09-17T13:00,99.4,0.43,0.46,0.0,,
8193_7_14,大峠ダム,2026-09-17T14:00,99.39,0.43,0.44,0.0,,
8193_7_14,大峠ダム,2026-09-17T15:00,99.39,0.46,0.44,0.0,,
8193_7_14,大峠ダム,2026-09-17T16:00,99.39,0.46,0.44,0.0,,
8193_7_16,益田川ダム,2026-09-17T09:00,36.26,1.51,1.5,0.001,,
8193_7_16,益田川ダム,2026-09-17T10:00,36.26,1.51,1.5,0.001,,
8193_7_16,益田川ダム,2026-09-17T11:00,36.26,1.51,1.5,0.001,,
8193_7_16,益田川ダム,2026-09-17T12:00,36.25,1.49,1.44,0.001,,
8193_7_16,益田川ダム,2026-09-17T13:00,36.25,1.49,1.44,0.001,,
8193_7_16,益田川ダム,2026-09-17T14:00,36.25,1.49,1.44,0.001,,
8193_7_16,益田川ダム,2026-09-17T15:00,36.25,1.49,1.44,0.001,,
8193_7_16,益田川ダム,2026-09-17T16:00,36.25,1.49,1.44,0.001,,
8193_7_17,第二浜田ダム,2026-09-17T09:00,58.18,0.39,0.4,0.559,86.0,86.0
8193_7_17,第二浜田ダム,2026-09-17T10:00,58.18,0.39,0.39,0.559,86.0,86.0
8193_7_17,第二浜田ダム,2026-09-17T11:00,58.18,0.39,0.39,0.559,86.0,86.0
8193_7_17,第二浜田ダム,2026-09-17T12:00,58.18,0.39,0.4,0.559,86.0,86.0
8193_7_17,第二浜田ダム,2026-09-17T13:00,58.18,0.39,0.39,0.559,86.0,86.0
8193_7_17,第二浜田ダム,2026-09-17T14:00,58.18,0.39,0.38,0.559,86.0,86.0
8193_7_17,第二浜田ダム,2026-09-17T15:00,58.17,0.0,0.39,0.557,85.7,85.7
8193_7_17,第二浜田ダム,2026-09-17T16:00,58.17,0.39,0.39,0.557,85.7,85.7
8193_7_18,波積ダム,2026-09-17T09:00,67.83,0.06,0.06,0.053,10.6,10.6
8193_7_18,波積ダム,2026-09-17T10:00,67.83,0.06,0.06,0.053,10.6,10.6
8193_7_18,波積ダム,2026-09-17T11:00,67.83,0.06,0.06,0.053,10.6,10.6
8193_7_18,波積ダム,2026-09-17T12:00,67.83,0.06,0.06,0.053,10.6,10.6
8193_7_18,波積ダム,2026-09-17T13:00,67.83,0.06,0.06,0.053,10.6,10.6
8193_7_18,波積ダム,2026-09-17T14:00,67.83,0.06,0.06,0.053,10.6,10.6
8193_7_18,波積ダム,2026-09-17T15:00,67.83,0.06,0.06,0.053,10.6,10.6
8193_7_18,波積ダム,2026-09-17T16:00,67.82,0.05,0.06,0.052,10.4,10.4
8193_7_2,山佐ダム,2026-09-17T09:00,191.18,0.64,0.69,1.029,93.5,93.5
8193_7_2,山佐ダム,2026-09-17T10:00,191.18,0.64,0.69,1.029,93.5,93.5
8193_7_2,山佐ダム,2026-09-17T11:00,191.18,0.64,0.69,1.029,93.5,93.5
8193_7_2,山佐ダム,2026-09-17T12:00,191.17,0.6,0.65,1.027,93.4,93.4
8193_7_2,山佐ダム,2026-09-17T13:00,191.17,0.6,0.65,1.027,93.4,93.4
8193_7_2,山佐ダム,2026-09-17T14:00,191.17,0.6,0.65,1.027,93.4,93.4
8193_7_2,山佐ダム,2026-09-17T15:00,191.17,0.6,0.64,1.027,93.4,93.4
8193_7_2,山佐ダム,2026-09-17T16:00,191.17,0.6,0.65,1.027,93.4,93.4
8193_7_3,三瓶ダム,2026-09-17T09:00,124.6,0.45,0.46,1.125,65.0,65.0
8193_7_3,三瓶ダム,2026-09-17T10:00,124.6,0.45,0.45,1.125,65.0,65.0
8193_7_3,三瓶ダム,2026-09-17T11:00,124.59,0.37,0.43,1.123,64.9,64.9
8193_7_3,三瓶ダム,2026-09-17T12:00,124.59,0.37,0.44,1.123,64.9,64.9
8193_7_3,三瓶ダム,2026-09-17T13:00,124.59,0.37,0.43,1.123,64.9,64.9
8193_7_3,三瓶ダム,2026-09-17T14:00,124.59,0.44,0.43,1.123,64.9,64.9
8193_7_3,三瓶ダム,2026-09-17T15:00,124.59,0.44,0.44,1.123,64.9,64.9
8193_7_3,三瓶ダム,2026-09-17T16:00,124.59,0.44,0.43,1.123,64.9,64.9
8193_7_4,八戸ダム,2026-09-17T09:00,105.27,0.34,6.6,4.21,81.0,20.7
8193_7_4,八戸ダム,2026-09-17T10:00,105.22,0.61,6.67,4.185,80.5,20.6
8193_7_4,八戸ダム,2026-09-17T11:00,105.18,0.2,6.66,4.164,80.1,20.5
8193_7_4,八戸ダム,2026-09-17T12:00,105.14,0.35,6.65,4.143,79.7,20.4
8193_7_4,八戸ダム,2026-09-17T13:00,105.09,0.2,6.68,4.117,79.2,20.3
8193_7_4,八戸ダム,2026-09-17T14:00,105.05,0.21,6.66,4.097,78.8,20.2
8193_7_4,八戸ダム,2026-09-17T15:00,105.01,0.36,5.77,4.076,78.4,20.1
8193_7_4,八戸ダム,2026-09-17T16:00,105.01,1.19,0.54,4.076,78.4,20.1
8193_7_5,浜田ダム,2026-09-17T09:00,107.96,0.46,0.46,0.005,,
8193_7_5,浜田ダム,2026-09-17T10:00,107.96,0.46,0.46,0.005,,
8193_7_5,浜田ダム,2026-09-17T11:00,107.96,0.46,0.46,0.005,,
8193_7_5,浜田ダム,2026-09-17T12:00,107.96,0.46,0.46,0.005,,
8193_7_5,浜田ダム,2026-09-17T13:00,107.96,0.46,0.46,0.005,,
8193_7_5,浜田ダム,2026-09-17T14:00,107.96,0.46,0.46,0.005,,
8193_7_5,浜田ダム,2026-09-17T15:00,107.95,0.45,0.42,0.005,,
8193_7_5,浜田ダム,2026-09-17T16:00,107.95,0.32,0.42,0.005,,
8193_7_600,嵯峨谷ダム,2026-09-17T09:00,254.36,1.34,1.34,0.0,,
8193_7_600,嵯峨谷ダム,2026-09-17T10:00,254.36,1.34,1.34,0.0,,
8193_7_600,嵯峨谷ダム,2026-09-17T11:00,254.35,1.29,1.29,0.0,,
8193_7_600,嵯峨谷ダム,2026-09-17T12:00,254.35,1.29,1.29,0.0,,
8193_7_600,嵯峨谷ダム,2026-09-17T13:00,254.35,1.29,1.29,0.0,,
8193_7_600,嵯峨谷ダム,2026-09-17T14:00,254.35,1.29,1.29,0.0,,
8193_7_600,嵯峨谷ダム,2026-09-17T15:00,254.35,1.29,1.29,0.0,,
8193_7_600,嵯峨谷ダム,2026-09-17T16:00,254.35,1.29,1.29,0.0,,
8193_7_601,津田川ダム,2026-09-17T09:00,85.12,0.06,0.06,0.001,,
8193_7_601,津田川ダム,2026-09-17T10:00,85.12,0.06,0.06,0.001,,
8193_7_601,津田川ダム,2026-09-17T11:00,85.12,0.06,0.06,0.001,,
8193_7_601,津田川ダム,2026-09-17T12:00,85.12,0.06,0.06,0.001,,
8193_7_601,津田川ダム,2026-09-17T13:00,85.12,0.06,0.06,0.001,,
8193_7_601,津田川ダム,2026-09-17T14:00,85.12,0.06,0.06,0.001,,
8193_7_601,津田川ダム,2026-09-17T15:00,85.12,0.06,0.06,0.001,,
8193_7_601,津田川ダム,2026-09-17T16:00,85.12,0.06,0.06,0.001,,
8193_7_602,清瀧ダム,2026-09-17T09:00,31.35,0.07,0.07,0.0,,
8193_7_602,清瀧ダム,2026-09-17T10:00,31.34,0.07,0.07,0.0,,
8193_7_602,清瀧ダム,2026-09-17T11:00,31.34,0.07,0.07,0.0,,
8193_7_602,清瀧ダム,2026-09-17T12:00,31.34,0.07,0.07,0.0,,
8193_7_602,清瀧ダム,2026-09-17T13:00,31.33,0.0,0.07,0.0,,
8193_7_602,清瀧ダム,2026-09-17T14:00,31.33,0.07,0.07,0.0,,
8193_7_602,清瀧ダム,2026-09-17T15:00,31.33,0.07,0.07,0.0,,
8193_7_602,清瀧ダム,2026-09-17T16:00,31.33,0.07,0.07,0.0,,
8193_7_603,三成ダム,2026-09-17T09:00,288.14,2.52,5.41,0.177,15.6,15.6
8193_7_603,三成ダム,2026-09-17T10:00,288.07,2.89,5.41,0.168,14.8,14.8
8193_7_603,三成ダム,2026-09-17T11:00,288.0,3.0,5.4,0.159,14.0,14.0
8193_7_603,三成ダム,2026-09-17T12:00,287.93,2.99,5.41,0.15,13.2,13.2
8193_7_603,三成ダム,2026-09-17T13:00,287.85,2.65,5.4,0.141,12.4,12.4
8193_7_603,三成ダム,2026-09-17T14:00,287.77,2.64,5.4,0.131,11.5,11.5
8193_7_603,三成ダム,2026-09-17T15:00,287.69,2.64,5.39,0.121,10.6,10.6
8193_7_603,三成ダム,2026-09-17T16:00,287.61,2.63,5.38,0.111,9.8,9.8
8193_7_604,木都賀ダム,2026-09-17T09:00,231.82,1.29,3.23,0.113,7.3,7.3
8193_7_604,木都賀ダム,2026-09-17T10:00,231.72,1.12,3.24,0.105,6.7,6.7
8193_7_604,木都賀ダム,2026-09-17T11:00,231.61,0.92,3.24,0.097,6.2,6.2
8193_7_604,木都賀ダム,2026-09-17T12:00,231.5,0.91,3.24,0.089,5.7,5.7
8193_7_604,木都賀ダム,2026-09-17T13:00,231.39,1.14,3.24,0.081,5.2,5.2
8193_7_604,木都賀ダム,2026-09-17T14:00,231.27,0.95,3.23,0.073,4.7,4.7
8193_7_604,木都賀ダム,2026-09-17T15:00,231.3,0.67,0.0,0.075,4.8,4.8
8193_7_604,木都賀ダム,2026-09-17T16:00,231.34,0.76,0.0,0.078,5.0,5.0
8193_7_7,御部ダム,2026-09-17T09:00,93.91,0.42,0.26,0.713,35.7,35.7
8193_7_7,御部ダム,2026-09-17T10:00,93.91,0.42,0.26,0.713,35.7,35.7
8193_7_7,御部ダム,2026-09-17T11:00,93.91,0.42,0.26,0.713,35.7,35.7
8193_7_7,御部ダム,2026-09-17T12:00,93.91,0.42,0.27,0.713,35.7,35.7
8193_7_7,御部ダム,2026-09-17T13:00,93.92,0.39,0.26,0.715,35.8,35.8
8193_7_7,御部ダム,2026-09-17T14:00,93.92,0.39,0.26,0.715,35.8,35.8
8193_7_7,御部ダム,2026-09-17T15:00,93.92,0.39,0.27,0.715,35.8,35.8
8193_7_7,御部ダム,2026-09-17T16:00,93.93,0.41,0.26,0.717,35.9,35.9
8193_7_9,銚子ダム,2026-09-17T09:00,56.47,0.08,0.04,0.879,83.7,83.7
8193_7_9,銚子ダム,2026-09-17T10:00,56.48,0.37,0.04,0.88,83.8,83.8
8193_7_9,銚子ダム,2026-09-17T11:00,56.48,0.07,0.04,0.88,83.8,83.8
8193_7_9,銚子ダム,2026-09-17T12:00,56.49,0.34,0.04,0.881,83.9,83.9
8193_7_9,銚子ダム,2026-09-17T13:00,56.49,0.07,0.04,0.881,83.9,83.9
8193_7_9,銚子ダム,2026-09-17T14:00,56.5,0.36,0.08,0.882,84.0,84.0
8193_7_9,銚子ダム,2026-09-17T15:00,56.5,0.09,0.11,0.882,84.0,84.0
8193_7_9,銚子ダム,2026-09-17T16:00,56.5,0.14,0.18,0.882,84.0,84.0
8193_7_1,布部ダム,2026-09-17T17:00,187.42,2.21,3.15,1.929,83.9,45.2
8193_7_1,布部ダム,2026-09-17T18:00,187.41,1.75,3.16,1.926,83.7,45.1
8193_7_1,布部ダム,2026-09-17T19:00,187.39,1.59,3.16,1.921,83.5,45.0
8193_7_1,布部ダム,2026-09-17T20:00,187.37,1.59,3.14,1.915,83.3,44.8
8193_7_1,布部ダム,2026-09-17T21:00,187.35,1.58,3.14,1.91,83.0,44.7
8193_7_1,布部ダム,2026-09-17T22:00,187.33,1.58,3.15,1.904,82.8,44.6
8193_7_10,美田ダム,2026-09-17T17:00,34.89,0.01,0.01,0.184,85.2,85.2
8193_7_10,美田ダム,2026-09-17T18:00,34.89,0.01,0.02,0.184,85.2,85.2
8193_7_10,美田ダム,2026-09-17T19:00,34.89,0.01,0.02,0.184,85.2,85.2
8193_7_10,美田ダム,2026-09-17T20:00,34.89,0.01,0.02,0.184,85.2,85.2
8193_7_10,美田ダム,2026-09-17T21:00,34.89,0.01,0.02,0.184,85.2,85.2
8193_7_10,美田ダム,2026-09-17T22:00,34.89,0.01,0.02,0.184,85.2,85.2
8193_7_11,大長見ダム,2026-09-17T17:00,154.29,0.0,1.44,3.512,81.7,81.7
8193_7_11,大長見ダム,2026-09-17T18:00,154.28,1.44,1.44,3.509,81.6,81.6
8193_7_11,大長見ダム,2026-09-17T19:00,154.27,1.44,1.44,3.505,81.5,81.5
8193_7_11,大長見ダム,2026-09-17T20:00,154.25,0.0,1.44,3.498,81.3,81.3
8193_7_11,大長見ダム,2026-09-17T21:00,154.24,0.0,1.44,3.494,81.3,81.3
8193_7_11,大長見ダム,2026-09-17T22:00,154.23,1.44,1.44,3.491,81.2,81.2
8193_7_13,笹倉ダム,2026-09-17T17:00,128.99,0.2,0.25,0.1,50.0,50.0
8193_7_13,笹倉ダム,2026-09-17T18:00,128.98,0.19,0.24,0.1,50.0,50.0
8193_7_13,笹倉ダム,2026-09-17T19:00,128.97,0.19,0.24,0.1,50.0,50.0
8193_7_13,笹倉ダム,2026-09-17T20:00,128.96,0.19,0.25,0.1,50.0,50.0
8193_7_13,笹倉ダム,2026-09-17T21:00,128.96,0.19,0.24,0.1,50.0,50.0
8193_7_13,笹倉ダム,2026-09-17T22:00,128.95,0.19,0.24,0.099,49.5,49.5
8193_7_14,大峠ダム,2026-09-17T17:00,99.38,0.47,0.42,0.0,,
8193_7_14,大峠ダム,2026-09-17T18:00,99.39,0.47,0.44,0.0,,
8193_7_14,大峠ダム,2026-09-17T19:00,99.39,0.47,0.44,0.0,,
8193_7_14,大峠ダム,2026-09-17T20:00,99.39,0.47,0.44,0.0,,
8193_7_14,大峠ダム,2026-09-17T21:00,99.39,0.47,0.44,0.0,,
8193_7_14,大峠ダム,2026-09-17T22:00,99.39,0.47,0.44,0.0,,
8193_7_16,益田川ダム,2026-09-17T17:00,36.25,1.49,1.44,0.001,,
8193_7_16,益田川ダム,2026-09-17T18:00,36.25,1.49,1.44,0.001,,
8193_7_16,益田川ダム,2026-09-17T19:00,36.25,1.49,1.44,0.001,,
8193_7_16,益田川ダム,2026-09-17T20:00,36.25,1.49,1.44,0.001,,
8193_7_16,益田川ダム,2026-09-17T21:00,36.25,1.49,1.44,0.001,,
8193_7_16,益田川ダム,2026-09-17T22:00,36.25,1.49,1.44,0.001,,
8193_7_17,第二浜田ダム,2026-09-17T17:00,58.17,0.39,0.39,0.557,85.7,85.7
8193_7_17,第二浜田ダム,2026-09-17T18:00,58.17,0.4,0.4,0.557,85.7,85.7
8193_7_17,第二浜田ダム,2026-09-17T19:00,58.17,0.39,0.39,0.557,85.7,85.7
8193_7_17,第二浜田ダム,2026-09-17T20:00,58.17,0.39,0.39,0.557,85.7,85.7
8193_7_17,第二浜田ダム,2026-09-17T21:00,58.17,0.4,0.39,0.557,85.7,85.7
8193_7_17,第二浜田ダム,2026-09-17T22:00,58.17,0.39,0.38,0.557,85.7,85.7
8193_7_18,波積ダム,2026-09-17T17:00,67.82,0.05,0.06,0.052,10.4,10.4
8193_7_18,波積ダム,2026-09-17T18:00,67.82,0.05,0.06,0.052,10.4,10.4
8193_7_18,波積ダム,2026-09-17T19:00,67.82,0.05,0.06,0.052,10.4,10.4
8193_7_18,波積ダム,2026-09-17T20:00,67.82,0.05,0.06,0.052,10.4,10.4
8193_7_18,波積ダム,2026-09-17T21:00,67.82,0.05,0.06,0.052,10.4,10.4
8193_7_18,波積ダム,2026-09-17T22:00,67.82,0.05,0.06,0.052,10.4,10.4
8193_7_2,山佐ダム,2026-09-17T17:00,191.17,0.6,0.65,1.027,93.4,93.4
8193_7_2,山佐ダム,2026-09-17T18:00,191.17,0.6,0.65,1.027,93.4,93.4
8193_7_2,山佐ダム,2026-09-17T19:00,191.17,0.6,0.65,1.027,93.4,93.4
8193_7_2,山佐ダム,2026-09-17T20:00,191.16,0.6,0.61,1.026,93.3,93.3
8193_7_2,山佐ダム,2026-09-17T21:00,191.16,0.6,0.61,1.026,93.3,93.3
8193_7_2,山佐ダム,2026-09-17T22:00,191.16,0.6,0.61,1.026,93.3,93.3
8193_7_3,三瓶ダム,2026-09-17T17:00,124.58,0.34,0.45,1.121,64.8,64.8
8193_7_3,三瓶ダム,2026-09-17T18:00,124.58,0.34,0.45,1.121,64.8,64.8
8193_7_3,三瓶ダム,2026-09-17T19:00,124.58,0.34,0.45,1.121,64.8,64.8
8193_7_3,三瓶ダム,2026-09-17T20:00,124.58,0.45,0.45,1.121,64.8,64.8
8193_7_3,三瓶ダム,2026-09-17T21:00,124.58,0.45,0.45,1.121,64.8,64.8
8193_7_3,三瓶ダム,2026-09-17T22:00,124.57,0.34,0.45,1.119,64.7,64.7
8193_7_4,八戸ダム,2026-09-17T17:00,105.01,0.54,0.54,4.076,78.4,20.1
8193_7_4,八戸ダム,2026-09-17T18:00,105.02,1.97,0.54,4.081,78.5,20.1
8193_7_4,八戸ダム,2026-09-17T19:00,105.03,0.83,0.54,4.086,78.6,20.1
8193_7_4,八戸ダム,2026-09-17T20:00,105.03,1.68,0.54,4.086,78.6,20.1
8193_7_4,八戸ダム,2026-09-17T21:00,105.04,1.97,0.54,4.092,78.7,20.2
8193_7_4,八戸ダム,2026-09-17T22:00,105.04,0.54,0.54,4.092,78.7,20.2
8193_7_5,浜田ダム,2026-09-17T17:00,107.95,0.41,0.42,0.005,,
8193_7_5,浜田ダム,2026-09-17T18:00,107.95,0.42,0.42,0.005,,
8193_7_5,浜田ダム,2026-09-17T19:00,107.95,0.42,0.42,0.005,,
8193_7_5,浜田ダム,2026-09-17T20:00,107.95,0.42,0.42,0.005,,
8193_7_5,浜田ダム,2026-09-17T21:00,107.95,0.42,0.42,0.005,,
8193_7_5,浜田ダム,2026-09-17T22:00,107.95,0.42,0.42,0.005,,
8193_7_600,嵯峨谷ダム,2026-09-17T17:00,254.35,1.29,1.29,0.0,,
8193_7_600,嵯峨谷ダム,2026-09-17T18:00,254.35,1.29,1.29,0.0,,
8193_7_600,嵯峨谷ダム,2026-09-17T19:00,254.35,1.29,1.29,0.0,,
8193_7_600,嵯峨谷ダム,2026-09-17T20:00,254.35,1.29,1.29,0.0,,
8193_7_600,嵯峨谷ダム,2026-09-17T21:00,254.35,1.29,1.29,0.0,,
8193_7_600,嵯峨谷ダム,2026-09-17T22:00,254.35,1.29,1.29,0.0,,
8193_7_601,津田川ダム,2026-09-17T17:00,85.11,0.05,0.05,0.001,,
8193_7_601,津田川ダム,2026-09-17T18:00,85.11,0.05,0.05,0.001,,
8193_7_601,津田川ダム,2026-09-17T19:00,85.11,0.05,0.05,0.001,,
8193_7_601,津田川ダム,2026-09-17T20:00,85.11,0.05,0.05,0.001,,
8193_7_601,津田川ダム,2026-09-17T21:00,85.11,0.05,0.05,0.001,,
8193_7_601,津田川ダム,2026-09-17T22:00,85.12,0.06,0.06,0.001,,
8193_7_602,清瀧ダム,2026-09-17T17:00,31.32,0.07,0.07,0.0,,
8193_7_602,清瀧ダム,2026-09-17T18:00,31.32,0.07,0.07,0.0,,
8193_7_602,清瀧ダム,2026-09-17T19:00,31.3,0.07,0.07,0.0,,
8193_7_602,清瀧ダム,2026-09-17T20:00,31.28,0.0,0.07,0.0,,
8193_7_602,清瀧ダム,2026-09-17T21:00,31.27,0.07,0.07,0.0,,
8193_7_602,清瀧ダム,2026-09-17T22:00,31.26,0.07,0.07,0.0,,
8193_7_603,三成ダム,2026-09-17T17:00,287.52,2.85,5.47,0.102,9.0,9.0
8193_7_603,三成ダム,2026-09-17T18:00,287.43,2.93,5.45,0.093,8.2,8.2
8193_7_603,三成ダム,2026-09-17T19:00,287.32,2.36,5.44,0.081,7.1,7.1
8193_7_603,三成ダム,2026-09-17T20:00,287.21,2.35,5.43,0.07,6.2,6.2
8193_7_603,三成ダム,2026-09-17T21:00,287.08,2.02,5.42,0.058,5.1,5.1
8193_7_603,三成ダム,2026-09-17T22:00,286.94,2.6,5.52,0.048,4.2,4.2
8193_7_604,木都賀ダム,2026-09-17T17:00,231.38,0.76,0.0,0.08,5.1,5.1
8193_7_604,木都賀ダム,2026-09-17T18:00,231.41,0.57,0.0,0.082,5.3,5.3
8193_7_604,木都賀ダム,2026-09-17T19:00,231.45,0.76,0.0,0.085,5.5,5.5
8193_7_604,木都賀ダム,2026-09-17T20:00,231.48,0.57,0.0,0.087,5.6,5.6
8193_7_604,木都賀ダム,2026-09-17T21:00,231.52,0.8,0.0,0.09,5.8,5.8
8193_7_604,木都賀ダム,2026-09-17T22:00,231.55,0.63,0.0,0.092,5.9,5.9
8193_7_7,御部ダム,2026-09-17T17:00,93.93,0.41,0.26,0.717,35.9,35.9
8193_7_7,御部ダム,2026-09-17T18:00,93.93,0.41,0.26,0.717,35.9,35.9
8193_7_7,御部ダム,2026-09-17T19:00,93.94,0.41,0.27,0.718,35.9,35.9
8193_7_7,御部ダム,2026-09-17T20:00,93.94,0.41,0.26,0.718,35.9,35.9
8193_7_7,御部ダム,2026-09-17T21:00,93.94,0.41,0.27,0.718,35.9,35.9
8193_7_7,御部ダム,2026-09-17T22:00,93.95,0.4,0.27,0.72,36.0,36.0
8193_7_9,銚子ダム,2026-09-17T17:00,56.5,0.17,0.13,0.882,84.0,84.0
8193_7_9,銚子ダム,2026-09-17T18:00,56.5,0.13,0.13,0.882,84.0,84.0
8193_7_9,銚子ダム,2026-09-17T19:00,56.5,0.19,0.13,0.882,84.0,84.0
8193_7_9,銚子ダム,2026-09-17T20:00,56.51,0.29,0.13,0.884,84.2,84.2
8193_7_9,銚子ダム,2026-09-17T21:00,56.51,0.23,0.13,0.884,84.2,84.2
8193_7_9,銚子ダム,2026-09-17T22:00,56.51,0.13,0.13,0.884,84.2,84.2
8193_7_1,布部ダム,2026-09-18T00:00,187.35,2.17,0.61,1.91,83.0,44.7
8193_7_1,布部ダム,2026-09-18T01:00,187.36,1.39,0.61,1.912,83.1,44.8
8193_7_1,布部ダム,2026-09-18T02:00,187.38,2.17,0.61,1.918,83.4,44.9
8193_7_1,布部ダム,2026-09-18T03:00,187.39,1.39,0.6,1.921,83.5,45.0
8193_7_10,美田ダム,2026-09-18T00:00,34.89,0.01,0.01,0.184,85.2,85.2
8193_7_10,美田ダム,2026-09-18T01:00,34.89,0.01,0.02,0.184,85.2,85.2
8193_7_10,美田ダム,2026-09-18T02:00,34.88,0.01,0.02,0.183,84.7,84.7
8193_7_10,美田ダム,2026-09-18T03:00,34.88,0.01,0.01,0.183,84.7,84.7
8193_7_11,大長見ダム,2026-09-18T00:00,154.2,0.0,1.44,3.48,80.9,80.9
8193_7_11,大長見ダム,2026-09-18T01:00,154.19,1.44,1.44,3.477,80.9,80.9
8193_7_11,大長見ダム,2026-09-18T02:00,154.18,1.44,1.44,3.473,80.8,80.8
8193_7_11,大長見ダム,2026-09-18T03:00,154.16,0.0,1.44,3.466,80.6,80.6
8193_7_13,笹倉ダム,2026-09-18T00:00,128.93,0.19,0.24,0.099,49.5,49.5
8193_7_13,笹倉ダム,2026-09-18T01:00,128.92,0.2,0.25,0.099,49.5,49.5
8193_7_13,笹倉ダム,2026-09-18T02:00,128.91,0.19,0.24,0.099,49.5,49.5
8193_7_13,笹倉ダム,2026-09-18T03:00,128.9,0.2,0.24,0.098,49.0,49.0
8193_7_14,大峠ダム,2026-09-18T00:00,99.39,0.47,0.44,0.0,,
8193_7_14,大峠ダム,2026-09-18T01:00,99.39,0.47,0.44,0.0,,
8193_7_14,大峠ダム,2026-09-18T02:00,99.39,0.47,0.44,0.0,,
8193_7_14,大峠ダム,2026-09-18T03:00,99.39,0.47,0.44,0.0,,
8193_7_16,益田川ダム,2026-09-18T00:00,36.25,1.49,1.44,0.001,,
8193_7_16,益田川ダム,2026-09-18T01:00,36.25,1.44,1.44,0.001,,
8193_7_16,益田川ダム,2026-09-18T02:00,36.24,1.42,1.38,0.001,,
8193_7_16,益田川ダム,2026-09-18T03:00,36.24,1.4,1.38,0.001,,
8193_7_17,第二浜田ダム,2026-09-18T00:00,58.17,0.39,0.39,0.557,85.7,85.7
8193_7_17,第二浜田ダム,2026-09-18T01:00,58.17,0.39,0.39,0.557,85.7,85.7
8193_7_17,第二浜田ダム,2026-09-18T02:00,58.16,0.39,0.39,0.556,85.5,85.5
8193_7_17,第二浜田ダム,2026-09-18T03:00,58.16,0.39,0.39,0.556,85.5,85.5
8193_7_18,波積ダム,2026-09-18T00:00,67.82,0.05,0.06,0.052,10.4,10.4
8193_7_18,波積ダム,2026-09-18T01:00,67.82,0.05,0.06,0.052,10.4,10.4
8193_7_18,波積ダム,2026-09-18T02:00,67.82,0.05,0.06,0.052,10.4,10.4
8193_7_18,波積ダム,2026-09-18T03:00,67.82,0.05,0.06,0.052,10.4,10.4
8193_7_2,山佐ダム,2026-09-18T00:00,191.16,0.6,0.61,1.026,93.3,93.3
8193_7_2,山佐ダム,2026-09-18T01:00,191.16,0.6,0.61,1.026,93.3,93.3
8193_7_2,山佐ダム,2026-09-18T02:00,191.16,0.6,0.61,1.026,93.3,93.3
8193_7_2,山佐ダム,2026-09-18T03:00,191.16,0.6,0.61,1.026,93.3,93.3
8193_7_3,三瓶ダム,2026-09-18T00:00,124.57,0.34,0.45,1.119,64.7,64.7
8193_7_3,三瓶ダム,2026-09-18T01:00,124.57,0.45,0.46,1.119,64.7,64.7
8193_7_3,三瓶ダム,2026-09-18T02:00,124.57,0.45,0.46,1.119,64.7,64.7
8193_7_3,三瓶ダム,2026-09-18T03:00,124.56,0.35,0.46,1.117,64.6,64.6
8193_7_4,八戸ダム,2026-09-18T00:00,105.06,1.97,0.54,4.102,78.9,20.2
8193_7_4,八戸ダム,2026-09-18T01:00,105.06,0.54,0.54,4.102,78.9,20.2
8193_7_4,八戸ダム,2026-09-18T02:00,105.07,1.97,0.54,4.107,79.0,20.2
8193_7_4,八戸ダム,2026-09-18T03:00,105.08,1.97,0.54,4.112,79.1,20.3
8193_7_5,浜田ダム,2026-09-18T00:00,107.95,0.42,0.42,0.005,,
8193_7_5,浜田ダム,2026-09-18T01:00,107.95,0.42,0.42,0.005,,
8193_7_5,浜田ダム,2026-09-18T02:00,107.95,0.42,0.42,0.005,,
8193_7_5,浜田ダム,2026-09-18T03:00,107.95,0.42,0.42,0.005,,
8193_7_600,嵯峨谷ダム,2026-09-18T00:00,254.35,1.29,1.29,0.0,,
8193_7_600,嵯峨谷ダム,2026-09-18T01:00,254.35,1.29,1.29,0.0,,
8193_7_600,嵯峨谷ダム,2026-09-18T02:00,254.35,1.29,1.29,0.0,,
8193_7_600,嵯峨谷ダム,2026-09-18T03:00,254.35,1.29,1.29,0.0,,
8193_7_601,津田川ダム,2026-09-18T00:00,85.12,0.06,0.06,0.001,,
8193_7_601,津田川ダム,2026-09-18T01:00,85.12,0.06,0.06,0.001,,
8193_7_601,津田川ダム,2026-09-18T02:00,85.12,0.06,0.06,0.001,,
8193_7_601,津田川ダム,2026-09-18T03:00,85.12,0.06,0.06,0.001,,
8193_7_602,清瀧ダム,2026-09-18T00:00,31.24,0.07,0.07,0.0,,
8193_7_602,清瀧ダム,2026-09-18T01:00,31.22,0.0,0.06,0.0,,
8193_7_602,清瀧ダム,2026-09-18T02:00,31.21,0.0,0.06,0.0,,
8193_7_602,清瀧ダム,2026-09-18T03:00,31.2,0.06,0.06,0.0,,
8193_7_603,三成ダム,2026-09-18T00:00,287.2,3.14,0.0,0.069,6.1,6.1
8193_7_603,三成ダム,2026-09-18T01:00,287.31,3.09,0.0,0.08,7.0,7.0
8193_7_603,三成ダム,2026-09-18T02:00,287.4,2.53,0.0,0.09,7.9,7.9
8193_7_603,三成ダム,2026-09-18T03:00,287.49,2.53,0.0,0.099,8.7,8.7
8193_7_604,木都賀ダム,2026-09-18T00:00,231.62,0.85,0.0,0.098,6.3,6.3
8193_7_604,木都賀ダム,2026-09-18T01:00,231.65,0.63,0.0,0.1,6.4,6.4
8193_7_604,木都賀ダム,2026-09-18T02:00,231.68,0.63,0.0,0.102,6.5,6.5
8193_7_604,木都賀ダム,2026-09-18T03:00,231.71,0.63,0.0,0.105,6.7,6.7
8193_7_7,御部ダム,2026-09-18T00:00,93.95,0.4,0.27,0.72,36.0,36.0
8193_7_7,御部ダム,2026-09-18T01:00,93.95,0.4,0.26,0.72,36.0,36.0
8193_7_7,御部ダム,2026-09-18T02:00,93.96,0.4,0.27,0.722,36.1,36.1
8193_7_7,御部ダム,2026-09-18T03:00,93.96,0.4,0.27,0.722,36.1,36.1
8193_7_9,銚子ダム,2026-09-18T00:00,56.51,0.13,0.13,0.884,84.2,84.2
8193_7_9,銚子ダム,2026-09-18T01:00,56.51,0.13,0.13,0.884,84.2,84.2
8193_7_9,銚子ダム,2026-09-18T02:00,56.51,0.13,0.13,0.884,84.2,84.2
8193_7_9,銚子ダム,2026-09-18T03:00,56.51,0.13,0.13,0.884,84.2,84.2
8193_7_1,布部ダム,2026-09-18T04:00,187.41,2.17,0.61,1.926,83.7,45.1
8193_7_1,布部ダム,2026-09-18T05:00,187.42,1.39,0.61,1.929,83.9,45.2
8193_7_1,布部ダム,2026-09-18T06:00,187.44,2.17,0.61,1.935,84.1,45.3
8193_7_1,布部ダム,2026-09-18T07:00,187.45,1.39,0.61,1.938,84.3,45.4
8193_7_1,布部ダム,2026-09-18T08:00,187.47,2.17,0.61,1.943,84.5,45.5
8193_7_10,美田ダム,2026-09-18T04:00,34.88,0.01,0.02,0.183,84.7,84.7
8193_7_10,美田ダム,2026-09-18T05:00,34.88,0.01,0.01,0.183,84.7,84.7
8193_7_10,美田ダム,2026-09-18T06:00,34.88,0.01,0.02,0.183,84.7,84.7
8193_7_10,美田ダム,2026-09-18T07:00,34.88,0.01,0.01,0.183,84.7,84.7
8193_7_10,美田ダム,2026-09-18T08:00,34.88,0.01,0.02,0.183,84.7,84.7
8193_7_11,大長見ダム,2026-09-18T04:00,154.15,1.44,1.44,3.462,80.5,80.5
8193_7_11,大長見ダム,2026-09-18T05:00,154.14,1.44,1.44,3.459,80.4,80.4
8193_7_11,大長見ダム,2026-09-18T06:00,154.12,0.0,1.44,3.451,80.3,80.3
8193_7_11,大長見ダム,2026-09-18T07:00,154.11,1.44,1.44,3.448,80.2,80.2
8193_7_11,大長見ダム,2026-09-18T08:00,154.1,1.44,1.44,3.444,80.1,80.1
8193_7_13,笹倉ダム,2026-09-18T04:00,128.89,0.2,0.24,0.098,49.0,49.0
8193_7_13,笹倉ダム,2026-09-18T05:00,128.88,0.19,0.24,0.098,49.0,49.0
8193_7_13,笹倉ダム,2026-09-18T06:00,128.87,0.19,0.24,0.098,49.0,49.0
8193_7_13,笹倉ダム,2026-09-18T07:00,128.87,0.19,0.24,0.098,49.0,49.0
8193_7_13,笹倉ダム,2026-09-18T08:00,128.86,0.19,0.24,0.098,49.0,49.0
8193_7_14,大峠ダム,2026-09-18T04:00,99.39,0.47,0.44,0.0,,
8193_7_14,大峠ダム,2026-09-18T05:00,99.39,0.47,0.44,0.0,,
8193_7_14,大峠ダム,2026-09-18T06:00,99.39,0.47,0.44,0.0,,
8193_7_14,大峠ダム,2026-09-18T07:00,99.39,0.47,0.44,0.0,,
8193_7_14,大峠ダム,2026-09-18T08:00,99.39,0.47,0.44,0.0,,
8193_7_16,益田川ダム,2026-09-18T04:00,36.24,1.4,1.38,0.001,,
8193_7_16,益田川ダム,2026-09-18T05:00,36.24,1.4,1.38,0.001,,
8193_7_16,益田川ダム,2026-09-18T06:00,36.24,1.4,1.38,0.001,,
8193_7_16,益田川ダム,2026-09-18T07:00,36.24,1.4,1.38,0.001,,
8193_7_16,益田川ダム,2026-09-18T08:00,36.24,1.4,1.38,0.001,,
8193_7_17,第二浜田ダム,2026-09-18T04:00,58.16,0.39,0.38,0.556,85.5,85.5
8193_7_17,第二浜田ダム,2026-09-18T05:00,58.16,0.39,0.39,0.556,85.5,85.5
8193_7_17,第二浜田ダム,2026-09-18T06:00,58.16,0.39,0.39,0.556,85.5,85.5
8193_7_17,第二浜田ダム,2026-09-18T07:00,58.16,0.39,0.39,0.556,85.5,85.5
8193_7_17,第二浜田ダム,2026-09-18T08:00,58.16,0.39,0.38,0.556,85.5,85.5
8193_7_18,波積ダム,2026-09-18T04:00,67.81,0.04,0.06,0.051,10.2,10.2
8193_7_18,波積ダム,2026-09-18T05:00,67.81,0.04,0.06,0.051,10.2,10.2
8193_7_18,波積ダム,2026-09-18T06:00,67.81,0.04,0.06,0.051,10.2,10.2
8193_7_18,波積ダム,2026-09-18T07:00,67.81,0.04,0.06,0.051,10.2,10.2
8193_7_18,波積ダム,2026-09-18T08:00,67.81,0.04,0.06,0.051,10.2,10.2
8193_7_2,山佐ダム,2026-09-18T04:00,191.16,0.6,0.61,1.026,93.3,93.3
8193_7_2,山佐ダム,2026-09-18T05:00,191.15,0.57,0.57,1.025,93.2,93.2
8193_7_2,山佐ダム,2026-09-18T06:00,191.15,0.57,0.57,1.025,93.2,93.2
8193_7_2,山佐ダム,2026-09-18T07:00,191.15,0.57,0.57,1.025,93.2,93.2
8193_7_2,山佐ダム,2026-09-18T08:00,191.15,0.57,0.57,1.025,93.2,93.2
8193_7_3,三瓶ダム,2026-09-18T04:00,124.56,0.35,0.46,1.117,64.6,64.6
8193_7_3,三瓶ダム,2026-09-18T05:00,124.56,0.35,0.46,1.117,64.6,64.6
8193_7_3,三瓶ダム,2026-09-18T06:00,124.56,0.45,0.45,1.117,64.6,64.6
8193_7_3,三瓶ダム,2026-09-18T07:00,124.56,0.45,0.45,1.117,64.6,64.6
8193_7_3,三瓶ダム,2026-09-18T08:00,124.56,0.45,0.46,1.117,64.6,64.6
8193_7_4,八戸ダム,2026-09-18T04:00,105.08,0.54,0.54,4.112,79.1,20.3
8193_7_4,八戸ダム,2026-09-18T05:00,105.09,1.97,0.54,4.117,79.2,20.3
8193_7_4,八戸ダム,2026-09-18T06:00,105.1,1.54,0.54,4.123,79.3,20.3
8193_7_4,八戸ダム,2026-09-18T07:00,105.1,0.97,0.54,4.123,79.3,20.3
8193_7_4,八戸ダム,2026-09-18T08:00,105.11,1.97,0.54,4.128,79.4,20.3
8193_7_5,浜田ダム,2026-09-18T04:00,107.95,0.42,0.42,0.005,,
8193_7_5,浜田ダム,2026-09-18T05:00,107.95,0.42,0.42,0.005,,
8193_7_5,浜田ダム,2026-09-18T06:00,107.95,0.42,0.42,0.005,,
8193_7_5,浜田ダム,2026-09-18T07:00,107.95,0.42,0.42,0.005,,
8193_7_5,浜田ダム,2026-09-18T08:00,107.95,0.42,0.42,0.005,,
8193_7_600,嵯峨谷ダム,2026-09-18T04:00,254.35,1.29,1.29,0.0,,
8193_7_600,嵯峨谷ダム,2026-09-18T05:00,254.35,1.29,1.29,0.0,,
8193_7_600,嵯峨谷ダム,2026-09-18T06:00,254.35,1.29,1.29,0.0,,
8193_7_600,嵯峨谷ダム,2026-09-18T07:00,254.35,1.29,1.29,0.0,,
8193_7_600,嵯峨谷ダム,2026-09-18T08:00,254.35,1.29,1.29,0.0,,
8193_7_601,津田川ダム,2026-09-18T04:00,85.12,0.06,0.06,0.001,,
8193_7_601,津田川ダム,2026-09-18T05:00,85.12,0.06,0.06,0.001,,
8193_7_601,津田川ダム,2026-09-18T06:00,85.12,0.06,0.06,0.001,,
8193_7_601,津田川ダム,2026-09-18T07:00,85.12,0.06,0.06,0.001,,
8193_7_601,津田川ダム,2026-09-18T08:00,85.12,0.06,0.06,0.001,,
8193_7_602,清瀧ダム,2026-09-18T04:00,31.19,0.06,0.06,0.0,,
8193_7_602,清瀧ダム,2026-09-18T05:00,31.18,0.06,0.06,0.0,,
8193_7_602,清瀧ダム,2026-09-18T06:00,31.17,0.06,0.06,0.0,,
8193_7_602,清瀧ダム,2026-09-18T07:00,31.16,0.06,0.06,0.0,,
8193_7_602,清瀧ダム,2026-09-18T08:00,31.15,0.06,0.06,0.0,,
8193_7_603,三成ダム,2026-09-18T04:00,287.58,2.53,0.0,0.108,9.5,9.5
8193_7_603,三成ダム,2026-09-18T05:00,287.66,2.57,0.0,0.117,10.3,10.3
8193_7_603,三成ダム,2026-09-18T06:00,287.73,2.41,0.0,0.126,11.1,11.1
8193_7_603,三成ダム,2026-09-18T07:00,287.8,2.41,0.0,0.134,11.8,11.8
8193_7_603,三成ダム,2026-09-18T08:00,287.87,2.46,1.73,0.143,12.6,12.6
8193_7_604,木都賀ダム,2026-09-18T04:00,231.74,0.63,0.0,0.107,6.9,6.9
8193_7_604,木都賀ダム,2026-09-18T05:00,231.77,0.63,0.0,0.109,7.0,7.0
8193_7_604,木都賀ダム,2026-09-18T06:00,231.81,0.85,0.0,0.112,7.2,7.2
8193_7_604,木都賀ダム,2026-09-18T07:00,231.84,0.63,0.0,0.114,7.3,7.3
8193_7_604,木都賀ダム,2026-09-18T08:00,231.87,0.63,0.0,0.117,7.5,7.5
8193_7_7,御部ダム,2026-09-18T04:00,93.96,0.4,0.27,0.722,36.1,36.1
8193_7_7,御部ダム,2026-09-18T05:00,93.96,0.4,0.27,0.722,36.1,36.1
8193_7_7,御部ダム,2026-09-18T06:00,93.97,0.37,0.26,0.723,36.2,36.2
8193_7_7,御部ダム,2026-09-18T07:00,93.97,0.37,0.26,0.723,36.2,36.2
8193_7_7,御部ダム,2026-09-18T08:00,93.97,0.37,0.26,0.723,36.2,36.2
8193_7_9,銚子ダム,2026-09-18T04:00,56.51,0.13,0.13,0.884,84.2,84.2
8193_7_9,銚子ダム,2026-09-18T05:00,56.51,0.13,0.13,0.884,84.2,84.2
8193_7_9,銚子ダム,2026-09-18T06:00,56.51,0.16,0.13,0.884,84.2,84.2
8193_7_9,銚子ダム,2026-09-18T07:00,56.51,0.16,0.13,0.884,84.2,84.2
8193_7_9,銚子ダム,2026-09-18T08:00,56.52,0.26,0.17,0.885,84.3,84.3
8193_7_1,布部ダム,2026-09-18T09:00,187.48,1.39,0.61,1.946,84.6,45.6
8193_7_1,布部ダム,2026-09-18T10:00,187.49,1.75,1.53,1.949,84.7,45.6
8193_7_1,布部ダム,2026-09-18T11:00,187.49,2.85,3.57,1.949,84.7,45.6
8193_7_1,布部ダム,2026-09-18T12:00,187.46,1.22,3.57,1.94,84.3,45.4
8193_7_1,布部ダム,2026-09-18T13:00,187.43,1.61,3.56,1.932,84.0,45.2
8193_7_1,布部ダム,2026-09-18T14:00,187.41,1.61,3.57,1.926,83.7,45.1
8193_7_1,布部ダム,2026-09-18T15:00,187.38,1.45,3.57,1.918,83.4,44.9
8193_7_1,布部ダム,2026-09-18T16:00,187.36,1.77,3.57,1.912,83.1,44.8
8193_7_10,美田ダム,2026-09-18T09:00,34.88,0.01,0.02,0.183,84.7,84.7
8193_7_10,美田ダム,2026-09-18T10:00,34.87,0.0,0.02,0.183,84.7,84.7
8193_7_10,美田ダム,2026-09-18T11:00,34.87,0.0,0.01,0.183,84.7,84.7
8193_7_10,美田ダム,2026-09-18T12:00,34.87,0.0,0.02,0.183,84.7,84.7
8193_7_10,美田ダム,2026-09-18T13:00,34.87,0.0,0.02,0.183,84.7,84.7
8193_7_10,美田ダム,2026-09-18T14:00,34.87,0.0,0.02,0.183,84.7,84.7
8193_7_10,美田ダム,2026-09-18T15:00,34.87,0.0,0.02,0.183,84.7,84.7
8193_7_10,美田ダム,2026-09-18T16:00,34.87,0.0,0.01,0.183,84.7,84.7
8193_7_11,大長見ダム,2026-09-18T09:00,154.08,0.0,1.44,3.437,79.9,79.9
8193_7_11,大長見ダム,2026-09-18T10:00,154.07,1.44,1.44,3.434,79.9,79.9
8193_7_11,大長見ダム,2026-09-18T11:00,154.06,1.44,1.44,3.43,79.8,79.8
8193_7_11,大長見ダム,2026-09-18T12:00,154.04,0.0,1.44,3.423,79.6,79.6
8193_7_11,大長見ダム,2026-09-18T13:00,154.03,1.44,1.44,3.419,79.5,79.5
8193_7_11,大長見ダム,2026-09-18T14:00,154.02,1.44,1.44,3.416,79.4,79.4
8193_7_11,大長見ダム,2026-09-18T15:00,154.0,0.0,1.44,3.408,79.3,79.3
8193_7_11,大長見ダム,2026-09-18T16:00,153.99,0.32,1.44,3.405,79.2,79.2
8193_7_13,笹倉ダム,2026-09-18T09:00,128.85,0.19,0.24,0.097,48.5,48.5
8193_7_13,笹倉ダム,2026-09-18T10:00,128.84,0.19,0.24,0.097,48.5,48.5
8193_7_13,笹倉ダム,2026-09-18T11:00,128.83,0.19,0.24,0.097,48.5,48.5
8193_7_13,笹倉ダム,2026-09-18T12:00,128.82,0.19,0.24,0.097,48.5,48.5
8193_7_13,笹倉ダム,2026-09-18T13:00,128.81,0.19,0.24,0.097,48.5,48.5
8193_7_13,笹倉ダム,2026-09-18T14:00,128.8,0.19,0.24,0.097,48.5,48.5
8193_7_13,笹倉ダム,2026-09-18T15:00,128.79,0.2,0.24,0.096,48.0,48.0
8193_7_13,笹倉ダム,2026-09-18T16:00,128.78,0.2,0.24,0.096,48.0,48.0
8193_7_14,大峠ダム,2026-09-18T09:00,99.38,0.44,0.42,0.0,,
8193_7_14,大峠ダム,2026-09-18T10:00,99.38,0.44,0.42,0.0,,
8193_7_14,大峠ダム,2026-09-18T11:00,99.39,0.44,0.44,0.0,,
8193_7_14,大峠ダム,2026-09-18T12:00,99.39,0.44,0.44,0.0,,
8193_7_14,大峠ダム,2026-09-18T13:00,99.38,0.43,0.42,0.0,,
8193_7_14,大峠ダム,2026-09-18T14:00,99.39,0.43,0.44,0.0,,
8193_7_14,大峠ダム,2026-09-18T15:00,99.42,0.46,0.51,0.0,,
8193_7_14,大峠ダム,2026-09-18T16:00,99.39,0.49,0.44,0.0,,
8193_7_16,益田川ダム,2026-09-18T09:00,36.24,1.4,1.38,0.001,,
8193_7_16,益田川ダム,2026-09-18T10:00,36.24,1.4,1.38,0.001,,
8193_7_16,益田川ダム,2026-09-18T11:00,36.24,1.4,1.38,0.001,,
8193_7_16,益田川ダム,2026-09-18T12:00,36.24,1.4,1.38,0.001,,
8193_7_16,益田川ダム,2026-09-18T13:00,36.24,1.4,1.38,0.001,,
8193_7_16,益田川ダム,2026-09-18T14:00,36.24,1.4,1.38,0.001,,
8193_7_16,益田川ダム,2026-09-18T15:00,36.24,1.4,1.38,0.001,,
8193_7_16,益田川ダム,2026-09-18T16:00,36.24,1.4,1.38,0.001,,
8193_7_17,第二浜田ダム,2026-09-18T09:00,58.15,0.39,0.39,0.554,85.2,85.2
8193_7_17,第二浜田ダム,2026-09-18T10:00,58.15,0.39,0.39,0.554,85.2,85.2
8193_7_17,第二浜田ダム,2026-09-18T11:00,58.15,0.39,0.39,0.554,85.2,85.2
8193_7_17,第二浜田ダム,2026-09-18T12:00,58.15,0.39,0.39,0.554,85.2,85.2
8193_7_17,第二浜田ダム,2026-09-18T13:00,58.14,0.0,0.39,0.553,85.1,85.1
8193_7_17,第二浜田ダム,2026-09-18T14:00,58.14,0.39,0.39,0.553,85.1,85.1
8193_7_17,第二浜田ダム,2026-09-18T15:00,58.14,0.39,0.4,0.553,85.1,85.1
8193_7_17,第二浜田ダム,2026-09-18T16:00,58.14,0.39,0.39,0.553,85.1,85.1
8193_7_18,波積ダム,2026-09-18T09:00,67.81,0.04,0.06,0.051,10.2,10.2
8193_7_18,波積ダム,2026-09-18T10:00,67.81,0.04,0.06,0.051,10.2,10.2
8193_7_18,波積ダム,2026-09-18T11:00,67.81,0.04,0.06,0.051,10.2,10.2
8193_7_18,波積ダム,2026-09-18T12:00,67.81,0.04,0.06,0.051,10.2,10.2
8193_7_18,波積ダム,2026-09-18T13:00,67.81,0.04,0.06,0.051,10.2,10.2
8193_7_18,波積ダム,2026-09-18T14:00,67.81,0.04,0.06,0.051,10.2,10.2
8193_7_18,波積ダム,2026-09-18T15:00,67.81,0.04,0.06,0.051,10.2,10.2
8193_7_18,波積ダム,2026-09-18T16:00,67.81,0.06,0.06,0.051,10.2,10.2
8193_7_2,山佐ダム,2026-09-18T09:00,191.15,0.57,0.57,1.025,93.2,93.2
8193_7_2,山佐ダム,2026-09-18T10:00,191.15,0.57,0.57,1.025,93.2,93.2
8193_7_2,山佐ダム,2026-09-18T11:00,191.15,0.57,0.58,1.025,93.2,93.2
8193_7_2,山佐ダム,2026-09-18T12:00,191.15,0.57,0.57,1.025,93.2,93.2
8193_7_2,山佐ダム,2026-09-18T13:00,191.15,0.57,0.57,1.025,93.2,93.2
8193_7_2,山佐ダム,2026-09-18T14:00,191.15,0.57,0.57,1.025,93.2,93.2
8193_7_2,山佐ダム,2026-09-18T15:00,191.15,0.57,0.58,1.025,93.2,93.2
8193_7_2,山佐ダム,2026-09-18T16:00,191.15,0.57,0.57,1.025,93.2,93.2
8193_7_3,三瓶ダム,2026-09-18T09:00,124.55,0.36,0.45,1.115,64.5,64.5
8193_7_3,三瓶ダム,2026-09-18T10:00,124.55,0.36,0.46,1.115,64.5,64.5
8193_7_3,三瓶ダム,2026-09-18T11:00,124.55,0.36,0.44,1.115,64.5,64.5
8193_7_3,三瓶ダム,2026-09-18T12:00,124.55,0.45,0.44,1.115,64.5,64.5
8193_7_3,三瓶ダム,2026-09-18T13:00,124.55,0.45,0.44,1.115,64.5,64.5
8193_7_3,三瓶ダム,2026-09-18T14:00,124.55,0.45,0.44,1.115,64.5,64.5
8193_7_3,三瓶ダム,2026-09-18T15:00,124.55,0.44,0.43,1.115,64.5,64.5
8193_7_3,三瓶ダム,2026-09-18T16:00,124.54,0.37,0.46,1.113,64.3,64.3
8193_7_4,八戸ダム,2026-09-18T09:00,105.11,0.54,0.54,4.128,79.4,20.3
8193_7_4,八戸ダム,2026-09-18T10:00,105.12,1.97,0.54,4.133,79.5,20.4
8193_7_4,八戸ダム,2026-09-18T11:00,105.13,1.11,0.54,4.138,79.6,20.4
8193_7_4,八戸ダム,2026-09-18T12:00,105.13,1.4,0.54,4.138,79.6,20.4
8193_7_4,八戸ダム,2026-09-18T13:00,105.14,1.97,0.54,4.143,79.7,20.4
8193_7_4,八戸ダム,2026-09-18T14:00,105.14,0.54,0.54,4.143,79.7,20.4
8193_7_4,八戸ダム,2026-09-18T15:00,105.15,1.97,0.54,4.148,79.8,20.4
8193_7_4,八戸ダム,2026-09-18T16:00,105.16,1.97,0.54,4.154,79.9,20.5
8193_7_5,浜田ダム,2026-09-18T09:00,107.95,0.42,0.42,0.005,,
8193_7_5,浜田ダム,2026-09-18T10:00,107.95,0.42,0.42,0.005,,
8193_7_5,浜田ダム,2026-09-18T11:00,107.95,0.42,0.42,0.005,,
8193_7_5,浜田ダム,2026-09-18T12:00,107.95,0.42,0.42,0.005,,
8193_7_5,浜田ダム,2026-09-18T13:00,107.95,0.42,0.42,0.005,,
8193_7_5,浜田ダム,2026-09-18T14:00,107.95,0.42,0.42,0.005,,
8193_7_5,浜田ダム,2026-09-18T15:00,107.95,0.42,0.42,0.005,,
8193_7_5,浜田ダム,2026-09-18T16:00,107.95,0.42,0.42,0.005,,
8193_7_600,嵯峨谷ダム,2026-09-18T09:00,254.35,1.29,1.29,0.0,,
8193_7_600,嵯峨谷ダム,2026-09-18T10:00,254.35,1.29,1.29,0.0,,
8193_7_600,嵯峨谷ダム,2026-09-18T11:00,254.35,1.29,1.29,0.0,,
8193_7_600,嵯峨谷ダム,2026-09-18T12:00,254.35,1.29,1.29,0.0,,
8193_7_600,嵯峨谷ダム,2026-09-18T13:00,254.35,1.29,1.29,0.0,,
8193_7_600,嵯峨谷ダム,2026-09-18T14:00,254.35,1.29,1.29,0.0,,
8193_7_600,嵯峨谷ダム,2026-09-18T15:00,254.35,1.29,1.29,0.0,,
8193_7_600,嵯峨谷ダム,2026-09-18T16:00,254.35,1.29,1.29,0.0,,
8193_7_601,津田川ダム,2026-09-18T09:00,85.12,0.06,0.06,0.001,,
8193_7_601,津田川ダム,2026-09-18T10:00,85.12,0.06,0.06,0.001,,
8193_7_601,津田川ダム,2026-09-18T11:00,85.12,0.06,0.06,0.001,,
8193_7_601,津田川ダム,2026-09-18T12:00,85.12,0.06,0.06,0.001,,
8193_7_601,津田川ダム,2026-09-18T13:00,85.12,0.06,0.06,0.001,,
8193_7_601,津田川ダム,2026-09-18T14:00,85.12,0.06,0.06,0.001,,
8193_7_601,津田川ダム,2026-09-18T15:00,85.12,0.06,0.06,0.001,,
8193_7_601,津田川ダム,2026-09-18T16:00,85.12,0.06,0.06,0.001,,
8193_7_602,清瀧ダム,2026-09-18T09:00,31.14,0.0,0.06,0.0,,
8193_7_602,清瀧ダム,2026-09-18T10:00,31.14,0.06,0.06,0.0,,
8193_7_602,清瀧ダム,2026-09-18T11:00,31.13,0.06,0.06,0.0,,
8193_7_602,清瀧ダム,2026-09-18T12:00,31.12,0.06,0.06,0.0,,
8193_7_602,清瀧ダム,2026-09-18T13:00,31.1,0.0,0.06,0.0,,
8193_7_602,清瀧ダム,2026-09-18T14:00,31.08,0.0,0.06,0.0,,
8193_7_602,清瀧ダム,2026-09-18T15:00,31.06,0.0,0.06,0.0,,
8193_7_602,清瀧ダム,2026-09-18T16:00,31.05,0.06,0.06,0.0,,
8193_7_603,三成ダム,2026-09-18T09:00,287.82,2.54,5.06,0.137,12.0,12.0
8193_7_603,三成ダム,2026-09-18T10:00,287.74,2.31,5.07,0.127,11.2,11.2
8193_7_603,三成ダム,2026-09-18T11:00,287.66,2.31,5.05,0.117,10.3,10.3
8193_7_603,三成ダム,2026-09-18T12:00,287.58,2.49,5.06,0.108,9.5,9.5
8193_7_603,三成ダム,2026-09-18T13:00,287.49,2.52,5.05,0.099,8.7,8.7
8193_7_603,三成ダム,2026-09-18T14:00,287.4,2.52,5.05,0.09,7.9,7.9
8193_7_603,三成ダム,2026-09-18T15:00,287.31,2.51,5.04,0.08,7.0,7.0
8193_7_603,三成ダム,2026-09-18T16:00,287.21,2.22,5.03,0.07,6.2,6.2
8193_7_604,木都賀ダム,2026-09-18T09:00,231.9,0.63,0.0,0.119,7.6,7.6
8193_7_604,木都賀ダム,2026-09-18T10:00,231.93,0.63,0.0,0.121,7.8,7.8
8193_7_604,木都賀ダム,2026-09-18T11:00,231.96,0.63,0.0,0.124,8.0,8.0
8193_7_604,木都賀ダム,2026-09-18T12:00,231.99,0.63,0.0,0.126,8.1,8.1
8193_7_604,木都賀ダム,2026-09-18T13:00,232.02,0.69,0.0,0.128,8.2,8.2
8193_7_604,木都賀ダム,2026-09-18T14:00,232.05,0.72,0.0,0.131,8.4,8.4
8193_7_604,木都賀ダム,2026-09-18T15:00,232.08,0.72,0.0,0.134,8.6,8.6
8193_7_604,木都賀ダム,2026-09-18T16:00,232.11,0.72,0.0,0.136,8.7,8.7
8193_7_7,御部ダム,2026-09-18T09:00,93.97,0.37,0.26,0.723,36.2,36.2
8193_7_7,御部ダム,2026-09-18T10:00,93.98,0.38,0.25,0.725,36.3,36.3
8193_7_7,御部ダム,2026-09-18T11:00,93.98,0.38,0.25,0.725,36.3,36.3
8193_7_7,御部ダム,2026-09-18T12:00,93.98,0.38,0.25,0.725,36.3,36.3
8193_7_7,御部ダム,2026-09-18T13:00,93.98,0.38,0.25,0.725,36.3,36.3
8193_7_7,御部ダム,2026-09-18T14:00,93.99,0.37,0.25,0.726,36.3,36.3
8193_7_7,御部ダム,2026-09-18T15:00,93.99,0.37,0.25,0.726,36.3,36.3
8193_7_7,御部ダム,2026-09-18T16:00,94.0,0.45,0.25,0.728,36.4,36.4
8193_7_9,銚子ダム,2026-09-18T09:00,56.51,0.0,0.18,0.884,84.2,84.2
8193_7_9,銚子ダム,2026-09-18T10:00,56.51,0.18,0.18,0.884,84.2,84.2
8193_7_9,銚子ダム,2026-09-18T11:00,56.51,0.18,0.18,0.884,84.2,84.2
8193_7_9,銚子ダム,2026-09-18T12:00,56.51,0.19,0.2,0.884,84.2,84.2
8193_7_9,銚子ダム,2026-09-18T13:00,56.51,0.21,0.23,0.884,84.2,84.2
8193_7_9,銚子ダム,2026-09-18T14:00,56.5,0.0,0.23,0.882,84.0,84.0
8193_7_9,銚子ダム,2026-09-18T15:00,56.5,0.2,0.18,0.882,84.0,84.0
8193_7_9,銚子ダム,2026-09-18T16:00,56.5,0.18,0.18,0.882,84.0,84.0
