prefecture,prefecture_jp,dam_jp,observed_at,water_level_m,total_inflow_m3s,total_outflow_m3s,storage_mcm,effective_storage_mcm,gross_storage_mcm,storage_pct,storage_pct_usable,source_header
Aomori,青森県,下湯ダム,2026-09-09T12:10,263.8,1.77,1.77,,,,,,管理者名 | 河川名 | 局名 | 所在地 | 最新観測時刻 | 流入量 | 全放流量 | 貯水位 | 平常時最高水位 | 洪水貯留準備水位 | 洪水量(※)
Aomori,青森県,世増ダム,2026-09-09T12:10,94.8,10.98,10.11,,,,,,管理者名 | 河川名 | 局名 | 所在地 | 最新観測時刻 | 流入量 | 全放流量 | 貯水位 | 平常時最高水位 | 洪水貯留準備水位 | 洪水量(※)
Aomori,青森県,久吉ダム,2026-09-09T12:10,276.75,1.05,1.05,,,,,,管理者名 | 河川名 | 局名 | 所在地 | 最新観測時刻 | 流入量 | 全放流量 | 貯水位 | 平常時最高水位 | 洪水貯留準備水位 | 洪水量(※)
Aomori,青森県,小泊ダム,2026-09-09T12:10,67.62,0.05,0.05,,,,,,管理者名 | 河川名 | 局名 | 所在地 | 最新観測時刻 | 流入量 | 全放流量 | 貯水位 | 平常時最高水位 | 洪水貯留準備水位 | 洪水量(※)
Aomori,青森県,川内ダム,2026-09-09T12:10,178.85,0.0,1.9,,,,,,管理者名 | 河川名 | 局名 | 所在地 | 最新観測時刻 | 流入量 | 全放流量 | 貯水位 | 平常時最高水位 | 洪水貯留準備水位 | 洪水量(※)
Aomori,青森県,津軽ダム,2026-09-09T12:10,196.79,2.22,14.63,,,,,,管理者名 | 河川名 | 局名 | 所在地 | 最新観測時刻 | 流入量 | 全放流量 | 貯水位 | 平常時最高水位 | 洪水貯留準備水位 | 洪水量(※)
Aomori,青森県,浅瀬石川ダム,2026-09-09T12:10,184.93,12.01,12.01,,,,,,管理者名 | 河川名 | 局名 | 所在地 | 最新観測時刻 | 流入量 | 全放流量 | 貯水位 | 平常時最高水位 | 洪水貯留準備水位 | 洪水量(※)
Aomori,青森県,浅虫ダム,2026-09-09T12:10,13.99,0.05,0.05,,,,,,管理者名 | 河川名 | 局名 | 所在地 | 最新観測時刻 | 流入量 | 全放流量 | 貯水位 | 平常時最高水位 | 洪水貯留準備水位 | 洪水量(※)
Aomori,青森県,清水目ダム,2026-09-09T12:10,108.11,0.7,0.7,,,,,,管理者名 | 河川名 | 局名 | 所在地 | 最新観測時刻 | 流入量 | 全放流量 | 貯水位 | 平常時最高水位 | 洪水貯留準備水位 | 洪水量(※)
Aomori,青森県,飯詰ダム,2026-09-09T12:10,70.55,0.29,0.4,,,,,,管理者名 | 河川名 | 局名 | 所在地 | 最新観測時刻 | 流入量 | 全放流量 | 貯水位 | 平常時最高水位 | 洪水貯留準備水位 | 洪水量(※)
Fukui,福井県,九頭竜ダム,2026-09-09T12:10,540.05,0.01,,,0.04607,,,28.3,局名 | 所在地 | 最新観測時刻 | 貯水率(利水容量) | 貯水位 | 有効貯水量 | 流入量 | 放流量 | 管理者名
Fukui,福井県,二ツ屋ダム,2026-09-09T12:10,349.78,2.56,2.56,,0.215,,,101.3,局名 | 所在地 | 最新観測時刻 | 貯水率(利水容量) | 貯水位 | 有効貯水量 | 流入量 | 放流量 | 管理者名
Fukui,福井県,吉野瀬川ダム,2026-09-09T12:10,100.33,6.11,1.91,,1.285,,,100.0,局名 | 所在地 | 最新観測時刻 | 貯水率(利水容量) | 貯水位 | 有効貯水量 | 流入量 | 放流量 | 管理者名
Fukui,福井県,大津呂ダム,2026-09-09T12:20,81.7,0.92,0.02,,0.081,,,29.9,局名 | 所在地 | 最新観測時刻 | 貯水率(利水容量) | 貯水位 | 有効貯水量 | 流入量 | 放流量 | 管理者名
Fukui,福井県,広野ダム,2026-09-09T12:10,293.18,4.14,1.59,,1.119,,,28.0,局名 | 所在地 | 最新観測時刻 | 貯水率(利水容量) | 貯水位 | 有効貯水量 | 流入量 | 放流量 | 管理者名
Fukui,福井県,桝谷ダム,2026-09-09T12:10,298.91,1.15,0.12,,3.43,,,17.2,局名 | 所在地 | 最新観測時刻 | 貯水率(利水容量) | 貯水位 | 有効貯水量 | 流入量 | 放流量 | 管理者名
Fukui,福井県,永平寺ダム,2026-09-09T12:20,320.07,1.39,0.92,,0.45,,,102.27,局名 | 所在地 | 最新観測時刻 | 貯水率(利水容量) | 貯水位 | 有効貯水量 | 流入量 | 放流量 | 管理者名
Fukui,福井県,河内川ダム,2026-09-09T12:20,183.11,2.46,0.31,,2.764,,,59.4,局名 | 所在地 | 最新観測時刻 | 貯水率(利水容量) | 貯水位 | 有効貯水量 | 流入量 | 放流量 | 管理者名
Fukui,福井県,浄土寺川ダム,2026-09-09T12:20,344.7,1.662,1.482,,0.78,,,100.0,局名 | 所在地 | 最新観測時刻 | 貯水率(利水容量) | 貯水位 | 有効貯水量 | 流入量 | 放流量 | 管理者名
Fukui,福井県,真名川ダム,2026-09-09T12:10,334.74,8.13,,,0.02226,,,56.1,局名 | 所在地 | 最新観測時刻 | 貯水率(利水容量) | 貯水位 | 有効貯水量 | 流入量 | 放流量 | 管理者名
Fukui,福井県,笹生川ダム,2026-09-09T12:10,513.86,17.73,9.41,,21.897,,,53.45,局名 | 所在地 | 最新観測時刻 | 貯水率(利水容量) | 貯水位 | 有効貯水量 | 流入量 | 放流量 | 管理者名
Fukui,福井県,開谷ダム,2026-09-09T12:20,121.19,,,,0.069,,,68.3,局名 | 所在地 | 最新観測時刻 | 貯水率(利水容量) | 貯水位 | 有効貯水量 | 流入量 | 放流量 | 管理者名
Fukui,福井県,龍ヶ鼻ダム,2026-09-09T12:10,171.05,11.94,2.0,,3.499,,,74.1,局名 | 所在地 | 最新観測時刻 | 貯水率(利水容量) | 貯水位 | 有効貯水量 | 流入量 | 放流量 | 管理者名
Miyazaki,宮崎県,岩瀬ダム,2026-09-09T12:10,15.0,0.0,,,,,,,河川名 | 局名 | 所在地 | 状態 | 最新観測時刻 | 貯水位 | 流入量 | 全放流量
Miyazaki,宮崎県,広渡ダム,2026-09-09T12:10,10.15,10.25,,,,,,,河川名 | 局名 | 所在地 | 状態 | 最新観測時刻 | 貯水位 | 流入量 | 全放流量
Miyazaki,宮崎県,日南ダム,2026-09-09T12:10,7.74,7.34,,,,,,,河川名 | 局名 | 所在地 | 状態 | 最新観測時刻 | 貯水位 | 流入量 | 全放流量
Miyazaki,宮崎県,松尾ダム,2026-09-09T12:10,35.41,35.52,,,,,,,河川名 | 局名 | 所在地 | 状態 | 最新観測時刻 | 貯水位 | 流入量 | 全放流量
Miyazaki,宮崎県,沖田ダム,2026-09-09T12:10,0.62,0.63,,,,,,,河川名 | 局名 | 所在地 | 状態 | 最新観測時刻 | 貯水位 | 流入量 | 全放流量
Miyazaki,宮崎県,渡川ダム,2026-09-09T12:10,6.21,13.52,,,,,,,河川名 | 局名 | 所在地 | 状態 | 最新観測時刻 | 貯水位 | 流入量 | 全放流量
Miyazaki,宮崎県,瓜田ダム,2026-09-09T12:10,0.2,0.22,,,,,,,河川名 | 局名 | 所在地 | 状態 | 最新観測時刻 | 貯水位 | 流入量 | 全放流量
Miyazaki,宮崎県,田代八重ダム,2026-09-09T12:10,8.08,0.0,,,,,,,河川名 | 局名 | 所在地 | 状態 | 最新観測時刻 | 貯水位 | 流入量 | 全放流量
Miyazaki,宮崎県,祝子ダム,2026-09-09T12:10,5.97,6.65,,,,,,,河川名 | 局名 | 所在地 | 状態 | 最新観測時刻 | 貯水位 | 流入量 | 全放流量
Miyazaki,宮崎県,立花ダム,2026-09-09T12:10,5.1,0.0,,,,,,,河川名 | 局名 | 所在地 | 状態 | 最新観測時刻 | 貯水位 | 流入量 | 全放流量
Miyazaki,宮崎県,綾北ダム,2026-09-09T12:10,2.67,10.95,,,,,,,河川名 | 局名 | 所在地 | 状態 | 最新観測時刻 | 貯水位 | 流入量 | 全放流量
Miyazaki,宮崎県,綾南ダム,2026-09-09T12:10,4.84,10.0,,,,,,,河川名 | 局名 | 所在地 | 状態 | 最新観測時刻 | 貯水位 | 流入量 | 全放流量
Miyazaki,宮崎県,長谷ダム,2026-09-09T12:10,3.95,3.93,,,,,,,河川名 | 局名 | 所在地 | 状態 | 最新観測時刻 | 貯水位 | 流入量 | 全放流量
Nara,奈良県,初瀬ダム,2026-09-09T12:10,219.89,0.79,0.22,,,,,,管理者名 | 河川名 | 局名 | 所在地 | 最新観測時刻 | 貯水位 | 貯水容量 | 空容量 | 全流入量 | 放流量
Nara,奈良県,大門ダム,2026-09-09T12:10,262.68,0.0,0.0,,,,,,管理者名 | 河川名 | 局名 | 所在地 | 最新観測時刻 | 貯水位 | 貯水容量 | 空容量 | 全流入量 | 放流量
Nara,奈良県,天理ダム,2026-09-09T12:10,252.75,0.27,0.13,,,,,,管理者名 | 河川名 | 局名 | 所在地 | 最新観測時刻 | 貯水位 | 貯水容量 | 空容量 | 全流入量 | 放流量
Nara,奈良県,岩井川ダム,2026-09-09T12:10,239.94,0.12,0.07,,,,,,管理者名 | 河川名 | 局名 | 所在地 | 最新観測時刻 | 貯水位 | 貯水容量 | 空容量 | 全流入量 | 放流量
Nara,奈良県,白川ダム,2026-09-09T12:10,111.2,0.0,0.01,,,,,,管理者名 | 河川名 | 局名 | 所在地 | 最新観測時刻 | 貯水位 | 貯水容量 | 空容量 | 全流入量 | 放流量
Niigata,新潟県,三面ダム,2026-09-09T12:10,115.84,5.94,26.48,,,,92.1,,観測所名 | 最新観測時刻 | 平常時最高貯水位(常時満水位)[m] | 貯水位[m] | 洪水時最高水位(サーチャージ水位)[m] | 貯水率[%] | 洪水流入量[m3/s] | 流入量[m3/s] | 計画高水流量[m3/s] | 全放流量[m3/s]
Niigata,新潟県,下条川ダム,2026-09-09T12:10,31.26,110.0,,,,,8.7,,観測所名 | 最新観測時刻 | 平常時最高貯水位(常時満水位)[m] | 貯水位[m] | 洪水時最高水位(サーチャージ水位)[m] | 貯水率[%] | 洪水流入量[m3/s] | 流入量[m3/s] | 計画高水流量[m3/s] | 全放流量[m3/s]
Niigata,新潟県,久知川ダム,2026-09-09T12:10,124.38,1.52,1.12,,,,100.0,,観測所名 | 最新観測時刻 | 平常時最高貯水位(常時満水位)[m] | 貯水位[m] | 洪水時最高水位(サーチャージ水位)[m] | 貯水率[%] | 洪水流入量[m3/s] | 流入量[m3/s] | 計画高水流量[m3/s] | 全放流量[m3/s]
Niigata,新潟県,内の倉ダム,2026-09-09T12:10,147.91,7.42,4.55,,,,41.3,,観測所名 | 最新観測時刻 | 平常時最高貯水位(常時満水位)[m] | 貯水位[m] | 洪水時最高水位(サーチャージ水位)[m] | 貯水率[%] | 洪水流入量[m3/s] | 流入量[m3/s] | 計画高水流量[m3/s] | 全放流量[m3/s]
Niigata,新潟県,刈谷田川ダム,2026-09-09T12:10,239.71,5.28,3.39,,,,100.0,,観測所名 | 最新観測時刻 | 平常時最高貯水位(常時満水位)[m] | 貯水位[m] | 洪水時最高水位(サーチャージ水位)[m] | 貯水率[%] | 洪水流入量[m3/s] | 流入量[m3/s] | 計画高水流量[m3/s] | 全放流量[m3/s]
Niigata,新潟県,加治川治水ダム,2026-09-09T12:10,273.15,7.48,8.99,,,,,,観測所名 | 最新観測時刻 | 平常時最高貯水位(常時満水位)[m] | 貯水位[m] | 洪水時最高水位(サーチャージ水位)[m] | 貯水率[%] | 洪水流入量[m3/s] | 流入量[m3/s] | 計画高水流量[m3/s] | 全放流量[m3/s]
Niigata,新潟県,城川ダム,2026-09-09T12:10,271.86,1.46,1.31,,,,100.0,,観測所名 | 最新観測時刻 | 平常時最高貯水位(常時満水位)[m] | 貯水位[m] | 洪水時最高水位(サーチャージ水位)[m] | 貯水率[%] | 洪水流入量[m3/s] | 流入量[m3/s] | 計画高水流量[m3/s] | 全放流量[m3/s]
Niigata,新潟県,大谷ダム,2026-09-09T12:10,191.69,9.75,1.78,,,,100.0,,観測所名 | 最新観測時刻 | 平常時最高貯水位(常時満水位)[m] | 貯水位[m] | 洪水時最高水位(サーチャージ水位)[m] | 貯水率[%] | 洪水流入量[m3/s] | 流入量[m3/s] | 計画高水流量[m3/s] | 全放流量[m3/s]
Niigata,新潟県,大野川ダム,2026-09-09T12:10,142.71,2.18,0.3,,,,100.0,,観測所名 | 最新観測時刻 | 平常時最高貯水位(常時満水位)[m] | 貯水位[m] | 洪水時最高水位(サーチャージ水位)[m] | 貯水率[%] | 洪水流入量[m3/s] | 流入量[m3/s] | 計画高水流量[m3/s] | 全放流量[m3/s]
Niigata,新潟県,奥三面ダム,2026-09-09T12:10,211.47,29.33,0.72,,,,79.2,,観測所名 | 最新観測時刻 | 平常時最高貯水位(常時満水位)[m] | 貯水位[m] | 洪水時最高水位(サーチャージ水位)[m] | 貯水率[%] | 洪水流入量[m3/s] | 流入量[m3/s] | 計画高水流量[m3/s] | 全放流量[m3/s]
Niigata,新潟県,奥胎内ダム,2026-09-09T12:10,384.83,5.66,10.55,,,,,,観測所名 | 最新観測時刻 | 平常時最高貯水位(常時満水位)[m] | 貯水位[m] | 洪水時最高水位(サーチャージ水位)[m] | 貯水率[%] | 洪水流入量[m3/s] | 流入量[m3/s] | 計画高水流量[m3/s] | 全放流量[m3/s]
Niigata,新潟県,広神ダム,2026-09-09T12:10,214.38,5.68,3.75,,,,100.0,,観測所名 | 最新観測時刻 | 平常時最高貯水位(常時満水位)[m] | 貯水位[m] | 洪水時最高水位(サーチャージ水位)[m] | 貯水率[%] | 洪水流入量[m3/s] | 流入量[m3/s] | 計画高水流量[m3/s] | 全放流量[m3/s]
Niigata,新潟県,新保川ダム,2026-09-09T12:10,160.65,1.45,1.26,,,,100.0,,観測所名 | 最新観測時刻 | 平常時最高貯水位(常時満水位)[m] | 貯水位[m] | 洪水時最高水位(サーチャージ水位)[m] | 貯水率[%] | 洪水流入量[m3/s] | 流入量[m3/s] | 計画高水流量[m3/s] | 全放流量[m3/s]
Niigata,新潟県,早出川ダム,2026-09-09T12:10,164.31,16.35,10.05,,,,83.9,,観測所名 | 最新観測時刻 | 平常時最高貯水位(常時満水位)[m] | 貯水位[m] | 洪水時最高水位(サーチャージ水位)[m] | 貯水率[%] | 洪水流入量[m3/s] | 流入量[m3/s] | 計画高水流量[m3/s] | 全放流量[m3/s]
Niigata,新潟県,柿崎川ダム,2026-09-09T12:10,120.85,2.13,0.71,,,,100.0,,観測所名 | 最新観測時刻 | 平常時最高貯水位(常時満水位)[m] | 貯水位[m] | 洪水時最高水位(サーチャージ水位)[m] | 貯水率[%] | 洪水流入量[m3/s] | 流入量[m3/s] | 計画高水流量[m3/s] | 全放流量[m3/s]
Niigata,新潟県,正善寺ダム,2026-09-09T12:10,85.42,3.19,0.23,,,,76.4,,観測所名 | 最新観測時刻 | 平常時最高貯水位(常時満水位)[m] | 貯水位[m] | 洪水時最高水位(サーチャージ水位)[m] | 貯水率[%] | 洪水流入量[m3/s] | 流入量[m3/s] | 計画高水流量[m3/s] | 全放流量[m3/s]
Niigata,新潟県,破間川ダム,2026-09-09T12:10,430.29,10.1,6.45,,,,76.7,,観測所名 | 最新観測時刻 | 平常時最高貯水位(常時満水位)[m] | 貯水位[m] | 洪水時最高水位(サーチャージ水位)[m] | 貯水率[%] | 洪水流入量[m3/s] | 流入量[m3/s] | 計画高水流量[m3/s] | 全放流量[m3/s]
Niigata,新潟県,笠堀ダム,2026-09-09T12:10,192.48,13.0,12.23,,,,84.4,,観測所名 | 最新観測時刻 | 平常時最高貯水位(常時満水位)[m] | 貯水位[m] | 洪水時最高水位(サーチャージ水位)[m] | 貯水率[%] | 洪水流入量[m3/s] | 流入量[m3/s] | 計画高水流量[m3/s] | 全放流量[m3/s]
Niigata,新潟県,胎内川ダム,2026-09-09T12:10,287.9,13.05,11.9,,,,98.8,,観測所名 | 最新観測時刻 | 平常時最高貯水位(常時満水位)[m] | 貯水位[m] | 洪水時最高水位(サーチャージ水位)[m] | 貯水率[%] | 洪水流入量[m3/s] | 流入量[m3/s] | 計画高水流量[m3/s] | 全放流量[m3/s]
Niigata,新潟県,鯖石川ダム,2026-09-09T12:10,134.87,10.17,9.97,,,,96.2,,観測所名 | 最新観測時刻 | 平常時最高貯水位(常時満水位)[m] | 貯水位[m] | 洪水時最高水位(サーチャージ水位)[m] | 貯水率[%] | 洪水流入量[m3/s] | 流入量[m3/s] | 計画高水流量[m3/s] | 全放流量[m3/s]
Oita,大分県,北川ダム,2026-09-09T12:10,150.44,14.76,,0.0456,,,23.23,,管理者名 | 河川名 | 局名 | 所在地 | 最新観測時刻 | 貯水位 | 流入量 | 貯水量 | 貯水率 | 放流量
Oita,大分県,安岐ダム,2026-09-09T12:20,153.76,0.65,0.27,0.609,,,100.0,,管理者名 | 河川名 | 局名 | 所在地 | 最新観測時刻 | 貯水位 | 流入量 | 貯水量 | 貯水率 | 放流量
Oita,大分県,床木ダム,2026-09-09T12:10,88.8,0.74,0.69,0.915,,,100.0,,管理者名 | 河川名 | 局名 | 所在地 | 最新観測時刻 | 貯水位 | 流入量 | 貯水量 | 貯水率 | 放流量
Oita,大分県,玉来ダム,2026-09-09T12:10,350.76,5.38,,0.0001,,,5.38,,管理者名 | 河川名 | 局名 | 所在地 | 最新観測時刻 | 貯水位 | 流入量 | 貯水量 | 貯水率 | 放流量
Oita,大分県,稲葉ダム,2026-09-09T12:20,437.84,2.239,,0.1012,,,2.443,,管理者名 | 河川名 | 局名 | 所在地 | 最新観測時刻 | 貯水位 | 流入量 | 貯水量 | 貯水率 | 放流量
Oita,大分県,芹川ダム,2026-09-09T12:20,328.45,4.51,,0.055,,,2.8,,管理者名 | 河川名 | 局名 | 所在地 | 最新観測時刻 | 貯水位 | 流入量 | 貯水量 | 貯水率 | 放流量
Oita,大分県,行入ダム,2026-09-09T12:20,122.99,0.01,0.1,0.507,,,50.9,,管理者名 | 河川名 | 局名 | 所在地 | 最新観測時刻 | 貯水位 | 流入量 | 貯水量 | 貯水率 | 放流量
Oita,大分県,野津ダム,2026-09-09T12:20,238.09,0.09,,0.1008,,,0.09,,管理者名 | 河川名 | 局名 | 所在地 | 最新観測時刻 | 貯水位 | 流入量 | 貯水量 | 貯水率 | 放流量
Oita,大分県,青江ダム,2026-09-09T12:20,64.19,0.172,0.128,0.461,,,100.0,,管理者名 | 河川名 | 局名 | 所在地 | 最新観測時刻 | 貯水位 | 流入量 | 貯水量 | 貯水率 | 放流量
Oita,大分県,黒沢ダム,2026-09-09T12:10,95.49,0.95,0.93,1.161,,,100.0,,管理者名 | 河川名 | 局名 | 所在地 | 最新観測時刻 | 貯水位 | 流入量 | 貯水量 | 貯水率 | 放流量
Tokushima,徳島県,宮川内ダム,2026-09-09T12:10,125.14,7.37,0.11,,,0.279,36.23,,管理者名 | 河川名 | 局名 | 所在地 | 最新観測時刻 | 貯水位 | 総貯水量 | 全流入量 | 全放流量 | 貯水率
Tokushima,徳島県,川口ダム,2026-09-09T12:10,94.26,470.9,,,,0.4608,,,管理者名 | 河川名 | 局名 | 所在地 | 最新観測時刻 | 貯水位 | 総貯水量 | 全流入量 | 全放流量 | 貯水率
Tokushima,徳島県,棚野ダム,2026-09-09T12:10,139.3,,,,,,,,管理者名 | 河川名 | 局名 | 所在地 | 最新観測時刻 | 貯水位 | 総貯水量 | 全流入量 | 全放流量 | 貯水率
Tokushima,徳島県,正木ダム,2026-09-09T12:10,167.05,79.9,118.1,,,5.308,74.65,,管理者名 | 河川名 | 局名 | 所在地 | 最新観測時刻 | 貯水位 | 総貯水量 | 全流入量 | 全放流量 | 貯水率
Tokushima,徳島県,池田ダム,2026-09-09T12:10,88.24,402.68,,,,0.40242,,,管理者名 | 河川名 | 局名 | 所在地 | 最新観測時刻 | 貯水位 | 総貯水量 | 全流入量 | 全放流量 | 貯水率
Tokushima,徳島県,福井ダム,2026-09-09T12:10,44.37,6.02,4.73,,,1.447,100.0,,管理者名 | 河川名 | 局名 | 所在地 | 最新観測時刻 | 貯水位 | 総貯水量 | 全流入量 | 全放流量 | 貯水率
Tokushima,徳島県,長安口ダム,2026-09-09T12:10,221.21,340.4,,,,0.2958,,,管理者名 | 河川名 | 局名 | 所在地 | 最新観測時刻 | 貯水位 | 総貯水量 | 全流入量 | 全放流量 | 貯水率
Yamagata,山形県,前川ダム,2026-09-09T12:10,257.23,0.1,0.1,1.511,,,88.9,,管理者名 | 河川名 | 局名 | 所在地 | 最新観測時刻 | 流入量 | 全放流量 | 貯水位 | 貯水量 | 貯水率
Yamagata,山形県,寒河江ダム,2026-09-09T12:10,385.67,37.73,1.28,52.075,,,94.0,,管理者名 | 河川名 | 局名 | 所在地 | 最新観測時刻 | 流入量 | 全放流量 | 貯水位 | 貯水量 | 貯水率
Yamagata,山形県,最上小国川流水型ダム,2026-09-09T12:10,277.33,8.13,7.96,0.002,,,0.0,,管理者名 | 河川名 | 局名 | 所在地 | 最新観測時刻 | 流入量 | 全放流量 | 貯水位 | 貯水量 | 貯水率
Yamagata,山形県,月光川ダム,2026-09-09T12:10,169.59,7.87,7.95,0.01,,,0.4,,管理者名 | 河川名 | 局名 | 所在地 | 最新観測時刻 | 流入量 | 全放流量 | 貯水位 | 貯水量 | 貯水率
Yamagata,山形県,月山ダム,2026-09-09T12:10,236.72,12.96,4.0,16.266,,,90.7,,管理者名 | 河川名 | 局名 | 所在地 | 最新観測時刻 | 流入量 | 全放流量 | 貯水位 | 貯水量 | 貯水率
Yamagata,山形県,木地山ダム,2026-09-09T12:10,470.4,10.76,6.9,1.057,,,19.9,,管理者名 | 河川名 | 局名 | 所在地 | 最新観測時刻 | 流入量 | 全放流量 | 貯水位 | 貯水量 | 貯水率
Yamagata,山形県,温海川ダム,2026-09-09T12:10,142.83,4.97,4.27,0.498,,,100.0,,管理者名 | 河川名 | 局名 | 所在地 | 最新観測時刻 | 流入量 | 全放流量 | 貯水位 | 貯水量 | 貯水率
Yamagata,山形県,田沢川ダム,2026-09-09T12:10,127.29,1.91,1.12,4.025,,,81.3,,管理者名 | 河川名 | 局名 | 所在地 | 最新観測時刻 | 流入量 | 全放流量 | 貯水位 | 貯水量 | 貯水率
Yamagata,山形県,留山川ダム,2026-09-09T12:10,300.19,0.7,0.47,0.351,,,100.0,,管理者名 | 河川名 | 局名 | 所在地 | 最新観測時刻 | 流入量 | 全放流量 | 貯水位 | 貯水量 | 貯水率
Yamagata,山形県,白川ダム,2026-09-09T12:10,319.69,22.35,22.35,6.673,,,67.4,,管理者名 | 河川名 | 局名 | 所在地 | 最新観測時刻 | 流入量 | 全放流量 | 貯水位 | 貯水量 | 貯水率
Yamagata,山形県,白水川ダム,2026-09-09T12:10,357.5,0.62,0.45,2.501,,,96.2,,管理者名 | 河川名 | 局名 | 所在地 | 最新観測時刻 | 流入量 | 全放流量 | 貯水位 | 貯水量 | 貯水率
Yamagata,山形県,神室ダム,2026-09-09T12:10,381.19,1.75,1.0,2.535,,,77.4,,管理者名 | 河川名 | 局名 | 所在地 | 最新観測時刻 | 流入量 | 全放流量 | 貯水位 | 貯水量 | 貯水率
Yamagata,山形県,綱木川ダム,2026-09-09T12:10,456.44,3.32,3.38,3.616,,,100.0,,管理者名 | 河川名 | 局名 | 所在地 | 最新観測時刻 | 流入量 | 全放流量 | 貯水位 | 貯水量 | 貯水率
Yamagata,山形県,荒沢ダム,2026-09-09T12:10,237.02,25.64,13.51,5.397,,,31.3,,管理者名 | 河川名 | 局名 | 所在地 | 最新観測時刻 | 流入量 | 全放流量 | 貯水位 | 貯水量 | 貯水率
Yamagata,山形県,蔵王ダム,2026-09-09T12:10,592.46,3.82,3.95,1.811,,,85.4,,管理者名 | 河川名 | 局名 | 所在地 | 最新観測時刻 | 流入量 | 全放流量 | 貯水位 | 貯水量 | 貯水率
Yamagata,山形県,長井ダム,2026-09-09T12:10,365.8,11.59,11.69,20.833,,,94.4,,管理者名 | 河川名 | 局名 | 所在地 | 最新観測時刻 | 流入量 | 全放流量 | 貯水位 | 貯水量 | 貯水率
Yamagata,山形県,高坂ダム,2026-09-09T12:10,182.4,14.44,11.33,0.793,,,24.0,,管理者名 | 河川名 | 局名 | 所在地 | 最新観測時刻 | 流入量 | 全放流量 | 貯水位 | 貯水量 | 貯水率
Aomori,青森県,下湯ダム,2026-09-09T17:10,263.78,0.89,1.73,,,,,,管理者名 | 河川名 | 局名 | 所在地 | 最新観測時刻 | 流入量 | 全放流量 | 貯水位 | 平常時最高水位 | 洪水貯留準備水位 | 洪水量(※)
Aomori,青森県,世増ダム,2026-09-09T17:10,94.81,10.24,10.28,,,,,,管理者名 | 河川名 | 局名 | 所在地 | 最新観測時刻 | 流入量 | 全放流量 | 貯水位 | 平常時最高水位 | 洪水貯留準備水位 | 洪水量(※)
Aomori,青森県,久吉ダム,2026-09-09T17:10,276.74,1.02,1.02,,,,,,管理者名 | 河川名 | 局名 | 所在地 | 最新観測時刻 | 流入量 | 全放流量 | 貯水位 | 平常時最高水位 | 洪水貯留準備水位 | 洪水量(※)
Aomori,青森県,小泊ダム,2026-09-09T17:10,67.62,0.05,0.05,,,,,,管理者名 | 河川名 | 局名 | 所在地 | 最新観測時刻 | 流入量 | 全放流量 | 貯水位 | 平常時最高水位 | 洪水貯留準備水位 | 洪水量(※)
Aomori,青森県,川内ダム,2026-09-09T17:10,178.86,1.94,1.95,,,,,,管理者名 | 河川名 | 局名 | 所在地 | 最新観測時刻 | 流入量 | 全放流量 | 貯水位 | 平常時最高水位 | 洪水貯留準備水位 | 洪水量(※)
Aomori,青森県,津軽ダム,2026-09-09T17:10,196.74,6.88,14.64,,,,,,管理者名 | 河川名 | 局名 | 所在地 | 最新観測時刻 | 流入量 | 全放流量 | 貯水位 | 平常時最高水位 | 洪水貯留準備水位 | 洪水量(※)
Aomori,青森県,浅瀬石川ダム,2026-09-09T17:10,184.93,12.01,12.03,,,,,,管理者名 | 河川名 | 局名 | 所在地 | 最新観測時刻 | 流入量 | 全放流量 | 貯水位 | 平常時最高水位 | 洪水貯留準備水位 | 洪水量(※)
Aomori,青森県,浅虫ダム,2026-09-09T17:10,13.99,0.05,0.05,,,,,,管理者名 | 河川名 | 局名 | 所在地 | 最新観測時刻 | 流入量 | 全放流量 | 貯水位 | 平常時最高水位 | 洪水貯留準備水位 | 洪水量(※)
Aomori,青森県,清水目ダム,2026-09-09T17:10,108.1,0.7,0.7,,,,,,管理者名 | 河川名 | 局名 | 所在地 | 最新観測時刻 | 流入量 | 全放流量 | 貯水位 | 平常時最高水位 | 洪水貯留準備水位 | 洪水量(※)
Aomori,青森県,飯詰ダム,2026-09-09T17:10,70.54,0.39,0.39,,,,,,管理者名 | 河川名 | 局名 | 所在地 | 最新観測時刻 | 流入量 | 全放流量 | 貯水位 | 平常時最高水位 | 洪水貯留準備水位 | 洪水量(※)
Fukui,福井県,九頭竜ダム,2026-09-09T17:10,540.34,0.01,,,0.08599,,,29.1,局名 | 所在地 | 最新観測時刻 | 貯水率(利水容量) | 貯水位 | 有効貯水量 | 流入量 | 放流量 | 管理者名
Fukui,福井県,二ツ屋ダム,2026-09-09T17:10,349.8,3.59,3.59,,0.215,,,101.6,局名 | 所在地 | 最新観測時刻 | 貯水率(利水容量) | 貯水位 | 有効貯水量 | 流入量 | 放流量 | 管理者名
Fukui,福井県,吉野瀬川ダム,2026-09-09T17:10,100.48,3.69,2.35,,1.323,,,100.0,局名 | 所在地 | 最新観測時刻 | 貯水率(利水容量) | 貯水位 | 有効貯水量 | 流入量 | 放流量 | 管理者名
Fukui,福井県,大津呂ダム,2026-09-09T17:10,82.85,0.66,0.02,,0.095,,,35.1,局名 | 所在地 | 最新観測時刻 | 貯水率(利水容量) | 貯水位 | 有効貯水量 | 流入量 | 放流量 | 管理者名
Fukui,福井県,広野ダム,2026-09-09T17:10,293.53,6.24,1.62,,1.19,,,29.8,局名 | 所在地 | 最新観測時刻 | 貯水率(利水容量) | 貯水位 | 有効貯水量 | 流入量 | 放流量 | 管理者名
Fukui,福井県,桝谷ダム,2026-09-09T17:10,298.97,1.04,0.12,,3.444,,,17.3,局名 | 所在地 | 最新観測時刻 | 貯水率(利水容量) | 貯水位 | 有効貯水量 | 流入量 | 放流量 | 管理者名
Fukui,福井県,永平寺ダム,2026-09-09T17:10,320.14,1.27,1.17,,0.453,,,102.95,局名 | 所在地 | 最新観測時刻 | 貯水率(利水容量) | 貯水位 | 有効貯水量 | 流入量 | 放流量 | 管理者名
Fukui,福井県,河内川ダム,2026-09-09T17:10,183.37,2.92,0.31,,2.821,,,60.7,局名 | 所在地 | 最新観測時刻 | 貯水率(利水容量) | 貯水位 | 有効貯水量 | 流入量 | 放流量 | 管理者名
Fukui,福井県,浄土寺川ダム,2026-09-09T17:10,344.72,1.592,1.527,,0.781,,,100.0,局名 | 所在地 | 最新観測時刻 | 貯水率(利水容量) | 貯水位 | 有効貯水量 | 流入量 | 放流量 | 管理者名
Fukui,福井県,真名川ダム,2026-09-09T17:10,334.92,14.91,,,0.02423,,,58.9,局名 | 所在地 | 最新観測時刻 | 貯水率(利水容量) | 貯水位 | 有効貯水量 | 流入量 | 放流量 | 管理者名
Fukui,福井県,笹生川ダム,2026-09-09T17:10,514.17,36.25,9.47,,22.366,,,54.6,局名 | 所在地 | 最新観測時刻 | 貯水率(利水容量) | 貯水位 | 有効貯水量 | 流入量 | 放流量 | 管理者名
Fukui,福井県,開谷ダム,2026-09-09T17:10,121.4,,,,0.073,,,72.3,局名 | 所在地 | 最新観測時刻 | 貯水率(利水容量) | 貯水位 | 有効貯水量 | 流入量 | 放流量 | 管理者名
Fukui,福井県,龍ヶ鼻ダム,2026-09-09T17:10,172.22,12.92,2.96,,3.808,,,80.64,局名 | 所在地 | 最新観測時刻 | 貯水率(利水容量) | 貯水位 | 有効貯水量 | 流入量 | 放流量 | 管理者名
Miyazaki,宮崎県,岩瀬ダム,2026-09-09T17:10,11.41,35.88,,,,,,,河川名 | 局名 | 所在地 | 状態 | 最新観測時刻 | 貯水位 | 流入量 | 全放流量
Miyazaki,宮崎県,広渡ダム,2026-09-09T17:10,9.71,9.84,,,,,,,河川名 | 局名 | 所在地 | 状態 | 最新観測時刻 | 貯水位 | 流入量 | 全放流量
Miyazaki,宮崎県,日南ダム,2026-09-09T17:10,7.22,6.96,,,,,,,河川名 | 局名 | 所在地 | 状態 | 最新観測時刻 | 貯水位 | 流入量 | 全放流量
Miyazaki,宮崎県,松尾ダム,2026-09-09T17:10,35.37,35.68,,,,,,,河川名 | 局名 | 所在地 | 状態 | 最新観測時刻 | 貯水位 | 流入量 | 全放流量
Miyazaki,宮崎県,沖田ダム,2026-09-09T17:10,0.58,0.59,,,,,,,河川名 | 局名 | 所在地 | 状態 | 最新観測時刻 | 貯水位 | 流入量 | 全放流量
Miyazaki,宮崎県,渡川ダム,2026-09-09T17:10,5.86,13.68,,,,,,,河川名 | 局名 | 所在地 | 状態 | 最新観測時刻 | 貯水位 | 流入量 | 全放流量
Miyazaki,宮崎県,瓜田ダム,2026-09-09T17:10,0.17,0.18,,,,,,,河川名 | 局名 | 所在地 | 状態 | 最新観測時刻 | 貯水位 | 流入量 | 全放流量
Miyazaki,宮崎県,田代八重ダム,2026-09-09T17:10,7.25,14.0,,,,,,,河川名 | 局名 | 所在地 | 状態 | 最新観測時刻 | 貯水位 | 流入量 | 全放流量
Miyazaki,宮崎県,祝子ダム,2026-09-09T17:10,5.7,6.67,,,,,,,河川名 | 局名 | 所在地 | 状態 | 最新観測時刻 | 貯水位 | 流入量 | 全放流量
Miyazaki,宮崎県,立花ダム,2026-09-09T17:10,4.01,0.0,,,,,,,河川名 | 局名 | 所在地 | 状態 | 最新観測時刻 | 貯水位 | 流入量 | 全放流量
Miyazaki,宮崎県,綾北ダム,2026-09-09T17:10,9.7,0.2,,,,,,,河川名 | 局名 | 所在地 | 状態 | 最新観測時刻 | 貯水位 | 流入量 | 全放流量
Miyazaki,宮崎県,綾南ダム,2026-09-09T17:10,4.68,10.01,,,,,,,河川名 | 局名 | 所在地 | 状態 | 最新観測時刻 | 貯水位 | 流入量 | 全放流量
Miyazaki,宮崎県,長谷ダム,2026-09-09T17:10,3.9,3.87,,,,,,,河川名 | 局名 | 所在地 | 状態 | 最新観測時刻 | 貯水位 | 流入量 | 全放流量
Nara,奈良県,初瀬ダム,2026-09-09T17:10,220.03,1.67,0.22,,,,,,管理者名 | 河川名 | 局名 | 所在地 | 最新観測時刻 | 貯水位 | 貯水容量 | 空容量 | 全流入量 | 放流量
Nara,奈良県,大門ダム,2026-09-09T17:10,262.7,0.19,0.0,,,,,,管理者名 | 河川名 | 局名 | 所在地 | 最新観測時刻 | 貯水位 | 貯水容量 | 空容量 | 全流入量 | 放流量
Nara,奈良県,天理ダム,2026-09-09T17:10,252.89,0.91,0.13,,,,,,管理者名 | 河川名 | 局名 | 所在地 | 最新観測時刻 | 貯水位 | 貯水容量 | 空容量 | 全流入量 | 放流量
Nara,奈良県,岩井川ダム,2026-09-09T17:10,240.12,0.6,0.07,,,,,,管理者名 | 河川名 | 局名 | 所在地 | 最新観測時刻 | 貯水位 | 貯水容量 | 空容量 | 全流入量 | 放流量
Nara,奈良県,白川ダム,2026-09-09T17:10,111.23,0.0,0.01,,,,,,管理者名 | 河川名 | 局名 | 所在地 | 最新観測時刻 | 貯水位 | 貯水容量 | 空容量 | 全流入量 | 放流量
Niigata,新潟県,三面ダム,2026-09-09T17:10,115.68,43.65,26.89,,,,91.1,,観測所名 | 最新観測時刻 | 平常時最高貯水位(常時満水位)[m] | 貯水位[m] | 洪水時最高水位(サーチャージ水位)[m] | 貯水率[%] | 洪水流入量[m3/s] | 流入量[m3/s] | 計画高水流量[m3/s] | 全放流量[m3/s]
Niigata,新潟県,下条川ダム,2026-09-09T17:10,31.26,110.0,,,,,8.7,,観測所名 | 最新観測時刻 | 平常時最高貯水位(常時満水位)[m] | 貯水位[m] | 洪水時最高水位(サーチャージ水位)[m] | 貯水率[%] | 洪水流入量[m3/s] | 流入量[m3/s] | 計画高水流量[m3/s] | 全放流量[m3/s]
Niigata,新潟県,久知川ダム,2026-09-09T17:10,124.38,1.01,1.12,,,,100.0,,観測所名 | 最新観測時刻 | 平常時最高貯水位(常時満水位)[m] | 貯水位[m] | 洪水時最高水位(サーチャージ水位)[m] | 貯水率[%] | 洪水流入量[m3/s] | 流入量[m3/s] | 計画高水流量[m3/s] | 全放流量[m3/s]
Niigata,新潟県,内の倉ダム,2026-09-09T17:10,147.95,6.15,4.55,,,,41.4,,観測所名 | 最新観測時刻 | 平常時最高貯水位(常時満水位)[m] | 貯水位[m] | 洪水時最高水位(サーチャージ水位)[m] | 貯水率[%] | 洪水流入量[m3/s] | 流入量[m3/s] | 計画高水流量[m3/s] | 全放流量[m3/s]
Niigata,新潟県,刈谷田川ダム,2026-09-09T17:10,239.8,3.29,3.86,,,,100.0,,観測所名 | 最新観測時刻 | 平常時最高貯水位(常時満水位)[m] | 貯水位[m] | 洪水時最高水位(サーチャージ水位)[m] | 貯水率[%] | 洪水流入量[m3/s] | 流入量[m3/s] | 計画高水流量[m3/s] | 全放流量[m3/s]
Niigata,新潟県,加治川治水ダム,2026-09-09T17:10,273.09,7.14,8.99,,,,,,観測所名 | 最新観測時刻 | 平常時最高貯水位(常時満水位)[m] | 貯水位[m] | 洪水時最高水位(サーチャージ水位)[m] | 貯水率[%] | 洪水流入量[m3/s] | 流入量[m3/s] | 計画高水流量[m3/s] | 全放流量[m3/s]
Niigata,新潟県,城川ダム,2026-09-09T17:10,271.76,0.94,0.92,,,,100.0,,観測所名 | 最新観測時刻 | 平常時最高貯水位(常時満水位)[m] | 貯水位[m] | 洪水時最高水位(サーチャージ水位)[m] | 貯水率[%] | 洪水流入量[m3/s] | 流入量[m3/s] | 計画高水流量[m3/s] | 全放流量[m3/s]
Niigata,新潟県,大谷ダム,2026-09-09T17:10,191.85,6.83,2.44,,,,100.0,,観測所名 | 最新観測時刻 | 平常時最高貯水位(常時満水位)[m] | 貯水位[m] | 洪水時最高水位(サーチャージ水位)[m] | 貯水率[%] | 洪水流入量[m3/s] | 流入量[m3/s] | 計画高水流量[m3/s] | 全放流量[m3/s]
Niigata,新潟県,大野川ダム,2026-09-09T17:10,143.0,1.25,0.49,,,,100.0,,観測所名 | 最新観測時刻 | 平常時最高貯水位(常時満水位)[m] | 貯水位[m] | 洪水時最高水位(サーチャージ水位)[m] | 貯水率[%] | 洪水流入量[m3/s] | 流入量[m3/s] | 計画高水流量[m3/s] | 全放流量[m3/s]
Niigata,新潟県,奥三面ダム,2026-09-09T17:10,211.59,31.29,38.53,,,,79.8,,観測所名 | 最新観測時刻 | 平常時最高貯水位(常時満水位)[m] | 貯水位[m] | 洪水時最高水位(サーチャージ水位)[m] | 貯水率[%] | 洪水流入量[m3/s] | 流入量[m3/s] | 計画高水流量[m3/s] | 全放流量[m3/s]
Niigata,新潟県,奥胎内ダム,2026-09-09T17:10,384.26,4.14,7.37,,,,,,観測所名 | 最新観測時刻 | 平常時最高貯水位(常時満水位)[m] | 貯水位[m] | 洪水時最高水位(サーチャージ水位)[m] | 貯水率[%] | 洪水流入量[m3/s] | 流入量[m3/s] | 計画高水流量[m3/s] | 全放流量[m3/s]
Niigata,新潟県,広神ダム,2026-09-09T17:10,214.47,4.65,4.1,,,,100.0,,観測所名 | 最新観測時刻 | 平常時最高貯水位(常時満水位)[m] | 貯水位[m] | 洪水時最高水位(サーチャージ水位)[m] | 貯水率[%] | 洪水流入量[m3/s] | 流入量[m3/s] | 計画高水流量[m3/s] | 全放流量[m3/s]
Niigata,新潟県,新保川ダム,2026-09-09T17:10,160.63,1.1,1.18,,,,100.0,,観測所名 | 最新観測時刻 | 平常時最高貯水位(常時満水位)[m] | 貯水位[m] | 洪水時最高水位(サーチャージ水位)[m] | 貯水率[%] | 洪水流入量[m3/s] | 流入量[m3/s] | 計画高水流量[m3/s] | 全放流量[m3/s]
Niigata,新潟県,早出川ダム,2026-09-09T17:10,164.36,7.2,10.47,,,,84.6,,観測所名 | 最新観測時刻 | 平常時最高貯水位(常時満水位)[m] | 貯水位[m] | 洪水時最高水位(サーチャージ水位)[m] | 貯水率[%] | 洪水流入量[m3/s] | 流入量[m3/s] | 計画高水流量[m3/s] | 全放流量[m3/s]
Niigata,新潟県,柿崎川ダム,2026-09-09T17:10,120.91,0.83,0.83,,,,100.0,,観測所名 | 最新観測時刻 | 平常時最高貯水位(常時満水位)[m] | 貯水位[m] | 洪水時最高水位(サーチャージ水位)[m] | 貯水率[%] | 洪水流入量[m3/s] | 流入量[m3/s] | 計画高水流量[m3/s] | 全放流量[m3/s]
Niigata,新潟県,正善寺ダム,2026-09-09T17:10,85.61,1.84,0.33,,,,78.0,,観測所名 | 最新観測時刻 | 平常時最高貯水位(常時満水位)[m] | 貯水位[m] | 洪水時最高水位(サーチャージ水位)[m] | 貯水率[%] | 洪水流入量[m3/s] | 流入量[m3/s] | 計画高水流量[m3/s] | 全放流量[m3/s]
Niigata,新潟県,破間川ダム,2026-09-09T17:10,430.58,9.96,6.43,,,,86.3,,観測所名 | 最新観測時刻 | 平常時最高貯水位(常時満水位)[m] | 貯水位[m] | 洪水時最高水位(サーチャージ水位)[m] | 貯水率[%] | 洪水流入量[m3/s] | 流入量[m3/s] | 計画高水流量[m3/s] | 全放流量[m3/s]
Niigata,新潟県,笠堀ダム,2026-09-09T17:10,192.43,8.91,12.2,,,,84.0,,観測所名 | 最新観測時刻 | 平常時最高貯水位(常時満水位)[m] | 貯水位[m] | 洪水時最高水位(サーチャージ水位)[m] | 貯水率[%] | 洪水流入量[m3/s] | 流入量[m3/s] | 計画高水流量[m3/s] | 全放流量[m3/s]
Niigata,新潟県,胎内川ダム,2026-09-09T17:10,288.0,14.3,14.3,,,,100.0,,観測所名 | 最新観測時刻 | 平常時最高貯水位(常時満水位)[m] | 貯水位[m] | 洪水時最高水位(サーチャージ水位)[m] | 貯水率[%] | 洪水流入量[m3/s] | 流入量[m3/s] | 計画高水流量[m3/s] | 全放流量[m3/s]
Niigata,新潟県,鯖石川ダム,2026-09-09T17:10,134.86,9.45,9.59,,,,95.6,,観測所名 | 最新観測時刻 | 平常時最高貯水位(常時満水位)[m] | 貯水位[m] | 洪水時最高水位(サーチャージ水位)[m] | 貯水率[%] | 洪水流入量[m3/s] | 流入量[m3/s] | 計画高水流量[m3/s] | 全放流量[m3/s]
Oita,大分県,北川ダム,2026-09-09T17:10,150.3,12.24,,0.0451,,,22.25,,管理者名 | 河川名 | 局名 | 所在地 | 最新観測時刻 | 貯水位 | 流入量 | 貯水量 | 貯水率 | 放流量
Oita,大分県,安岐ダム,2026-09-09T17:10,153.77,0.0,0.3,0.611,,,100.0,,管理者名 | 河川名 | 局名 | 所在地 | 最新観測時刻 | 貯水位 | 流入量 | 貯水量 | 貯水率 | 放流量
Oita,大分県,床木ダム,2026-09-09T17:10,88.8,0.74,0.69,0.915,,,100.0,,管理者名 | 河川名 | 局名 | 所在地 | 最新観測時刻 | 貯水位 | 流入量 | 貯水量 | 貯水率 | 放流量
Oita,大分県,玉来ダム,2026-09-09T17:10,350.76,5.38,,0.0001,,,5.38,,管理者名 | 河川名 | 局名 | 所在地 | 最新観測時刻 | 貯水位 | 流入量 | 貯水量 | 貯水率 | 放流量
Oita,大分県,稲葉ダム,2026-09-09T17:10,437.83,2.359,,0.1009,,,2.048,,管理者名 | 河川名 | 局名 | 所在地 | 最新観測時刻 | 貯水位 | 流入量 | 貯水量 | 貯水率 | 放流量
Oita,大分県,芹川ダム,2026-09-09T17:10,328.48,4.01,,0.0551,,,2.8,,管理者名 | 河川名 | 局名 | 所在地 | 最新観測時刻 | 貯水位 | 流入量 | 貯水量 | 貯水率 | 放流量
Oita,大分県,行入ダム,2026-09-09T17:10,122.96,0.02,0.1,0.506,,,50.7,,管理者名 | 河川名 | 局名 | 所在地 | 最新観測時刻 | 貯水位 | 流入量 | 貯水量 | 貯水率 | 放流量
Oita,大分県,野津ダム,2026-09-09T17:10,238.09,0.09,,0.1008,,,0.09,,管理者名 | 河川名 | 局名 | 所在地 | 最新観測時刻 | 貯水位 | 流入量 | 貯水量 | 貯水率 | 放流量
Oita,大分県,青江ダム,2026-09-09T17:10,64.19,0.172,0.128,0.461,,,100.0,,管理者名 | 河川名 | 局名 | 所在地 | 最新観測時刻 | 貯水位 | 流入量 | 貯水量 | 貯水率 | 放流量
Oita,大分県,黒沢ダム,2026-09-09T17:10,95.49,0.95,0.93,1.161,,,100.0,,管理者名 | 河川名 | 局名 | 所在地 | 最新観測時刻 | 貯水位 | 流入量 | 貯水量 | 貯水率 | 放流量
Tokushima,徳島県,宮川内ダム,2026-09-09T17:10,126.74,5.91,1.49,,,0.383,49.74,,管理者名 | 河川名 | 局名 | 所在地 | 最新観測時刻 | 貯水位 | 総貯水量 | 全流入量 | 全放流量 | 貯水率
Tokushima,徳島県,川口ダム,2026-09-09T17:10,94.06,368.3,,,,0.3783,,,管理者名 | 河川名 | 局名 | 所在地 | 最新観測時刻 | 貯水位 | 総貯水量 | 全流入量 | 全放流量 | 貯水率
Tokushima,徳島県,棚野ダム,2026-09-09T17:10,76.2,,,,,,,,管理者名 | 河川名 | 局名 | 所在地 | 最新観測時刻 | 貯水位 | 総貯水量 | 全流入量 | 全放流量 | 貯水率
Tokushima,徳島県,正木ダム,2026-09-09T17:10,166.13,62.3,62.3,,,4.972,65.02,,管理者名 | 河川名 | 局名 | 所在地 | 最新観測時刻 | 貯水位 | 総貯水量 | 全流入量 | 全放流量 | 貯水率
Tokushima,徳島県,池田ダム,2026-09-09T17:10,88.27,223.52,,,,0.22341,,,管理者名 | 河川名 | 局名 | 所在地 | 最新観測時刻 | 貯水位 | 総貯水量 | 全流入量 | 全放流量 | 貯水率
Tokushima,徳島県,福井ダム,2026-09-09T17:10,44.48,6.09,5.64,,,1.468,100.0,,管理者名 | 河川名 | 局名 | 所在地 | 最新観測時刻 | 貯水位 | 総貯水量 | 全流入量 | 全放流量 | 貯水率
Tokushima,徳島県,長安口ダム,2026-09-09T17:10,221.2,290.54,,,,0.26826,,,管理者名 | 河川名 | 局名 | 所在地 | 最新観測時刻 | 貯水位 | 総貯水量 | 全流入量 | 全放流量 | 貯水率
Yamagata,山形県,前川ダム,2026-09-09T17:10,257.26,0.78,0.1,1.519,,,89.4,,管理者名 | 河川名 | 局名 | 所在地 | 最新観測時刻 | 流入量 | 全放流量 | 貯水位 | 貯水量 | 貯水率
Yamagata,山形県,寒河江ダム,2026-09-09T17:10,385.85,26.44,13.01,52.512,,,94.8,,管理者名 | 河川名 | 局名 | 所在地 | 最新観測時刻 | 流入量 | 全放流量 | 貯水位 | 貯水量 | 貯水率
Yamagata,山形県,最上小国川流水型ダム,2026-09-09T17:10,277.28,7.15,7.15,0.002,,,0.0,,管理者名 | 河川名 | 局名 | 所在地 | 最新観測時刻 | 流入量 | 全放流量 | 貯水位 | 貯水量 | 貯水率
Yamagata,山形県,月光川ダム,2026-09-09T17:10,169.51,6.75,6.75,0.009,,,0.3,,管理者名 | 河川名 | 局名 | 所在地 | 最新観測時刻 | 流入量 | 全放流量 | 貯水位 | 貯水量 | 貯水率
Yamagata,山形県,月山ダム,2026-09-09T17:10,236.84,7.68,4.0,16.376,,,91.3,,管理者名 | 河川名 | 局名 | 所在地 | 最新観測時刻 | 流入量 | 全放流量 | 貯水位 | 貯水量 | 貯水率
Yamagata,山形県,木地山ダム,2026-09-09T17:10,470.54,8.16,6.9,1.088,,,20.5,,管理者名 | 河川名 | 局名 | 所在地 | 最新観測時刻 | 流入量 | 全放流量 | 貯水位 | 貯水量 | 貯水率
Yamagata,山形県,温海川ダム,2026-09-09T17:10,142.77,3.29,4.15,0.488,,,100.0,,管理者名 | 河川名 | 局名 | 所在地 | 最新観測時刻 | 流入量 | 全放流量 | 貯水位 | 貯水量 | 貯水率
Yamagata,山形県,田沢川ダム,2026-09-09T17:10,127.31,1.14,1.15,4.03,,,81.4,,管理者名 | 河川名 | 局名 | 所在地 | 最新観測時刻 | 流入量 | 全放流量 | 貯水位 | 貯水量 | 貯水率
Yamagata,山形県,留山川ダム,2026-09-09T17:10,300.26,0.83,0.63,0.356,,,100.0,,管理者名 | 河川名 | 局名 | 所在地 | 最新観測時刻 | 流入量 | 全放流量 | 貯水位 | 貯水量 | 貯水率
Yamagata,山形県,白川ダム,2026-09-09T17:10,319.77,28.41,22.46,6.759,,,68.3,,管理者名 | 河川名 | 局名 | 所在地 | 最新観測時刻 | 流入量 | 全放流量 | 貯水位 | 貯水量 | 貯水率
Yamagata,山形県,白水川ダム,2026-09-09T17:10,357.53,1.01,0.45,2.507,,,96.4,,管理者名 | 河川名 | 局名 | 所在地 | 最新観測時刻 | 流入量 | 全放流量 | 貯水位 | 貯水量 | 貯水率
Yamagata,山形県,神室ダム,2026-09-09T17:10,381.21,1.0,1.0,2.54,,,77.6,,管理者名 | 河川名 | 局名 | 所在地 | 最新観測時刻 | 流入量 | 全放流量 | 貯水位 | 貯水量 | 貯水率
Yamagata,山形県,綱木川ダム,2026-09-09T17:10,456.46,3.64,3.53,3.622,,,100.0,,管理者名 | 河川名 | 局名 | 所在地 | 最新観測時刻 | 流入量 | 全放流量 | 貯水位 | 貯水量 | 貯水率
Yamagata,山形県,荒沢ダム,2026-09-09T17:10,237.22,23.03,13.59,5.601,,,32.5,,管理者名 | 河川名 | 局名 | 所在地 | 最新観測時刻 | 流入量 | 全放流量 | 貯水位 | 貯水量 | 貯水率
Yamagata,山形県,蔵王ダム,2026-09-09T17:10,592.47,3.4,2.5,1.812,,,85.5,,管理者名 | 河川名 | 局名 | 所在地 | 最新観測時刻 | 流入量 | 全放流量 | 貯水位 | 貯水量 | 貯水率
Yamagata,山形県,長井ダム,2026-09-09T17:10,365.81,11.59,11.59,20.841,,,94.4,,管理者名 | 河川名 | 局名 | 所在地 | 最新観測時刻 | 流入量 | 全放流量 | 貯水位 | 貯水量 | 貯水率
Yamagata,山形県,高坂ダム,2026-09-09T17:10,182.44,10.71,11.34,0.808,,,24.4,,管理者名 | 河川名 | 局名 | 所在地 | 最新観測時刻 | 流入量 | 全放流量 | 貯水位 | 貯水量 | 貯水率
Aomori,青森県,下湯ダム,2026-09-09T22:00,263.77,1.72,1.74,,,,,,管理者名 | 河川名 | 局名 | 所在地 | 最新観測時刻 | 流入量 | 全放流量 | 貯水位 | 平常時最高水位 | 洪水貯留準備水位 | 洪水量(※)
Aomori,青森県,世増ダム,2026-09-09T22:00,94.82,10.43,10.4,,,,,,管理者名 | 河川名 | 局名 | 所在地 | 最新観測時刻 | 流入量 | 全放流量 | 貯水位 | 平常時最高水位 | 洪水貯留準備水位 | 洪水量(※)
Aomori,青森県,久吉ダム,2026-09-09T22:00,276.73,1.03,1.04,,,,,,管理者名 | 河川名 | 局名 | 所在地 | 最新観測時刻 | 流入量 | 全放流量 | 貯水位 | 平常時最高水位 | 洪水貯留準備水位 | 洪水量(※)
Aomori,青森県,小泊ダム,2026-09-09T22:00,67.62,0.05,0.05,,,,,,管理者名 | 河川名 | 局名 | 所在地 | 最新観測時刻 | 流入量 | 全放流量 | 貯水位 | 平常時最高水位 | 洪水貯留準備水位 | 洪水量(※)
Aomori,青森県,川内ダム,2026-09-09T22:00,178.84,0.0,1.86,,,,,,管理者名 | 河川名 | 局名 | 所在地 | 最新観測時刻 | 流入量 | 全放流量 | 貯水位 | 平常時最高水位 | 洪水貯留準備水位 | 洪水量(※)
Aomori,青森県,津軽ダム,2026-09-09T22:00,196.69,6.83,14.61,,,,,,管理者名 | 河川名 | 局名 | 所在地 | 最新観測時刻 | 流入量 | 全放流量 | 貯水位 | 平常時最高水位 | 洪水貯留準備水位 | 洪水量(※)
Aomori,青森県,浅瀬石川ダム,2026-09-09T22:00,184.92,11.98,11.97,,,,,,管理者名 | 河川名 | 局名 | 所在地 | 最新観測時刻 | 流入量 | 全放流量 | 貯水位 | 平常時最高水位 | 洪水貯留準備水位 | 洪水量(※)
Aomori,青森県,浅虫ダム,2026-09-09T22:00,13.99,0.05,0.05,,,,,,管理者名 | 河川名 | 局名 | 所在地 | 最新観測時刻 | 流入量 | 全放流量 | 貯水位 | 平常時最高水位 | 洪水貯留準備水位 | 洪水量(※)
Aomori,青森県,清水目ダム,2026-09-09T22:00,108.09,0.7,0.7,,,,,,管理者名 | 河川名 | 局名 | 所在地 | 最新観測時刻 | 流入量 | 全放流量 | 貯水位 | 平常時最高水位 | 洪水貯留準備水位 | 洪水量(※)
Aomori,青森県,飯詰ダム,2026-09-09T22:00,70.53,0.39,0.39,,,,,,管理者名 | 河川名 | 局名 | 所在地 | 最新観測時刻 | 流入量 | 全放流量 | 貯水位 | 平常時最高水位 | 洪水貯留準備水位 | 洪水量(※)
Fukui,福井県,九頭竜ダム,2026-09-09T22:00,540.55,0.01,,,0.05835,,,29.7,局名 | 所在地 | 最新観測時刻 | 貯水率(利水容量) | 貯水位 | 有効貯水量 | 流入量 | 放流量 | 管理者名
Fukui,福井県,二ツ屋ダム,2026-09-09T22:00,349.8,3.59,3.59,,0.215,,,101.6,局名 | 所在地 | 最新観測時刻 | 貯水率(利水容量) | 貯水位 | 有効貯水量 | 流入量 | 放流量 | 管理者名
Fukui,福井県,吉野瀬川ダム,2026-09-09T22:00,100.51,2.79,2.45,,1.331,,,100.0,局名 | 所在地 | 最新観測時刻 | 貯水率(利水容量) | 貯水位 | 有効貯水量 | 流入量 | 放流量 | 管理者名
Fukui,福井県,大津呂ダム,2026-09-09T22:00,83.42,0.34,0.03,,0.102,,,37.7,局名 | 所在地 | 最新観測時刻 | 貯水率(利水容量) | 貯水位 | 有効貯水量 | 流入量 | 放流量 | 管理者名
Fukui,福井県,広野ダム,2026-09-09T22:00,293.83,4.57,1.6,,1.252,,,31.3,局名 | 所在地 | 最新観測時刻 | 貯水率(利水容量) | 貯水位 | 有効貯水量 | 流入量 | 放流量 | 管理者名
Fukui,福井県,桝谷ダム,2026-09-09T22:00,299.03,0.8,0.12,,3.458,,,17.3,局名 | 所在地 | 最新観測時刻 | 貯水率(利水容量) | 貯水位 | 有効貯水量 | 流入量 | 放流量 | 管理者名
Fukui,福井県,永平寺ダム,2026-09-09T22:00,320.1,0.87,1.01,,0.451,,,102.5,局名 | 所在地 | 最新観測時刻 | 貯水率(利水容量) | 貯水位 | 有効貯水量 | 流入量 | 放流量 | 管理者名
Fukui,福井県,河内川ダム,2026-09-09T22:00,183.55,2.23,0.31,,2.86,,,61.5,局名 | 所在地 | 最新観測時刻 | 貯水率(利水容量) | 貯水位 | 有効貯水量 | 流入量 | 放流量 | 管理者名
Fukui,福井県,浄土寺川ダム,2026-09-09T22:00,344.69,1.305,1.463,,0.779,,,100.0,局名 | 所在地 | 最新観測時刻 | 貯水率(利水容量) | 貯水位 | 有効貯水量 | 流入量 | 放流量 | 管理者名
Fukui,福井県,真名川ダム,2026-09-09T22:00,335.14,10.25,,,0.02511,,,62.4,局名 | 所在地 | 最新観測時刻 | 貯水率(利水容量) | 貯水位 | 有効貯水量 | 流入量 | 放流量 | 管理者名
Fukui,福井県,笹生川ダム,2026-09-09T22:00,514.39,22.89,4.4,,22.703,,,55.42,局名 | 所在地 | 最新観測時刻 | 貯水率(利水容量) | 貯水位 | 有効貯水量 | 流入量 | 放流量 | 管理者名
Fukui,福井県,開谷ダム,2026-09-09T22:00,121.55,,,,0.075,,,74.3,局名 | 所在地 | 最新観測時刻 | 貯水率(利水容量) | 貯水位 | 有効貯水量 | 流入量 | 放流量 | 管理者名
Fukui,福井県,龍ヶ鼻ダム,2026-09-09T22:00,172.64,8.17,3.0,,3.921,,,83.04,局名 | 所在地 | 最新観測時刻 | 貯水率(利水容量) | 貯水位 | 有効貯水量 | 流入量 | 放流量 | 管理者名
Miyazaki,宮崎県,岩瀬ダム,2026-09-09T22:00,8.18,0.0,,,,,,,河川名 | 局名 | 所在地 | 状態 | 最新観測時刻 | 貯水位 | 流入量 | 全放流量
Miyazaki,宮崎県,広渡ダム,2026-09-09T22:00,9.35,9.44,,,,,,,河川名 | 局名 | 所在地 | 状態 | 最新観測時刻 | 貯水位 | 流入量 | 全放流量
Miyazaki,宮崎県,日南ダム,2026-09-09T22:00,6.84,6.47,,,,,,,河川名 | 局名 | 所在地 | 状態 | 最新観測時刻 | 貯水位 | 流入量 | 全放流量
Miyazaki,宮崎県,松尾ダム,2026-09-09T22:00,35.39,35.53,,,,,,,河川名 | 局名 | 所在地 | 状態 | 最新観測時刻 | 貯水位 | 流入量 | 全放流量
Miyazaki,宮崎県,沖田ダム,2026-09-09T22:00,0.56,0.56,,,,,,,河川名 | 局名 | 所在地 | 状態 | 最新観測時刻 | 貯水位 | 流入量 | 全放流量
Miyazaki,宮崎県,渡川ダム,2026-09-09T22:00,6.89,13.57,,,,,,,河川名 | 局名 | 所在地 | 状態 | 最新観測時刻 | 貯水位 | 流入量 | 全放流量
Miyazaki,宮崎県,瓜田ダム,2026-09-09T22:00,0.18,0.18,,,,,,,河川名 | 局名 | 所在地 | 状態 | 最新観測時刻 | 貯水位 | 流入量 | 全放流量
Miyazaki,宮崎県,田代八重ダム,2026-09-09T22:00,16.17,0.0,,,,,,,河川名 | 局名 | 所在地 | 状態 | 最新観測時刻 | 貯水位 | 流入量 | 全放流量
Miyazaki,宮崎県,祝子ダム,2026-09-09T22:00,5.15,6.69,,,,,,,河川名 | 局名 | 所在地 | 状態 | 最新観測時刻 | 貯水位 | 流入量 | 全放流量
Miyazaki,宮崎県,立花ダム,2026-09-09T22:00,5.17,8.6,,,,,,,河川名 | 局名 | 所在地 | 状態 | 最新観測時刻 | 貯水位 | 流入量 | 全放流量
Miyazaki,宮崎県,綾北ダム,2026-09-09T22:00,4.49,10.92,,,,,,,河川名 | 局名 | 所在地 | 状態 | 最新観測時刻 | 貯水位 | 流入量 | 全放流量
Miyazaki,宮崎県,綾南ダム,2026-09-09T22:00,4.46,10.14,,,,,,,河川名 | 局名 | 所在地 | 状態 | 最新観測時刻 | 貯水位 | 流入量 | 全放流量
Miyazaki,宮崎県,長谷ダム,2026-09-09T22:00,3.84,3.81,,,,,,,河川名 | 局名 | 所在地 | 状態 | 最新観測時刻 | 貯水位 | 流入量 | 全放流量
Nara,奈良県,初瀬ダム,2026-09-09T22:00,220.21,1.28,0.23,,,,,,管理者名 | 河川名 | 局名 | 所在地 | 最新観測時刻 | 貯水位 | 貯水容量 | 空容量 | 全流入量 | 放流量
Nara,奈良県,大門ダム,2026-09-09T22:00,262.69,0.0,0.0,,,,,,管理者名 | 河川名 | 局名 | 所在地 | 最新観測時刻 | 貯水位 | 貯水容量 | 空容量 | 全流入量 | 放流量
Nara,奈良県,天理ダム,2026-09-09T22:00,253.01,0.47,0.13,,,,,,管理者名 | 河川名 | 局名 | 所在地 | 最新観測時刻 | 貯水位 | 貯水容量 | 空容量 | 全流入量 | 放流量
Nara,奈良県,岩井川ダム,2026-09-09T22:00,240.32,0.26,0.07,,,,,,管理者名 | 河川名 | 局名 | 所在地 | 最新観測時刻 | 貯水位 | 貯水容量 | 空容量 | 全流入量 | 放流量
Nara,奈良県,白川ダム,2026-09-09T22:00,111.25,0.0,0.0,,,,,,管理者名 | 河川名 | 局名 | 所在地 | 最新観測時刻 | 貯水位 | 貯水容量 | 空容量 | 全流入量 | 放流量
Niigata,新潟県,三面ダム,2026-09-09T22:00,115.88,40.56,15.78,,,,92.4,,観測所名 | 最新観測時刻 | 平常時最高貯水位(常時満水位)[m] | 貯水位[m] | 洪水時最高水位(サーチャージ水位)[m] | 貯水率[%] | 洪水流入量[m3/s] | 流入量[m3/s] | 計画高水流量[m3/s] | 全放流量[m3/s]
Niigata,新潟県,下条川ダム,2026-09-09T22:00,31.25,110.0,,,,,8.7,,観測所名 | 最新観測時刻 | 平常時最高貯水位(常時満水位)[m] | 貯水位[m] | 洪水時最高水位(サーチャージ水位)[m] | 貯水率[%] | 洪水流入量[m3/s] | 流入量[m3/s] | 計画高水流量[m3/s] | 全放流量[m3/s]
Niigata,新潟県,久知川ダム,2026-09-09T22:00,124.3,0.68,0.99,,,,100.0,,観測所名 | 最新観測時刻 | 平常時最高貯水位(常時満水位)[m] | 貯水位[m] | 洪水時最高水位(サーチャージ水位)[m] | 貯水率[%] | 洪水流入量[m3/s] | 流入量[m3/s] | 計画高水流量[m3/s] | 全放流量[m3/s]
Niigata,新潟県,内の倉ダム,2026-09-09T22:00,147.96,4.54,4.53,,,,41.4,,観測所名 | 最新観測時刻 | 平常時最高貯水位(常時満水位)[m] | 貯水位[m] | 洪水時最高水位(サーチャージ水位)[m] | 貯水率[%] | 洪水流入量[m3/s] | 流入量[m3/s] | 計画高水流量[m3/s] | 全放流量[m3/s]
Niigata,新潟県,刈谷田川ダム,2026-09-09T22:00,239.7,2.94,3.34,,,,100.0,,観測所名 | 最新観測時刻 | 平常時最高貯水位(常時満水位)[m] | 貯水位[m] | 洪水時最高水位(サーチャージ水位)[m] | 貯水率[%] | 洪水流入量[m3/s] | 流入量[m3/s] | 計画高水流量[m3/s] | 全放流量[m3/s]
Niigata,新潟県,加治川治水ダム,2026-09-09T22:00,272.87,6.66,8.96,,,,,,観測所名 | 最新観測時刻 | 平常時最高貯水位(常時満水位)[m] | 貯水位[m] | 洪水時最高水位(サーチャージ水位)[m] | 貯水率[%] | 洪水流入量[m3/s] | 流入量[m3/s] | 計画高水流量[m3/s] | 全放流量[m3/s]
Niigata,新潟県,城川ダム,2026-09-09T22:00,271.77,0.81,1.01,,,,100.0,,観測所名 | 最新観測時刻 | 平常時最高貯水位(常時満水位)[m] | 貯水位[m] | 洪水時最高水位(サーチャージ水位)[m] | 貯水率[%] | 洪水流入量[m3/s] | 流入量[m3/s] | 計画高水流量[m3/s] | 全放流量[m3/s]
Niigata,新潟県,大谷ダム,2026-09-09T22:00,191.9,2.68,2.69,,,,100.0,,観測所名 | 最新観測時刻 | 平常時最高貯水位(常時満水位)[m] | 貯水位[m] | 洪水時最高水位(サーチャージ水位)[m] | 貯水率[%] | 洪水流入量[m3/s] | 流入量[m3/s] | 計画高水流量[m3/s] | 全放流量[m3/s]
Niigata,新潟県,大野川ダム,2026-09-09T22:00,143.11,0.97,0.48,,,,100.0,,観測所名 | 最新観測時刻 | 平常時最高貯水位(常時満水位)[m] | 貯水位[m] | 洪水時最高水位(サーチャージ水位)[m] | 貯水率[%] | 洪水流入量[m3/s] | 流入量[m3/s] | 計画高水流量[m3/s] | 全放流量[m3/s]
Niigata,新潟県,奥三面ダム,2026-09-09T22:00,211.45,17.06,38.6,,,,79.1,,観測所名 | 最新観測時刻 | 平常時最高貯水位(常時満水位)[m] | 貯水位[m] | 洪水時最高水位(サーチャージ水位)[m] | 貯水率[%] | 洪水流入量[m3/s] | 流入量[m3/s] | 計画高水流量[m3/s] | 全放流量[m3/s]
Niigata,新潟県,奥胎内ダム,2026-09-09T22:00,384.0,3.52,3.69,,,,,,観測所名 | 最新観測時刻 | 平常時最高貯水位(常時満水位)[m] | 貯水位[m] | 洪水時最高水位(サーチャージ水位)[m] | 貯水率[%] | 洪水流入量[m3/s] | 流入量[m3/s] | 計画高水流量[m3/s] | 全放流量[m3/s]
Niigata,新潟県,広神ダム,2026-09-09T22:00,214.56,5.37,4.49,,,,100.0,,観測所名 | 最新観測時刻 | 平常時最高貯水位(常時満水位)[m] | 貯水位[m] | 洪水時最高水位(サーチャージ水位)[m] | 貯水率[%] | 洪水流入量[m3/s] | 流入量[m3/s] | 計画高水流量[m3/s] | 全放流量[m3/s]
Niigata,新潟県,新保川ダム,2026-09-09T22:00,160.56,0.79,0.86,,,,100.0,,観測所名 | 最新観測時刻 | 平常時最高貯水位(常時満水位)[m] | 貯水位[m] | 洪水時最高水位(サーチャージ水位)[m] | 貯水率[%] | 洪水流入量[m3/s] | 流入量[m3/s] | 計画高水流量[m3/s] | 全放流量[m3/s]
Niigata,新潟県,早出川ダム,2026-09-09T22:00,164.24,9.37,9.37,,,,83.0,,観測所名 | 最新観測時刻 | 平常時最高貯水位(常時満水位)[m] | 貯水位[m] | 洪水時最高水位(サーチャージ水位)[m] | 貯水率[%] | 洪水流入量[m3/s] | 流入量[m3/s] | 計画高水流量[m3/s] | 全放流量[m3/s]
Niigata,新潟県,柿崎川ダム,2026-09-09T21:50,120.95,0.91,0.91,,,,100.0,,観測所名 | 最新観測時刻 | 平常時最高貯水位(常時満水位)[m] | 貯水位[m] | 洪水時最高水位(サーチャージ水位)[m] | 貯水率[%] | 洪水流入量[m3/s] | 流入量[m3/s] | 計画高水流量[m3/s] | 全放流量[m3/s]
Niigata,新潟県,正善寺ダム,2026-09-09T21:50,85.72,1.51,0.18,,,,79.0,,観測所名 | 最新観測時刻 | 平常時最高貯水位(常時満水位)[m] | 貯水位[m] | 洪水時最高水位(サーチャージ水位)[m] | 貯水率[%] | 洪水流入量[m3/s] | 流入量[m3/s] | 計画高水流量[m3/s] | 全放流量[m3/s]
Niigata,新潟県,破間川ダム,2026-09-09T22:00,431.04,11.43,6.67,,,,100.0,,観測所名 | 最新観測時刻 | 平常時最高貯水位(常時満水位)[m] | 貯水位[m] | 洪水時最高水位(サーチャージ水位)[m] | 貯水率[%] | 洪水流入量[m3/s] | 流入量[m3/s] | 計画高水流量[m3/s] | 全放流量[m3/s]
Niigata,新潟県,笠堀ダム,2026-09-09T22:00,192.43,12.2,12.18,,,,84.0,,観測所名 | 最新観測時刻 | 平常時最高貯水位(常時満水位)[m] | 貯水位[m] | 洪水時最高水位(サーチャージ水位)[m] | 貯水率[%] | 洪水流入量[m3/s] | 流入量[m3/s] | 計画高水流量[m3/s] | 全放流量[m3/s]
Niigata,新潟県,胎内川ダム,2026-09-09T22:00,287.9,9.31,14.28,,,,98.8,,観測所名 | 最新観測時刻 | 平常時最高貯水位(常時満水位)[m] | 貯水位[m] | 洪水時最高水位(サーチャージ水位)[m] | 貯水率[%] | 洪水流入量[m3/s] | 流入量[m3/s] | 計画高水流量[m3/s] | 全放流量[m3/s]
Niigata,新潟県,鯖石川ダム,2026-09-09T21:50,134.9,14.51,15.16,,,,97.8,,観測所名 | 最新観測時刻 | 平常時最高貯水位(常時満水位)[m] | 貯水位[m] | 洪水時最高水位(サーチャージ水位)[m] | 貯水率[%] | 洪水流入量[m3/s] | 流入量[m3/s] | 計画高水流量[m3/s] | 全放流量[m3/s]
Oita,大分県,北川ダム,2026-09-09T22:00,150.17,13.46,,0.0447,,,22.29,,管理者名 | 河川名 | 局名 | 所在地 | 最新観測時刻 | 貯水位 | 流入量 | 貯水量 | 貯水率 | 放流量
Oita,大分県,安岐ダム,2026-09-09T22:00,153.78,0.72,0.33,0.612,,,100.0,,管理者名 | 河川名 | 局名 | 所在地 | 最新観測時刻 | 貯水位 | 流入量 | 貯水量 | 貯水率 | 放流量
Oita,大分県,床木ダム,2026-09-09T22:00,88.79,0.62,0.66,0.914,,,100.0,,管理者名 | 河川名 | 局名 | 所在地 | 最新観測時刻 | 貯水位 | 流入量 | 貯水量 | 貯水率 | 放流量
Oita,大分県,玉来ダム,2026-09-09T22:00,350.76,5.38,,0.0001,,,5.38,,管理者名 | 河川名 | 局名 | 所在地 | 最新観測時刻 | 貯水位 | 流入量 | 貯水量 | 貯水率 | 放流量
Oita,大分県,稲葉ダム,2026-09-09T22:00,437.84,2.182,,0.1012,,,2.449,,管理者名 | 河川名 | 局名 | 所在地 | 最新観測時刻 | 貯水位 | 流入量 | 貯水量 | 貯水率 | 放流量
Oita,大分県,芹川ダム,2026-09-09T22:00,328.5,4.29,,0.0552,,,2.8,,管理者名 | 河川名 | 局名 | 所在地 | 最新観測時刻 | 貯水位 | 流入量 | 貯水量 | 貯水率 | 放流量
Oita,大分県,行入ダム,2026-09-09T22:00,122.93,0.0,0.1,0.504,,,50.5,,管理者名 | 河川名 | 局名 | 所在地 | 最新観測時刻 | 貯水位 | 流入量 | 貯水量 | 貯水率 | 放流量
Oita,大分県,野津ダム,2026-09-09T22:00,238.09,0.09,,0.1008,,,0.09,,管理者名 | 河川名 | 局名 | 所在地 | 最新観測時刻 | 貯水位 | 流入量 | 貯水量 | 貯水率 | 放流量
Oita,大分県,青江ダム,2026-09-09T22:00,64.19,0.172,0.128,0.461,,,100.0,,管理者名 | 河川名 | 局名 | 所在地 | 最新観測時刻 | 貯水位 | 流入量 | 貯水量 | 貯水率 | 放流量
Oita,大分県,黒沢ダム,2026-09-09T22:00,95.48,0.94,0.88,1.16,,,100.0,,管理者名 | 河川名 | 局名 | 所在地 | 最新観測時刻 | 貯水位 | 流入量 | 貯水量 | 貯水率 | 放流量
Tokushima,徳島県,宮川内ダム,2026-09-09T22:00,127.48,4.09,2.25,,,0.436,56.62,,管理者名 | 河川名 | 局名 | 所在地 | 最新観測時刻 | 貯水位 | 総貯水量 | 全流入量 | 全放流量 | 貯水率
Tokushima,徳島県,川口ダム,2026-09-09T22:00,94.12,278.4,,,,0.2884,,,管理者名 | 河川名 | 局名 | 所在地 | 最新観測時刻 | 貯水位 | 総貯水量 | 全流入量 | 全放流量 | 貯水率
Tokushima,徳島県,棚野ダム,2026-09-09T22:00,48.1,,,,,,,,管理者名 | 河川名 | 局名 | 所在地 | 最新観測時刻 | 貯水位 | 総貯水量 | 全流入量 | 全放流量 | 貯水率
Tokushima,徳島県,正木ダム,2026-09-09T22:00,166.15,42.2,39.3,,,4.979,65.22,,管理者名 | 河川名 | 局名 | 所在地 | 最新観測時刻 | 貯水位 | 総貯水量 | 全流入量 | 全放流量 | 貯水率
Tokushima,徳島県,池田ダム,2026-09-09T22:00,88.45,141.16,,,,0.14093,,,管理者名 | 河川名 | 局名 | 所在地 | 最新観測時刻 | 貯水位 | 総貯水量 | 全流入量 | 全放流量 | 貯水率
Tokushima,徳島県,福井ダム,2026-09-09T22:00,44.44,4.46,5.31,,,1.46,100.0,,管理者名 | 河川名 | 局名 | 所在地 | 最新観測時刻 | 貯水位 | 総貯水量 | 全流入量 | 全放流量 | 貯水率
Tokushima,徳島県,長安口ダム,2026-09-09T22:00,221.04,205.58,,,,0.19451,,,管理者名 | 河川名 | 局名 | 所在地 | 最新観測時刻 | 貯水位 | 総貯水量 | 全流入量 | 全放流量 | 貯水率
Yamagata,山形県,前川ダム,2026-09-09T22:00,257.28,0.78,0.1,1.524,,,89.6,,管理者名 | 河川名 | 局名 | 所在地 | 最新観測時刻 | 流入量 | 全放流量 | 貯水位 | 貯水量 | 貯水率
Yamagata,山形県,寒河江ダム,2026-09-09T22:00,385.88,16.97,16.95,52.585,,,94.9,,管理者名 | 河川名 | 局名 | 所在地 | 最新観測時刻 | 流入量 | 全放流量 | 貯水位 | 貯水量 | 貯水率
Yamagata,山形県,最上小国川流水型ダム,2026-09-09T22:00,277.24,6.49,6.49,0.002,,,0.0,,管理者名 | 河川名 | 局名 | 所在地 | 最新観測時刻 | 流入量 | 全放流量 | 貯水位 | 貯水量 | 貯水率
Yamagata,山形県,月光川ダム,2026-09-09T22:00,169.44,5.84,5.82,0.009,,,0.3,,管理者名 | 河川名 | 局名 | 所在地 | 最新観測時刻 | 流入量 | 全放流量 | 貯水位 | 貯水量 | 貯水率
Yamagata,山形県,月山ダム,2026-09-09T22:00,236.88,5.98,4.0,16.413,,,91.5,,管理者名 | 河川名 | 局名 | 所在地 | 最新観測時刻 | 流入量 | 全放流量 | 貯水位 | 貯水量 | 貯水率
Yamagata,山形県,木地山ダム,2026-09-09T22:00,470.58,6.9,6.9,1.097,,,20.7,,管理者名 | 河川名 | 局名 | 所在地 | 最新観測時刻 | 流入量 | 全放流量 | 貯水位 | 貯水量 | 貯水率
Yamagata,山形県,温海川ダム,2026-09-09T22:00,142.66,2.79,3.85,0.471,,,100.0,,管理者名 | 河川名 | 局名 | 所在地 | 最新観測時刻 | 流入量 | 全放流量 | 貯水位 | 貯水量 | 貯水率
Yamagata,山形県,田沢川ダム,2026-09-09T22:00,127.31,1.12,1.1,4.03,,,81.4,,管理者名 | 河川名 | 局名 | 所在地 | 最新観測時刻 | 流入量 | 全放流量 | 貯水位 | 貯水量 | 貯水率
Yamagata,山形県,留山川ダム,2026-09-09T22:00,300.28,0.79,0.67,0.357,,,100.0,,管理者名 | 河川名 | 局名 | 所在地 | 最新観測時刻 | 流入量 | 全放流量 | 貯水位 | 貯水量 | 貯水率
Yamagata,山形県,白川ダム,2026-09-09T22:00,319.8,22.5,22.5,6.791,,,68.6,,管理者名 | 河川名 | 局名 | 所在地 | 最新観測時刻 | 流入量 | 全放流量 | 貯水位 | 貯水量 | 貯水率
Yamagata,山形県,白水川ダム,2026-09-09T22:00,357.55,0.45,0.45,2.511,,,96.6,,管理者名 | 河川名 | 局名 | 所在地 | 最新観測時刻 | 流入量 | 全放流量 | 貯水位 | 貯水量 | 貯水率
Yamagata,山形県,神室ダム,2026-09-09T22:00,381.21,1.0,0.99,2.54,,,77.6,,管理者名 | 河川名 | 局名 | 所在地 | 最新観測時刻 | 流入量 | 全放流量 | 貯水位 | 貯水量 | 貯水率
Yamagata,山形県,綱木川ダム,2026-09-09T22:00,456.48,4.01,3.68,3.628,,,100.0,,管理者名 | 河川名 | 局名 | 所在地 | 最新観測時刻 | 流入量 | 全放流量 | 貯水位 | 貯水量 | 貯水率
Yamagata,山形県,荒沢ダム,2026-09-09T22:00,237.33,18.22,13.63,5.714,,,33.1,,管理者名 | 河川名 | 局名 | 所在地 | 最新観測時刻 | 流入量 | 全放流量 | 貯水位 | 貯水量 | 貯水率
Yamagata,山形県,蔵王ダム,2026-09-09T22:00,592.55,2.91,2.5,1.824,,,86.1,,管理者名 | 河川名 | 局名 | 所在地 | 最新観測時刻 | 流入量 | 全放流量 | 貯水位 | 貯水量 | 貯水率
Yamagata,山形県,長井ダム,2026-09-09T22:00,365.79,11.62,11.59,20.825,,,94.3,,管理者名 | 河川名 | 局名 | 所在地 | 最新観測時刻 | 流入量 | 全放流量 | 貯水位 | 貯水量 | 貯水率
Yamagata,山形県,高坂ダム,2026-09-09T22:00,182.38,9.28,11.33,0.785,,,23.8,,管理者名 | 河川名 | 局名 | 所在地 | 最新観測時刻 | 流入量 | 全放流量 | 貯水位 | 貯水量 | 貯水率
Aomori,青森県,下湯ダム,2026-09-10T02:10,263.75,0.83,1.7,,,,,,管理者名 | 河川名 | 局名 | 所在地 | 最新観測時刻 | 流入量 | 全放流量 | 貯水位 | 平常時最高水位 | 洪水貯留準備水位 | 洪水量(※)
Aomori,青森県,世増ダム,2026-09-10T02:10,94.82,10.46,10.45,,,,,,管理者名 | 河川名 | 局名 | 所在地 | 最新観測時刻 | 流入量 | 全放流量 | 貯水位 | 平常時最高水位 | 洪水貯留準備水位 | 洪水量(※)
Aomori,青森県,久吉ダム,2026-09-10T02:10,276.72,0.97,0.97,,,,,,管理者名 | 河川名 | 局名 | 所在地 | 最新観測時刻 | 流入量 | 全放流量 | 貯水位 | 平常時最高水位 | 洪水貯留準備水位 | 洪水量(※)
Aomori,青森県,小泊ダム,2026-09-10T02:10,67.61,0.05,0.05,,,,,,管理者名 | 河川名 | 局名 | 所在地 | 最新観測時刻 | 流入量 | 全放流量 | 貯水位 | 平常時最高水位 | 洪水貯留準備水位 | 洪水量(※)
Aomori,青森県,川内ダム,2026-09-10T02:10,178.83,1.82,1.82,,,,,,管理者名 | 河川名 | 局名 | 所在地 | 最新観測時刻 | 流入量 | 全放流量 | 貯水位 | 平常時最高水位 | 洪水貯留準備水位 | 洪水量(※)
Aomori,青森県,津軽ダム,2026-09-10T02:10,196.64,3.71,14.59,,,,,,管理者名 | 河川名 | 局名 | 所在地 | 最新観測時刻 | 流入量 | 全放流量 | 貯水位 | 平常時最高水位 | 洪水貯留準備水位 | 洪水量(※)
Aomori,青森県,浅瀬石川ダム,2026-09-10T02:10,184.92,11.98,11.97,,,,,,管理者名 | 河川名 | 局名 | 所在地 | 最新観測時刻 | 流入量 | 全放流量 | 貯水位 | 平常時最高水位 | 洪水貯留準備水位 | 洪水量(※)
Aomori,青森県,浅虫ダム,2026-09-10T02:10,13.99,0.05,0.05,,,,,,管理者名 | 河川名 | 局名 | 所在地 | 最新観測時刻 | 流入量 | 全放流量 | 貯水位 | 平常時最高水位 | 洪水貯留準備水位 | 洪水量(※)
Aomori,青森県,清水目ダム,2026-09-10T02:10,108.09,0.7,0.7,,,,,,管理者名 | 河川名 | 局名 | 所在地 | 最新観測時刻 | 流入量 | 全放流量 | 貯水位 | 平常時最高水位 | 洪水貯留準備水位 | 洪水量(※)
Aomori,青森県,飯詰ダム,2026-09-10T02:10,70.52,0.38,0.38,,,,,,管理者名 | 河川名 | 局名 | 所在地 | 最新観測時刻 | 流入量 | 全放流量 | 貯水位 | 平常時最高水位 | 洪水貯留準備水位 | 洪水量(※)
Fukui,福井県,九頭竜ダム,2026-09-10T02:10,540.7,0.01,,,0.04914,,,30.2,局名 | 所在地 | 最新観測時刻 | 貯水率(利水容量) | 貯水位 | 有効貯水量 | 流入量 | 放流量 | 管理者名
Fukui,福井県,二ツ屋ダム,2026-09-10T02:10,349.79,3.06,3.06,,0.215,,,101.4,局名 | 所在地 | 最新観測時刻 | 貯水率(利水容量) | 貯水位 | 有効貯水量 | 流入量 | 放流量 | 管理者名
Fukui,福井県,吉野瀬川ダム,2026-09-10T02:10,100.49,2.18,2.38,,1.326,,,100.0,局名 | 所在地 | 最新観測時刻 | 貯水率(利水容量) | 貯水位 | 有効貯水量 | 流入量 | 放流量 | 管理者名
Fukui,福井県,大津呂ダム,2026-09-10T02:10,83.69,0.2,0.03,,0.106,,,38.9,局名 | 所在地 | 最新観測時刻 | 貯水率(利水容量) | 貯水位 | 有効貯水量 | 流入量 | 放流量 | 管理者名
Fukui,福井県,広野ダム,2026-09-10T02:10,294.0,3.7,1.61,,1.288,,,32.2,局名 | 所在地 | 最新観測時刻 | 貯水率(利水容量) | 貯水位 | 有効貯水量 | 流入量 | 放流量 | 管理者名
Fukui,福井県,桝谷ダム,2026-09-10T02:10,299.07,0.57,0.12,,3.467,,,17.4,局名 | 所在地 | 最新観測時刻 | 貯水率(利水容量) | 貯水位 | 有効貯水量 | 流入量 | 放流量 | 管理者名
Fukui,福井県,永平寺ダム,2026-09-10T02:10,320.04,0.72,0.83,,0.449,,,102.05,局名 | 所在地 | 最新観測時刻 | 貯水率(利水容量) | 貯水位 | 有効貯水量 | 流入量 | 放流量 | 管理者名
Fukui,福井県,河内川ダム,2026-09-10T02:10,183.66,1.77,0.31,,2.884,,,62.0,局名 | 所在地 | 最新観測時刻 | 貯水率(利水容量) | 貯水位 | 有効貯水量 | 流入量 | 放流量 | 管理者名
Fukui,福井県,浄土寺川ダム,2026-09-10T02:10,344.64,1.195,1.383,,0.776,,,100.0,局名 | 所在地 | 最新観測時刻 | 貯水率(利水容量) | 貯水位 | 有効貯水量 | 流入量 | 放流量 | 管理者名
Fukui,福井県,真名川ダム,2026-09-10T02:10,335.37,3.52,,,0.01963,,,66.2,局名 | 所在地 | 最新観測時刻 | 貯水率(利水容量) | 貯水位 | 有効貯水量 | 流入量 | 放流量 | 管理者名
Fukui,福井県,笹生川ダム,2026-09-10T02:10,514.56,17.5,3.03,,22.964,,,56.06,局名 | 所在地 | 最新観測時刻 | 貯水率(利水容量) | 貯水位 | 有効貯水量 | 流入量 | 放流量 | 管理者名
Fukui,福井県,開谷ダム,2026-09-10T02:10,121.63,,,,0.076,,,75.2,局名 | 所在地 | 最新観測時刻 | 貯水率(利水容量) | 貯水位 | 有効貯水量 | 流入量 | 放流量 | 管理者名
Fukui,福井県,龍ヶ鼻ダム,2026-09-10T02:10,172.85,6.24,3.02,,3.978,,,84.24,局名 | 所在地 | 最新観測時刻 | 貯水率(利水容量) | 貯水位 | 有効貯水量 | 流入量 | 放流量 | 管理者名
Miyazaki,宮崎県,岩瀬ダム,2026-09-10T02:10,12.82,0.0,,,,,,,河川名 | 局名 | 所在地 | 状態 | 最新観測時刻 | 貯水位 | 流入量 | 全放流量
Miyazaki,宮崎県,広渡ダム,2026-09-10T02:10,8.97,9.05,,,,,,,河川名 | 局名 | 所在地 | 状態 | 最新観測時刻 | 貯水位 | 流入量 | 全放流量
Miyazaki,宮崎県,日南ダム,2026-09-10T02:10,6.46,6.45,,,,,,,河川名 | 局名 | 所在地 | 状態 | 最新観測時刻 | 貯水位 | 流入量 | 全放流量
Miyazaki,宮崎県,松尾ダム,2026-09-10T02:10,14.39,35.39,,,,,,,河川名 | 局名 | 所在地 | 状態 | 最新観測時刻 | 貯水位 | 流入量 | 全放流量
Miyazaki,宮崎県,沖田ダム,2026-09-10T02:10,0.56,0.56,,,,,,,河川名 | 局名 | 所在地 | 状態 | 最新観測時刻 | 貯水位 | 流入量 | 全放流量
Miyazaki,宮崎県,渡川ダム,2026-09-10T02:10,7.22,7.22,,,,,,,河川名 | 局名 | 所在地 | 状態 | 最新観測時刻 | 貯水位 | 流入量 | 全放流量
Miyazaki,宮崎県,瓜田ダム,2026-09-10T02:10,0.16,0.16,,,,,,,河川名 | 局名 | 所在地 | 状態 | 最新観測時刻 | 貯水位 | 流入量 | 全放流量
Miyazaki,宮崎県,田代八重ダム,2026-09-10T02:10,13.43,8.98,,,,,,,河川名 | 局名 | 所在地 | 状態 | 最新観測時刻 | 貯水位 | 流入量 | 全放流量
Miyazaki,宮崎県,祝子ダム,2026-09-10T02:10,5.29,5.04,,,,,,,河川名 | 局名 | 所在地 | 状態 | 最新観測時刻 | 貯水位 | 流入量 | 全放流量
Miyazaki,宮崎県,立花ダム,2026-09-10T02:10,3.62,5.15,,,,,,,河川名 | 局名 | 所在地 | 状態 | 最新観測時刻 | 貯水位 | 流入量 | 全放流量
Miyazaki,宮崎県,綾北ダム,2026-09-10T02:10,2.6,10.95,,,,,,,河川名 | 局名 | 所在地 | 状態 | 最新観測時刻 | 貯水位 | 流入量 | 全放流量
Miyazaki,宮崎県,綾南ダム,2026-09-10T02:10,4.57,10.03,,,,,,,河川名 | 局名 | 所在地 | 状態 | 最新観測時刻 | 貯水位 | 流入量 | 全放流量
Miyazaki,宮崎県,長谷ダム,2026-09-10T02:10,3.84,3.81,,,,,,,河川名 | 局名 | 所在地 | 状態 | 最新観測時刻 | 貯水位 | 流入量 | 全放流量
Nara,奈良県,初瀬ダム,2026-09-10T02:10,220.3,0.9,0.23,,,,,,管理者名 | 河川名 | 局名 | 所在地 | 最新観測時刻 | 貯水位 | 貯水容量 | 空容量 | 全流入量 | 放流量
Nara,奈良県,大門ダム,2026-09-10T02:10,262.68,0.0,0.0,,,,,,管理者名 | 河川名 | 局名 | 所在地 | 最新観測時刻 | 貯水位 | 貯水容量 | 空容量 | 全流入量 | 放流量
Nara,奈良県,天理ダム,2026-09-10T02:10,253.06,0.3,0.13,,,,,,管理者名 | 河川名 | 局名 | 所在地 | 最新観測時刻 | 貯水位 | 貯水容量 | 空容量 | 全流入量 | 放流量
Nara,奈良県,岩井川ダム,2026-09-10T02:10,240.41,0.21,0.07,,,,,,管理者名 | 河川名 | 局名 | 所在地 | 最新観測時刻 | 貯水位 | 貯水容量 | 空容量 | 全流入量 | 放流量
Nara,奈良県,白川ダム,2026-09-10T02:10,111.25,0.0,0.0,,,,,,管理者名 | 河川名 | 局名 | 所在地 | 最新観測時刻 | 貯水位 | 貯水容量 | 空容量 | 全流入量 | 放流量
Niigata,新潟県,三面ダム,2026-09-10T02:00,115.77,5.63,15.4,,,,91.7,,観測所名 | 最新観測時刻 | 平常時最高貯水位(常時満水位)[m] | 貯水位[m] | 洪水時最高水位(サーチャージ水位)[m] | 貯水率[%] | 洪水流入量[m3/s] | 流入量[m3/s] | 計画高水流量[m3/s] | 全放流量[m3/s]
Niigata,新潟県,下条川ダム,2026-09-10T02:10,31.24,110.0,,,,,8.7,,観測所名 | 最新観測時刻 | 平常時最高貯水位(常時満水位)[m] | 貯水位[m] | 洪水時最高水位(サーチャージ水位)[m] | 貯水率[%] | 洪水流入量[m3/s] | 流入量[m3/s] | 計画高水流量[m3/s] | 全放流量[m3/s]
Niigata,新潟県,久知川ダム,2026-09-10T02:00,124.23,0.53,0.79,,,,100.0,,観測所名 | 最新観測時刻 | 平常時最高貯水位(常時満水位)[m] | 貯水位[m] | 洪水時最高水位(サーチャージ水位)[m] | 貯水率[%] | 洪水流入量[m3/s] | 流入量[m3/s] | 計画高水流量[m3/s] | 全放流量[m3/s]
Niigata,新潟県,内の倉ダム,2026-09-10T02:00,147.94,2.93,4.55,,,,41.4,,観測所名 | 最新観測時刻 | 平常時最高貯水位(常時満水位)[m] | 貯水位[m] | 洪水時最高水位(サーチャージ水位)[m] | 貯水率[%] | 洪水流入量[m3/s] | 流入量[m3/s] | 計画高水流量[m3/s] | 全放流量[m3/s]
Niigata,新潟県,刈谷田川ダム,2026-09-10T02:00,239.57,2.47,2.82,,,,100.0,,観測所名 | 最新観測時刻 | 平常時最高貯水位(常時満水位)[m] | 貯水位[m] | 洪水時最高水位(サーチャージ水位)[m] | 貯水率[%] | 洪水流入量[m3/s] | 流入量[m3/s] | 計画高水流量[m3/s] | 全放流量[m3/s]
Niigata,新潟県,加治川治水ダム,2026-09-10T02:00,272.69,5.3,6.83,,,,,,観測所名 | 最新観測時刻 | 平常時最高貯水位(常時満水位)[m] | 貯水位[m] | 洪水時最高水位(サーチャージ水位)[m] | 貯水率[%] | 洪水流入量[m3/s] | 流入量[m3/s] | 計画高水流量[m3/s] | 全放流量[m3/s]
Niigata,新潟県,城川ダム,2026-09-10T02:00,271.69,0.57,0.71,,,,100.0,,観測所名 | 最新観測時刻 | 平常時最高貯水位(常時満水位)[m] | 貯水位[m] | 洪水時最高水位(サーチャージ水位)[m] | 貯水率[%] | 洪水流入量[m3/s] | 流入量[m3/s] | 計画高水流量[m3/s] | 全放流量[m3/s]
Niigata,新潟県,大谷ダム,2026-09-10T02:10,191.88,2.59,2.59,,,,100.0,,観測所名 | 最新観測時刻 | 平常時最高貯水位(常時満水位)[m] | 貯水位[m] | 洪水時最高水位(サーチャージ水位)[m] | 貯水率[%] | 洪水流入量[m3/s] | 流入量[m3/s] | 計画高水流量[m3/s] | 全放流量[m3/s]
Niigata,新潟県,大野川ダム,2026-09-10T02:00,143.15,0.73,0.48,,,,100.0,,観測所名 | 最新観測時刻 | 平常時最高貯水位(常時満水位)[m] | 貯水位[m] | 洪水時最高水位(サーチャージ水位)[m] | 貯水率[%] | 洪水流入量[m3/s] | 流入量[m3/s] | 計画高水流量[m3/s] | 全放流量[m3/s]
Niigata,新潟県,奥三面ダム,2026-09-10T02:00,211.5,15.03,0.72,,,,79.4,,観測所名 | 最新観測時刻 | 平常時最高貯水位(常時満水位)[m] | 貯水位[m] | 洪水時最高水位(サーチャージ水位)[m] | 貯水率[%] | 洪水流入量[m3/s] | 流入量[m3/s] | 計画高水流量[m3/s] | 全放流量[m3/s]
Niigata,新潟県,奥胎内ダム,2026-09-10T02:00,384.01,3.72,4.35,,,,,,観測所名 | 最新観測時刻 | 平常時最高貯水位(常時満水位)[m] | 貯水位[m] | 洪水時最高水位(サーチャージ水位)[m] | 貯水率[%] | 洪水流入量[m3/s] | 流入量[m3/s] | 計画高水流量[m3/s] | 全放流量[m3/s]
Niigata,新潟県,広神ダム,2026-09-10T02:10,214.56,5.04,4.49,,,,100.0,,観測所名 | 最新観測時刻 | 平常時最高貯水位(常時満水位)[m] | 貯水位[m] | 洪水時最高水位(サーチャージ水位)[m] | 貯水率[%] | 洪水流入量[m3/s] | 流入量[m3/s] | 計画高水流量[m3/s] | 全放流量[m3/s]
Niigata,新潟県,新保川ダム,2026-09-10T02:00,160.52,0.62,0.69,,,,100.0,,観測所名 | 最新観測時刻 | 平常時最高貯水位(常時満水位)[m] | 貯水位[m] | 洪水時最高水位(サーチャージ水位)[m] | 貯水率[%] | 洪水流入量[m3/s] | 流入量[m3/s] | 計画高水流量[m3/s] | 全放流量[m3/s]
Niigata,新潟県,早出川ダム,2026-09-10T02:00,164.23,7.59,5.82,,,,82.9,,観測所名 | 最新観測時刻 | 平常時最高貯水位(常時満水位)[m] | 貯水位[m] | 洪水時最高水位(サーチャージ水位)[m] | 貯水率[%] | 洪水流入量[m3/s] | 流入量[m3/s] | 計画高水流量[m3/s] | 全放流量[m3/s]
Niigata,新潟県,柿崎川ダム,2026-09-10T02:00,120.97,0.96,0.95,,,,100.0,,観測所名 | 最新観測時刻 | 平常時最高貯水位(常時満水位)[m] | 貯水位[m] | 洪水時最高水位(サーチャージ水位)[m] | 貯水率[%] | 洪水流入量[m3/s] | 流入量[m3/s] | 計画高水流量[m3/s] | 全放流量[m3/s]
Niigata,新潟県,正善寺ダム,2026-09-10T02:00,85.79,1.34,0.27,,,,79.6,,観測所名 | 最新観測時刻 | 平常時最高貯水位(常時満水位)[m] | 貯水位[m] | 洪水時最高水位(サーチャージ水位)[m] | 貯水率[%] | 洪水流入量[m3/s] | 流入量[m3/s] | 計画高水流量[m3/s] | 全放流量[m3/s]
Niigata,新潟県,破間川ダム,2026-09-10T02:10,431.18,8.53,7.01,,,,100.0,,観測所名 | 最新観測時刻 | 平常時最高貯水位(常時満水位)[m] | 貯水位[m] | 洪水時最高水位(サーチャージ水位)[m] | 貯水率[%] | 洪水流入量[m3/s] | 流入量[m3/s] | 計画高水流量[m3/s] | 全放流量[m3/s]
Niigata,新潟県,笠堀ダム,2026-09-10T02:10,192.45,9.84,8.29,,,,84.2,,観測所名 | 最新観測時刻 | 平常時最高貯水位(常時満水位)[m] | 貯水位[m] | 洪水時最高水位(サーチャージ水位)[m] | 貯水率[%] | 洪水流入量[m3/s] | 流入量[m3/s] | 計画高水流量[m3/s] | 全放流量[m3/s]
Niigata,新潟県,胎内川ダム,2026-09-10T02:00,287.71,6.6,10.25,,,,96.5,,観測所名 | 最新観測時刻 | 平常時最高貯水位(常時満水位)[m] | 貯水位[m] | 洪水時最高水位(サーチャージ水位)[m] | 貯水率[%] | 洪水流入量[m3/s] | 流入量[m3/s] | 計画高水流量[m3/s] | 全放流量[m3/s]
Niigata,新潟県,鯖石川ダム,2026-09-10T02:00,134.87,8.33,9.97,,,,96.2,,観測所名 | 最新観測時刻 | 平常時最高貯水位(常時満水位)[m] | 貯水位[m] | 洪水時最高水位(サーチャージ水位)[m] | 貯水率[%] | 洪水流入量[m3/s] | 流入量[m3/s] | 計画高水流量[m3/s] | 全放流量[m3/s]
Oita,大分県,北川ダム,2026-09-10T02:10,150.05,11.69,,0.0442,,,22.28,,管理者名 | 河川名 | 局名 | 所在地 | 最新観測時刻 | 貯水位 | 流入量 | 貯水量 | 貯水率 | 放流量
Oita,大分県,安岐ダム,2026-09-10T02:10,153.78,0.72,0.33,0.612,,,100.0,,管理者名 | 河川名 | 局名 | 所在地 | 最新観測時刻 | 貯水位 | 流入量 | 貯水量 | 貯水率 | 放流量
Oita,大分県,床木ダム,2026-09-10T02:10,88.78,0.61,0.62,0.914,,,100.0,,管理者名 | 河川名 | 局名 | 所在地 | 最新観測時刻 | 貯水位 | 流入量 | 貯水量 | 貯水率 | 放流量
Oita,大分県,玉来ダム,2026-09-10T02:10,350.76,5.38,,0.0001,,,5.38,,管理者名 | 河川名 | 局名 | 所在地 | 最新観測時刻 | 貯水位 | 流入量 | 貯水量 | 貯水率 | 放流量
Oita,大分県,稲葉ダム,2026-09-10T02:10,437.83,2.309,,0.1009,,,2.084,,管理者名 | 河川名 | 局名 | 所在地 | 最新観測時刻 | 貯水位 | 流入量 | 貯水量 | 貯水率 | 放流量
Oita,大分県,芹川ダム,2026-09-10T02:10,328.52,4.03,,0.0553,,,2.8,,管理者名 | 河川名 | 局名 | 所在地 | 最新観測時刻 | 貯水位 | 流入量 | 貯水量 | 貯水率 | 放流量
Oita,大分県,行入ダム,2026-09-10T02:10,122.91,0.01,0.1,0.503,,,50.3,,管理者名 | 河川名 | 局名 | 所在地 | 最新観測時刻 | 貯水位 | 流入量 | 貯水量 | 貯水率 | 放流量
Oita,大分県,野津ダム,2026-09-10T02:10,238.09,0.09,,0.1008,,,0.09,,管理者名 | 河川名 | 局名 | 所在地 | 最新観測時刻 | 貯水位 | 流入量 | 貯水量 | 貯水率 | 放流量
Oita,大分県,青江ダム,2026-09-10T02:10,64.19,0.172,0.128,0.461,,,100.0,,管理者名 | 河川名 | 局名 | 所在地 | 最新観測時刻 | 貯水位 | 流入量 | 貯水量 | 貯水率 | 放流量
Oita,大分県,黒沢ダム,2026-09-10T02:10,95.48,0.94,0.88,1.16,,,100.0,,管理者名 | 河川名 | 局名 | 所在地 | 最新観測時刻 | 貯水位 | 流入量 | 貯水量 | 貯水率 | 放流量
Tokushima,徳島県,宮川内ダム,2026-09-10T02:00,127.69,3.39,2.28,,,0.451,58.57,,管理者名 | 河川名 | 局名 | 所在地 | 最新観測時刻 | 貯水位 | 総貯水量 | 全流入量 | 全放流量 | 貯水率
Tokushima,徳島県,川口ダム,2026-09-10T02:00,94.12,235.7,,,,0.2257,,,管理者名 | 河川名 | 局名 | 所在地 | 最新観測時刻 | 貯水位 | 総貯水量 | 全流入量 | 全放流量 | 貯水率
Tokushima,徳島県,棚野ダム,2026-09-10T02:00,38.7,,,,,,,,管理者名 | 河川名 | 局名 | 所在地 | 最新観測時刻 | 貯水位 | 総貯水量 | 全流入量 | 全放流量 | 貯水率
Tokushima,徳島県,正木ダム,2026-09-10T02:00,166.17,34.8,30.9,,,4.986,65.43,,管理者名 | 河川名 | 局名 | 所在地 | 最新観測時刻 | 貯水位 | 総貯水量 | 全流入量 | 全放流量 | 貯水率
Tokushima,徳島県,池田ダム,2026-09-10T02:00,88.52,98.9,,,,0.09895,,,管理者名 | 河川名 | 局名 | 所在地 | 最新観測時刻 | 貯水位 | 総貯水量 | 全流入量 | 全放流量 | 貯水率
Tokushima,徳島県,福井ダム,2026-09-10T02:00,44.36,3.56,4.65,,,1.445,100.0,,管理者名 | 河川名 | 局名 | 所在地 | 最新観測時刻 | 貯水位 | 総貯水量 | 全流入量 | 全放流量 | 貯水率
Tokushima,徳島県,長安口ダム,2026-09-10T02:00,220.96,180.55,,,,0.15847,,,管理者名 | 河川名 | 局名 | 所在地 | 最新観測時刻 | 貯水位 | 総貯水量 | 全流入量 | 全放流量 | 貯水率
Yamagata,山形県,前川ダム,2026-09-10T02:10,257.29,0.1,0.1,1.526,,,89.8,,管理者名 | 河川名 | 局名 | 所在地 | 最新観測時刻 | 流入量 | 全放流量 | 貯水位 | 貯水量 | 貯水率
Yamagata,山形県,寒河江ダム,2026-09-10T02:10,385.88,15.73,41.59,52.585,,,94.9,,管理者名 | 河川名 | 局名 | 所在地 | 最新観測時刻 | 流入量 | 全放流量 | 貯水位 | 貯水量 | 貯水率
Yamagata,山形県,最上小国川流水型ダム,2026-09-10T02:10,277.22,6.16,6.16,0.002,,,0.0,,管理者名 | 河川名 | 局名 | 所在地 | 最新観測時刻 | 流入量 | 全放流量 | 貯水位 | 貯水量 | 貯水率
Yamagata,山形県,月光川ダム,2026-09-10T02:10,169.42,5.56,5.56,0.008,,,0.2,,管理者名 | 河川名 | 局名 | 所在地 | 最新観測時刻 | 流入量 | 全放流量 | 貯水位 | 貯水量 | 貯水率
Yamagata,山形県,月山ダム,2026-09-10T02:10,236.9,5.27,3.9,16.431,,,91.6,,管理者名 | 河川名 | 局名 | 所在地 | 最新観測時刻 | 流入量 | 全放流量 | 貯水位 | 貯水量 | 貯水率
Yamagata,山形県,木地山ダム,2026-09-10T02:10,470.58,6.9,6.9,1.097,,,20.7,,管理者名 | 河川名 | 局名 | 所在地 | 最新観測時刻 | 流入量 | 全放流量 | 貯水位 | 貯水量 | 貯水率
Yamagata,山形県,温海川ダム,2026-09-10T02:10,142.55,2.36,3.59,0.453,,,100.0,,管理者名 | 河川名 | 局名 | 所在地 | 最新観測時刻 | 流入量 | 全放流量 | 貯水位 | 貯水量 | 貯水率
Yamagata,山形県,田沢川ダム,2026-09-10T02:10,127.3,1.14,1.14,4.028,,,81.4,,管理者名 | 河川名 | 局名 | 所在地 | 最新観測時刻 | 流入量 | 全放流量 | 貯水位 | 貯水量 | 貯水率
Yamagata,山形県,留山川ダム,2026-09-10T02:10,300.28,1.52,0.67,0.357,,,100.0,,管理者名 | 河川名 | 局名 | 所在地 | 最新観測時刻 | 流入量 | 全放流量 | 貯水位 | 貯水量 | 貯水率
Yamagata,山形県,白川ダム,2026-09-10T02:10,319.79,19.51,22.49,6.781,,,68.5,,管理者名 | 河川名 | 局名 | 所在地 | 最新観測時刻 | 流入量 | 全放流量 | 貯水位 | 貯水量 | 貯水率
Yamagata,山形県,白水川ダム,2026-09-10T02:10,357.57,1.01,0.45,2.515,,,96.7,,管理者名 | 河川名 | 局名 | 所在地 | 最新観測時刻 | 流入量 | 全放流量 | 貯水位 | 貯水量 | 貯水率
Yamagata,山形県,神室ダム,2026-09-10T02:10,381.21,1.0,0.99,2.54,,,77.6,,管理者名 | 河川名 | 局名 | 所在地 | 最新観測時刻 | 流入量 | 全放流量 | 貯水位 | 貯水量 | 貯水率
Yamagata,山形県,綱木川ダム,2026-09-10T02:10,456.48,4.01,3.7,3.628,,,100.0,,管理者名 | 河川名 | 局名 | 所在地 | 最新観測時刻 | 流入量 | 全放流量 | 貯水位 | 貯水量 | 貯水率
Yamagata,山形県,荒沢ダム,2026-09-10T02:10,237.37,15.74,13.65,5.754,,,33.4,,管理者名 | 河川名 | 局名 | 所在地 | 最新観測時刻 | 流入量 | 全放流量 | 貯水位 | 貯水量 | 貯水率
Yamagata,山形県,蔵王ダム,2026-09-10T02:00,592.6,2.91,2.5,1.831,,,86.4,,管理者名 | 河川名 | 局名 | 所在地 | 最新観測時刻 | 流入量 | 全放流量 | 貯水位 | 貯水量 | 貯水率
Yamagata,山形県,長井ダム,2026-09-10T02:10,365.77,11.5,11.49,20.808,,,94.3,,管理者名 | 河川名 | 局名 | 所在地 | 最新観測時刻 | 流入量 | 全放流量 | 貯水位 | 貯水量 | 貯水率
Yamagata,山形県,高坂ダム,2026-09-10T02:10,182.27,8.44,11.33,0.744,,,22.5,,管理者名 | 河川名 | 局名 | 所在地 | 最新観測時刻 | 流入量 | 全放流量 | 貯水位 | 貯水量 | 貯水率
Aomori,青森県,下湯ダム,2026-09-10T04:50,263.74,0.82,1.68,,,,,,管理者名 | 河川名 | 局名 | 所在地 | 最新観測時刻 | 流入量 | 全放流量 | 貯水位 | 平常時最高水位 | 洪水貯留準備水位 | 洪水量(※)
Aomori,青森県,世増ダム,2026-09-10T04:50,94.82,10.44,10.46,,,,,,管理者名 | 河川名 | 局名 | 所在地 | 最新観測時刻 | 流入量 | 全放流量 | 貯水位 | 平常時最高水位 | 洪水貯留準備水位 | 洪水量(※)
Aomori,青森県,久吉ダム,2026-09-10T04:50,276.71,0.61,0.95,,,,,,管理者名 | 河川名 | 局名 | 所在地 | 最新観測時刻 | 流入量 | 全放流量 | 貯水位 | 平常時最高水位 | 洪水貯留準備水位 | 洪水量(※)
Aomori,青森県,小泊ダム,2026-09-10T04:50,67.61,0.05,0.05,,,,,,管理者名 | 河川名 | 局名 | 所在地 | 最新観測時刻 | 流入量 | 全放流量 | 貯水位 | 平常時最高水位 | 洪水貯留準備水位 | 洪水量(※)
Aomori,青森県,川内ダム,2026-09-10T04:50,178.82,1.77,1.77,,,,,,管理者名 | 河川名 | 局名 | 所在地 | 最新観測時刻 | 流入量 | 全放流量 | 貯水位 | 平常時最高水位 | 洪水貯留準備水位 | 洪水量(※)
Aomori,青森県,津軽ダム,2026-09-10T04:50,196.62,6.8,14.57,,,,,,管理者名 | 河川名 | 局名 | 所在地 | 最新観測時刻 | 流入量 | 全放流量 | 貯水位 | 平常時最高水位 | 洪水貯留準備水位 | 洪水量(※)
Aomori,青森県,浅瀬石川ダム,2026-09-10T04:50,184.91,11.98,11.99,,,,,,管理者名 | 河川名 | 局名 | 所在地 | 最新観測時刻 | 流入量 | 全放流量 | 貯水位 | 平常時最高水位 | 洪水貯留準備水位 | 洪水量(※)
Aomori,青森県,浅虫ダム,2026-09-10T04:50,13.99,0.05,0.05,,,,,,管理者名 | 河川名 | 局名 | 所在地 | 最新観測時刻 | 流入量 | 全放流量 | 貯水位 | 平常時最高水位 | 洪水貯留準備水位 | 洪水量(※)
Aomori,青森県,清水目ダム,2026-09-10T04:50,108.08,0.6,0.6,,,,,,管理者名 | 河川名 | 局名 | 所在地 | 最新観測時刻 | 流入量 | 全放流量 | 貯水位 | 平常時最高水位 | 洪水貯留準備水位 | 洪水量(※)
Aomori,青森県,飯詰ダム,2026-09-10T04:50,70.51,0.31,0.31,,,,,,管理者名 | 河川名 | 局名 | 所在地 | 最新観測時刻 | 流入量 | 全放流量 | 貯水位 | 平常時最高水位 | 洪水貯留準備水位 | 洪水量(※)
Fukui,福井県,九頭竜ダム,2026-09-10T04:50,540.78,0.01,,,0.03226,,,30.4,局名 | 所在地 | 最新観測時刻 | 貯水率(利水容量) | 貯水位 | 有効貯水量 | 流入量 | 放流量 | 管理者名
Fukui,福井県,二ツ屋ダム,2026-09-10T04:50,349.79,3.06,3.06,,0.215,,,101.4,局名 | 所在地 | 最新観測時刻 | 貯水率(利水容量) | 貯水位 | 有効貯水量 | 流入量 | 放流量 | 管理者名
Fukui,福井県,吉野瀬川ダム,2026-09-10T04:50,100.47,1.81,2.32,,1.32,,,100.0,局名 | 所在地 | 最新観測時刻 | 貯水率(利水容量) | 貯水位 | 有効貯水量 | 流入量 | 放流量 | 管理者名
Fukui,福井県,大津呂ダム,2026-09-10T04:50,83.79,0.15,0.03,,0.107,,,39.4,局名 | 所在地 | 最新観測時刻 | 貯水率(利水容量) | 貯水位 | 有効貯水量 | 流入量 | 放流量 | 管理者名
Fukui,福井県,広野ダム,2026-09-10T04:50,294.08,3.36,1.57,,1.305,,,32.7,局名 | 所在地 | 最新観測時刻 | 貯水率(利水容量) | 貯水位 | 有効貯水量 | 流入量 | 放流量 | 管理者名
Fukui,福井県,桝谷ダム,2026-09-10T04:50,299.09,0.55,0.12,,3.472,,,17.4,局名 | 所在地 | 最新観測時刻 | 貯水率(利水容量) | 貯水位 | 有効貯水量 | 流入量 | 放流量 | 管理者名
Fukui,福井県,永平寺ダム,2026-09-10T04:50,320.01,0.66,0.74,,0.448,,,101.82,局名 | 所在地 | 最新観測時刻 | 貯水率(利水容量) | 貯水位 | 有効貯水量 | 流入量 | 放流量 | 管理者名
Fukui,福井県,河内川ダム,2026-09-10T04:50,183.71,1.62,0.31,,2.896,,,62.3,局名 | 所在地 | 最新観測時刻 | 貯水率(利水容量) | 貯水位 | 有効貯水量 | 流入量 | 放流量 | 管理者名
Fukui,福井県,浄土寺川ダム,2026-09-10T04:50,344.61,1.135,1.333,,0.775,,,100.0,局名 | 所在地 | 最新観測時刻 | 貯水率(利水容量) | 貯水位 | 有効貯水量 | 流入量 | 放流量 | 管理者名
Fukui,福井県,真名川ダム,2026-09-10T04:50,335.51,3.52,,,0.01738,,,68.4,局名 | 所在地 | 最新観測時刻 | 貯水率(利水容量) | 貯水位 | 有効貯水量 | 流入量 | 放流量 | 管理者名
Fukui,福井県,笹生川ダム,2026-09-10T04:50,514.64,15.8,3.03,,23.086,,,56.36,局名 | 所在地 | 最新観測時刻 | 貯水率(利水容量) | 貯水位 | 有効貯水量 | 流入量 | 放流量 | 管理者名
Fukui,福井県,開谷ダム,2026-09-10T04:50,121.67,,,,0.077,,,76.2,局名 | 所在地 | 最新観測時刻 | 貯水率(利水容量) | 貯水位 | 有効貯水量 | 流入量 | 放流量 | 管理者名
Fukui,福井県,龍ヶ鼻ダム,2026-09-10T04:50,172.94,5.41,3.03,,4.002,,,84.75,局名 | 所在地 | 最新観測時刻 | 貯水率(利水容量) | 貯水位 | 有効貯水量 | 流入量 | 放流量 | 管理者名
Miyazaki,宮崎県,岩瀬ダム,2026-09-10T04:50,21.74,35.51,,,,,,,河川名 | 局名 | 所在地 | 状態 | 最新観測時刻 | 貯水位 | 流入量 | 全放流量
Miyazaki,宮崎県,広渡ダム,2026-09-10T04:50,8.87,8.91,,,,,,,河川名 | 局名 | 所在地 | 状態 | 最新観測時刻 | 貯水位 | 流入量 | 全放流量
Miyazaki,宮崎県,日南ダム,2026-09-10T04:50,6.38,5.96,,,,,,,河川名 | 局名 | 所在地 | 状態 | 最新観測時刻 | 貯水位 | 流入量 | 全放流量
Miyazaki,宮崎県,松尾ダム,2026-09-10T04:50,14.4,35.41,,,,,,,河川名 | 局名 | 所在地 | 状態 | 最新観測時刻 | 貯水位 | 流入量 | 全放流量
Miyazaki,宮崎県,沖田ダム,2026-09-10T04:50,0.56,0.56,,,,,,,河川名 | 局名 | 所在地 | 状態 | 最新観測時刻 | 貯水位 | 流入量 | 全放流量
Miyazaki,宮崎県,渡川ダム,2026-09-10T04:50,7.22,7.22,,,,,,,河川名 | 局名 | 所在地 | 状態 | 最新観測時刻 | 貯水位 | 流入量 | 全放流量
Miyazaki,宮崎県,瓜田ダム,2026-09-10T04:50,0.16,0.16,,,,,,,河川名 | 局名 | 所在地 | 状態 | 最新観測時刻 | 貯水位 | 流入量 | 全放流量
Miyazaki,宮崎県,田代八重ダム,2026-09-10T04:50,7.77,14.0,,,,,,,河川名 | 局名 | 所在地 | 状態 | 最新観測時刻 | 貯水位 | 流入量 | 全放流量
Miyazaki,宮崎県,祝子ダム,2026-09-10T04:50,5.0,4.58,,,,,,,河川名 | 局名 | 所在地 | 状態 | 最新観測時刻 | 貯水位 | 流入量 | 全放流量
Miyazaki,宮崎県,立花ダム,2026-09-10T04:50,5.13,5.15,,,,,,,河川名 | 局名 | 所在地 | 状態 | 最新観測時刻 | 貯水位 | 流入量 | 全放流量
Miyazaki,宮崎県,綾北ダム,2026-09-10T04:50,14.07,11.08,,,,,,,河川名 | 局名 | 所在地 | 状態 | 最新観測時刻 | 貯水位 | 流入量 | 全放流量
Miyazaki,宮崎県,綾南ダム,2026-09-10T04:50,4.85,10.03,,,,,,,河川名 | 局名 | 所在地 | 状態 | 最新観測時刻 | 貯水位 | 流入量 | 全放流量
Miyazaki,宮崎県,長谷ダム,2026-09-10T04:50,3.78,3.75,,,,,,,河川名 | 局名 | 所在地 | 状態 | 最新観測時刻 | 貯水位 | 流入量 | 全放流量
Nara,奈良県,初瀬ダム,2026-09-10T04:50,220.34,0.81,0.23,,,,,,管理者名 | 河川名 | 局名 | 所在地 | 最新観測時刻 | 貯水位 | 貯水容量 | 空容量 | 全流入量 | 放流量
Nara,奈良県,大門ダム,2026-09-10T04:50,262.68,0.0,0.0,,,,,,管理者名 | 河川名 | 局名 | 所在地 | 最新観測時刻 | 貯水位 | 貯水容量 | 空容量 | 全流入量 | 放流量
Nara,奈良県,天理ダム,2026-09-10T04:50,253.09,0.3,0.13,,,,,,管理者名 | 河川名 | 局名 | 所在地 | 最新観測時刻 | 貯水位 | 貯水容量 | 空容量 | 全流入量 | 放流量
Nara,奈良県,岩井川ダム,2026-09-10T04:50,240.45,0.19,0.07,,,,,,管理者名 | 河川名 | 局名 | 所在地 | 最新観測時刻 | 貯水位 | 貯水容量 | 空容量 | 全流入量 | 放流量
Nara,奈良県,白川ダム,2026-09-10T04:50,111.25,0.0,0.0,,,,,,管理者名 | 河川名 | 局名 | 所在地 | 最新観測時刻 | 貯水位 | 貯水容量 | 空容量 | 全流入量 | 放流量
Niigata,新潟県,三面ダム,2026-09-10T04:50,115.69,3.16,15.44,,,,91.1,,観測所名 | 最新観測時刻 | 平常時最高貯水位(常時満水位)[m] | 貯水位[m] | 洪水時最高水位(サーチャージ水位)[m] | 貯水率[%] | 洪水流入量[m3/s] | 流入量[m3/s] | 計画高水流量[m3/s] | 全放流量[m3/s]
Niigata,新潟県,下条川ダム,2026-09-10T04:50,31.24,110.0,,,,,8.7,,観測所名 | 最新観測時刻 | 平常時最高貯水位(常時満水位)[m] | 貯水位[m] | 洪水時最高水位(サーチャージ水位)[m] | 貯水率[%] | 洪水流入量[m3/s] | 流入量[m3/s] | 計画高水流量[m3/s] | 全放流量[m3/s]
Niigata,新潟県,久知川ダム,2026-09-10T04:50,124.19,0.46,0.71,,,,100.0,,観測所名 | 最新観測時刻 | 平常時最高貯水位(常時満水位)[m] | 貯水位[m] | 洪水時最高水位(サーチャージ水位)[m] | 貯水率[%] | 洪水流入量[m3/s] | 流入量[m3/s] | 計画高水流量[m3/s] | 全放流量[m3/s]
Niigata,新潟県,内の倉ダム,2026-09-10T04:50,147.92,3.25,4.55,,,,41.3,,観測所名 | 最新観測時刻 | 平常時最高貯水位(常時満水位)[m] | 貯水位[m] | 洪水時最高水位(サーチャージ水位)[m] | 貯水率[%] | 洪水流入量[m3/s] | 流入量[m3/s] | 計画高水流量[m3/s] | 全放流量[m3/s]
Niigata,新潟県,刈谷田川ダム,2026-09-10T04:50,239.49,2.11,2.59,,,,100.0,,観測所名 | 最新観測時刻 | 平常時最高貯水位(常時満水位)[m] | 貯水位[m] | 洪水時最高水位(サーチャージ水位)[m] | 貯水率[%] | 洪水流入量[m3/s] | 流入量[m3/s] | 計画高水流量[m3/s] | 全放流量[m3/s]
Niigata,新潟県,加治川治水ダム,2026-09-10T04:50,272.55,4.9,6.82,,,,,,観測所名 | 最新観測時刻 | 平常時最高貯水位(常時満水位)[m] | 貯水位[m] | 洪水時最高水位(サーチャージ水位)[m] | 貯水率[%] | 洪水流入量[m3/s] | 流入量[m3/s] | 計画高水流量[m3/s] | 全放流量[m3/s]
Niigata,新潟県,城川ダム,2026-09-10T04:50,271.66,0.54,0.57,,,,100.0,,観測所名 | 最新観測時刻 | 平常時最高貯水位(常時満水位)[m] | 貯水位[m] | 洪水時最高水位(サーチャージ水位)[m] | 貯水率[%] | 洪水流入量[m3/s] | 流入量[m3/s] | 計画高水流量[m3/s] | 全放流量[m3/s]
Niigata,新潟県,大谷ダム,2026-09-10T04:50,191.85,2.0,2.46,,,,100.0,,観測所名 | 最新観測時刻 | 平常時最高貯水位(常時満水位)[m] | 貯水位[m] | 洪水時最高水位(サーチャージ水位)[m] | 貯水率[%] | 洪水流入量[m3/s] | 流入量[m3/s] | 計画高水流量[m3/s] | 全放流量[m3/s]
Niigata,新潟県,大野川ダム,2026-09-10T04:50,143.16,0.49,0.48,,,,100.0,,観測所名 | 最新観測時刻 | 平常時最高貯水位(常時満水位)[m] | 貯水位[m] | 洪水時最高水位(サーチャージ水位)[m] | 貯水率[%] | 洪水流入量[m3/s] | 流入量[m3/s] | 計画高水流量[m3/s] | 全放流量[m3/s]
Niigata,新潟県,奥三面ダム,2026-09-10T04:50,211.55,15.03,0.72,,,,79.6,,観測所名 | 最新観測時刻 | 平常時最高貯水位(常時満水位)[m] | 貯水位[m] | 洪水時最高水位(サーチャージ水位)[m] | 貯水率[%] | 洪水流入量[m3/s] | 流入量[m3/s] | 計画高水流量[m3/s] | 全放流量[m3/s]
Niigata,新潟県,奥胎内ダム,2026-09-10T04:50,384.0,3.63,3.37,,,,,,観測所名 | 最新観測時刻 | 平常時最高貯水位(常時満水位)[m] | 貯水位[m] | 洪水時最高水位(サーチャージ水位)[m] | 貯水率[%] | 洪水流入量[m3/s] | 流入量[m3/s] | 計画高水流量[m3/s] | 全放流量[m3/s]
Niigata,新潟県,広神ダム,2026-09-10T04:50,214.53,3.79,4.37,,,,100.0,,観測所名 | 最新観測時刻 | 平常時最高貯水位(常時満水位)[m] | 貯水位[m] | 洪水時最高水位(サーチャージ水位)[m] | 貯水率[%] | 洪水流入量[m3/s] | 流入量[m3/s] | 計画高水流量[m3/s] | 全放流量[m3/s]
Niigata,新潟県,新保川ダム,2026-09-10T04:50,160.5,0.6,0.62,,,,100.0,,観測所名 | 最新観測時刻 | 平常時最高貯水位(常時満水位)[m] | 貯水位[m] | 洪水時最高水位(サーチャージ水位)[m] | 貯水率[%] | 洪水流入量[m3/s] | 流入量[m3/s] | 計画高水流量[m3/s] | 全放流量[m3/s]
Niigata,新潟県,早出川ダム,2026-09-10T04:50,164.26,5.83,5.83,,,,83.3,,観測所名 | 最新観測時刻 | 平常時最高貯水位(常時満水位)[m] | 貯水位[m] | 洪水時最高水位(サーチャージ水位)[m] | 貯水率[%] | 洪水流入量[m3/s] | 流入量[m3/s] | 計画高水流量[m3/s] | 全放流量[m3/s]
Niigata,新潟県,柿崎川ダム,2026-09-10T04:50,120.97,0.96,0.95,,,,100.0,,観測所名 | 最新観測時刻 | 平常時最高貯水位(常時満水位)[m] | 貯水位[m] | 洪水時最高水位(サーチャージ水位)[m] | 貯水率[%] | 洪水流入量[m3/s] | 流入量[m3/s] | 計画高水流量[m3/s] | 全放流量[m3/s]
Niigata,新潟県,正善寺ダム,2026-09-10T04:50,85.83,1.04,0.21,,,,80.0,,観測所名 | 最新観測時刻 | 平常時最高貯水位(常時満水位)[m] | 貯水位[m] | 洪水時最高水位(サーチャージ水位)[m] | 貯水率[%] | 洪水流入量[m3/s] | 流入量[m3/s] | 計画高水流量[m3/s] | 全放流量[m3/s]
Niigata,新潟県,破間川ダム,2026-09-10T04:50,431.21,7.69,7.13,,,,100.0,,観測所名 | 最新観測時刻 | 平常時最高貯水位(常時満水位)[m] | 貯水位[m] | 洪水時最高水位(サーチャージ水位)[m] | 貯水率[%] | 洪水流入量[m3/s] | 流入量[m3/s] | 計画高水流量[m3/s] | 全放流量[m3/s]
Niigata,新潟県,笠堀ダム,2026-09-10T04:50,192.48,9.42,8.3,,,,84.4,,観測所名 | 最新観測時刻 | 平常時最高貯水位(常時満水位)[m] | 貯水位[m] | 洪水時最高水位(サーチャージ水位)[m] | 貯水率[%] | 洪水流入量[m3/s] | 流入量[m3/s] | 計画高水流量[m3/s] | 全放流量[m3/s]
Niigata,新潟県,胎内川ダム,2026-09-10T04:50,287.63,6.6,10.23,,,,95.6,,観測所名 | 最新観測時刻 | 平常時最高貯水位(常時満水位)[m] | 貯水位[m] | 洪水時最高水位(サーチャージ水位)[m] | 貯水率[%] | 洪水流入量[m3/s] | 流入量[m3/s] | 計画高水流量[m3/s] | 全放流量[m3/s]
Niigata,新潟県,鯖石川ダム,2026-09-10T04:50,134.87,8.31,7.02,,,,96.2,,観測所名 | 最新観測時刻 | 平常時最高貯水位(常時満水位)[m] | 貯水位[m] | 洪水時最高水位(サーチャージ水位)[m] | 貯水率[%] | 洪水流入量[m3/s] | 流入量[m3/s] | 計画高水流量[m3/s] | 全放流量[m3/s]
Oita,大分県,北川ダム,2026-09-10T04:50,149.97,12.41,,0.0439,,,22.26,,管理者名 | 河川名 | 局名 | 所在地 | 最新観測時刻 | 貯水位 | 流入量 | 貯水量 | 貯水率 | 放流量
Oita,大分県,安岐ダム,2026-09-10T04:50,153.77,0.72,0.3,0.611,,,100.0,,管理者名 | 河川名 | 局名 | 所在地 | 最新観測時刻 | 貯水位 | 流入量 | 貯水量 | 貯水率 | 放流量
Oita,大分県,床木ダム,2026-09-10T04:50,88.77,0.57,0.59,0.913,,,100.0,,管理者名 | 河川名 | 局名 | 所在地 | 最新観測時刻 | 貯水位 | 流入量 | 貯水量 | 貯水率 | 放流量
Oita,大分県,玉来ダム,2026-09-10T04:50,350.76,5.38,,0.0001,,,5.38,,管理者名 | 河川名 | 局名 | 所在地 | 最新観測時刻 | 貯水位 | 流入量 | 貯水量 | 貯水率 | 放流量
Oita,大分県,稲葉ダム,2026-09-10T04:50,437.83,2.309,,0.1009,,,2.069,,管理者名 | 河川名 | 局名 | 所在地 | 最新観測時刻 | 貯水位 | 流入量 | 貯水量 | 貯水率 | 放流量
Oita,大分県,芹川ダム,2026-09-10T04:50,328.53,4.13,,0.0554,,,2.8,,管理者名 | 河川名 | 局名 | 所在地 | 最新観測時刻 | 貯水位 | 流入量 | 貯水量 | 貯水率 | 放流量
Oita,大分県,行入ダム,2026-09-10T04:50,122.9,0.01,0.1,0.502,,,50.2,,管理者名 | 河川名 | 局名 | 所在地 | 最新観測時刻 | 貯水位 | 流入量 | 貯水量 | 貯水率 | 放流量
Oita,大分県,野津ダム,2026-09-10T04:50,238.09,0.09,,0.1008,,,0.09,,管理者名 | 河川名 | 局名 | 所在地 | 最新観測時刻 | 貯水位 | 流入量 | 貯水量 | 貯水率 | 放流量
Oita,大分県,青江ダム,2026-09-10T04:50,64.18,0.125,0.117,0.46,,,100.0,,管理者名 | 河川名 | 局名 | 所在地 | 最新観測時刻 | 貯水位 | 流入量 | 貯水量 | 貯水率 | 放流量
Oita,大分県,黒沢ダム,2026-09-10T04:50,95.48,0.94,0.88,1.16,,,100.0,,管理者名 | 河川名 | 局名 | 所在地 | 最新観測時刻 | 貯水位 | 流入量 | 貯水量 | 貯水率 | 放流量
Tokushima,徳島県,宮川内ダム,2026-09-10T04:50,127.71,2.28,2.28,,,0.453,58.83,,管理者名 | 河川名 | 局名 | 所在地 | 最新観測時刻 | 貯水位 | 総貯水量 | 全流入量 | 全放流量 | 貯水率
Tokushima,徳島県,川口ダム,2026-09-10T04:50,94.06,206.6,,,,0.1966,,,管理者名 | 河川名 | 局名 | 所在地 | 最新観測時刻 | 貯水位 | 総貯水量 | 全流入量 | 全放流量 | 貯水率
Tokushima,徳島県,棚野ダム,2026-09-10T04:50,32.5,,,,,,,,管理者名 | 河川名 | 局名 | 所在地 | 最新観測時刻 | 貯水位 | 総貯水量 | 全流入量 | 全放流量 | 貯水率
Tokushima,徳島県,正木ダム,2026-09-10T04:50,166.22,30.8,28.8,,,5.005,65.97,,管理者名 | 河川名 | 局名 | 所在地 | 最新観測時刻 | 貯水位 | 総貯水量 | 全流入量 | 全放流量 | 貯水率
Tokushima,徳島県,池田ダム,2026-09-10T04:50,88.54,86.95,,,,0.08699,,,管理者名 | 河川名 | 局名 | 所在地 | 最新観測時刻 | 貯水位 | 総貯水量 | 全流入量 | 全放流量 | 貯水率
Tokushima,徳島県,福井ダム,2026-09-10T04:50,44.29,2.87,4.11,,,1.432,100.0,,管理者名 | 河川名 | 局名 | 所在地 | 最新観測時刻 | 貯水位 | 総貯水量 | 全流入量 | 全放流量 | 貯水率
Tokushima,徳島県,長安口ダム,2026-09-10T04:50,220.9,160.46,,,,0.13843,,,管理者名 | 河川名 | 局名 | 所在地 | 最新観測時刻 | 貯水位 | 総貯水量 | 全流入量 | 全放流量 | 貯水率
Yamagata,山形県,前川ダム,2026-09-10T04:50,257.3,0.1,0.1,1.529,,,89.9,,管理者名 | 河川名 | 局名 | 所在地 | 最新観測時刻 | 流入量 | 全放流量 | 貯水位 | 貯水量 | 貯水率
Yamagata,山形県,寒河江ダム,2026-09-10T04:50,385.78,15.08,42.1,52.342,,,94.5,,管理者名 | 河川名 | 局名 | 所在地 | 最新観測時刻 | 流入量 | 全放流量 | 貯水位 | 貯水量 | 貯水率
Yamagata,山形県,最上小国川流水型ダム,2026-09-10T04:50,277.21,6.0,6.0,0.002,,,0.0,,管理者名 | 河川名 | 局名 | 所在地 | 最新観測時刻 | 流入量 | 全放流量 | 貯水位 | 貯水量 | 貯水率
Yamagata,山形県,月光川ダム,2026-09-10T04:50,169.41,5.43,5.43,0.008,,,0.2,,管理者名 | 河川名 | 局名 | 所在地 | 最新観測時刻 | 流入量 | 全放流量 | 貯水位 | 貯水量 | 貯水率
Yamagata,山形県,月山ダム,2026-09-10T04:50,236.91,5.0,3.9,16.44,,,91.7,,管理者名 | 河川名 | 局名 | 所在地 | 最新観測時刻 | 流入量 | 全放流量 | 貯水位 | 貯水量 | 貯水率
Yamagata,山形県,木地山ダム,2026-09-10T04:50,470.56,6.27,6.9,1.093,,,20.6,,管理者名 | 河川名 | 局名 | 所在地 | 最新観測時刻 | 流入量 | 全放流量 | 貯水位 | 貯水量 | 貯水率
Yamagata,山形県,温海川ダム,2026-09-10T04:50,142.47,2.2,2.86,0.441,,,99.0,,管理者名 | 河川名 | 局名 | 所在地 | 最新観測時刻 | 流入量 | 全放流量 | 貯水位 | 貯水量 | 貯水率
Yamagata,山形県,田沢川ダム,2026-09-10T04:50,127.29,1.12,1.12,4.025,,,81.3,,管理者名 | 河川名 | 局名 | 所在地 | 最新観測時刻 | 流入量 | 全放流量 | 貯水位 | 貯水量 | 貯水率
Yamagata,山形県,留山川ダム,2026-09-10T04:50,300.27,0.58,0.65,0.356,,,100.0,,管理者名 | 河川名 | 局名 | 所在地 | 最新観測時刻 | 流入量 | 全放流量 | 貯水位 | 貯水量 | 貯水率
Yamagata,山形県,白川ダム,2026-09-10T04:50,319.77,19.48,22.46,6.759,,,68.3,,管理者名 | 河川名 | 局名 | 所在地 | 最新観測時刻 | 流入量 | 全放流量 | 貯水位 | 貯水量 | 貯水率
Yamagata,山形県,白水川ダム,2026-09-10T04:50,357.57,0.45,0.45,2.515,,,96.7,,管理者名 | 河川名 | 局名 | 所在地 | 最新観測時刻 | 流入量 | 全放流量 | 貯水位 | 貯水量 | 貯水率
Yamagata,山形県,神室ダム,2026-09-10T04:50,381.21,1.0,1.0,2.54,,,77.6,,管理者名 | 河川名 | 局名 | 所在地 | 最新観測時刻 | 流入量 | 全放流量 | 貯水位 | 貯水量 | 貯水率
Yamagata,山形県,綱木川ダム,2026-09-10T04:50,456.48,4.01,3.7,3.628,,,100.0,,管理者名 | 河川名 | 局名 | 所在地 | 最新観測時刻 | 流入量 | 全放流量 | 貯水位 | 貯水量 | 貯水率
Yamagata,山形県,荒沢ダム,2026-09-10T04:50,237.38,14.97,13.65,5.765,,,33.4,,管理者名 | 河川名 | 局名 | 所在地 | 最新観測時刻 | 流入量 | 全放流量 | 貯水位 | 貯水量 | 貯水率
Yamagata,山形県,蔵王ダム,2026-09-10T04:50,592.61,2.91,2.5,1.833,,,86.5,,管理者名 | 河川名 | 局名 | 所在地 | 最新観測時刻 | 流入量 | 全放流量 | 貯水位 | 貯水量 | 貯水率
Yamagata,山形県,長井ダム,2026-09-10T04:50,365.75,8.36,11.49,20.792,,,94.2,,管理者名 | 河川名 | 局名 | 所在地 | 最新観測時刻 | 流入量 | 全放流量 | 貯水位 | 貯水量 | 貯水率
Yamagata,山形県,高坂ダム,2026-09-10T04:50,182.19,8.02,11.33,0.715,,,21.6,,管理者名 | 河川名 | 局名 | 所在地 | 最新観測時刻 | 流入量 | 全放流量 | 貯水位 | 貯水量 | 貯水率
Aomori,青森県,下湯ダム,2026-09-10T07:20,263.73,1.08,1.65,,,,,,管理者名 | 河川名 | 局名 | 所在地 | 最新観測時刻 | 流入量 | 全放流量 | 貯水位 | 平常時最高水位 | 洪水貯留準備水位 | 洪水量(※)
Aomori,青森県,世増ダム,2026-09-10T07:20,94.82,10.44,10.46,,,,,,管理者名 | 河川名 | 局名 | 所在地 | 最新観測時刻 | 流入量 | 全放流量 | 貯水位 | 平常時最高水位 | 洪水貯留準備水位 | 洪水量(※)
Aomori,青森県,久吉ダム,2026-09-10T07:20,276.71,0.95,0.95,,,,,,管理者名 | 河川名 | 局名 | 所在地 | 最新観測時刻 | 流入量 | 全放流量 | 貯水位 | 平常時最高水位 | 洪水貯留準備水位 | 洪水量(※)
Aomori,青森県,小泊ダム,2026-09-10T07:20,67.61,0.05,0.05,,,,,,管理者名 | 河川名 | 局名 | 所在地 | 最新観測時刻 | 流入量 | 全放流量 | 貯水位 | 平常時最高水位 | 洪水貯留準備水位 | 洪水量(※)
Aomori,青森県,川内ダム,2026-09-10T07:20,178.81,0.0,1.73,,,,,,管理者名 | 河川名 | 局名 | 所在地 | 最新観測時刻 | 流入量 | 全放流量 | 貯水位 | 平常時最高水位 | 洪水貯留準備水位 | 洪水量(※)
Aomori,青森県,津軽ダム,2026-09-10T07:20,196.59,6.79,14.57,,,,,,管理者名 | 河川名 | 局名 | 所在地 | 最新観測時刻 | 流入量 | 全放流量 | 貯水位 | 平常時最高水位 | 洪水貯留準備水位 | 洪水量(※)
Aomori,青森県,浅瀬石川ダム,2026-09-10T07:20,184.91,11.97,12.0,,,,,,管理者名 | 河川名 | 局名 | 所在地 | 最新観測時刻 | 流入量 | 全放流量 | 貯水位 | 平常時最高水位 | 洪水貯留準備水位 | 洪水量(※)
Aomori,青森県,浅虫ダム,2026-09-10T07:20,13.99,0.05,0.05,,,,,,管理者名 | 河川名 | 局名 | 所在地 | 最新観測時刻 | 流入量 | 全放流量 | 貯水位 | 平常時最高水位 | 洪水貯留準備水位 | 洪水量(※)
Aomori,青森県,清水目ダム,2026-09-10T07:20,108.08,0.6,0.6,,,,,,管理者名 | 河川名 | 局名 | 所在地 | 最新観測時刻 | 流入量 | 全放流量 | 貯水位 | 平常時最高水位 | 洪水貯留準備水位 | 洪水量(※)
Aomori,青森県,飯詰ダム,2026-09-10T07:20,70.51,0.31,0.31,,,,,,管理者名 | 河川名 | 局名 | 所在地 | 最新観測時刻 | 流入量 | 全放流量 | 貯水位 | 平常時最高水位 | 洪水貯留準備水位 | 洪水量(※)
Fukui,福井県,九頭竜ダム,2026-09-10T07:20,540.84,0.01,,,0.043,,,30.6,局名 | 所在地 | 最新観測時刻 | 貯水率(利水容量) | 貯水位 | 有効貯水量 | 流入量 | 放流量 | 管理者名
Fukui,福井県,二ツ屋ダム,2026-09-10T07:20,349.78,2.56,2.56,,0.215,,,101.3,局名 | 所在地 | 最新観測時刻 | 貯水率(利水容量) | 貯水位 | 有効貯水量 | 流入量 | 放流量 | 管理者名
Fukui,福井県,吉野瀬川ダム,2026-09-10T07:20,100.45,1.62,2.26,,1.315,,,100.0,局名 | 所在地 | 最新観測時刻 | 貯水率(利水容量) | 貯水位 | 有効貯水量 | 流入量 | 放流量 | 管理者名
Fukui,福井県,大津呂ダム,2026-09-10T07:20,83.87,0.12,0.02,,0.108,,,39.7,局名 | 所在地 | 最新観測時刻 | 貯水率(利水容量) | 貯水位 | 有効貯水量 | 流入量 | 放流量 | 管理者名
Fukui,福井県,広野ダム,2026-09-10T07:10,294.14,3.04,1.59,,1.318,,,33.0,局名 | 所在地 | 最新観測時刻 | 貯水率(利水容量) | 貯水位 | 有効貯水量 | 流入量 | 放流量 | 管理者名
Fukui,福井県,桝谷ダム,2026-09-10T07:20,299.1,0.31,0.12,,3.474,,,17.4,局名 | 所在地 | 最新観測時刻 | 貯水率(利水容量) | 貯水位 | 有効貯水量 | 流入量 | 放流量 | 管理者名
Fukui,福井県,永平寺ダム,2026-09-10T07:20,319.99,0.61,0.67,,0.447,,,101.59,局名 | 所在地 | 最新観測時刻 | 貯水率(利水容量) | 貯水位 | 有効貯水量 | 流入量 | 放流量 | 管理者名
Fukui,福井県,河内川ダム,2026-09-10T07:20,183.76,1.34,0.31,,2.907,,,62.5,局名 | 所在地 | 最新観測時刻 | 貯水率(利水容量) | 貯水位 | 有効貯水量 | 流入量 | 放流量 | 管理者名
Fukui,福井県,浄土寺川ダム,2026-09-10T07:20,344.57,1.081,1.287,,0.772,,,100.0,局名 | 所在地 | 最新観測時刻 | 貯水率(利水容量) | 貯水位 | 有効貯水量 | 流入量 | 放流量 | 管理者名
Fukui,福井県,真名川ダム,2026-09-10T07:20,335.62,3.52,,,0.01625,,,70.2,局名 | 所在地 | 最新観測時刻 | 貯水率(利水容量) | 貯水位 | 有効貯水量 | 流入量 | 放流量 | 管理者名
Fukui,福井県,笹生川ダム,2026-09-10T07:20,514.71,15.79,3.02,,23.194,,,56.62,局名 | 所在地 | 最新観測時刻 | 貯水率(利水容量) | 貯水位 | 有効貯水量 | 流入量 | 放流量 | 管理者名
Fukui,福井県,開谷ダム,2026-09-10T07:20,121.71,,,,0.078,,,77.2,局名 | 所在地 | 最新観測時刻 | 貯水率(利水容量) | 貯水位 | 有効貯水量 | 流入量 | 放流量 | 管理者名
Fukui,福井県,龍ヶ鼻ダム,2026-09-10T07:20,173.0,4.52,2.99,,4.018,,,85.09,局名 | 所在地 | 最新観測時刻 | 貯水率(利水容量) | 貯水位 | 有効貯水量 | 流入量 | 放流量 | 管理者名
Miyazaki,宮崎県,岩瀬ダム,2026-09-10T07:20,18.79,0.0,,,,,,,河川名 | 局名 | 所在地 | 状態 | 最新観測時刻 | 貯水位 | 流入量 | 全放流量
Miyazaki,宮崎県,広渡ダム,2026-09-10T07:20,8.58,8.65,,,,,,,河川名 | 局名 | 所在地 | 状態 | 最新観測時刻 | 貯水位 | 流入量 | 全放流量
Miyazaki,宮崎県,日南ダム,2026-09-10T07:20,6.38,5.96,,,,,,,河川名 | 局名 | 所在地 | 状態 | 最新観測時刻 | 貯水位 | 流入量 | 全放流量
Miyazaki,宮崎県,松尾ダム,2026-09-10T07:20,21.35,35.3,,,,,,,河川名 | 局名 | 所在地 | 状態 | 最新観測時刻 | 貯水位 | 流入量 | 全放流量
Miyazaki,宮崎県,沖田ダム,2026-09-10T07:20,0.56,0.56,,,,,,,河川名 | 局名 | 所在地 | 状態 | 最新観測時刻 | 貯水位 | 流入量 | 全放流量
Miyazaki,宮崎県,渡川ダム,2026-09-10T07:20,7.22,7.22,,,,,,,河川名 | 局名 | 所在地 | 状態 | 最新観測時刻 | 貯水位 | 流入量 | 全放流量
Miyazaki,宮崎県,瓜田ダム,2026-09-10T07:20,0.16,0.16,,,,,,,河川名 | 局名 | 所在地 | 状態 | 最新観測時刻 | 貯水位 | 流入量 | 全放流量
Miyazaki,宮崎県,田代八重ダム,2026-09-10T07:20,7.26,14.0,,,,,,,河川名 | 局名 | 所在地 | 状態 | 最新観測時刻 | 貯水位 | 流入量 | 全放流量
Miyazaki,宮崎県,祝子ダム,2026-09-10T07:20,4.93,4.58,,,,,,,河川名 | 局名 | 所在地 | 状態 | 最新観測時刻 | 貯水位 | 流入量 | 全放流量
Miyazaki,宮崎県,立花ダム,2026-09-10T07:20,2.83,0.0,,,,,,,河川名 | 局名 | 所在地 | 状態 | 最新観測時刻 | 貯水位 | 流入量 | 全放流量
Miyazaki,宮崎県,綾北ダム,2026-09-10T07:20,15.06,10.94,,,,,,,河川名 | 局名 | 所在地 | 状態 | 最新観測時刻 | 貯水位 | 流入量 | 全放流量
Miyazaki,宮崎県,綾南ダム,2026-09-10T07:20,4.24,9.92,,,,,,,河川名 | 局名 | 所在地 | 状態 | 最新観測時刻 | 貯水位 | 流入量 | 全放流量
Miyazaki,宮崎県,長谷ダム,2026-09-10T07:20,3.78,3.75,,,,,,,河川名 | 局名 | 所在地 | 状態 | 最新観測時刻 | 貯水位 | 流入量 | 全放流量
Nara,奈良県,初瀬ダム,2026-09-10T07:20,220.38,0.7,0.23,,,,,,管理者名 | 河川名 | 局名 | 所在地 | 最新観測時刻 | 貯水位 | 貯水容量 | 空容量 | 全流入量 | 放流量
Nara,奈良県,大門ダム,2026-09-10T07:20,262.67,0.0,0.0,,,,,,管理者名 | 河川名 | 局名 | 所在地 | 最新観測時刻 | 貯水位 | 貯水容量 | 空容量 | 全流入量 | 放流量
Nara,奈良県,天理ダム,2026-09-10T07:20,253.11,0.3,0.13,,,,,,管理者名 | 河川名 | 局名 | 所在地 | 最新観測時刻 | 貯水位 | 貯水容量 | 空容量 | 全流入量 | 放流量
Nara,奈良県,岩井川ダム,2026-09-10T07:20,240.47,0.14,0.07,,,,,,管理者名 | 河川名 | 局名 | 所在地 | 最新観測時刻 | 貯水位 | 貯水容量 | 空容量 | 全流入量 | 放流量
Nara,奈良県,白川ダム,2026-09-10T07:20,111.26,0.21,0.0,,,,,,管理者名 | 河川名 | 局名 | 所在地 | 最新観測時刻 | 貯水位 | 貯水容量 | 空容量 | 全流入量 | 放流量
Niigata,新潟県,三面ダム,2026-09-10T07:10,115.62,3.52,15.41,,,,90.7,,観測所名 | 最新観測時刻 | 平常時最高貯水位(常時満水位)[m] | 貯水位[m] | 洪水時最高水位(サーチャージ水位)[m] | 貯水率[%] | 洪水流入量[m3/s] | 流入量[m3/s] | 計画高水流量[m3/s] | 全放流量[m3/s]
Niigata,新潟県,下条川ダム,2026-09-10T07:20,31.25,110.0,,,,,8.7,,観測所名 | 最新観測時刻 | 平常時最高貯水位(常時満水位)[m] | 貯水位[m] | 洪水時最高水位(サーチャージ水位)[m] | 貯水率[%] | 洪水流入量[m3/s] | 流入量[m3/s] | 計画高水流量[m3/s] | 全放流量[m3/s]
Niigata,新潟県,久知川ダム,2026-09-10T07:10,124.16,0.49,0.7,,,,100.0,,観測所名 | 最新観測時刻 | 平常時最高貯水位(常時満水位)[m] | 貯水位[m] | 洪水時最高水位(サーチャージ水位)[m] | 貯水率[%] | 洪水流入量[m3/s] | 流入量[m3/s] | 計画高水流量[m3/s] | 全放流量[m3/s]
Niigata,新潟県,内の倉ダム,2026-09-10T07:10,147.9,1.96,4.54,,,,41.3,,観測所名 | 最新観測時刻 | 平常時最高貯水位(常時満水位)[m] | 貯水位[m] | 洪水時最高水位(サーチャージ水位)[m] | 貯水率[%] | 洪水流入量[m3/s] | 流入量[m3/s] | 計画高水流量[m3/s] | 全放流量[m3/s]
Niigata,新潟県,刈谷田川ダム,2026-09-10T07:10,239.42,1.98,2.46,,,,100.0,,観測所名 | 最新観測時刻 | 平常時最高貯水位(常時満水位)[m] | 貯水位[m] | 洪水時最高水位(サーチャージ水位)[m] | 貯水率[%] | 洪水流入量[m3/s] | 流入量[m3/s] | 計画高水流量[m3/s] | 全放流量[m3/s]
Niigata,新潟県,加治川治水ダム,2026-09-10T07:10,272.43,4.72,6.81,,,,,,観測所名 | 最新観測時刻 | 平常時最高貯水位(常時満水位)[m] | 貯水位[m] | 洪水時最高水位(サーチャージ水位)[m] | 貯水率[%] | 洪水流入量[m3/s] | 流入量[m3/s] | 計画高水流量[m3/s] | 全放流量[m3/s]
Niigata,新潟県,城川ダム,2026-09-10T07:10,271.65,0.51,0.54,,,,100.0,,観測所名 | 最新観測時刻 | 平常時最高貯水位(常時満水位)[m] | 貯水位[m] | 洪水時最高水位(サーチャージ水位)[m] | 貯水率[%] | 洪水流入量[m3/s] | 流入量[m3/s] | 計画高水流量[m3/s] | 全放流量[m3/s]
Niigata,新潟県,大谷ダム,2026-09-10T07:20,191.83,0.98,2.37,,,,100.0,,観測所名 | 最新観測時刻 | 平常時最高貯水位(常時満水位)[m] | 貯水位[m] | 洪水時最高水位(サーチャージ水位)[m] | 貯水率[%] | 洪水流入量[m3/s] | 流入量[m3/s] | 計画高水流量[m3/s] | 全放流量[m3/s]
Niigata,新潟県,大野川ダム,2026-09-10T07:10,143.17,0.49,0.49,,,,100.0,,観測所名 | 最新観測時刻 | 平常時最高貯水位(常時満水位)[m] | 貯水位[m] | 洪水時最高水位(サーチャージ水位)[m] | 貯水率[%] | 洪水流入量[m3/s] | 流入量[m3/s] | 計画高水流量[m3/s] | 全放流量[m3/s]
Niigata,新潟県,奥三面ダム,2026-09-10T07:10,211.58,7.87,0.72,,,,79.8,,観測所名 | 最新観測時刻 | 平常時最高貯水位(常時満水位)[m] | 貯水位[m] | 洪水時最高水位(サーチャージ水位)[m] | 貯水率[%] | 洪水流入量[m3/s] | 流入量[m3/s] | 計画高水流量[m3/s] | 全放流量[m3/s]
Niigata,新潟県,奥胎内ダム,2026-09-10T07:10,384.0,2.63,2.72,,,,,,観測所名 | 最新観測時刻 | 平常時最高貯水位(常時満水位)[m] | 貯水位[m] | 洪水時最高水位(サーチャージ水位)[m] | 貯水率[%] | 洪水流入量[m3/s] | 流入量[m3/s] | 計画高水流量[m3/s] | 全放流量[m3/s]
Niigata,新潟県,広神ダム,2026-09-10T07:20,214.5,3.5,4.23,,,,100.0,,観測所名 | 最新観測時刻 | 平常時最高貯水位(常時満水位)[m] | 貯水位[m] | 洪水時最高水位(サーチャージ水位)[m] | 貯水率[%] | 洪水流入量[m3/s] | 流入量[m3/s] | 計画高水流量[m3/s] | 全放流量[m3/s]
Niigata,新潟県,新保川ダム,2026-09-10T07:10,160.49,0.5,0.58,,,,100.0,,観測所名 | 最新観測時刻 | 平常時最高貯水位(常時満水位)[m] | 貯水位[m] | 洪水時最高水位(サーチャージ水位)[m] | 貯水率[%] | 洪水流入量[m3/s] | 流入量[m3/s] | 計画高水流量[m3/s] | 全放流量[m3/s]
Niigata,新潟県,早出川ダム,2026-09-10T07:10,164.26,5.86,5.87,,,,83.3,,観測所名 | 最新観測時刻 | 平常時最高貯水位(常時満水位)[m] | 貯水位[m] | 洪水時最高水位(サーチャージ水位)[m] | 貯水率[%] | 洪水流入量[m3/s] | 流入量[m3/s] | 計画高水流量[m3/s] | 全放流量[m3/s]
Niigata,新潟県,柿崎川ダム,2026-09-10T07:10,120.97,0.96,0.96,,,,100.0,,観測所名 | 最新観測時刻 | 平常時最高貯水位(常時満水位)[m] | 貯水位[m] | 洪水時最高水位(サーチャージ水位)[m] | 貯水率[%] | 洪水流入量[m3/s] | 流入量[m3/s] | 計画高水流量[m3/s] | 全放流量[m3/s]
Niigata,新潟県,正善寺ダム,2026-09-10T07:10,85.85,0.93,0.19,,,,80.1,,観測所名 | 最新観測時刻 | 平常時最高貯水位(常時満水位)[m] | 貯水位[m] | 洪水時最高水位(サーチャージ水位)[m] | 貯水率[%] | 洪水流入量[m3/s] | 流入量[m3/s] | 計画高水流量[m3/s] | 全放流量[m3/s]
Niigata,新潟県,破間川ダム,2026-09-10T07:20,431.22,7.54,7.11,,,,100.0,,観測所名 | 最新観測時刻 | 平常時最高貯水位(常時満水位)[m] | 貯水位[m] | 洪水時最高水位(サーチャージ水位)[m] | 貯水率[%] | 洪水流入量[m3/s] | 流入量[m3/s] | 計画高水流量[m3/s] | 全放流量[m3/s]
Niigata,新潟県,笠堀ダム,2026-09-10T07:20,192.49,8.09,7.9,,,,84.5,,観測所名 | 最新観測時刻 | 平常時最高貯水位(常時満水位)[m] | 貯水位[m] | 洪水時最高水位(サーチャージ水位)[m] | 貯水率[%] | 洪水流入量[m3/s] | 流入量[m3/s] | 計画高水流量[m3/s] | 全放流量[m3/s]
Niigata,新潟県,胎内川ダム,2026-09-10T07:10,287.57,6.87,10.22,,,,94.9,,観測所名 | 最新観測時刻 | 平常時最高貯水位(常時満水位)[m] | 貯水位[m] | 洪水時最高水位(サーチャージ水位)[m] | 貯水率[%] | 洪水流入量[m3/s] | 流入量[m3/s] | 計画高水流量[m3/s] | 全放流量[m3/s]
Niigata,新潟県,鯖石川ダム,2026-09-10T07:10,134.86,10.06,7.02,,,,95.6,,観測所名 | 最新観測時刻 | 平常時最高貯水位(常時満水位)[m] | 貯水位[m] | 洪水時最高水位(サーチャージ水位)[m] | 貯水率[%] | 洪水流入量[m3/s] | 流入量[m3/s] | 計画高水流量[m3/s] | 全放流量[m3/s]
Oita,大分県,北川ダム,2026-09-10T07:20,149.89,12.47,,0.0437,,,22.25,,管理者名 | 河川名 | 局名 | 所在地 | 最新観測時刻 | 貯水位 | 流入量 | 貯水量 | 貯水率 | 放流量
Oita,大分県,安岐ダム,2026-09-10T07:20,153.77,0.72,0.3,0.611,,,100.0,,管理者名 | 河川名 | 局名 | 所在地 | 最新観測時刻 | 貯水位 | 流入量 | 貯水量 | 貯水率 | 放流量
Oita,大分県,床木ダム,2026-09-10T07:20,88.77,0.57,0.59,0.913,,,100.0,,管理者名 | 河川名 | 局名 | 所在地 | 最新観測時刻 | 貯水位 | 流入量 | 貯水量 | 貯水率 | 放流量
Oita,大分県,玉来ダム,2026-09-10T07:20,350.76,5.38,,0.0001,,,5.38,,管理者名 | 河川名 | 局名 | 所在地 | 最新観測時刻 | 貯水位 | 流入量 | 貯水量 | 貯水率 | 放流量
Oita,大分県,稲葉ダム,2026-09-10T07:20,437.84,2.18,,0.1012,,,2.464,,管理者名 | 河川名 | 局名 | 所在地 | 最新観測時刻 | 貯水位 | 流入量 | 貯水量 | 貯水率 | 放流量
Oita,大分県,芹川ダム,2026-09-10T07:20,328.55,4.14,,0.0555,,,2.9,,管理者名 | 河川名 | 局名 | 所在地 | 最新観測時刻 | 貯水位 | 流入量 | 貯水量 | 貯水率 | 放流量
Oita,大分県,行入ダム,2026-09-10T07:20,122.88,0.02,0.1,0.501,,,50.1,,管理者名 | 河川名 | 局名 | 所在地 | 最新観測時刻 | 貯水位 | 流入量 | 貯水量 | 貯水率 | 放流量
Oita,大分県,野津ダム,2026-09-10T07:20,238.09,0.09,,0.1008,,,0.09,,管理者名 | 河川名 | 局名 | 所在地 | 最新観測時刻 | 貯水位 | 流入量 | 貯水量 | 貯水率 | 放流量
Oita,大分県,青江ダム,2026-09-10T07:20,64.18,0.125,0.117,0.46,,,100.0,,管理者名 | 河川名 | 局名 | 所在地 | 最新観測時刻 | 貯水位 | 流入量 | 貯水量 | 貯水率 | 放流量
Oita,大分県,黒沢ダム,2026-09-10T07:20,95.47,0.85,0.83,1.159,,,100.0,,管理者名 | 河川名 | 局名 | 所在地 | 最新観測時刻 | 貯水位 | 流入量 | 貯水量 | 貯水率 | 放流量
Tokushima,徳島県,宮川内ダム,2026-09-10T07:10,127.7,0.97,0.95,,,0.452,58.7,,管理者名 | 河川名 | 局名 | 所在地 | 最新観測時刻 | 貯水位 | 総貯水量 | 全流入量 | 全放流量 | 貯水率
Tokushima,徳島県,川口ダム,2026-09-10T07:10,94.06,181.0,,,,0.191,,,管理者名 | 河川名 | 局名 | 所在地 | 最新観測時刻 | 貯水位 | 総貯水量 | 全流入量 | 全放流量 | 貯水率
Tokushima,徳島県,棚野ダム,2026-09-10T07:10,29.9,,,,,,,,管理者名 | 河川名 | 局名 | 所在地 | 最新観測時刻 | 貯水位 | 総貯水量 | 全流入量 | 全放流量 | 貯水率
Tokushima,徳島県,正木ダム,2026-09-10T07:10,166.23,26.8,26.7,,,5.008,66.06,,管理者名 | 河川名 | 局名 | 所在地 | 最新観測時刻 | 貯水位 | 総貯水量 | 全流入量 | 全放流量 | 貯水率
Tokushima,徳島県,池田ダム,2026-09-10T07:10,88.52,65.04,,,,0.06491,,,管理者名 | 河川名 | 局名 | 所在地 | 最新観測時刻 | 貯水位 | 総貯水量 | 全流入量 | 全放流量 | 貯水率
Tokushima,徳島県,福井ダム,2026-09-10T07:10,44.23,2.47,3.66,,,1.42,100.0,,管理者名 | 河川名 | 局名 | 所在地 | 最新観測時刻 | 貯水位 | 総貯水量 | 全流入量 | 全放流量 | 貯水率
Tokushima,徳島県,長安口ダム,2026-09-10T07:10,220.89,140.68,,,,0.12967,,,管理者名 | 河川名 | 局名 | 所在地 | 最新観測時刻 | 貯水位 | 総貯水量 | 全流入量 | 全放流量 | 貯水率
Yamagata,山形県,前川ダム,2026-09-10T07:20,257.31,0.1,0.1,1.531,,,90.1,,管理者名 | 河川名 | 局名 | 所在地 | 最新観測時刻 | 流入量 | 全放流量 | 貯水位 | 貯水量 | 貯水率
Yamagata,山形県,寒河江ダム,2026-09-10T07:20,385.68,15.02,1.28,52.099,,,94.1,,管理者名 | 河川名 | 局名 | 所在地 | 最新観測時刻 | 流入量 | 全放流量 | 貯水位 | 貯水量 | 貯水率
Yamagata,山形県,最上小国川流水型ダム,2026-09-10T07:20,277.2,5.9,5.84,0.002,,,0.0,,管理者名 | 河川名 | 局名 | 所在地 | 最新観測時刻 | 流入量 | 全放流量 | 貯水位 | 貯水量 | 貯水率
Yamagata,山形県,月光川ダム,2026-09-10T07:20,169.4,5.3,5.3,0.008,,,0.2,,管理者名 | 河川名 | 局名 | 所在地 | 最新観測時刻 | 流入量 | 全放流量 | 貯水位 | 貯水量 | 貯水率
Yamagata,山形県,月山ダム,2026-09-10T07:20,236.91,5.0,4.0,16.44,,,91.7,,管理者名 | 河川名 | 局名 | 所在地 | 最新観測時刻 | 流入量 | 全放流量 | 貯水位 | 貯水量 | 貯水率
Yamagata,山形県,木地山ダム,2026-09-10T07:20,470.53,6.27,6.9,1.086,,,20.5,,管理者名 | 河川名 | 局名 | 所在地 | 最新観測時刻 | 流入量 | 全放流量 | 貯水位 | 貯水量 | 貯水率
Yamagata,山形県,温海川ダム,2026-09-10T07:20,142.45,1.98,2.06,0.438,,,98.4,,管理者名 | 河川名 | 局名 | 所在地 | 最新観測時刻 | 流入量 | 全放流量 | 貯水位 | 貯水量 | 貯水率
Yamagata,山形県,田沢川ダム,2026-09-10T07:20,127.28,1.12,1.15,4.023,,,81.3,,管理者名 | 河川名 | 局名 | 所在地 | 最新観測時刻 | 流入量 | 全放流量 | 貯水位 | 貯水量 | 貯水率
Yamagata,山形県,留山川ダム,2026-09-10T07:20,300.26,0.57,0.63,0.356,,,100.0,,管理者名 | 河川名 | 局名 | 所在地 | 最新観測時刻 | 流入量 | 全放流量 | 貯水位 | 貯水量 | 貯水率
Yamagata,山形県,白川ダム,2026-09-10T07:20,319.74,19.44,22.42,6.727,,,68.0,,管理者名 | 河川名 | 局名 | 所在地 | 最新観測時刻 | 流入量 | 全放流量 | 貯水位 | 貯水量 | 貯水率
Yamagata,山形県,白水川ダム,2026-09-10T07:20,357.58,0.45,0.45,2.517,,,96.8,,管理者名 | 河川名 | 局名 | 所在地 | 最新観測時刻 | 流入量 | 全放流量 | 貯水位 | 貯水量 | 貯水率
Yamagata,山形県,神室ダム,2026-09-10T07:20,381.21,1.0,1.0,2.54,,,77.6,,管理者名 | 河川名 | 局名 | 所在地 | 最新観測時刻 | 流入量 | 全放流量 | 貯水位 | 貯水量 | 貯水率
Yamagata,山形県,綱木川ダム,2026-09-10T07:20,456.48,4.01,3.7,3.628,,,100.0,,管理者名 | 河川名 | 局名 | 所在地 | 最新観測時刻 | 流入量 | 全放流量 | 貯水位 | 貯水量 | 貯水率
Yamagata,山形県,荒沢ダム,2026-09-10T07:20,237.38,14.97,13.65,5.765,,,33.4,,管理者名 | 河川名 | 局名 | 所在地 | 最新観測時刻 | 流入量 | 全放流量 | 貯水位 | 貯水量 | 貯水率
Yamagata,山形県,蔵王ダム,2026-09-10T07:10,592.63,2.91,2.5,1.836,,,86.6,,管理者名 | 河川名 | 局名 | 所在地 | 最新観測時刻 | 流入量 | 全放流量 | 貯水位 | 貯水量 | 貯水率
Yamagata,山形県,長井ダム,2026-09-10T07:20,365.73,9.71,11.59,20.776,,,94.1,,管理者名 | 河川名 | 局名 | 所在地 | 最新観測時刻 | 流入量 | 全放流量 | 貯水位 | 貯水量 | 貯水率
Yamagata,山形県,高坂ダム,2026-09-10T07:20,182.09,7.41,11.34,0.677,,,20.5,,管理者名 | 河川名 | 局名 | 所在地 | 最新観測時刻 | 流入量 | 全放流量 | 貯水位 | 貯水量 | 貯水率
Aomori,青森県,下湯ダム,2026-09-10T09:20,263.73,1.65,1.66,,,,,,管理者名 | 河川名 | 局名 | 所在地 | 最新観測時刻 | 流入量 | 全放流量 | 貯水位 | 平常時最高水位 | 洪水貯留準備水位 | 洪水量(※)
Aomori,青森県,世増ダム,2026-09-10T09:20,94.81,9.5,10.34,,,,,,管理者名 | 河川名 | 局名 | 所在地 | 最新観測時刻 | 流入量 | 全放流量 | 貯水位 | 平常時最高水位 | 洪水貯留準備水位 | 洪水量(※)
Aomori,青森県,久吉ダム,2026-09-10T09:20,276.7,0.36,0.94,,,,,,管理者名 | 河川名 | 局名 | 所在地 | 最新観測時刻 | 流入量 | 全放流量 | 貯水位 | 平常時最高水位 | 洪水貯留準備水位 | 洪水量(※)
Aomori,青森県,小泊ダム,2026-09-10T09:20,67.61,0.05,0.05,,,,,,管理者名 | 河川名 | 局名 | 所在地 | 最新観測時刻 | 流入量 | 全放流量 | 貯水位 | 平常時最高水位 | 洪水貯留準備水位 | 洪水量(※)
Aomori,青森県,川内ダム,2026-09-10T09:20,178.81,1.73,1.73,,,,,,管理者名 | 河川名 | 局名 | 所在地 | 最新観測時刻 | 流入量 | 全放流量 | 貯水位 | 平常時最高水位 | 洪水貯留準備水位 | 洪水量(※)
Aomori,青森県,津軽ダム,2026-09-10T09:20,196.56,5.26,14.63,,,,,,管理者名 | 河川名 | 局名 | 所在地 | 最新観測時刻 | 流入量 | 全放流量 | 貯水位 | 平常時最高水位 | 洪水貯留準備水位 | 洪水量(※)
Aomori,青森県,浅瀬石川ダム,2026-09-10T09:20,184.9,11.97,12.0,,,,,,管理者名 | 河川名 | 局名 | 所在地 | 最新観測時刻 | 流入量 | 全放流量 | 貯水位 | 平常時最高水位 | 洪水貯留準備水位 | 洪水量(※)
Aomori,青森県,浅虫ダム,2026-09-10T09:20,13.99,0.05,0.05,,,,,,管理者名 | 河川名 | 局名 | 所在地 | 最新観測時刻 | 流入量 | 全放流量 | 貯水位 | 平常時最高水位 | 洪水貯留準備水位 | 洪水量(※)
Aomori,青森県,清水目ダム,2026-09-10T09:20,108.08,0.6,0.6,,,,,,管理者名 | 河川名 | 局名 | 所在地 | 最新観測時刻 | 流入量 | 全放流量 | 貯水位 | 平常時最高水位 | 洪水貯留準備水位 | 洪水量(※)
Aomori,青森県,飯詰ダム,2026-09-10T09:20,70.51,0.31,0.31,,,,,,管理者名 | 河川名 | 局名 | 所在地 | 最新観測時刻 | 流入量 | 全放流量 | 貯水位 | 平常時最高水位 | 洪水貯留準備水位 | 洪水量(※)
Fukui,福井県,九頭竜ダム,2026-09-10T09:20,540.89,0.01,,,0.04607,,,30.7,局名 | 所在地 | 最新観測時刻 | 貯水率(利水容量) | 貯水位 | 有効貯水量 | 流入量 | 放流量 | 管理者名
Fukui,福井県,二ツ屋ダム,2026-09-10T09:20,349.78,2.56,2.56,,0.215,,,101.3,局名 | 所在地 | 最新観測時刻 | 貯水率(利水容量) | 貯水位 | 有効貯水量 | 流入量 | 放流量 | 管理者名
Fukui,福井県,吉野瀬川ダム,2026-09-10T09:20,100.43,1.44,2.21,,1.31,,,100.0,局名 | 所在地 | 最新観測時刻 | 貯水率(利水容量) | 貯水位 | 有効貯水量 | 流入量 | 放流量 | 管理者名
Fukui,福井県,大津呂ダム,2026-09-10T09:20,83.93,0.12,0.02,,0.108,,,40.0,局名 | 所在地 | 最新観測時刻 | 貯水率(利水容量) | 貯水位 | 有効貯水量 | 流入量 | 放流量 | 管理者名
Fukui,福井県,広野ダム,2026-09-10T09:20,294.19,2.9,1.59,,1.329,,,33.3,局名 | 所在地 | 最新観測時刻 | 貯水率(利水容量) | 貯水位 | 有効貯水量 | 流入量 | 放流量 | 管理者名
Fukui,福井県,桝谷ダム,2026-09-10T09:20,299.12,0.57,0.12,,3.479,,,17.4,局名 | 所在地 | 最新観測時刻 | 貯水率(利水容量) | 貯水位 | 有効貯水量 | 流入量 | 放流量 | 管理者名
Fukui,福井県,永平寺ダム,2026-09-10T09:20,319.97,0.54,0.61,,0.446,,,101.36,局名 | 所在地 | 最新観測時刻 | 貯水率(利水容量) | 貯水位 | 有効貯水量 | 流入量 | 放流量 | 管理者名
Fukui,福井県,河内川ダム,2026-09-10T09:20,183.79,1.26,0.31,,2.914,,,62.6,局名 | 所在地 | 最新観測時刻 | 貯水率(利水容量) | 貯水位 | 有効貯水量 | 流入量 | 放流量 | 管理者名
Fukui,福井県,浄土寺川ダム,2026-09-10T09:20,344.55,1.081,1.264,,0.771,,,100.0,局名 | 所在地 | 最新観測時刻 | 貯水率(利水容量) | 貯水位 | 有効貯水量 | 流入量 | 放流量 | 管理者名
Fukui,福井県,真名川ダム,2026-09-10T09:20,335.7,3.51,,,0.01399,,,71.5,局名 | 所在地 | 最新観測時刻 | 貯水率(利水容量) | 貯水位 | 有効貯水量 | 流入量 | 放流量 | 管理者名
Fukui,福井県,笹生川ダム,2026-09-10T09:20,514.76,12.81,3.02,,23.27,,,56.81,局名 | 所在地 | 最新観測時刻 | 貯水率(利水容量) | 貯水位 | 有効貯水量 | 流入量 | 放流量 | 管理者名
Fukui,福井県,開谷ダム,2026-09-10T09:20,121.69,,,,0.077,,,76.2,局名 | 所在地 | 最新観測時刻 | 貯水率(利水容量) | 貯水位 | 有効貯水量 | 流入量 | 放流量 | 管理者名
Fukui,福井県,龍ヶ鼻ダム,2026-09-10T09:20,173.04,4.55,3.03,,4.029,,,85.32,局名 | 所在地 | 最新観測時刻 | 貯水率(利水容量) | 貯水位 | 有効貯水量 | 流入量 | 放流量 | 管理者名
Miyazaki,宮崎県,岩瀬ダム,2026-09-10T09:20,12.17,0.0,,,,,,,河川名 | 局名 | 所在地 | 状態 | 最新観測時刻 | 貯水位 | 流入量 | 全放流量
Miyazaki,宮崎県,広渡ダム,2026-09-10T09:20,8.47,8.52,,,,,,,河川名 | 局名 | 所在地 | 状態 | 最新観測時刻 | 貯水位 | 流入量 | 全放流量
Miyazaki,宮崎県,日南ダム,2026-09-10T09:20,5.97,5.96,,,,,,,河川名 | 局名 | 所在地 | 状態 | 最新観測時刻 | 貯水位 | 流入量 | 全放流量
Miyazaki,宮崎県,松尾ダム,2026-09-10T09:20,18.99,35.32,,,,,,,河川名 | 局名 | 所在地 | 状態 | 最新観測時刻 | 貯水位 | 流入量 | 全放流量
Miyazaki,宮崎県,沖田ダム,2026-09-10T09:20,0.54,0.52,,,,,,,河川名 | 局名 | 所在地 | 状態 | 最新観測時刻 | 貯水位 | 流入量 | 全放流量
Miyazaki,宮崎県,渡川ダム,2026-09-10T09:20,7.22,7.22,,,,,,,河川名 | 局名 | 所在地 | 状態 | 最新観測時刻 | 貯水位 | 流入量 | 全放流量
Miyazaki,宮崎県,瓜田ダム,2026-09-10T09:20,0.07,0.14,,,,,,,河川名 | 局名 | 所在地 | 状態 | 最新観測時刻 | 貯水位 | 流入量 | 全放流量
Miyazaki,宮崎県,田代八重ダム,2026-09-10T09:20,6.65,14.0,,,,,,,河川名 | 局名 | 所在地 | 状態 | 最新観測時刻 | 貯水位 | 流入量 | 全放流量
Miyazaki,宮崎県,祝子ダム,2026-09-10T09:20,4.86,4.53,,,,,,,河川名 | 局名 | 所在地 | 状態 | 最新観測時刻 | 貯水位 | 流入量 | 全放流量
Miyazaki,宮崎県,立花ダム,2026-09-10T09:20,3.4,0.0,,,,,,,河川名 | 局名 | 所在地 | 状態 | 最新観測時刻 | 貯水位 | 流入量 | 全放流量
Miyazaki,宮崎県,綾北ダム,2026-09-10T09:20,14.72,10.93,,,,,,,河川名 | 局名 | 所在地 | 状態 | 最新観測時刻 | 貯水位 | 流入量 | 全放流量
Miyazaki,宮崎県,綾南ダム,2026-09-10T09:20,4.87,10.04,,,,,,,河川名 | 局名 | 所在地 | 状態 | 最新観測時刻 | 貯水位 | 流入量 | 全放流量
Miyazaki,宮崎県,長谷ダム,2026-09-10T09:20,3.78,3.75,,,,,,,河川名 | 局名 | 所在地 | 状態 | 最新観測時刻 | 貯水位 | 流入量 | 全放流量
Nara,奈良県,初瀬ダム,2026-09-10T09:20,220.4,0.65,0.23,,,,,,管理者名 | 河川名 | 局名 | 所在地 | 最新観測時刻 | 貯水位 | 貯水容量 | 空容量 | 全流入量 | 放流量
Nara,奈良県,大門ダム,2026-09-10T09:20,262.67,0.0,0.0,,,,,,管理者名 | 河川名 | 局名 | 所在地 | 最新観測時刻 | 貯水位 | 貯水容量 | 空容量 | 全流入量 | 放流量
Nara,奈良県,天理ダム,2026-09-10T09:20,253.12,0.21,0.21,,,,,,管理者名 | 河川名 | 局名 | 所在地 | 最新観測時刻 | 貯水位 | 貯水容量 | 空容量 | 全流入量 | 放流量
Nara,奈良県,岩井川ダム,2026-09-10T09:20,240.49,0.14,0.07,,,,,,管理者名 | 河川名 | 局名 | 所在地 | 最新観測時刻 | 貯水位 | 貯水容量 | 空容量 | 全流入量 | 放流量
Nara,奈良県,白川ダム,2026-09-10T09:20,111.26,0.0,0.0,,,,,,管理者名 | 河川名 | 局名 | 所在地 | 最新観測時刻 | 貯水位 | 貯水容量 | 空容量 | 全流入量 | 放流量
Niigata,新潟県,三面ダム,2026-09-10T09:10,115.56,3.12,15.53,,,,90.3,,観測所名 | 最新観測時刻 | 平常時最高貯水位(常時満水位)[m] | 貯水位[m] | 洪水時最高水位(サーチャージ水位)[m] | 貯水率[%] | 洪水流入量[m3/s] | 流入量[m3/s] | 計画高水流量[m3/s] | 全放流量[m3/s]
Niigata,新潟県,下条川ダム,2026-09-10T09:20,31.23,110.0,,,,,8.7,,観測所名 | 最新観測時刻 | 平常時最高貯水位(常時満水位)[m] | 貯水位[m] | 洪水時最高水位(サーチャージ水位)[m] | 貯水率[%] | 洪水流入量[m3/s] | 流入量[m3/s] | 計画高水流量[m3/s] | 全放流量[m3/s]
Niigata,新潟県,久知川ダム,2026-09-10T09:20,124.13,0.45,0.59,,,,100.0,,観測所名 | 最新観測時刻 | 平常時最高貯水位(常時満水位)[m] | 貯水位[m] | 洪水時最高水位(サーチャージ水位)[m] | 貯水率[%] | 洪水流入量[m3/s] | 流入量[m3/s] | 計画高水流量[m3/s] | 全放流量[m3/s]
Niigata,新潟県,内の倉ダム,2026-09-10T09:20,147.89,2.92,4.52,,,,41.2,,観測所名 | 最新観測時刻 | 平常時最高貯水位(常時満水位)[m] | 貯水位[m] | 洪水時最高水位(サーチャージ水位)[m] | 貯水率[%] | 洪水流入量[m3/s] | 流入量[m3/s] | 計画高水流量[m3/s] | 全放流量[m3/s]
Niigata,新潟県,刈谷田川ダム,2026-09-10T09:20,239.37,2.05,1.9,,,,99.1,,観測所名 | 最新観測時刻 | 平常時最高貯水位(常時満水位)[m] | 貯水位[m] | 洪水時最高水位(サーチャージ水位)[m] | 貯水率[%] | 洪水流入量[m3/s] | 流入量[m3/s] | 計画高水流量[m3/s] | 全放流量[m3/s]
Niigata,新潟県,加治川治水ダム,2026-09-10T09:20,272.3,4.5,6.8,,,,,,観測所名 | 最新観測時刻 | 平常時最高貯水位(常時満水位)[m] | 貯水位[m] | 洪水時最高水位(サーチャージ水位)[m] | 貯水率[%] | 洪水流入量[m3/s] | 流入量[m3/s] | 計画高水流量[m3/s] | 全放流量[m3/s]
Niigata,新潟県,城川ダム,2026-09-10T09:20,271.63,0.47,0.48,,,,100.0,,観測所名 | 最新観測時刻 | 平常時最高貯水位(常時満水位)[m] | 貯水位[m] | 洪水時最高水位(サーチャージ水位)[m] | 貯水率[%] | 洪水流入量[m3/s] | 流入量[m3/s] | 計画高水流量[m3/s] | 全放流量[m3/s]
Niigata,新潟県,大谷ダム,2026-09-10T09:20,191.82,1.15,2.31,,,,100.0,,観測所名 | 最新観測時刻 | 平常時最高貯水位(常時満水位)[m] | 貯水位[m] | 洪水時最高水位(サーチャージ水位)[m] | 貯水率[%] | 洪水流入量[m3/s] | 流入量[m3/s] | 計画高水流量[m3/s] | 全放流量[m3/s]
Niigata,新潟県,大野川ダム,2026-09-10T09:20,143.16,0.43,0.6,,,,100.0,,観測所名 | 最新観測時刻 | 平常時最高貯水位(常時満水位)[m] | 貯水位[m] | 洪水時最高水位(サーチャージ水位)[m] | 貯水率[%] | 洪水流入量[m3/s] | 流入量[m3/s] | 計画高水流量[m3/s] | 全放流量[m3/s]
Niigata,新潟県,奥三面ダム,2026-09-10T09:10,211.61,7.87,0.72,,,,79.9,,観測所名 | 最新観測時刻 | 平常時最高貯水位(常時満水位)[m] | 貯水位[m] | 洪水時最高水位(サーチャージ水位)[m] | 貯水率[%] | 洪水流入量[m3/s] | 流入量[m3/s] | 計画高水流量[m3/s] | 全放流量[m3/s]
Niigata,新潟県,奥胎内ダム,2026-09-10T09:20,384.0,2.59,2.66,,,,,,観測所名 | 最新観測時刻 | 平常時最高貯水位(常時満水位)[m] | 貯水位[m] | 洪水時最高水位(サーチャージ水位)[m] | 貯水率[%] | 洪水流入量[m3/s] | 流入量[m3/s] | 計画高水流量[m3/s] | 全放流量[m3/s]
Niigata,新潟県,広神ダム,2026-09-10T09:20,214.47,3.34,4.11,,,,100.0,,観測所名 | 最新観測時刻 | 平常時最高貯水位(常時満水位)[m] | 貯水位[m] | 洪水時最高水位(サーチャージ水位)[m] | 貯水率[%] | 洪水流入量[m3/s] | 流入量[m3/s] | 計画高水流量[m3/s] | 全放流量[m3/s]
Niigata,新潟県,新保川ダム,2026-09-10T09:20,160.48,0.46,0.54,,,,100.0,,観測所名 | 最新観測時刻 | 平常時最高貯水位(常時満水位)[m] | 貯水位[m] | 洪水時最高水位(サーチャージ水位)[m] | 貯水率[%] | 洪水流入量[m3/s] | 流入量[m3/s] | 計画高水流量[m3/s] | 全放流量[m3/s]
Niigata,新潟県,早出川ダム,2026-09-10T09:20,164.24,4.53,5.88,,,,83.0,,観測所名 | 最新観測時刻 | 平常時最高貯水位(常時満水位)[m] | 貯水位[m] | 洪水時最高水位(サーチャージ水位)[m] | 貯水率[%] | 洪水流入量[m3/s] | 流入量[m3/s] | 計画高水流量[m3/s] | 全放流量[m3/s]
Niigata,新潟県,柿崎川ダム,2026-09-10T09:20,120.97,0.96,0.96,,,,100.0,,観測所名 | 最新観測時刻 | 平常時最高貯水位(常時満水位)[m] | 貯水位[m] | 洪水時最高水位(サーチャージ水位)[m] | 貯水率[%] | 洪水流入量[m3/s] | 流入量[m3/s] | 計画高水流量[m3/s] | 全放流量[m3/s]
Niigata,新潟県,正善寺ダム,2026-09-10T09:20,85.87,0.88,0.28,,,,80.3,,観測所名 | 最新観測時刻 | 平常時最高貯水位(常時満水位)[m] | 貯水位[m] | 洪水時最高水位(サーチャージ水位)[m] | 貯水率[%] | 洪水流入量[m3/s] | 流入量[m3/s] | 計画高水流量[m3/s] | 全放流量[m3/s]
Niigata,新潟県,破間川ダム,2026-09-10T09:20,431.22,7.09,7.09,,,,100.0,,観測所名 | 最新観測時刻 | 平常時最高貯水位(常時満水位)[m] | 貯水位[m] | 洪水時最高水位(サーチャージ水位)[m] | 貯水率[%] | 洪水流入量[m3/s] | 流入量[m3/s] | 計画高水流量[m3/s] | 全放流量[m3/s]
Niigata,新潟県,笠堀ダム,2026-09-10T09:20,192.5,9.0,7.88,,,,84.6,,観測所名 | 最新観測時刻 | 平常時最高貯水位(常時満水位)[m] | 貯水位[m] | 洪水時最高水位(サーチャージ水位)[m] | 貯水率[%] | 洪水流入量[m3/s] | 流入量[m3/s] | 計画高水流量[m3/s] | 全放流量[m3/s]
Niigata,新潟県,胎内川ダム,2026-09-10T09:20,287.51,7.2,10.21,,,,94.2,,観測所名 | 最新観測時刻 | 平常時最高貯水位(常時満水位)[m] | 貯水位[m] | 洪水時最高水位(サーチャージ水位)[m] | 貯水率[%] | 洪水流入量[m3/s] | 流入量[m3/s] | 計画高水流量[m3/s] | 全放流量[m3/s]
Niigata,新潟県,鯖石川ダム,2026-09-10T09:20,134.85,7.27,7.02,,,,94.9,,観測所名 | 最新観測時刻 | 平常時最高貯水位(常時満水位)[m] | 貯水位[m] | 洪水時最高水位(サーチャージ水位)[m] | 貯水率[%] | 洪水流入量[m3/s] | 流入量[m3/s] | 計画高水流量[m3/s] | 全放流量[m3/s]
Oita,大分県,北川ダム,2026-09-10T09:20,149.83,9.86,,0.0434,,,19.02,,管理者名 | 河川名 | 局名 | 所在地 | 最新観測時刻 | 貯水位 | 流入量 | 貯水量 | 貯水率 | 放流量
Oita,大分県,安岐ダム,2026-09-10T09:20,153.78,0.72,0.33,0.612,,,100.0,,管理者名 | 河川名 | 局名 | 所在地 | 最新観測時刻 | 貯水位 | 流入量 | 貯水量 | 貯水率 | 放流量
Oita,大分県,床木ダム,2026-09-10T09:20,88.76,0.54,0.56,0.912,,,100.0,,管理者名 | 河川名 | 局名 | 所在地 | 最新観測時刻 | 貯水位 | 流入量 | 貯水量 | 貯水率 | 放流量
Oita,大分県,玉来ダム,2026-09-10T09:20,350.76,5.38,,0.0001,,,5.38,,管理者名 | 河川名 | 局名 | 所在地 | 最新観測時刻 | 貯水位 | 流入量 | 貯水量 | 貯水率 | 放流量
Oita,大分県,稲葉ダム,2026-09-10T09:20,437.84,2.18,,0.1012,,,2.456,,管理者名 | 河川名 | 局名 | 所在地 | 最新観測時刻 | 貯水位 | 流入量 | 貯水量 | 貯水率 | 放流量
Oita,大分県,芹川ダム,2026-09-10T09:20,328.56,4.22,,0.0555,,,2.9,,管理者名 | 河川名 | 局名 | 所在地 | 最新観測時刻 | 貯水位 | 流入量 | 貯水量 | 貯水率 | 放流量
Oita,大分県,行入ダム,2026-09-10T09:20,122.87,0.01,0.1,0.5,,,49.9,,管理者名 | 河川名 | 局名 | 所在地 | 最新観測時刻 | 貯水位 | 流入量 | 貯水量 | 貯水率 | 放流量
Oita,大分県,野津ダム,2026-09-10T09:20,238.09,0.09,,0.1008,,,0.09,,管理者名 | 河川名 | 局名 | 所在地 | 最新観測時刻 | 貯水位 | 流入量 | 貯水量 | 貯水率 | 放流量
Oita,大分県,青江ダム,2026-09-10T09:20,64.18,0.125,0.117,0.46,,,100.0,,管理者名 | 河川名 | 局名 | 所在地 | 最新観測時刻 | 貯水位 | 流入量 | 貯水量 | 貯水率 | 放流量
Oita,大分県,黒沢ダム,2026-09-10T09:20,95.47,0.85,0.83,1.159,,,100.0,,管理者名 | 河川名 | 局名 | 所在地 | 最新観測時刻 | 貯水位 | 流入量 | 貯水量 | 貯水率 | 放流量
Tokushima,徳島県,宮川内ダム,2026-09-10T09:20,127.81,1.66,0.43,,,0.46,59.74,,管理者名 | 河川名 | 局名 | 所在地 | 最新観測時刻 | 貯水位 | 総貯水量 | 全流入量 | 全放流量 | 貯水率
Tokushima,徳島県,川口ダム,2026-09-10T09:20,94.09,171.4,,,,0.1714,,,管理者名 | 河川名 | 局名 | 所在地 | 最新観測時刻 | 貯水位 | 総貯水量 | 全流入量 | 全放流量 | 貯水率
Tokushima,徳島県,棚野ダム,2026-09-10T09:20,28.1,,,,,,,,管理者名 | 河川名 | 局名 | 所在地 | 最新観測時刻 | 貯水位 | 総貯水量 | 全流入量 | 全放流量 | 貯水率
Tokushima,徳島県,正木ダム,2026-09-10T09:20,166.25,24.1,20.4,,,5.016,66.28,,管理者名 | 河川名 | 局名 | 所在地 | 最新観測時刻 | 貯水位 | 総貯水量 | 全流入量 | 全放流量 | 貯水率
Tokushima,徳島県,池田ダム,2026-09-10T09:20,88.56,52.86,,,,0.07481,,,管理者名 | 河川名 | 局名 | 所在地 | 最新観測時刻 | 貯水位 | 総貯水量 | 全流入量 | 全放流量 | 貯水率
Tokushima,徳島県,福井ダム,2026-09-10T09:20,44.18,2.23,3.29,,,1.411,100.0,,管理者名 | 河川名 | 局名 | 所在地 | 最新観測時刻 | 貯水位 | 総貯水量 | 全流入量 | 全放流量 | 貯水率
Tokushima,徳島県,長安口ダム,2026-09-10T09:20,220.88,120.54,,,,0.13154,,,管理者名 | 河川名 | 局名 | 所在地 | 最新観測時刻 | 貯水位 | 総貯水量 | 全流入量 | 全放流量 | 貯水率
Yamagata,山形県,前川ダム,2026-09-10T09:20,257.32,0.1,0.1,1.533,,,90.2,,管理者名 | 河川名 | 局名 | 所在地 | 最新観測時刻 | 流入量 | 全放流量 | 貯水位 | 貯水量 | 貯水率
Yamagata,山形県,寒河江ダム,2026-09-10T09:20,385.73,18.16,1.28,52.221,,,94.3,,管理者名 | 河川名 | 局名 | 所在地 | 最新観測時刻 | 流入量 | 全放流量 | 貯水位 | 貯水量 | 貯水率
Yamagata,山形県,最上小国川流水型ダム,2026-09-10T09:20,277.2,5.84,5.84,0.002,,,0.0,,管理者名 | 河川名 | 局名 | 所在地 | 最新観測時刻 | 流入量 | 全放流量 | 貯水位 | 貯水量 | 貯水率
Yamagata,山形県,月光川ダム,2026-09-10T09:20,169.39,5.19,5.17,0.008,,,0.2,,管理者名 | 河川名 | 局名 | 所在地 | 最新観測時刻 | 流入量 | 全放流量 | 貯水位 | 貯水量 | 貯水率
Yamagata,山形県,月山ダム,2026-09-10T09:20,236.92,4.43,4.0,16.45,,,91.7,,管理者名 | 河川名 | 局名 | 所在地 | 最新観測時刻 | 流入量 | 全放流量 | 貯水位 | 貯水量 | 貯水率
Yamagata,山形県,木地山ダム,2026-09-10T09:20,470.5,5.9,6.9,1.079,,,20.3,,管理者名 | 河川名 | 局名 | 所在地 | 最新観測時刻 | 流入量 | 全放流量 | 貯水位 | 貯水量 | 貯水率
Yamagata,山形県,温海川ダム,2026-09-10T09:20,142.45,1.98,1.99,0.438,,,98.4,,管理者名 | 河川名 | 局名 | 所在地 | 最新観測時刻 | 流入量 | 全放流量 | 貯水位 | 貯水量 | 貯水率
Yamagata,山形県,田沢川ダム,2026-09-10T09:20,127.27,1.04,1.14,4.02,,,81.2,,管理者名 | 河川名 | 局名 | 所在地 | 最新観測時刻 | 流入量 | 全放流量 | 貯水位 | 貯水量 | 貯水率
Yamagata,山形県,留山川ダム,2026-09-10T09:20,300.25,0.55,0.61,0.355,,,100.0,,管理者名 | 河川名 | 局名 | 所在地 | 最新観測時刻 | 流入量 | 全放流量 | 貯水位 | 貯水量 | 貯水率
Yamagata,山形県,白川ダム,2026-09-10T09:20,319.71,19.4,22.38,6.695,,,67.6,,管理者名 | 河川名 | 局名 | 所在地 | 最新観測時刻 | 流入量 | 全放流量 | 貯水位 | 貯水量 | 貯水率
Yamagata,山形県,白水川ダム,2026-09-10T09:20,357.58,0.45,0.45,2.517,,,96.8,,管理者名 | 河川名 | 局名 | 所在地 | 最新観測時刻 | 流入量 | 全放流量 | 貯水位 | 貯水量 | 貯水率
Yamagata,山形県,神室ダム,2026-09-10T09:20,381.21,1.0,1.0,2.54,,,77.6,,管理者名 | 河川名 | 局名 | 所在地 | 最新観測時刻 | 流入量 | 全放流量 | 貯水位 | 貯水量 | 貯水率
Yamagata,山形県,綱木川ダム,2026-09-10T09:20,456.48,4.01,3.7,3.628,,,100.0,,管理者名 | 河川名 | 局名 | 所在地 | 最新観測時刻 | 流入量 | 全放流量 | 貯水位 | 貯水量 | 貯水率
Yamagata,山形県,荒沢ダム,2026-09-10T09:20,237.37,14.97,13.65,5.754,,,33.4,,管理者名 | 河川名 | 局名 | 所在地 | 最新観測時刻 | 流入量 | 全放流量 | 貯水位 | 貯水量 | 貯水率
Yamagata,山形県,蔵王ダム,2026-09-10T09:20,592.63,2.5,2.5,1.836,,,86.6,,管理者名 | 河川名 | 局名 | 所在地 | 最新観測時刻 | 流入量 | 全放流量 | 貯水位 | 貯水量 | 貯水率
Yamagata,山形県,長井ダム,2026-09-10T09:20,365.72,11.22,11.49,20.768,,,94.1,,管理者名 | 河川名 | 局名 | 所在地 | 最新観測時刻 | 流入量 | 全放流量 | 貯水位 | 貯水量 | 貯水率
Yamagata,山形県,高坂ダム,2026-09-10T09:20,182.01,6.81,11.36,0.648,,,19.6,,管理者名 | 河川名 | 局名 | 所在地 | 最新観測時刻 | 流入量 | 全放流量 | 貯水位 | 貯水量 | 貯水率
Aomori,青森県,下湯ダム,2026-09-10T14:00,263.72,1.63,1.63,,,,,,管理者名 | 河川名 | 局名 | 所在地 | 最新観測時刻 | 流入量 | 全放流量 | 貯水位 | 平常時最高水位 | 洪水貯留準備水位 | 洪水量(※)
Aomori,青森県,世増ダム,2026-09-10T14:00,94.8,10.08,10.11,,,,,,管理者名 | 河川名 | 局名 | 所在地 | 最新観測時刻 | 流入量 | 全放流量 | 貯水位 | 平常時最高水位 | 洪水貯留準備水位 | 洪水量(※)
Aomori,青森県,久吉ダム,2026-09-10T14:00,276.69,0.33,0.89,,,,,,管理者名 | 河川名 | 局名 | 所在地 | 最新観測時刻 | 流入量 | 全放流量 | 貯水位 | 平常時最高水位 | 洪水貯留準備水位 | 洪水量(※)
Aomori,青森県,小泊ダム,2026-09-10T14:00,67.61,0.05,0.05,,,,,,管理者名 | 河川名 | 局名 | 所在地 | 最新観測時刻 | 流入量 | 全放流量 | 貯水位 | 平常時最高水位 | 洪水貯留準備水位 | 洪水量(※)
Aomori,青森県,川内ダム,2026-09-10T14:00,178.79,0.0,1.65,,,,,,管理者名 | 河川名 | 局名 | 所在地 | 最新観測時刻 | 流入量 | 全放流量 | 貯水位 | 平常時最高水位 | 洪水貯留準備水位 | 洪水量(※)
Aomori,青森県,津軽ダム,2026-09-10T14:00,196.51,6.82,14.59,,,,,,管理者名 | 河川名 | 局名 | 所在地 | 最新観測時刻 | 流入量 | 全放流量 | 貯水位 | 平常時最高水位 | 洪水貯留準備水位 | 洪水量(※)
Aomori,青森県,浅瀬石川ダム,2026-09-10T14:00,184.89,11.97,12.02,,,,,,管理者名 | 河川名 | 局名 | 所在地 | 最新観測時刻 | 流入量 | 全放流量 | 貯水位 | 平常時最高水位 | 洪水貯留準備水位 | 洪水量(※)
Aomori,青森県,浅虫ダム,2026-09-10T14:00,13.99,0.05,0.05,,,,,,管理者名 | 河川名 | 局名 | 所在地 | 最新観測時刻 | 流入量 | 全放流量 | 貯水位 | 平常時最高水位 | 洪水貯留準備水位 | 洪水量(※)
Aomori,青森県,清水目ダム,2026-09-10T14:00,108.07,0.6,0.6,,,,,,管理者名 | 河川名 | 局名 | 所在地 | 最新観測時刻 | 流入量 | 全放流量 | 貯水位 | 平常時最高水位 | 洪水貯留準備水位 | 洪水量(※)
Aomori,青森県,飯詰ダム,2026-09-10T14:00,70.51,0.32,0.2,,,,,,管理者名 | 河川名 | 局名 | 所在地 | 最新観測時刻 | 流入量 | 全放流量 | 貯水位 | 平常時最高水位 | 洪水貯留準備水位 | 洪水量(※)
Fukui,福井県,九頭竜ダム,2026-09-10T14:00,541.0,0.01,,,0.04454,,,31.0,局名 | 所在地 | 最新観測時刻 | 貯水率(利水容量) | 貯水位 | 有効貯水量 | 流入量 | 放流量 | 管理者名
Fukui,福井県,二ツ屋ダム,2026-09-10T14:00,349.78,2.56,2.56,,0.215,,,101.3,局名 | 所在地 | 最新観測時刻 | 貯水率(利水容量) | 貯水位 | 有効貯水量 | 流入量 | 放流量 | 管理者名
Fukui,福井県,吉野瀬川ダム,2026-09-10T14:00,100.37,1.16,2.03,,1.295,,,100.0,局名 | 所在地 | 最新観測時刻 | 貯水率(利水容量) | 貯水位 | 有効貯水量 | 流入量 | 放流量 | 管理者名
Fukui,福井県,大津呂ダム,2026-09-10T14:00,84.03,0.09,0.02,,0.11,,,40.5,局名 | 所在地 | 最新観測時刻 | 貯水率(利水容量) | 貯水位 | 有効貯水量 | 流入量 | 放流量 | 管理者名
Fukui,福井県,広野ダム,2026-09-10T14:00,294.27,2.67,1.59,,1.346,,,33.7,局名 | 所在地 | 最新観測時刻 | 貯水率(利水容量) | 貯水位 | 有効貯水量 | 流入量 | 放流量 | 管理者名
Fukui,福井県,桝谷ダム,2026-09-10T14:00,299.14,0.29,0.12,,3.483,,,17.5,局名 | 所在地 | 最新観測時刻 | 貯水率(利水容量) | 貯水位 | 有効貯水量 | 流入量 | 放流量 | 管理者名
Fukui,福井県,永平寺ダム,2026-09-10T14:00,319.95,0.52,0.55,,0.446,,,101.36,局名 | 所在地 | 最新観測時刻 | 貯水率(利水容量) | 貯水位 | 有効貯水量 | 流入量 | 放流量 | 管理者名
Fukui,福井県,河内川ダム,2026-09-10T14:00,183.85,1.09,0.31,,2.927,,,62.9,局名 | 所在地 | 最新観測時刻 | 貯水率(利水容量) | 貯水位 | 有効貯水量 | 流入量 | 放流量 | 管理者名
Fukui,福井県,浄土寺川ダム,2026-09-10T14:00,344.57,0.972,0.582,,0.772,,,100.0,局名 | 所在地 | 最新観測時刻 | 貯水率(利水容量) | 貯水位 | 有効貯水量 | 流入量 | 放流量 | 管理者名
Fukui,福井県,真名川ダム,2026-09-10T14:00,335.85,3.51,,,0.012,,,73.9,局名 | 所在地 | 最新観測時刻 | 貯水率(利水容量) | 貯水位 | 有効貯水量 | 流入量 | 放流量 | 管理者名
Fukui,福井県,笹生川ダム,2026-09-10T14:00,514.86,11.52,3.01,,23.424,,,57.18,局名 | 所在地 | 最新観測時刻 | 貯水率(利水容量) | 貯水位 | 有効貯水量 | 流入量 | 放流量 | 管理者名
Fukui,福井県,開谷ダム,2026-09-10T14:00,121.31,,,,0.071,,,70.3,局名 | 所在地 | 最新観測時刻 | 貯水率(利水容量) | 貯水位 | 有効貯水量 | 流入量 | 放流量 | 管理者名
Fukui,福井県,龍ヶ鼻ダム,2026-09-10T14:00,173.09,3.79,3.03,,4.043,,,85.62,局名 | 所在地 | 最新観測時刻 | 貯水率(利水容量) | 貯水位 | 有効貯水量 | 流入量 | 放流量 | 管理者名
Miyazaki,宮崎県,岩瀬ダム,2026-09-10T14:00,12.42,0.0,,,,,,,河川名 | 局名 | 所在地 | 状態 | 最新観測時刻 | 貯水位 | 流入量 | 全放流量
Miyazaki,宮崎県,広渡ダム,2026-09-10T14:00,8.25,8.27,,,,,,,河川名 | 局名 | 所在地 | 状態 | 最新観測時刻 | 貯水位 | 流入量 | 全放流量
Miyazaki,宮崎県,日南ダム,2026-09-10T14:00,5.91,5.62,,,,,,,河川名 | 局名 | 所在地 | 状態 | 最新観測時刻 | 貯水位 | 流入量 | 全放流量
Miyazaki,宮崎県,松尾ダム,2026-09-10T14:00,19.01,35.25,,,,,,,河川名 | 局名 | 所在地 | 状態 | 最新観測時刻 | 貯水位 | 流入量 | 全放流量
Miyazaki,宮崎県,沖田ダム,2026-09-10T14:00,0.54,0.52,,,,,,,河川名 | 局名 | 所在地 | 状態 | 最新観測時刻 | 貯水位 | 流入量 | 全放流量
Miyazaki,宮崎県,渡川ダム,2026-09-10T14:00,7.22,7.22,,,,,,,河川名 | 局名 | 所在地 | 状態 | 最新観測時刻 | 貯水位 | 流入量 | 全放流量
Miyazaki,宮崎県,瓜田ダム,2026-09-10T14:00,0.14,0.14,,,,,,,河川名 | 局名 | 所在地 | 状態 | 最新観測時刻 | 貯水位 | 流入量 | 全放流量
Miyazaki,宮崎県,田代八重ダム,2026-09-10T14:00,8.1,0.0,,,,,,,河川名 | 局名 | 所在地 | 状態 | 最新観測時刻 | 貯水位 | 流入量 | 全放流量
Miyazaki,宮崎県,祝子ダム,2026-09-10T14:00,4.77,4.57,,,,,,,河川名 | 局名 | 所在地 | 状態 | 最新観測時刻 | 貯水位 | 流入量 | 全放流量
Miyazaki,宮崎県,立花ダム,2026-09-10T14:00,3.4,0.0,,,,,,,河川名 | 局名 | 所在地 | 状態 | 最新観測時刻 | 貯水位 | 流入量 | 全放流量
Miyazaki,宮崎県,綾北ダム,2026-09-10T14:00,0.95,0.2,,,,,,,河川名 | 局名 | 所在地 | 状態 | 最新観測時刻 | 貯水位 | 流入量 | 全放流量
Miyazaki,宮崎県,綾南ダム,2026-09-10T14:00,4.63,10.06,,,,,,,河川名 | 局名 | 所在地 | 状態 | 最新観測時刻 | 貯水位 | 流入量 | 全放流量
Miyazaki,宮崎県,長谷ダム,2026-09-10T14:00,3.73,3.7,,,,,,,河川名 | 局名 | 所在地 | 状態 | 最新観測時刻 | 貯水位 | 流入量 | 全放流量
Nara,奈良県,初瀬ダム,2026-09-10T14:00,220.45,0.65,0.23,,,,,,管理者名 | 河川名 | 局名 | 所在地 | 最新観測時刻 | 貯水位 | 貯水容量 | 空容量 | 全流入量 | 放流量
Nara,奈良県,大門ダム,2026-09-10T14:00,262.67,0.0,0.0,,,,,,管理者名 | 河川名 | 局名 | 所在地 | 最新観測時刻 | 貯水位 | 貯水容量 | 空容量 | 全流入量 | 放流量
Nara,奈良県,天理ダム,2026-09-10T14:00,253.13,0.21,0.21,,,,,,管理者名 | 河川名 | 局名 | 所在地 | 最新観測時刻 | 貯水位 | 貯水容量 | 空容量 | 全流入量 | 放流量
Nara,奈良県,岩井川ダム,2026-09-10T14:00,240.52,0.14,0.07,,,,,,管理者名 | 河川名 | 局名 | 所在地 | 最新観測時刻 | 貯水位 | 貯水容量 | 空容量 | 全流入量 | 放流量
Nara,奈良県,白川ダム,2026-09-10T14:00,111.26,0.0,0.0,,,,,,管理者名 | 河川名 | 局名 | 所在地 | 最新観測時刻 | 貯水位 | 貯水容量 | 空容量 | 全流入量 | 放流量
Niigata,新潟県,三面ダム,2026-09-10T13:50,115.42,3.26,15.5,,,,89.4,,観測所名 | 最新観測時刻 | 平常時最高貯水位(常時満水位)[m] | 貯水位[m] | 洪水時最高水位(サーチャージ水位)[m] | 貯水率[%] | 洪水流入量[m3/s] | 流入量[m3/s] | 計画高水流量[m3/s] | 全放流量[m3/s]
Niigata,新潟県,下条川ダム,2026-09-10T14:00,31.24,110.0,,,,,8.7,,観測所名 | 最新観測時刻 | 平常時最高貯水位(常時満水位)[m] | 貯水位[m] | 洪水時最高水位(サーチャージ水位)[m] | 貯水率[%] | 洪水流入量[m3/s] | 流入量[m3/s] | 計画高水流量[m3/s] | 全放流量[m3/s]
Niigata,新潟県,久知川ダム,2026-09-10T14:00,124.09,0.39,0.57,,,,100.0,,観測所名 | 最新観測時刻 | 平常時最高貯水位(常時満水位)[m] | 貯水位[m] | 洪水時最高水位(サーチャージ水位)[m] | 貯水率[%] | 洪水流入量[m3/s] | 流入量[m3/s] | 計画高水流量[m3/s] | 全放流量[m3/s]
Niigata,新潟県,内の倉ダム,2026-09-10T13:50,147.85,2.92,4.52,,,,41.1,,観測所名 | 最新観測時刻 | 平常時最高貯水位(常時満水位)[m] | 貯水位[m] | 洪水時最高水位(サーチャージ水位)[m] | 貯水率[%] | 洪水流入量[m3/s] | 流入量[m3/s] | 計画高水流量[m3/s] | 全放流量[m3/s]
Niigata,新潟県,刈谷田川ダム,2026-09-10T14:00,239.73,2.25,2.52,,,,100.0,,観測所名 | 最新観測時刻 | 平常時最高貯水位(常時満水位)[m] | 貯水位[m] | 洪水時最高水位(サーチャージ水位)[m] | 貯水率[%] | 洪水流入量[m3/s] | 流入量[m3/s] | 計画高水流量[m3/s] | 全放流量[m3/s]
Niigata,新潟県,加治川治水ダム,2026-09-10T13:50,272.0,2.18,6.78,,,,,,観測所名 | 最新観測時刻 | 平常時最高貯水位(常時満水位)[m] | 貯水位[m] | 洪水時最高水位(サーチャージ水位)[m] | 貯水率[%] | 洪水流入量[m3/s] | 流入量[m3/s] | 計画高水流量[m3/s] | 全放流量[m3/s]
Niigata,新潟県,城川ダム,2026-09-10T14:00,271.61,0.37,0.44,,,,100.0,,観測所名 | 最新観測時刻 | 平常時最高貯水位(常時満水位)[m] | 貯水位[m] | 洪水時最高水位(サーチャージ水位)[m] | 貯水率[%] | 洪水流入量[m3/s] | 流入量[m3/s] | 計画高水流量[m3/s] | 全放流量[m3/s]
Niigata,新潟県,大谷ダム,2026-09-10T14:00,191.78,0.78,2.13,,,,100.0,,観測所名 | 最新観測時刻 | 平常時最高貯水位(常時満水位)[m] | 貯水位[m] | 洪水時最高水位(サーチャージ水位)[m] | 貯水率[%] | 洪水流入量[m3/s] | 流入量[m3/s] | 計画高水流量[m3/s] | 全放流量[m3/s]
Niigata,新潟県,大野川ダム,2026-09-10T14:00,143.11,0.25,0.59,,,,100.0,,観測所名 | 最新観測時刻 | 平常時最高貯水位(常時満水位)[m] | 貯水位[m] | 洪水時最高水位(サーチャージ水位)[m] | 貯水率[%] | 洪水流入量[m3/s] | 流入量[m3/s] | 計画高水流量[m3/s] | 全放流量[m3/s]
Niigata,新潟県,奥三面ダム,2026-09-10T13:50,211.68,15.03,0.72,,,,80.3,,観測所名 | 最新観測時刻 | 平常時最高貯水位(常時満水位)[m] | 貯水位[m] | 洪水時最高水位(サーチャージ水位)[m] | 貯水率[%] | 洪水流入量[m3/s] | 流入量[m3/s] | 計画高水流量[m3/s] | 全放流量[m3/s]
Niigata,新潟県,奥胎内ダム,2026-09-10T13:50,383.99,2.53,2.12,,,,,,観測所名 | 最新観測時刻 | 平常時最高貯水位(常時満水位)[m] | 貯水位[m] | 洪水時最高水位(サーチャージ水位)[m] | 貯水率[%] | 洪水流入量[m3/s] | 流入量[m3/s] | 計画高水流量[m3/s] | 全放流量[m3/s]
Niigata,新潟県,新保川ダム,2026-09-10T14:00,160.46,0.4,0.47,,,,100.0,,観測所名 | 最新観測時刻 | 平常時最高貯水位(常時満水位)[m] | 貯水位[m] | 洪水時最高水位(サーチャージ水位)[m] | 貯水率[%] | 洪水流入量[m3/s] | 流入量[m3/s] | 計画高水流量[m3/s] | 全放流量[m3/s]
Niigata,新潟県,早出川ダム,2026-09-10T14:00,164.11,3.31,5.85,,,,81.3,,観測所名 | 最新観測時刻 | 平常時最高貯水位(常時満水位)[m] | 貯水位[m] | 洪水時最高水位(サーチャージ水位)[m] | 貯水率[%] | 洪水流入量[m3/s] | 流入量[m3/s] | 計画高水流量[m3/s] | 全放流量[m3/s]
Niigata,新潟県,柿崎川ダム,2026-09-10T13:50,120.96,0.94,0.94,,,,100.0,,観測所名 | 最新観測時刻 | 平常時最高貯水位(常時満水位)[m] | 貯水位[m] | 洪水時最高水位(サーチャージ水位)[m] | 貯水率[%] | 洪水流入量[m3/s] | 流入量[m3/s] | 計画高水流量[m3/s] | 全放流量[m3/s]
Niigata,新潟県,正善寺ダム,2026-09-10T13:50,85.9,0.57,0.26,,,,80.6,,観測所名 | 最新観測時刻 | 平常時最高貯水位(常時満水位)[m] | 貯水位[m] | 洪水時最高水位(サーチャージ水位)[m] | 貯水率[%] | 洪水流入量[m3/s] | 流入量[m3/s] | 計画高水流量[m3/s] | 全放流量[m3/s]
Niigata,新潟県,破間川ダム,2026-09-10T14:00,431.2,6.27,7.01,,,,100.0,,観測所名 | 最新観測時刻 | 平常時最高貯水位(常時満水位)[m] | 貯水位[m] | 洪水時最高水位(サーチャージ水位)[m] | 貯水率[%] | 洪水流入量[m3/s] | 流入量[m3/s] | 計画高水流量[m3/s] | 全放流量[m3/s]
Niigata,新潟県,笠堀ダム,2026-09-10T14:00,192.48,6.5,7.9,,,,84.4,,観測所名 | 最新観測時刻 | 平常時最高貯水位(常時満水位)[m] | 貯水位[m] | 洪水時最高水位(サーチャージ水位)[m] | 貯水率[%] | 洪水流入量[m3/s] | 流入量[m3/s] | 計画高水流量[m3/s] | 全放流量[m3/s]
Niigata,新潟県,胎内川ダム,2026-09-10T13:50,287.44,7.33,7.73,,,,93.3,,観測所名 | 最新観測時刻 | 平常時最高貯水位(常時満水位)[m] | 貯水位[m] | 洪水時最高水位(サーチャージ水位)[m] | 貯水率[%] | 洪水流入量[m3/s] | 流入量[m3/s] | 計画高水流量[m3/s] | 全放流量[m3/s]
Niigata,新潟県,鯖石川ダム,2026-09-10T13:50,134.85,3.91,5.17,,,,94.9,,観測所名 | 最新観測時刻 | 平常時最高貯水位(常時満水位)[m] | 貯水位[m] | 洪水時最高水位(サーチャージ水位)[m] | 貯水率[%] | 洪水流入量[m3/s] | 流入量[m3/s] | 計画高水流量[m3/s] | 全放流量[m3/s]
Oita,大分県,北川ダム,2026-09-10T14:00,149.71,10.08,,0.043,,,19.65,,管理者名 | 河川名 | 局名 | 所在地 | 最新観測時刻 | 貯水位 | 流入量 | 貯水量 | 貯水率 | 放流量
Oita,大分県,安岐ダム,2026-09-10T14:00,153.77,0.72,0.3,0.611,,,100.0,,管理者名 | 河川名 | 局名 | 所在地 | 最新観測時刻 | 貯水位 | 流入量 | 貯水量 | 貯水率 | 放流量
Oita,大分県,床木ダム,2026-09-10T14:00,88.75,0.5,0.53,0.911,,,100.0,,管理者名 | 河川名 | 局名 | 所在地 | 最新観測時刻 | 貯水位 | 流入量 | 貯水量 | 貯水率 | 放流量
Oita,大分県,玉来ダム,2026-09-10T14:00,350.75,5.25,,0.0001,,,5.25,,管理者名 | 河川名 | 局名 | 所在地 | 最新観測時刻 | 貯水位 | 流入量 | 貯水量 | 貯水率 | 放流量
Oita,大分県,稲葉ダム,2026-09-10T14:00,437.83,2.32,,0.1009,,,2.039,,管理者名 | 河川名 | 局名 | 所在地 | 最新観測時刻 | 貯水位 | 流入量 | 貯水量 | 貯水率 | 放流量
Oita,大分県,芹川ダム,2026-09-10T14:00,328.58,4.21,,0.0556,,,2.9,,管理者名 | 河川名 | 局名 | 所在地 | 最新観測時刻 | 貯水位 | 流入量 | 貯水量 | 貯水率 | 放流量
Oita,大分県,行入ダム,2026-09-10T14:00,122.85,0.0,0.1,0.499,,,49.8,,管理者名 | 河川名 | 局名 | 所在地 | 最新観測時刻 | 貯水位 | 流入量 | 貯水量 | 貯水率 | 放流量
Oita,大分県,野津ダム,2026-09-10T14:00,238.08,0.08,,0.1008,,,0.08,,管理者名 | 河川名 | 局名 | 所在地 | 最新観測時刻 | 貯水位 | 流入量 | 貯水量 | 貯水率 | 放流量
Oita,大分県,青江ダム,2026-09-10T14:00,64.17,0.093,0.106,0.46,,,100.0,,管理者名 | 河川名 | 局名 | 所在地 | 最新観測時刻 | 貯水位 | 流入量 | 貯水量 | 貯水率 | 放流量
Oita,大分県,黒沢ダム,2026-09-10T14:00,95.47,0.85,0.83,1.159,,,100.0,,管理者名 | 河川名 | 局名 | 所在地 | 最新観測時刻 | 貯水位 | 流入量 | 貯水量 | 貯水率 | 放流量
Tokushima,徳島県,宮川内ダム,2026-09-10T14:00,128.04,1.65,0.44,,,0.477,61.95,,管理者名 | 河川名 | 局名 | 所在地 | 最新観測時刻 | 貯水位 | 総貯水量 | 全流入量 | 全放流量 | 貯水率
Tokushima,徳島県,川口ダム,2026-09-10T14:00,94.16,143.1,,,,0.1431,,,管理者名 | 河川名 | 局名 | 所在地 | 最新観測時刻 | 貯水位 | 総貯水量 | 全流入量 | 全放流量 | 貯水率
Tokushima,徳島県,棚野ダム,2026-09-10T14:00,23.5,,,,,,,,管理者名 | 河川名 | 局名 | 所在地 | 最新観測時刻 | 貯水位 | 総貯水量 | 全流入量 | 全放流量 | 貯水率
Tokushima,徳島県,正木ダム,2026-09-10T14:00,166.33,21.5,20.7,,,5.045,67.12,,管理者名 | 河川名 | 局名 | 所在地 | 最新観測時刻 | 貯水位 | 総貯水量 | 全流入量 | 全放流量 | 貯水率
Tokushima,徳島県,池田ダム,2026-09-10T13:50,88.69,48.98,,,,0.049,,,管理者名 | 河川名 | 局名 | 所在地 | 最新観測時刻 | 貯水位 | 総貯水量 | 全流入量 | 全放流量 | 貯水率
Tokushima,徳島県,福井ダム,2026-09-10T14:00,44.09,2.01,2.68,,,1.394,100.0,,管理者名 | 河川名 | 局名 | 所在地 | 最新観測時刻 | 貯水位 | 総貯水量 | 全流入量 | 全放流量 | 貯水率
Tokushima,徳島県,長安口ダム,2026-09-10T14:00,220.84,109.96,,,,0.09897,,,管理者名 | 河川名 | 局名 | 所在地 | 最新観測時刻 | 貯水位 | 総貯水量 | 全流入量 | 全放流量 | 貯水率
Yamagata,山形県,前川ダム,2026-09-10T14:00,257.34,0.78,0.1,1.538,,,90.5,,管理者名 | 河川名 | 局名 | 所在地 | 最新観測時刻 | 流入量 | 全放流量 | 貯水位 | 貯水量 | 貯水率
Yamagata,山形県,寒河江ダム,2026-09-10T14:00,385.77,16.79,10.04,52.318,,,94.5,,管理者名 | 河川名 | 局名 | 所在地 | 最新観測時刻 | 流入量 | 全放流量 | 貯水位 | 貯水量 | 貯水率
Yamagata,山形県,最上小国川流水型ダム,2026-09-10T14:00,277.18,5.67,5.51,0.002,,,0.0,,管理者名 | 河川名 | 局名 | 所在地 | 最新観測時刻 | 流入量 | 全放流量 | 貯水位 | 貯水量 | 貯水率
Yamagata,山形県,月光川ダム,2026-09-10T14:00,169.38,5.04,5.04,0.008,,,0.2,,管理者名 | 河川名 | 局名 | 所在地 | 最新観測時刻 | 流入量 | 全放流量 | 貯水位 | 貯水量 | 貯水率
Yamagata,山形県,月山ダム,2026-09-10T14:00,236.92,4.43,3.9,16.45,,,91.7,,管理者名 | 河川名 | 局名 | 所在地 | 最新観測時刻 | 流入量 | 全放流量 | 貯水位 | 貯水量 | 貯水率
Yamagata,山形県,木地山ダム,2026-09-10T14:00,470.5,5.63,6.9,1.079,,,20.3,,管理者名 | 河川名 | 局名 | 所在地 | 最新観測時刻 | 流入量 | 全放流量 | 貯水位 | 貯水量 | 貯水率
Yamagata,山形県,温海川ダム,2026-09-10T14:00,142.44,1.88,1.65,0.437,,,98.0,,管理者名 | 河川名 | 局名 | 所在地 | 最新観測時刻 | 流入量 | 全放流量 | 貯水位 | 貯水量 | 貯水率
Yamagata,山形県,田沢川ダム,2026-09-10T14:00,127.24,0.59,1.13,4.013,,,81.1,,管理者名 | 河川名 | 局名 | 所在地 | 最新観測時刻 | 流入量 | 全放流量 | 貯水位 | 貯水量 | 貯水率
Yamagata,山形県,白川ダム,2026-09-10T14:00,319.68,15.98,16.05,6.662,,,67.3,,管理者名 | 河川名 | 局名 | 所在地 | 最新観測時刻 | 流入量 | 全放流量 | 貯水位 | 貯水量 | 貯水率
Yamagata,山形県,白水川ダム,2026-09-10T14:00,357.59,0.45,0.45,2.519,,,96.9,,管理者名 | 河川名 | 局名 | 所在地 | 最新観測時刻 | 流入量 | 全放流量 | 貯水位 | 貯水量 | 貯水率
Yamagata,山形県,神室ダム,2026-09-10T14:00,381.19,1.0,1.0,2.535,,,77.4,,管理者名 | 河川名 | 局名 | 所在地 | 最新観測時刻 | 流入量 | 全放流量 | 貯水位 | 貯水量 | 貯水率
Yamagata,山形県,綱木川ダム,2026-09-10T14:00,456.47,4.01,3.63,3.625,,,100.0,,管理者名 | 河川名 | 局名 | 所在地 | 最新観測時刻 | 流入量 | 全放流量 | 貯水位 | 貯水量 | 貯水率
Yamagata,山形県,荒沢ダム,2026-09-10T14:00,237.35,11.99,13.64,5.734,,,33.2,,管理者名 | 河川名 | 局名 | 所在地 | 最新観測時刻 | 流入量 | 全放流量 | 貯水位 | 貯水量 | 貯水率
Yamagata,山形県,蔵王ダム,2026-09-10T14:00,592.64,2.5,2.5,1.837,,,86.7,,管理者名 | 河川名 | 局名 | 所在地 | 最新観測時刻 | 流入量 | 全放流量 | 貯水位 | 貯水量 | 貯水率
Yamagata,山形県,長井ダム,2026-09-10T14:00,365.66,8.8,11.49,20.719,,,93.9,,管理者名 | 河川名 | 局名 | 所在地 | 最新観測時刻 | 流入量 | 全放流量 | 貯水位 | 貯水量 | 貯水率
Yamagata,山形県,高坂ダム,2026-09-10T14:00,181.98,6.35,7.28,0.637,,,19.3,,管理者名 | 河川名 | 局名 | 所在地 | 最新観測時刻 | 流入量 | 全放流量 | 貯水位 | 貯水量 | 貯水率
Aomori,青森県,下湯ダム,2026-09-10T18:50,263.7,0.75,1.59,,,,,,管理者名 | 河川名 | 局名 | 所在地 | 最新観測時刻 | 流入量 | 全放流量 | 貯水位 | 平常時最高水位 | 洪水貯留準備水位 | 洪水量(※)
Aomori,青森県,世増ダム,2026-09-10T18:50,94.78,7.02,9.79,,,,,,管理者名 | 河川名 | 局名 | 所在地 | 最新観測時刻 | 流入量 | 全放流量 | 貯水位 | 平常時最高水位 | 洪水貯留準備水位 | 洪水量(※)
Aomori,青森県,久吉ダム,2026-09-10T18:50,276.69,0.89,0.89,,,,,,管理者名 | 河川名 | 局名 | 所在地 | 最新観測時刻 | 流入量 | 全放流量 | 貯水位 | 平常時最高水位 | 洪水貯留準備水位 | 洪水量(※)
Aomori,青森県,小泊ダム,2026-09-10T18:50,67.6,0.05,0.05,,,,,,管理者名 | 河川名 | 局名 | 所在地 | 最新観測時刻 | 流入量 | 全放流量 | 貯水位 | 平常時最高水位 | 洪水貯留準備水位 | 洪水量(※)
Aomori,青森県,川内ダム,2026-09-10T18:50,178.78,1.62,1.62,,,,,,管理者名 | 河川名 | 局名 | 所在地 | 最新観測時刻 | 流入量 | 全放流量 | 貯水位 | 平常時最高水位 | 洪水貯留準備水位 | 洪水量(※)
Aomori,青森県,津軽ダム,2026-09-10T18:50,196.46,6.79,14.57,,,,,,管理者名 | 河川名 | 局名 | 所在地 | 最新観測時刻 | 流入量 | 全放流量 | 貯水位 | 平常時最高水位 | 洪水貯留準備水位 | 洪水量(※)
Aomori,青森県,浅瀬石川ダム,2026-09-10T18:50,184.88,11.98,11.97,,,,,,管理者名 | 河川名 | 局名 | 所在地 | 最新観測時刻 | 流入量 | 全放流量 | 貯水位 | 平常時最高水位 | 洪水貯留準備水位 | 洪水量(※)
Aomori,青森県,浅虫ダム,2026-09-10T18:50,13.99,0.05,0.05,,,,,,管理者名 | 河川名 | 局名 | 所在地 | 最新観測時刻 | 流入量 | 全放流量 | 貯水位 | 平常時最高水位 | 洪水貯留準備水位 | 洪水量(※)
Aomori,青森県,清水目ダム,2026-09-10T18:50,108.07,0.6,0.6,,,,,,管理者名 | 河川名 | 局名 | 所在地 | 最新観測時刻 | 流入量 | 全放流量 | 貯水位 | 平常時最高水位 | 洪水貯留準備水位 | 洪水量(※)
Aomori,青森県,飯詰ダム,2026-09-10T18:50,70.51,0.2,0.2,,,,,,管理者名 | 河川名 | 局名 | 所在地 | 最新観測時刻 | 流入量 | 全放流量 | 貯水位 | 平常時最高水位 | 洪水貯留準備水位 | 洪水量(※)
Fukui,福井県,九頭竜ダム,2026-09-10T18:50,541.09,0.01,,,0.03143,,,31.3,局名 | 所在地 | 最新観測時刻 | 貯水率(利水容量) | 貯水位 | 有効貯水量 | 流入量 | 放流量 | 管理者名
Fukui,福井県,二ツ屋ダム,2026-09-10T18:50,349.77,2.1,2.1,,0.214,,,101.1,局名 | 所在地 | 最新観測時刻 | 貯水率(利水容量) | 貯水位 | 有効貯水量 | 流入量 | 放流量 | 管理者名
Fukui,福井県,吉野瀬川ダム,2026-09-10T18:50,100.32,1.09,1.88,,1.282,,,100.0,局名 | 所在地 | 最新観測時刻 | 貯水率(利水容量) | 貯水位 | 有効貯水量 | 流入量 | 放流量 | 管理者名
Fukui,福井県,大津呂ダム,2026-09-10T18:50,84.1,0.05,0.02,,0.111,,,40.8,局名 | 所在地 | 最新観測時刻 | 貯水率(利水容量) | 貯水位 | 有効貯水量 | 流入量 | 放流量 | 管理者名
Fukui,福井県,広野ダム,2026-09-10T18:50,294.33,2.17,1.59,,1.36,,,34.0,局名 | 所在地 | 最新観測時刻 | 貯水率(利水容量) | 貯水位 | 有効貯水量 | 流入量 | 放流量 | 管理者名
Fukui,福井県,桝谷ダム,2026-09-10T18:50,299.16,0.12,0.12,,3.488,,,17.5,局名 | 所在地 | 最新観測時刻 | 貯水率(利水容量) | 貯水位 | 有効貯水量 | 流入量 | 放流量 | 管理者名
Fukui,福井県,永平寺ダム,2026-09-10T18:50,319.92,0.44,0.46,,0.444,,,100.91,局名 | 所在地 | 最新観測時刻 | 貯水率(利水容量) | 貯水位 | 有効貯水量 | 流入量 | 放流量 | 管理者名
Fukui,福井県,河内川ダム,2026-09-10T18:50,183.9,0.98,0.31,,2.939,,,63.2,局名 | 所在地 | 最新観測時刻 | 貯水率(利水容量) | 貯水位 | 有効貯水量 | 流入量 | 放流量 | 管理者名
Fukui,福井県,浄土寺川ダム,2026-09-10T18:50,344.54,0.944,1.253,,0.77,,,100.0,局名 | 所在地 | 最新観測時刻 | 貯水率(利水容量) | 貯水位 | 有効貯水量 | 流入量 | 放流量 | 管理者名
Fukui,福井県,真名川ダム,2026-09-10T18:50,335.99,3.51,,,0.00947,,,76.2,局名 | 所在地 | 最新観測時刻 | 貯水率(利水容量) | 貯水位 | 有効貯水量 | 流入量 | 放流量 | 管理者名
Fukui,福井県,笹生川ダム,2026-09-10T18:50,514.94,11.1,3.01,,23.546,,,57.48,局名 | 所在地 | 最新観測時刻 | 貯水率(利水容量) | 貯水位 | 有効貯水量 | 流入量 | 放流量 | 管理者名
Fukui,福井県,開谷ダム,2026-09-10T18:50,121.07,,,,0.067,,,66.3,局名 | 所在地 | 最新観測時刻 | 貯水率(利水容量) | 貯水位 | 有効貯水量 | 流入量 | 放流量 | 管理者名
Fukui,福井県,龍ヶ鼻ダム,2026-09-10T18:50,173.08,3.61,4.4,,4.04,,,85.56,局名 | 所在地 | 最新観測時刻 | 貯水率(利水容量) | 貯水位 | 有効貯水量 | 流入量 | 放流量 | 管理者名
Miyazaki,宮崎県,岩瀬ダム,2026-09-10T18:50,17.54,35.75,,,,,,,河川名 | 局名 | 所在地 | 状態 | 最新観測時刻 | 貯水位 | 流入量 | 全放流量
Miyazaki,宮崎県,広渡ダム,2026-09-10T18:50,8.25,8.27,,,,,,,河川名 | 局名 | 所在地 | 状態 | 最新観測時刻 | 貯水位 | 流入量 | 全放流量
Miyazaki,宮崎県,日南ダム,2026-09-10T18:50,5.91,5.6,,,,,,,河川名 | 局名 | 所在地 | 状態 | 最新観測時刻 | 貯水位 | 流入量 | 全放流量
Miyazaki,宮崎県,松尾ダム,2026-09-10T18:50,19.09,35.45,,,,,,,河川名 | 局名 | 所在地 | 状態 | 最新観測時刻 | 貯水位 | 流入量 | 全放流量
Miyazaki,宮崎県,沖田ダム,2026-09-10T18:50,0.5,0.49,,,,,,,河川名 | 局名 | 所在地 | 状態 | 最新観測時刻 | 貯水位 | 流入量 | 全放流量
Miyazaki,宮崎県,渡川ダム,2026-09-10T18:50,7.23,7.23,,,,,,,河川名 | 局名 | 所在地 | 状態 | 最新観測時刻 | 貯水位 | 流入量 | 全放流量
Miyazaki,宮崎県,瓜田ダム,2026-09-10T18:50,0.14,0.14,,,,,,,河川名 | 局名 | 所在地 | 状態 | 最新観測時刻 | 貯水位 | 流入量 | 全放流量
Miyazaki,宮崎県,田代八重ダム,2026-09-10T18:50,6.64,14.0,,,,,,,河川名 | 局名 | 所在地 | 状態 | 最新観測時刻 | 貯水位 | 流入量 | 全放流量
Miyazaki,宮崎県,祝子ダム,2026-09-10T18:50,4.57,4.57,,,,,,,河川名 | 局名 | 所在地 | 状態 | 最新観測時刻 | 貯水位 | 流入量 | 全放流量
Miyazaki,宮崎県,立花ダム,2026-09-10T18:50,3.78,6.51,,,,,,,河川名 | 局名 | 所在地 | 状態 | 最新観測時刻 | 貯水位 | 流入量 | 全放流量
Miyazaki,宮崎県,綾北ダム,2026-09-10T18:50,14.49,10.94,,,,,,,河川名 | 局名 | 所在地 | 状態 | 最新観測時刻 | 貯水位 | 流入量 | 全放流量
Miyazaki,宮崎県,綾南ダム,2026-09-10T18:50,4.29,10.07,,,,,,,河川名 | 局名 | 所在地 | 状態 | 最新観測時刻 | 貯水位 | 流入量 | 全放流量
Miyazaki,宮崎県,長谷ダム,2026-09-10T18:50,3.73,3.7,,,,,,,河川名 | 局名 | 所在地 | 状態 | 最新観測時刻 | 貯水位 | 流入量 | 全放流量
Nara,奈良県,初瀬ダム,2026-09-10T18:50,220.52,0.69,0.23,,,,,,管理者名 | 河川名 | 局名 | 所在地 | 最新観測時刻 | 貯水位 | 貯水容量 | 空容量 | 全流入量 | 放流量
Nara,奈良県,大門ダム,2026-09-10T18:50,262.67,0.0,0.0,,,,,,管理者名 | 河川名 | 局名 | 所在地 | 最新観測時刻 | 貯水位 | 貯水容量 | 空容量 | 全流入量 | 放流量
Nara,奈良県,天理ダム,2026-09-10T18:50,253.17,0.38,0.21,,,,,,管理者名 | 河川名 | 局名 | 所在地 | 最新観測時刻 | 貯水位 | 貯水容量 | 空容量 | 全流入量 | 放流量
Nara,奈良県,岩井川ダム,2026-09-10T18:50,240.55,0.14,0.07,,,,,,管理者名 | 河川名 | 局名 | 所在地 | 最新観測時刻 | 貯水位 | 貯水容量 | 空容量 | 全流入量 | 放流量
Nara,奈良県,白川ダム,2026-09-10T18:50,111.26,0.0,0.0,,,,,,管理者名 | 河川名 | 局名 | 所在地 | 最新観測時刻 | 貯水位 | 貯水容量 | 空容量 | 全流入量 | 放流量
Niigata,新潟県,三面ダム,2026-09-10T18:50,115.71,56.61,15.54,,,,91.3,,観測所名 | 最新観測時刻 | 平常時最高貯水位(常時満水位)[m] | 貯水位[m] | 洪水時最高水位(サーチャージ水位)[m] | 貯水率[%] | 洪水流入量[m3/s] | 流入量[m3/s] | 計画高水流量[m3/s] | 全放流量[m3/s]
Niigata,新潟県,下条川ダム,2026-09-10T18:50,31.24,110.0,,,,,8.7,,観測所名 | 最新観測時刻 | 平常時最高貯水位(常時満水位)[m] | 貯水位[m] | 洪水時最高水位(サーチャージ水位)[m] | 貯水率[%] | 洪水流入量[m3/s] | 流入量[m3/s] | 計画高水流量[m3/s] | 全放流量[m3/s]
Niigata,新潟県,久知川ダム,2026-09-10T18:50,124.05,0.45,0.45,,,,100.0,,観測所名 | 最新観測時刻 | 平常時最高貯水位(常時満水位)[m] | 貯水位[m] | 洪水時最高水位(サーチャージ水位)[m] | 貯水率[%] | 洪水流入量[m3/s] | 流入量[m3/s] | 計画高水流量[m3/s] | 全放流量[m3/s]
Niigata,新潟県,内の倉ダム,2026-09-10T18:50,147.84,2.48,2.49,,,,41.1,,観測所名 | 最新観測時刻 | 平常時最高貯水位(常時満水位)[m] | 貯水位[m] | 洪水時最高水位(サーチャージ水位)[m] | 貯水率[%] | 洪水流入量[m3/s] | 流入量[m3/s] | 計画高水流量[m3/s] | 全放流量[m3/s]
Niigata,新潟県,刈谷田川ダム,2026-09-10T18:50,239.36,1.45,1.42,,,,98.6,,観測所名 | 最新観測時刻 | 平常時最高貯水位(常時満水位)[m] | 貯水位[m] | 洪水時最高水位(サーチャージ水位)[m] | 貯水率[%] | 洪水流入量[m3/s] | 流入量[m3/s] | 計画高水流量[m3/s] | 全放流量[m3/s]
Niigata,新潟県,加治川治水ダム,2026-09-10T18:50,272.38,8.1,3.5,,,,,,観測所名 | 最新観測時刻 | 平常時最高貯水位(常時満水位)[m] | 貯水位[m] | 洪水時最高水位(サーチャージ水位)[m] | 貯水率[%] | 洪水流入量[m3/s] | 流入量[m3/s] | 計画高水流量[m3/s] | 全放流量[m3/s]
Niigata,新潟県,城川ダム,2026-09-10T18:50,271.6,0.39,0.39,,,,100.0,,観測所名 | 最新観測時刻 | 平常時最高貯水位(常時満水位)[m] | 貯水位[m] | 洪水時最高水位(サーチャージ水位)[m] | 貯水率[%] | 洪水流入量[m3/s] | 流入量[m3/s] | 計画高水流量[m3/s] | 全放流量[m3/s]
Niigata,新潟県,大谷ダム,2026-09-10T18:50,191.75,0.64,2.01,,,,100.0,,観測所名 | 最新観測時刻 | 平常時最高貯水位(常時満水位)[m] | 貯水位[m] | 洪水時最高水位(サーチャージ水位)[m] | 貯水率[%] | 洪水流入量[m3/s] | 流入量[m3/s] | 計画高水流量[m3/s] | 全放流量[m3/s]
Niigata,新潟県,大野川ダム,2026-09-10T18:50,143.05,0.15,0.59,,,,100.0,,観測所名 | 最新観測時刻 | 平常時最高貯水位(常時満水位)[m] | 貯水位[m] | 洪水時最高水位(サーチャージ水位)[m] | 貯水率[%] | 洪水流入量[m3/s] | 流入量[m3/s] | 計画高水流量[m3/s] | 全放流量[m3/s]
Niigata,新潟県,奥三面ダム,2026-09-10T18:50,211.56,9.92,38.53,,,,79.7,,観測所名 | 最新観測時刻 | 平常時最高貯水位(常時満水位)[m] | 貯水位[m] | 洪水時最高水位(サーチャージ水位)[m] | 貯水率[%] | 洪水流入量[m3/s] | 流入量[m3/s] | 計画高水流量[m3/s] | 全放流量[m3/s]
Niigata,新潟県,奥胎内ダム,2026-09-10T18:50,384.0,2.75,2.91,,,,,,観測所名 | 最新観測時刻 | 平常時最高貯水位(常時満水位)[m] | 貯水位[m] | 洪水時最高水位(サーチャージ水位)[m] | 貯水率[%] | 洪水流入量[m3/s] | 流入量[m3/s] | 計画高水流量[m3/s] | 全放流量[m3/s]
Niigata,新潟県,広神ダム,2026-09-10T18:50,214.32,2.66,3.52,,,,100.0,,観測所名 | 最新観測時刻 | 平常時最高貯水位(常時満水位)[m] | 貯水位[m] | 洪水時最高水位(サーチャージ水位)[m] | 貯水率[%] | 洪水流入量[m3/s] | 流入量[m3/s] | 計画高水流量[m3/s] | 全放流量[m3/s]
Niigata,新潟県,新保川ダム,2026-09-10T18:50,160.45,0.44,0.44,,,,100.0,,観測所名 | 最新観測時刻 | 平常時最高貯水位(常時満水位)[m] | 貯水位[m] | 洪水時最高水位(サーチャージ水位)[m] | 貯水率[%] | 洪水流入量[m3/s] | 流入量[m3/s] | 計画高水流量[m3/s] | 全放流量[m3/s]
Niigata,新潟県,早出川ダム,2026-09-10T18:50,163.9,2.61,5.86,,,,78.6,,観測所名 | 最新観測時刻 | 平常時最高貯水位(常時満水位)[m] | 貯水位[m] | 洪水時最高水位(サーチャージ水位)[m] | 貯水率[%] | 洪水流入量[m3/s] | 流入量[m3/s] | 計画高水流量[m3/s] | 全放流量[m3/s]
Niigata,新潟県,柿崎川ダム,2026-09-10T18:50,120.94,0.0,0.9,,,,100.0,,観測所名 | 最新観測時刻 | 平常時最高貯水位(常時満水位)[m] | 貯水位[m] | 洪水時最高水位(サーチャージ水位)[m] | 貯水率[%] | 洪水流入量[m3/s] | 流入量[m3/s] | 計画高水流量[m3/s] | 全放流量[m3/s]
Niigata,新潟県,正善寺ダム,2026-09-10T18:50,85.94,0.83,0.22,,,,80.9,,観測所名 | 最新観測時刻 | 平常時最高貯水位(常時満水位)[m] | 貯水位[m] | 洪水時最高水位(サーチャージ水位)[m] | 貯水率[%] | 洪水流入量[m3/s] | 流入量[m3/s] | 計画高水流量[m3/s] | 全放流量[m3/s]
Niigata,新潟県,破間川ダム,2026-09-10T18:50,431.12,5.59,6.79,,,,100.0,,観測所名 | 最新観測時刻 | 平常時最高貯水位(常時満水位)[m] | 貯水位[m] | 洪水時最高水位(サーチャージ水位)[m] | 貯水率[%] | 洪水流入量[m3/s] | 流入量[m3/s] | 計画高水流量[m3/s] | 全放流量[m3/s]
Niigata,新潟県,笠堀ダム,2026-09-10T18:50,192.42,6.78,7.89,,,,84.0,,観測所名 | 最新観測時刻 | 平常時最高貯水位(常時満水位)[m] | 貯水位[m] | 洪水時最高水位(サーチャージ水位)[m] | 貯水率[%] | 洪水流入量[m3/s] | 流入量[m3/s] | 計画高水流量[m3/s] | 全放流量[m3/s]
Niigata,新潟県,胎内川ダム,2026-09-10T18:50,287.37,6.41,7.72,,,,92.5,,観測所名 | 最新観測時刻 | 平常時最高貯水位(常時満水位)[m] | 貯水位[m] | 洪水時最高水位(サーチャージ水位)[m] | 貯水率[%] | 洪水流入量[m3/s] | 流入量[m3/s] | 計画高水流量[m3/s] | 全放流量[m3/s]
Niigata,新潟県,鯖石川ダム,2026-09-10T18:50,134.84,4.14,4.43,,,,94.3,,観測所名 | 最新観測時刻 | 平常時最高貯水位(常時満水位)[m] | 貯水位[m] | 洪水時最高水位(サーチャージ水位)[m] | 貯水率[%] | 洪水流入量[m3/s] | 流入量[m3/s] | 計画高水流量[m3/s] | 全放流量[m3/s]
Oita,大分県,北川ダム,2026-09-10T18:50,149.59,10.43,,0.0426,,,19.34,,管理者名 | 河川名 | 局名 | 所在地 | 最新観測時刻 | 貯水位 | 流入量 | 貯水量 | 貯水率 | 放流量
Oita,大分県,安岐ダム,2026-09-10T18:50,153.77,0.28,0.3,0.611,,,100.0,,管理者名 | 河川名 | 局名 | 所在地 | 最新観測時刻 | 貯水位 | 流入量 | 貯水量 | 貯水率 | 放流量
Oita,大分県,床木ダム,2026-09-10T18:50,88.74,0.48,0.49,0.91,,,100.0,,管理者名 | 河川名 | 局名 | 所在地 | 最新観測時刻 | 貯水位 | 流入量 | 貯水量 | 貯水率 | 放流量
Oita,大分県,玉来ダム,2026-09-10T18:50,350.75,5.25,,0.0001,,,5.25,,管理者名 | 河川名 | 局名 | 所在地 | 最新観測時刻 | 貯水位 | 流入量 | 貯水量 | 貯水率 | 放流量
Oita,大分県,稲葉ダム,2026-09-10T18:50,437.84,2.163,,0.1012,,,2.459,,管理者名 | 河川名 | 局名 | 所在地 | 最新観測時刻 | 貯水位 | 流入量 | 貯水量 | 貯水率 | 放流量
Oita,大分県,芹川ダム,2026-09-10T18:50,328.6,4.16,,0.0557,,,2.9,,管理者名 | 河川名 | 局名 | 所在地 | 最新観測時刻 | 貯水位 | 流入量 | 貯水量 | 貯水率 | 放流量
Oita,大分県,行入ダム,2026-09-10T18:50,122.82,0.0,0.1,0.497,,,49.5,,管理者名 | 河川名 | 局名 | 所在地 | 最新観測時刻 | 貯水位 | 流入量 | 貯水量 | 貯水率 | 放流量
Oita,大分県,野津ダム,2026-09-10T18:50,238.08,0.08,,0.1008,,,0.08,,管理者名 | 河川名 | 局名 | 所在地 | 最新観測時刻 | 貯水位 | 流入量 | 貯水量 | 貯水率 | 放流量
Oita,大分県,青江ダム,2026-09-10T18:50,64.16,0.089,0.096,0.459,,,100.0,,管理者名 | 河川名 | 局名 | 所在地 | 最新観測時刻 | 貯水位 | 流入量 | 貯水量 | 貯水率 | 放流量
Oita,大分県,黒沢ダム,2026-09-10T18:50,95.47,0.85,0.83,1.159,,,100.0,,管理者名 | 河川名 | 局名 | 所在地 | 最新観測時刻 | 貯水位 | 流入量 | 貯水量 | 貯水率 | 放流量
Tokushima,徳島県,宮川内ダム,2026-09-10T18:50,128.22,1.51,0.44,,,0.492,63.9,,管理者名 | 河川名 | 局名 | 所在地 | 最新観測時刻 | 貯水位 | 総貯水量 | 全流入量 | 全放流量 | 貯水率
Tokushima,徳島県,川口ダム,2026-09-10T18:50,94.15,142.9,,,,0.1429,,,管理者名 | 河川名 | 局名 | 所在地 | 最新観測時刻 | 貯水位 | 総貯水量 | 全流入量 | 全放流量 | 貯水率
Tokushima,徳島県,棚野ダム,2026-09-10T18:50,23.0,,,,,,,,管理者名 | 河川名 | 局名 | 所在地 | 最新観測時刻 | 貯水位 | 総貯水量 | 全流入量 | 全放流量 | 貯水率
Tokushima,徳島県,正木ダム,2026-09-10T18:50,166.3,19.5,20.7,,,5.034,66.8,,管理者名 | 河川名 | 局名 | 所在地 | 最新観測時刻 | 貯水位 | 総貯水量 | 全流入量 | 全放流量 | 貯水率
Tokushima,徳島県,池田ダム,2026-09-10T18:50,88.69,47.59,,,,0.04626,,,管理者名 | 河川名 | 局名 | 所在地 | 最新観測時刻 | 貯水位 | 総貯水量 | 全流入量 | 全放流量 | 貯水率
Tokushima,徳島県,福井ダム,2026-09-10T18:50,44.02,1.5,2.23,,,1.381,100.0,,管理者名 | 河川名 | 局名 | 所在地 | 最新観測時刻 | 貯水位 | 総貯水量 | 全流入量 | 全放流量 | 貯水率
Tokushima,徳島県,長安口ダム,2026-09-10T18:50,220.76,109.87,,,,0.09892,,,管理者名 | 河川名 | 局名 | 所在地 | 最新観測時刻 | 貯水位 | 総貯水量 | 全流入量 | 全放流量 | 貯水率
Yamagata,山形県,前川ダム,2026-09-10T18:50,257.35,0.1,0.1,1.541,,,90.6,,管理者名 | 河川名 | 局名 | 所在地 | 最新観測時刻 | 流入量 | 全放流量 | 貯水位 | 貯水量 | 貯水率
Yamagata,山形県,寒河江ダム,2026-09-10T18:50,385.75,14.89,23.54,52.269,,,94.4,,管理者名 | 河川名 | 局名 | 所在地 | 最新観測時刻 | 流入量 | 全放流量 | 貯水位 | 貯水量 | 貯水率
Yamagata,山形県,最上小国川流水型ダム,2026-09-10T18:50,277.17,5.35,5.35,0.002,,,0.0,,管理者名 | 河川名 | 局名 | 所在地 | 最新観測時刻 | 流入量 | 全放流量 | 貯水位 | 貯水量 | 貯水率
Yamagata,山形県,月光川ダム,2026-09-10T18:50,169.37,4.91,4.91,0.008,,,0.2,,管理者名 | 河川名 | 局名 | 所在地 | 最新観測時刻 | 流入量 | 全放流量 | 貯水位 | 貯水量 | 貯水率
Yamagata,山形県,月山ダム,2026-09-10T18:50,236.92,4.43,3.9,16.45,,,91.7,,管理者名 | 河川名 | 局名 | 所在地 | 最新観測時刻 | 流入量 | 全放流量 | 貯水位 | 貯水量 | 貯水率
Yamagata,山形県,木地山ダム,2026-09-10T18:50,470.4,5.45,6.9,1.057,,,19.9,,管理者名 | 河川名 | 局名 | 所在地 | 最新観測時刻 | 流入量 | 全放流量 | 貯水位 | 貯水量 | 貯水率
Yamagata,山形県,温海川ダム,2026-09-10T18:50,142.44,1.61,1.6,0.437,,,98.0,,管理者名 | 河川名 | 局名 | 所在地 | 最新観測時刻 | 流入量 | 全放流量 | 貯水位 | 貯水量 | 貯水率
Yamagata,山形県,田沢川ダム,2026-09-10T18:50,127.21,0.75,1.14,4.005,,,80.9,,管理者名 | 河川名 | 局名 | 所在地 | 最新観測時刻 | 流入量 | 全放流量 | 貯水位 | 貯水量 | 貯水率
Yamagata,山形県,留山川ダム,2026-09-10T18:50,300.21,0.46,0.52,0.352,,,100.0,,管理者名 | 河川名 | 局名 | 所在地 | 最新観測時刻 | 流入量 | 全放流量 | 貯水位 | 貯水量 | 貯水率
Yamagata,山形県,白川ダム,2026-09-10T18:50,319.69,15.99,15.98,6.673,,,67.4,,管理者名 | 河川名 | 局名 | 所在地 | 最新観測時刻 | 流入量 | 全放流量 | 貯水位 | 貯水量 | 貯水率
Yamagata,山形県,白水川ダム,2026-09-10T18:50,357.6,0.45,0.45,2.521,,,97.0,,管理者名 | 河川名 | 局名 | 所在地 | 最新観測時刻 | 流入量 | 全放流量 | 貯水位 | 貯水量 | 貯水率
Yamagata,山形県,神室ダム,2026-09-10T18:50,381.17,1.0,0.99,2.529,,,77.2,,管理者名 | 河川名 | 局名 | 所在地 | 最新観測時刻 | 流入量 | 全放流量 | 貯水位 | 貯水量 | 貯水率
Yamagata,山形県,綱木川ダム,2026-09-10T18:50,456.46,3.6,3.56,3.622,,,100.0,,管理者名 | 河川名 | 局名 | 所在地 | 最新観測時刻 | 流入量 | 全放流量 | 貯水位 | 貯水量 | 貯水率
Yamagata,山形県,荒沢ダム,2026-09-10T18:50,237.31,11.01,13.62,5.693,,,33.0,,管理者名 | 河川名 | 局名 | 所在地 | 最新観測時刻 | 流入量 | 全放流量 | 貯水位 | 貯水量 | 貯水率
Yamagata,山形県,蔵王ダム,2026-09-10T18:50,592.67,2.29,1.8,1.842,,,86.9,,管理者名 | 河川名 | 局名 | 所在地 | 最新観測時刻 | 流入量 | 全放流量 | 貯水位 | 貯水量 | 貯水率
Yamagata,山形県,長井ダム,2026-09-10T18:50,365.62,10.77,11.49,20.687,,,93.7,,管理者名 | 河川名 | 局名 | 所在地 | 最新観測時刻 | 流入量 | 全放流量 | 貯水位 | 貯水量 | 貯水率
Yamagata,山形県,高坂ダム,2026-09-10T18:50,181.92,6.09,7.32,0.617,,,18.7,,管理者名 | 河川名 | 局名 | 所在地 | 最新観測時刻 | 流入量 | 全放流量 | 貯水位 | 貯水量 | 貯水率
Aomori,青森県,下湯ダム,2026-09-10T23:00,263.69,0.73,1.59,,,,,,管理者名 | 河川名 | 局名 | 所在地 | 最新観測時刻 | 流入量 | 全放流量 | 貯水位 | 平常時最高水位 | 洪水貯留準備水位 | 洪水量(※)
Aomori,青森県,世増ダム,2026-09-10T23:10,94.77,9.07,9.5,,,,,,管理者名 | 河川名 | 局名 | 所在地 | 最新観測時刻 | 流入量 | 全放流量 | 貯水位 | 平常時最高水位 | 洪水貯留準備水位 | 洪水量(※)
Aomori,青森県,久吉ダム,2026-09-10T23:10,276.68,0.87,0.87,,,,,,管理者名 | 河川名 | 局名 | 所在地 | 最新観測時刻 | 流入量 | 全放流量 | 貯水位 | 平常時最高水位 | 洪水貯留準備水位 | 洪水量(※)
Aomori,青森県,小泊ダム,2026-09-10T23:10,67.6,0.05,0.05,,,,,,管理者名 | 河川名 | 局名 | 所在地 | 最新観測時刻 | 流入量 | 全放流量 | 貯水位 | 平常時最高水位 | 洪水貯留準備水位 | 洪水量(※)
Aomori,青森県,川内ダム,2026-09-10T23:10,178.77,1.58,1.58,,,,,,管理者名 | 河川名 | 局名 | 所在地 | 最新観測時刻 | 流入量 | 全放流量 | 貯水位 | 平常時最高水位 | 洪水貯留準備水位 | 洪水量(※)
Aomori,青森県,津軽ダム,2026-09-10T23:10,196.41,6.78,14.55,,,,,,管理者名 | 河川名 | 局名 | 所在地 | 最新観測時刻 | 流入量 | 全放流量 | 貯水位 | 平常時最高水位 | 洪水貯留準備水位 | 洪水量(※)
Aomori,青森県,浅瀬石川ダム,2026-09-10T23:10,184.87,10.92,12.0,,,,,,管理者名 | 河川名 | 局名 | 所在地 | 最新観測時刻 | 流入量 | 全放流量 | 貯水位 | 平常時最高水位 | 洪水貯留準備水位 | 洪水量(※)
Aomori,青森県,浅虫ダム,2026-09-10T23:10,13.98,0.04,0.04,,,,,,管理者名 | 河川名 | 局名 | 所在地 | 最新観測時刻 | 流入量 | 全放流量 | 貯水位 | 平常時最高水位 | 洪水貯留準備水位 | 洪水量(※)
Aomori,青森県,清水目ダム,2026-09-10T23:10,108.06,0.5,0.6,,,,,,管理者名 | 河川名 | 局名 | 所在地 | 最新観測時刻 | 流入量 | 全放流量 | 貯水位 | 平常時最高水位 | 洪水貯留準備水位 | 洪水量(※)
Aomori,青森県,飯詰ダム,2026-09-10T23:10,70.52,0.21,0.21,,,,,,管理者名 | 河川名 | 局名 | 所在地 | 最新観測時刻 | 流入量 | 全放流量 | 貯水位 | 平常時最高水位 | 洪水貯留準備水位 | 洪水量(※)
Fukui,福井県,九頭竜ダム,2026-09-10T23:00,541.17,0.01,,,0.03143,,,31.5,局名 | 所在地 | 最新観測時刻 | 貯水率(利水容量) | 貯水位 | 有効貯水量 | 流入量 | 放流量 | 管理者名
Fukui,福井県,二ツ屋ダム,2026-09-10T23:10,349.77,2.1,2.1,,0.214,,,101.1,局名 | 所在地 | 最新観測時刻 | 貯水率(利水容量) | 貯水位 | 有効貯水量 | 流入量 | 放流量 | 管理者名
Fukui,福井県,吉野瀬川ダム,2026-09-10T23:00,100.27,1.04,1.74,,1.27,,,100.0,局名 | 所在地 | 最新観測時刻 | 貯水率(利水容量) | 貯水位 | 有効貯水量 | 流入量 | 放流量 | 管理者名
Fukui,福井県,大津呂ダム,2026-09-10T23:10,84.15,0.06,0.03,,0.111,,,41.0,局名 | 所在地 | 最新観測時刻 | 貯水率(利水容量) | 貯水位 | 有効貯水量 | 流入量 | 放流量 | 管理者名
Fukui,福井県,広野ダム,2026-09-10T23:00,294.36,2.2,1.58,,1.366,,,34.2,局名 | 所在地 | 最新観測時刻 | 貯水率(利水容量) | 貯水位 | 有効貯水量 | 流入量 | 放流量 | 管理者名
Fukui,福井県,桝谷ダム,2026-09-10T23:10,299.18,0.57,0.12,,3.493,,,17.5,局名 | 所在地 | 最新観測時刻 | 貯水率(利水容量) | 貯水位 | 有効貯水量 | 流入量 | 放流量 | 管理者名
Fukui,福井県,永平寺ダム,2026-09-10T23:10,319.91,0.43,0.43,,0.444,,,100.91,局名 | 所在地 | 最新観測時刻 | 貯水率(利水容量) | 貯水位 | 有効貯水量 | 流入量 | 放流量 | 管理者名
Fukui,福井県,河内川ダム,2026-09-10T23:10,183.94,0.87,0.32,,2.948,,,63.4,局名 | 所在地 | 最新観測時刻 | 貯水率(利水容量) | 貯水位 | 有効貯水量 | 流入量 | 放流量 | 管理者名
Fukui,福井県,浄土寺川ダム,2026-09-10T23:10,344.56,0.85,0.487,,0.772,,,100.0,局名 | 所在地 | 最新観測時刻 | 貯水率(利水容量) | 貯水位 | 有効貯水量 | 流入量 | 放流量 | 管理者名
Fukui,福井県,真名川ダム,2026-09-10T23:00,336.08,3.5,,,0.00939,,,77.7,局名 | 所在地 | 最新観測時刻 | 貯水率(利水容量) | 貯水位 | 有効貯水量 | 流入量 | 放流量 | 管理者名
Fukui,福井県,笹生川ダム,2026-09-10T23:10,514.99,7.27,3.01,,23.623,,,57.67,局名 | 所在地 | 最新観測時刻 | 貯水率(利水容量) | 貯水位 | 有効貯水量 | 流入量 | 放流量 | 管理者名
Fukui,福井県,開谷ダム,2026-09-10T23:10,121.11,,,,0.068,,,67.3,局名 | 所在地 | 最新観測時刻 | 貯水率(利水容量) | 貯水位 | 有効貯水量 | 流入量 | 放流量 | 管理者名
Fukui,福井県,龍ヶ鼻ダム,2026-09-10T23:00,173.03,3.02,3.02,,4.026,,,85.26,局名 | 所在地 | 最新観測時刻 | 貯水率(利水容量) | 貯水位 | 有効貯水量 | 流入量 | 放流量 | 管理者名
Miyazaki,宮崎県,岩瀬ダム,2026-09-10T23:10,20.87,0.0,,,,,,,河川名 | 局名 | 所在地 | 状態 | 最新観測時刻 | 貯水位 | 流入量 | 全放流量
Miyazaki,宮崎県,広渡ダム,2026-09-10T23:10,7.93,8.02,,,,,,,河川名 | 局名 | 所在地 | 状態 | 最新観測時刻 | 貯水位 | 流入量 | 全放流量
Miyazaki,宮崎県,日南ダム,2026-09-10T23:10,5.57,5.58,,,,,,,河川名 | 局名 | 所在地 | 状態 | 最新観測時刻 | 貯水位 | 流入量 | 全放流量
Miyazaki,宮崎県,松尾ダム,2026-09-10T23:10,18.08,35.6,,,,,,,河川名 | 局名 | 所在地 | 状態 | 最新観測時刻 | 貯水位 | 流入量 | 全放流量
Miyazaki,宮崎県,沖田ダム,2026-09-10T23:10,0.5,0.49,,,,,,,河川名 | 局名 | 所在地 | 状態 | 最新観測時刻 | 貯水位 | 流入量 | 全放流量
Miyazaki,宮崎県,渡川ダム,2026-09-10T23:10,6.2,7.23,,,,,,,河川名 | 局名 | 所在地 | 状態 | 最新観測時刻 | 貯水位 | 流入量 | 全放流量
Miyazaki,宮崎県,瓜田ダム,2026-09-10T23:10,0.24,0.16,,,,,,,河川名 | 局名 | 所在地 | 状態 | 最新観測時刻 | 貯水位 | 流入量 | 全放流量
Miyazaki,宮崎県,田代八重ダム,2026-09-10T23:10,5.92,14.0,,,,,,,河川名 | 局名 | 所在地 | 状態 | 最新観測時刻 | 貯水位 | 流入量 | 全放流量
Miyazaki,宮崎県,祝子ダム,2026-09-10T23:10,4.3,4.57,,,,,,,河川名 | 局名 | 所在地 | 状態 | 最新観測時刻 | 貯水位 | 流入量 | 全放流量
Miyazaki,宮崎県,立花ダム,2026-09-10T23:10,4.29,6.63,,,,,,,河川名 | 局名 | 所在地 | 状態 | 最新観測時刻 | 貯水位 | 流入量 | 全放流量
Miyazaki,宮崎県,綾北ダム,2026-09-10T23:10,14.56,10.92,,,,,,,河川名 | 局名 | 所在地 | 状態 | 最新観測時刻 | 貯水位 | 流入量 | 全放流量
Miyazaki,宮崎県,綾南ダム,2026-09-10T23:10,4.1,10.08,,,,,,,河川名 | 局名 | 所在地 | 状態 | 最新観測時刻 | 貯水位 | 流入量 | 全放流量
Miyazaki,宮崎県,長谷ダム,2026-09-10T23:10,3.68,3.64,,,,,,,河川名 | 局名 | 所在地 | 状態 | 最新観測時刻 | 貯水位 | 流入量 | 全放流量
Nara,奈良県,初瀬ダム,2026-09-10T23:10,220.58,0.73,0.23,,,,,,管理者名 | 河川名 | 局名 | 所在地 | 最新観測時刻 | 貯水位 | 貯水容量 | 空容量 | 全流入量 | 放流量
Nara,奈良県,大門ダム,2026-09-10T23:10,262.67,0.0,0.0,,,,,,管理者名 | 河川名 | 局名 | 所在地 | 最新観測時刻 | 貯水位 | 貯水容量 | 空容量 | 全流入量 | 放流量
Nara,奈良県,天理ダム,2026-09-10T23:10,253.19,0.21,0.21,,,,,,管理者名 | 河川名 | 局名 | 所在地 | 最新観測時刻 | 貯水位 | 貯水容量 | 空容量 | 全流入量 | 放流量
Nara,奈良県,岩井川ダム,2026-09-10T23:10,240.56,0.07,0.07,,,,,,管理者名 | 河川名 | 局名 | 所在地 | 最新観測時刻 | 貯水位 | 貯水容量 | 空容量 | 全流入量 | 放流量
Nara,奈良県,白川ダム,2026-09-10T23:10,111.27,0.15,0.0,,,,,,管理者名 | 河川名 | 局名 | 所在地 | 最新観測時刻 | 貯水位 | 貯水容量 | 空容量 | 全流入量 | 放流量
Niigata,新潟県,三面ダム,2026-09-10T23:00,116.08,42.6,15.66,,,,93.8,,観測所名 | 最新観測時刻 | 平常時最高貯水位(常時満水位)[m] | 貯水位[m] | 洪水時最高水位(サーチャージ水位)[m] | 貯水率[%] | 洪水流入量[m3/s] | 流入量[m3/s] | 計画高水流量[m3/s] | 全放流量[m3/s]
Niigata,新潟県,下条川ダム,2026-09-10T23:00,31.24,110.0,,,,,8.7,,観測所名 | 最新観測時刻 | 平常時最高貯水位(常時満水位)[m] | 貯水位[m] | 洪水時最高水位(サーチャージ水位)[m] | 貯水率[%] | 洪水流入量[m3/s] | 流入量[m3/s] | 計画高水流量[m3/s] | 全放流量[m3/s]
Niigata,新潟県,久知川ダム,2026-09-10T23:00,124.01,0.27,0.39,,,,100.0,,観測所名 | 最新観測時刻 | 平常時最高貯水位(常時満水位)[m] | 貯水位[m] | 洪水時最高水位(サーチャージ水位)[m] | 貯水率[%] | 洪水流入量[m3/s] | 流入量[m3/s] | 計画高水流量[m3/s] | 全放流量[m3/s]
Niigata,新潟県,内の倉ダム,2026-09-10T23:00,147.85,2.48,2.47,,,,41.1,,観測所名 | 最新観測時刻 | 平常時最高貯水位(常時満水位)[m] | 貯水位[m] | 洪水時最高水位(サーチャージ水位)[m] | 貯水率[%] | 洪水流入量[m3/s] | 流入量[m3/s] | 計画高水流量[m3/s] | 全放流量[m3/s]
Niigata,新潟県,刈谷田川ダム,2026-09-10T23:00,239.37,1.69,1.43,,,,99.1,,観測所名 | 最新観測時刻 | 平常時最高貯水位(常時満水位)[m] | 貯水位[m] | 洪水時最高水位(サーチャージ水位)[m] | 貯水率[%] | 洪水流入量[m3/s] | 流入量[m3/s] | 計画高水流量[m3/s] | 全放流量[m3/s]
Niigata,新潟県,加治川治水ダム,2026-09-10T23:00,272.16,3.97,6.27,,,,,,観測所名 | 最新観測時刻 | 平常時最高貯水位(常時満水位)[m] | 貯水位[m] | 洪水時最高水位(サーチャージ水位)[m] | 貯水率[%] | 洪水流入量[m3/s] | 流入量[m3/s] | 計画高水流量[m3/s] | 全放流量[m3/s]
Niigata,新潟県,城川ダム,2026-09-10T23:00,271.59,0.37,0.37,,,,100.0,,観測所名 | 最新観測時刻 | 平常時最高貯水位(常時満水位)[m] | 貯水位[m] | 洪水時最高水位(サーチャージ水位)[m] | 貯水率[%] | 洪水流入量[m3/s] | 流入量[m3/s] | 計画高水流量[m3/s] | 全放流量[m3/s]
Niigata,新潟県,大谷ダム,2026-09-10T23:00,191.72,1.88,1.9,,,,100.0,,観測所名 | 最新観測時刻 | 平常時最高貯水位(常時満水位)[m] | 貯水位[m] | 洪水時最高水位(サーチャージ水位)[m] | 貯水率[%] | 洪水流入量[m3/s] | 流入量[m3/s] | 計画高水流量[m3/s] | 全放流量[m3/s]
Niigata,新潟県,大野川ダム,2026-09-10T23:00,142.99,0.16,0.59,,,,100.0,,観測所名 | 最新観測時刻 | 平常時最高貯水位(常時満水位)[m] | 貯水位[m] | 洪水時最高水位(サーチャージ水位)[m] | 貯水率[%] | 洪水流入量[m3/s] | 流入量[m3/s] | 計画高水流量[m3/s] | 全放流量[m3/s]
Niigata,新潟県,奥三面ダム,2026-09-10T23:00,211.4,10.01,38.62,,,,78.9,,観測所名 | 最新観測時刻 | 平常時最高貯水位(常時満水位)[m] | 貯水位[m] | 洪水時最高水位(サーチャージ水位)[m] | 貯水率[%] | 洪水流入量[m3/s] | 流入量[m3/s] | 計画高水流量[m3/s] | 全放流量[m3/s]
Niigata,新潟県,奥胎内ダム,2026-09-10T23:00,383.99,2.61,1.87,,,,,,観測所名 | 最新観測時刻 | 平常時最高貯水位(常時満水位)[m] | 貯水位[m] | 洪水時最高水位(サーチャージ水位)[m] | 貯水率[%] | 洪水流入量[m3/s] | 流入量[m3/s] | 計画高水流量[m3/s] | 全放流量[m3/s]
Niigata,新潟県,広神ダム,2026-09-10T23:10,214.26,2.51,3.3,,,,100.0,,観測所名 | 最新観測時刻 | 平常時最高貯水位(常時満水位)[m] | 貯水位[m] | 洪水時最高水位(サーチャージ水位)[m] | 貯水率[%] | 洪水流入量[m3/s] | 流入量[m3/s] | 計画高水流量[m3/s] | 全放流量[m3/s]
Niigata,新潟県,新保川ダム,2026-09-10T23:00,160.44,0.41,0.41,,,,100.0,,観測所名 | 最新観測時刻 | 平常時最高貯水位(常時満水位)[m] | 貯水位[m] | 洪水時最高水位(サーチャージ水位)[m] | 貯水率[%] | 洪水流入量[m3/s] | 流入量[m3/s] | 計画高水流量[m3/s] | 全放流量[m3/s]
Niigata,新潟県,早出川ダム,2026-09-10T23:00,163.66,2.09,5.87,,,,75.4,,観測所名 | 最新観測時刻 | 平常時最高貯水位(常時満水位)[m] | 貯水位[m] | 洪水時最高水位(サーチャージ水位)[m] | 貯水率[%] | 洪水流入量[m3/s] | 流入量[m3/s] | 計画高水流量[m3/s] | 全放流量[m3/s]
Niigata,新潟県,柿崎川ダム,2026-09-10T23:00,120.93,0.87,0.87,,,,100.0,,観測所名 | 最新観測時刻 | 平常時最高貯水位(常時満水位)[m] | 貯水位[m] | 洪水時最高水位(サーチャージ水位)[m] | 貯水率[%] | 洪水流入量[m3/s] | 流入量[m3/s] | 計画高水流量[m3/s] | 全放流量[m3/s]
Niigata,新潟県,正善寺ダム,2026-09-10T23:00,85.96,0.49,0.23,,,,81.1,,観測所名 | 最新観測時刻 | 平常時最高貯水位(常時満水位)[m] | 貯水位[m] | 洪水時最高水位(サーチャージ水位)[m] | 貯水率[%] | 洪水流入量[m3/s] | 流入量[m3/s] | 計画高水流量[m3/s] | 全放流量[m3/s]
Niigata,新潟県,破間川ダム,2026-09-10T23:10,431.03,5.2,6.65,,,,100.0,,観測所名 | 最新観測時刻 | 平常時最高貯水位(常時満水位)[m] | 貯水位[m] | 洪水時最高水位(サーチャージ水位)[m] | 貯水率[%] | 洪水流入量[m3/s] | 流入量[m3/s] | 計画高水流量[m3/s] | 全放流量[m3/s]
Niigata,新潟県,笠堀ダム,2026-09-10T23:00,192.35,5.39,7.88,,,,83.4,,観測所名 | 最新観測時刻 | 平常時最高貯水位(常時満水位)[m] | 貯水位[m] | 洪水時最高水位(サーチャージ水位)[m] | 貯水率[%] | 洪水流入量[m3/s] | 流入量[m3/s] | 計画高水流量[m3/s] | 全放流量[m3/s]
Niigata,新潟県,胎内川ダム,2026-09-10T23:00,287.31,6.34,7.71,,,,91.8,,観測所名 | 最新観測時刻 | 平常時最高貯水位(常時満水位)[m] | 貯水位[m] | 洪水時最高水位(サーチャージ水位)[m] | 貯水率[%] | 洪水流入量[m3/s] | 流入量[m3/s] | 計画高水流量[m3/s] | 全放流量[m3/s]
Niigata,新潟県,鯖石川ダム,2026-09-10T23:00,134.84,3.77,3.39,,,,94.3,,観測所名 | 最新観測時刻 | 平常時最高貯水位(常時満水位)[m] | 貯水位[m] | 洪水時最高水位(サーチャージ水位)[m] | 貯水率[%] | 洪水流入量[m3/s] | 流入量[m3/s] | 計画高水流量[m3/s] | 全放流量[m3/s]
Oita,大分県,北川ダム,2026-09-10T23:10,149.47,10.25,,0.0422,,,19.07,,管理者名 | 河川名 | 局名 | 所在地 | 最新観測時刻 | 貯水位 | 流入量 | 貯水量 | 貯水率 | 放流量
Oita,大分県,安岐ダム,2026-09-10T23:10,153.77,0.28,0.3,0.611,,,100.0,,管理者名 | 河川名 | 局名 | 所在地 | 最新観測時刻 | 貯水位 | 流入量 | 貯水量 | 貯水率 | 放流量
Oita,大分県,床木ダム,2026-09-10T23:00,88.73,0.45,0.46,0.909,,,100.0,,管理者名 | 河川名 | 局名 | 所在地 | 最新観測時刻 | 貯水位 | 流入量 | 貯水量 | 貯水率 | 放流量
Oita,大分県,玉来ダム,2026-09-10T23:00,350.75,5.25,,0.0001,,,5.25,,管理者名 | 河川名 | 局名 | 所在地 | 最新観測時刻 | 貯水位 | 流入量 | 貯水量 | 貯水率 | 放流量
Oita,大分県,稲葉ダム,2026-09-10T23:10,437.83,2.28,,0.1009,,,2.049,,管理者名 | 河川名 | 局名 | 所在地 | 最新観測時刻 | 貯水位 | 流入量 | 貯水量 | 貯水率 | 放流量
Oita,大分県,芹川ダム,2026-09-10T23:10,328.62,4.06,,0.0558,,,2.9,,管理者名 | 河川名 | 局名 | 所在地 | 最新観測時刻 | 貯水位 | 流入量 | 貯水量 | 貯水率 | 放流量
Oita,大分県,行入ダム,2026-09-10T23:10,122.8,0.0,0.1,0.496,,,49.4,,管理者名 | 河川名 | 局名 | 所在地 | 最新観測時刻 | 貯水位 | 流入量 | 貯水量 | 貯水率 | 放流量
Oita,大分県,野津ダム,2026-09-10T23:10,238.08,0.08,,0.1008,,,0.08,,管理者名 | 河川名 | 局名 | 所在地 | 最新観測時刻 | 貯水位 | 流入量 | 貯水量 | 貯水率 | 放流量
Oita,大分県,青江ダム,2026-09-10T23:10,64.16,0.089,0.096,0.459,,,100.0,,管理者名 | 河川名 | 局名 | 所在地 | 最新観測時刻 | 貯水位 | 流入量 | 貯水量 | 貯水率 | 放流量
Oita,大分県,黒沢ダム,2026-09-10T23:10,95.46,0.8,0.79,1.158,,,100.0,,管理者名 | 河川名 | 局名 | 所在地 | 最新観測時刻 | 貯水位 | 流入量 | 貯水量 | 貯水率 | 放流量
Tokushima,徳島県,宮川内ダム,2026-09-10T23:00,128.35,1.24,0.44,,,0.502,65.19,,管理者名 | 河川名 | 局名 | 所在地 | 最新観測時刻 | 貯水位 | 総貯水量 | 全流入量 | 全放流量 | 貯水率
Tokushima,徳島県,川口ダム,2026-09-10T23:00,94.2,112.5,,,,0.1125,,,管理者名 | 河川名 | 局名 | 所在地 | 最新観測時刻 | 貯水位 | 総貯水量 | 全流入量 | 全放流量 | 貯水率
Tokushima,徳島県,棚野ダム,2026-09-10T23:00,23.0,,,,,,,,管理者名 | 河川名 | 局名 | 所在地 | 最新観測時刻 | 貯水位 | 総貯水量 | 全流入量 | 全放流量 | 貯水率
Tokushima,徳島県,正木ダム,2026-09-10T23:00,166.3,22.5,20.4,,,5.034,66.8,,管理者名 | 河川名 | 局名 | 所在地 | 最新観測時刻 | 貯水位 | 総貯水量 | 全流入量 | 全放流量 | 貯水率
Tokushima,徳島県,池田ダム,2026-09-10T23:00,88.69,46.21,,,,0.04614,,,管理者名 | 河川名 | 局名 | 所在地 | 最新観測時刻 | 貯水位 | 総貯水量 | 全流入量 | 全放流量 | 貯水率
Tokushima,徳島県,福井ダム,2026-09-10T23:00,43.97,1.53,1.93,,,1.372,100.0,,管理者名 | 河川名 | 局名 | 所在地 | 最新観測時刻 | 貯水位 | 総貯水量 | 全流入量 | 全放流量 | 貯水率
Tokushima,徳島県,長安口ダム,2026-09-10T23:00,220.91,80.88,,,,0.1029,,,管理者名 | 河川名 | 局名 | 所在地 | 最新観測時刻 | 貯水位 | 総貯水量 | 全流入量 | 全放流量 | 貯水率
Yamagata,山形県,前川ダム,2026-09-10T23:10,257.36,0.78,0.1,1.543,,,90.8,,管理者名 | 河川名 | 局名 | 所在地 | 最新観測時刻 | 流入量 | 全放流量 | 貯水位 | 貯水量 | 貯水率
Yamagata,山形県,寒河江ダム,2026-09-10T23:10,385.75,14.36,0.86,52.269,,,94.4,,管理者名 | 河川名 | 局名 | 所在地 | 最新観測時刻 | 流入量 | 全放流量 | 貯水位 | 貯水量 | 貯水率
Yamagata,山形県,最上小国川流水型ダム,2026-09-10T23:10,277.16,5.18,5.18,0.002,,,0.0,,管理者名 | 河川名 | 局名 | 所在地 | 最新観測時刻 | 流入量 | 全放流量 | 貯水位 | 貯水量 | 貯水率
Yamagata,山形県,月光川ダム,2026-09-10T23:10,169.37,4.91,4.91,0.008,,,0.2,,管理者名 | 河川名 | 局名 | 所在地 | 最新観測時刻 | 流入量 | 全放流量 | 貯水位 | 貯水量 | 貯水率
Yamagata,山形県,月山ダム,2026-09-10T23:00,236.92,4.43,3.9,16.45,,,91.7,,管理者名 | 河川名 | 局名 | 所在地 | 最新観測時刻 | 流入量 | 全放流量 | 貯水位 | 貯水量 | 貯水率
Yamagata,山形県,木地山ダム,2026-09-10T23:00,470.31,5.63,6.9,1.036,,,19.5,,管理者名 | 河川名 | 局名 | 所在地 | 最新観測時刻 | 流入量 | 全放流量 | 貯水位 | 貯水量 | 貯水率
Yamagata,山形県,温海川ダム,2026-09-10T23:10,142.43,1.36,1.36,0.435,,,97.7,,管理者名 | 河川名 | 局名 | 所在地 | 最新観測時刻 | 流入量 | 全放流量 | 貯水位 | 貯水量 | 貯水率
Yamagata,山形県,田沢川ダム,2026-09-10T23:00,127.18,0.51,1.13,3.998,,,80.8,,管理者名 | 河川名 | 局名 | 所在地 | 最新観測時刻 | 流入量 | 全放流量 | 貯水位 | 貯水量 | 貯水率
Yamagata,山形県,留山川ダム,2026-09-10T23:10,300.19,0.41,0.47,0.351,,,100.0,,管理者名 | 河川名 | 局名 | 所在地 | 最新観測時刻 | 流入量 | 全放流量 | 貯水位 | 貯水量 | 貯水率
Yamagata,山形県,白川ダム,2026-09-10T23:10,319.67,13.62,16.62,6.652,,,67.2,,管理者名 | 河川名 | 局名 | 所在地 | 最新観測時刻 | 流入量 | 全放流量 | 貯水位 | 貯水量 | 貯水率
Yamagata,山形県,白水川ダム,2026-09-10T23:00,357.6,0.45,0.45,2.521,,,97.0,,管理者名 | 河川名 | 局名 | 所在地 | 最新観測時刻 | 流入量 | 全放流量 | 貯水位 | 貯水量 | 貯水率
Yamagata,山形県,神室ダム,2026-09-10T23:00,381.15,0.24,1.0,2.524,,,77.1,,管理者名 | 河川名 | 局名 | 所在地 | 最新観測時刻 | 流入量 | 全放流量 | 貯水位 | 貯水量 | 貯水率
Yamagata,山形県,綱木川ダム,2026-09-10T23:00,456.45,3.28,3.49,3.619,,,100.0,,管理者名 | 河川名 | 局名 | 所在地 | 最新観測時刻 | 流入量 | 全放流量 | 貯水位 | 貯水量 | 貯水率
Yamagata,山形県,荒沢ダム,2026-09-10T23:00,237.26,10.4,13.6,5.642,,,32.7,,管理者名 | 河川名 | 局名 | 所在地 | 最新観測時刻 | 流入量 | 全放流量 | 貯水位 | 貯水量 | 貯水率
Yamagata,山形県,蔵王ダム,2026-09-10T23:00,592.74,2.54,1.8,1.852,,,87.4,,管理者名 | 河川名 | 局名 | 所在地 | 最新観測時刻 | 流入量 | 全放流量 | 貯水位 | 貯水量 | 貯水率
Yamagata,山形県,長井ダム,2026-09-10T23:10,365.58,11.22,11.49,20.655,,,93.6,,管理者名 | 河川名 | 局名 | 所在地 | 最新観測時刻 | 流入量 | 全放流量 | 貯水位 | 貯水量 | 貯水率
Yamagata,山形県,高坂ダム,2026-09-10T23:10,181.85,5.46,7.35,0.593,,,18.0,,管理者名 | 河川名 | 局名 | 所在地 | 最新観測時刻 | 流入量 | 全放流量 | 貯水位 | 貯水量 | 貯水率
Aomori,青森県,下湯ダム,2026-09-11T02:40,263.69,1.58,1.57,,,,,,管理者名 | 河川名 | 局名 | 所在地 | 最新観測時刻 | 流入量 | 全放流量 | 貯水位 | 平常時最高水位 | 洪水貯留準備水位 | 洪水量(※)
Aomori,青森県,世増ダム,2026-09-11T02:40,94.76,8.25,9.46,,,,,,管理者名 | 河川名 | 局名 | 所在地 | 最新観測時刻 | 流入量 | 全放流量 | 貯水位 | 平常時最高水位 | 洪水貯留準備水位 | 洪水量(※)
Aomori,青森県,久吉ダム,2026-09-11T02:40,276.67,0.84,0.84,,,,,,管理者名 | 河川名 | 局名 | 所在地 | 最新観測時刻 | 流入量 | 全放流量 | 貯水位 | 平常時最高水位 | 洪水貯留準備水位 | 洪水量(※)
Aomori,青森県,小泊ダム,2026-09-11T02:40,67.6,0.05,0.05,,,,,,管理者名 | 河川名 | 局名 | 所在地 | 最新観測時刻 | 流入量 | 全放流量 | 貯水位 | 平常時最高水位 | 洪水貯留準備水位 | 洪水量(※)
Aomori,青森県,川内ダム,2026-09-11T02:40,178.75,1.02,1.51,,,,,,管理者名 | 河川名 | 局名 | 所在地 | 最新観測時刻 | 流入量 | 全放流量 | 貯水位 | 平常時最高水位 | 洪水貯留準備水位 | 洪水量(※)
Aomori,青森県,津軽ダム,2026-09-11T02:40,196.37,6.78,14.51,,,,,,管理者名 | 河川名 | 局名 | 所在地 | 最新観測時刻 | 流入量 | 全放流量 | 貯水位 | 平常時最高水位 | 洪水貯留準備水位 | 洪水量(※)
Aomori,青森県,浅瀬石川ダム,2026-09-11T02:40,184.86,8.42,11.99,,,,,,管理者名 | 河川名 | 局名 | 所在地 | 最新観測時刻 | 流入量 | 全放流量 | 貯水位 | 平常時最高水位 | 洪水貯留準備水位 | 洪水量(※)
Aomori,青森県,浅虫ダム,2026-09-11T02:40,13.98,0.04,0.04,,,,,,管理者名 | 河川名 | 局名 | 所在地 | 最新観測時刻 | 流入量 | 全放流量 | 貯水位 | 平常時最高水位 | 洪水貯留準備水位 | 洪水量(※)
Aomori,青森県,清水目ダム,2026-09-11T02:40,108.06,0.5,0.6,,,,,,管理者名 | 河川名 | 局名 | 所在地 | 最新観測時刻 | 流入量 | 全放流量 | 貯水位 | 平常時最高水位 | 洪水貯留準備水位 | 洪水量(※)
Aomori,青森県,飯詰ダム,2026-09-11T02:40,70.53,0.57,0.21,,,,,,管理者名 | 河川名 | 局名 | 所在地 | 最新観測時刻 | 流入量 | 全放流量 | 貯水位 | 平常時最高水位 | 洪水貯留準備水位 | 洪水量(※)
Fukui,福井県,九頭竜ダム,2026-09-11T02:40,541.23,0.01,,,0.02672,,,31.7,局名 | 所在地 | 最新観測時刻 | 貯水率(利水容量) | 貯水位 | 有効貯水量 | 流入量 | 放流量 | 管理者名
Fukui,福井県,二ツ屋ダム,2026-09-11T02:40,349.77,2.1,2.1,,0.214,,,101.1,局名 | 所在地 | 最新観測時刻 | 貯水率(利水容量) | 貯水位 | 有効貯水量 | 流入量 | 放流量 | 管理者名
Fukui,福井県,吉野瀬川ダム,2026-09-11T02:40,100.23,0.98,1.62,,1.259,,,100.0,局名 | 所在地 | 最新観測時刻 | 貯水率(利水容量) | 貯水位 | 有効貯水量 | 流入量 | 放流量 | 管理者名
Fukui,福井県,大津呂ダム,2026-09-11T02:40,84.18,0.06,0.02,,0.112,,,41.2,局名 | 所在地 | 最新観測時刻 | 貯水率(利水容量) | 貯水位 | 有効貯水量 | 流入量 | 放流量 | 管理者名
Fukui,福井県,広野ダム,2026-09-11T02:40,294.39,2.21,1.56,,1.373,,,34.4,局名 | 所在地 | 最新観測時刻 | 貯水率(利水容量) | 貯水位 | 有効貯水量 | 流入量 | 放流量 | 管理者名
Fukui,福井県,桝谷ダム,2026-09-11T02:40,299.19,0.12,0.12,,3.495,,,17.5,局名 | 所在地 | 最新観測時刻 | 貯水率(利水容量) | 貯水位 | 有効貯水量 | 流入量 | 放流量 | 管理者名
Fukui,福井県,永平寺ダム,2026-09-11T02:40,319.9,0.4,0.4,,0.444,,,100.91,局名 | 所在地 | 最新観測時刻 | 貯水率(利水容量) | 貯水位 | 有効貯水量 | 流入量 | 放流量 | 管理者名
Fukui,福井県,河内川ダム,2026-09-11T02:40,183.97,0.84,0.32,,2.955,,,63.5,局名 | 所在地 | 最新観測時刻 | 貯水率(利水容量) | 貯水位 | 有効貯水量 | 流入量 | 放流量 | 管理者名
Fukui,福井県,浄土寺川ダム,2026-09-11T02:40,344.57,0.929,1.286,,0.772,,,100.0,局名 | 所在地 | 最新観測時刻 | 貯水率(利水容量) | 貯水位 | 有効貯水量 | 流入量 | 放流量 | 管理者名
Fukui,福井県,真名川ダム,2026-09-11T02:40,336.15,3.64,,,0.00941,,,78.9,局名 | 所在地 | 最新観測時刻 | 貯水率(利水容量) | 貯水位 | 有効貯水量 | 流入量 | 放流量 | 管理者名
Fukui,福井県,笹生川ダム,2026-09-11T02:40,515.04,9.97,3.0,,23.701,,,57.86,局名 | 所在地 | 最新観測時刻 | 貯水率(利水容量) | 貯水位 | 有効貯水量 | 流入量 | 放流量 | 管理者名
Fukui,福井県,開谷ダム,2026-09-11T02:40,121.13,,,,0.068,,,67.3,局名 | 所在地 | 最新観測時刻 | 貯水率(利水容量) | 貯水位 | 有効貯水量 | 流入量 | 放流量 | 管理者名
Fukui,福井県,龍ヶ鼻ダム,2026-09-11T02:40,173.01,2.26,3.06,,4.021,,,85.15,局名 | 所在地 | 最新観測時刻 | 貯水率(利水容量) | 貯水位 | 有効貯水量 | 流入量 | 放流量 | 管理者名
Miyazaki,宮崎県,岩瀬ダム,2026-09-11T02:40,20.09,35.71,,,,,,,河川名 | 局名 | 所在地 | 状態 | 最新観測時刻 | 貯水位 | 流入量 | 全放流量
Miyazaki,宮崎県,広渡ダム,2026-09-11T02:40,7.7,7.78,,,,,,,河川名 | 局名 | 所在地 | 状態 | 最新観測時刻 | 貯水位 | 流入量 | 全放流量
Miyazaki,宮崎県,日南ダム,2026-09-11T02:40,5.58,5.56,,,,,,,河川名 | 局名 | 所在地 | 状態 | 最新観測時刻 | 貯水位 | 流入量 | 全放流量
Miyazaki,宮崎県,松尾ダム,2026-09-11T02:40,10.15,31.29,,,,,,,河川名 | 局名 | 所在地 | 状態 | 最新観測時刻 | 貯水位 | 流入量 | 全放流量
Miyazaki,宮崎県,沖田ダム,2026-09-11T02:40,0.5,0.49,,,,,,,河川名 | 局名 | 所在地 | 状態 | 最新観測時刻 | 貯水位 | 流入量 | 全放流量
Miyazaki,宮崎県,渡川ダム,2026-09-11T02:40,5.0,7.23,,,,,,,河川名 | 局名 | 所在地 | 状態 | 最新観測時刻 | 貯水位 | 流入量 | 全放流量
Miyazaki,宮崎県,瓜田ダム,2026-09-11T02:40,0.14,0.14,,,,,,,河川名 | 局名 | 所在地 | 状態 | 最新観測時刻 | 貯水位 | 流入量 | 全放流量
Miyazaki,宮崎県,田代八重ダム,2026-09-11T02:40,8.08,0.0,,,,,,,河川名 | 局名 | 所在地 | 状態 | 最新観測時刻 | 貯水位 | 流入量 | 全放流量
Miyazaki,宮崎県,祝子ダム,2026-09-11T02:40,4.5,4.4,,,,,,,河川名 | 局名 | 所在地 | 状態 | 最新観測時刻 | 貯水位 | 流入量 | 全放流量
Miyazaki,宮崎県,立花ダム,2026-09-11T02:40,3.11,0.0,,,,,,,河川名 | 局名 | 所在地 | 状態 | 最新観測時刻 | 貯水位 | 流入量 | 全放流量
Miyazaki,宮崎県,綾北ダム,2026-09-11T02:40,1.94,10.95,,,,,,,河川名 | 局名 | 所在地 | 状態 | 最新観測時刻 | 貯水位 | 流入量 | 全放流量
Miyazaki,宮崎県,綾南ダム,2026-09-11T02:40,4.29,10.08,,,,,,,河川名 | 局名 | 所在地 | 状態 | 最新観測時刻 | 貯水位 | 流入量 | 全放流量
Miyazaki,宮崎県,長谷ダム,2026-09-11T02:40,3.68,3.64,,,,,,,河川名 | 局名 | 所在地 | 状態 | 最新観測時刻 | 貯水位 | 流入量 | 全放流量
Nara,奈良県,初瀬ダム,2026-09-11T02:40,220.62,0.61,0.23,,,,,,管理者名 | 河川名 | 局名 | 所在地 | 最新観測時刻 | 貯水位 | 貯水容量 | 空容量 | 全流入量 | 放流量
Nara,奈良県,大門ダム,2026-09-11T02:40,262.67,0.0,0.0,,,,,,管理者名 | 河川名 | 局名 | 所在地 | 最新観測時刻 | 貯水位 | 貯水容量 | 空容量 | 全流入量 | 放流量
Nara,奈良県,天理ダム,2026-09-11T02:40,253.2,0.21,0.21,,,,,,管理者名 | 河川名 | 局名 | 所在地 | 最新観測時刻 | 貯水位 | 貯水容量 | 空容量 | 全流入量 | 放流量
Nara,奈良県,岩井川ダム,2026-09-11T02:40,240.58,0.14,0.07,,,,,,管理者名 | 河川名 | 局名 | 所在地 | 最新観測時刻 | 貯水位 | 貯水容量 | 空容量 | 全流入量 | 放流量
Nara,奈良県,白川ダム,2026-09-11T02:40,111.27,0.0,0.0,,,,,,管理者名 | 河川名 | 局名 | 所在地 | 最新観測時刻 | 貯水位 | 貯水容量 | 空容量 | 全流入量 | 放流量
Niigata,新潟県,三面ダム,2026-09-11T02:40,115.99,1.85,15.56,,,,93.1,,観測所名 | 最新観測時刻 | 平常時最高貯水位(常時満水位)[m] | 貯水位[m] | 洪水時最高水位(サーチャージ水位)[m] | 貯水率[%] | 洪水流入量[m3/s] | 流入量[m3/s] | 計画高水流量[m3/s] | 全放流量[m3/s]
Niigata,新潟県,下条川ダム,2026-09-11T02:40,31.24,110.0,,,,,8.7,,観測所名 | 最新観測時刻 | 平常時最高貯水位(常時満水位)[m] | 貯水位[m] | 洪水時最高水位(サーチャージ水位)[m] | 貯水率[%] | 洪水流入量[m3/s] | 流入量[m3/s] | 計画高水流量[m3/s] | 全放流量[m3/s]
Niigata,新潟県,久知川ダム,2026-09-11T02:40,124.0,0.37,0.37,,,,100.0,,観測所名 | 最新観測時刻 | 平常時最高貯水位(常時満水位)[m] | 貯水位[m] | 洪水時最高水位(サーチャージ水位)[m] | 貯水率[%] | 洪水流入量[m3/s] | 流入量[m3/s] | 計画高水流量[m3/s] | 全放流量[m3/s]
Niigata,新潟県,内の倉ダム,2026-09-11T02:40,147.86,4.09,2.47,,,,41.1,,観測所名 | 最新観測時刻 | 平常時最高貯水位(常時満水位)[m] | 貯水位[m] | 洪水時最高水位(サーチャージ水位)[m] | 貯水率[%] | 洪水流入量[m3/s] | 流入量[m3/s] | 計画高水流量[m3/s] | 全放流量[m3/s]
Niigata,新潟県,刈谷田川ダム,2026-09-11T02:40,239.37,1.76,1.61,,,,99.1,,観測所名 | 最新観測時刻 | 平常時最高貯水位(常時満水位)[m] | 貯水位[m] | 洪水時最高水位(サーチャージ水位)[m] | 貯水率[%] | 洪水流入量[m3/s] | 流入量[m3/s] | 計画高水流量[m3/s] | 全放流量[m3/s]
Niigata,新潟県,加治川治水ダム,2026-09-11T02:40,272.08,5.8,3.5,,,,,,観測所名 | 最新観測時刻 | 平常時最高貯水位(常時満水位)[m] | 貯水位[m] | 洪水時最高水位(サーチャージ水位)[m] | 貯水率[%] | 洪水流入量[m3/s] | 流入量[m3/s] | 計画高水流量[m3/s] | 全放流量[m3/s]
Niigata,新潟県,城川ダム,2026-09-11T02:40,271.58,0.35,0.34,,,,100.0,,観測所名 | 最新観測時刻 | 平常時最高貯水位(常時満水位)[m] | 貯水位[m] | 洪水時最高水位(サーチャージ水位)[m] | 貯水率[%] | 洪水流入量[m3/s] | 流入量[m3/s] | 計画高水流量[m3/s] | 全放流量[m3/s]
Niigata,新潟県,大谷ダム,2026-09-11T02:40,191.69,0.14,1.79,,,,100.0,,観測所名 | 最新観測時刻 | 平常時最高貯水位(常時満水位)[m] | 貯水位[m] | 洪水時最高水位(サーチャージ水位)[m] | 貯水率[%] | 洪水流入量[m3/s] | 流入量[m3/s] | 計画高水流量[m3/s] | 全放流量[m3/s]
Niigata,新潟県,大野川ダム,2026-09-11T02:40,142.93,0.17,0.59,,,,100.0,,観測所名 | 最新観測時刻 | 平常時最高貯水位(常時満水位)[m] | 貯水位[m] | 洪水時最高水位(サーチャージ水位)[m] | 貯水率[%] | 洪水流入量[m3/s] | 流入量[m3/s] | 計画高水流量[m3/s] | 全放流量[m3/s]
Niigata,新潟県,奥三面ダム,2026-09-11T02:40,211.43,15.03,0.72,,,,79.0,,観測所名 | 最新観測時刻 | 平常時最高貯水位(常時満水位)[m] | 貯水位[m] | 洪水時最高水位(サーチャージ水位)[m] | 貯水率[%] | 洪水流入量[m3/s] | 流入量[m3/s] | 計画高水流量[m3/s] | 全放流量[m3/s]
Niigata,新潟県,奥胎内ダム,2026-09-11T02:40,383.99,2.21,1.67,,,,,,観測所名 | 最新観測時刻 | 平常時最高貯水位(常時満水位)[m] | 貯水位[m] | 洪水時最高水位(サーチャージ水位)[m] | 貯水率[%] | 洪水流入量[m3/s] | 流入量[m3/s] | 計画高水流量[m3/s] | 全放流量[m3/s]
Niigata,新潟県,広神ダム,2026-09-11T02:40,214.2,2.37,3.09,,,,100.0,,観測所名 | 最新観測時刻 | 平常時最高貯水位(常時満水位)[m] | 貯水位[m] | 洪水時最高水位(サーチャージ水位)[m] | 貯水率[%] | 洪水流入量[m3/s] | 流入量[m3/s] | 計画高水流量[m3/s] | 全放流量[m3/s]
Niigata,新潟県,新保川ダム,2026-09-11T02:40,160.43,0.38,0.38,,,,100.0,,観測所名 | 最新観測時刻 | 平常時最高貯水位(常時満水位)[m] | 貯水位[m] | 洪水時最高水位(サーチャージ水位)[m] | 貯水率[%] | 洪水流入量[m3/s] | 流入量[m3/s] | 計画高水流量[m3/s] | 全放流量[m3/s]
Niigata,新潟県,早出川ダム,2026-09-11T02:40,163.6,3.37,3.4,,,,74.7,,観測所名 | 最新観測時刻 | 平常時最高貯水位(常時満水位)[m] | 貯水位[m] | 洪水時最高水位(サーチャージ水位)[m] | 貯水率[%] | 洪水流入量[m3/s] | 流入量[m3/s] | 計画高水流量[m3/s] | 全放流量[m3/s]
Niigata,新潟県,柿崎川ダム,2026-09-11T02:40,120.92,0.85,0.85,,,,100.0,,観測所名 | 最新観測時刻 | 平常時最高貯水位(常時満水位)[m] | 貯水位[m] | 洪水時最高水位(サーチャージ水位)[m] | 貯水率[%] | 洪水流入量[m3/s] | 流入量[m3/s] | 計画高水流量[m3/s] | 全放流量[m3/s]
Niigata,新潟県,正善寺ダム,2026-09-11T02:40,85.97,0.45,0.24,,,,81.2,,観測所名 | 最新観測時刻 | 平常時最高貯水位(常時満水位)[m] | 貯水位[m] | 洪水時最高水位(サーチャージ水位)[m] | 貯水率[%] | 洪水流入量[m3/s] | 流入量[m3/s] | 計画高水流量[m3/s] | 全放流量[m3/s]
Niigata,新潟県,破間川ダム,2026-09-11T02:40,430.94,5.03,6.54,,,,98.0,,観測所名 | 最新観測時刻 | 平常時最高貯水位(常時満水位)[m] | 貯水位[m] | 洪水時最高水位(サーチャージ水位)[m] | 貯水率[%] | 洪水流入量[m3/s] | 流入量[m3/s] | 計画高水流量[m3/s] | 全放流量[m3/s]
Niigata,新潟県,笠堀ダム,2026-09-11T02:40,192.4,6.75,3.14,,,,83.8,,観測所名 | 最新観測時刻 | 平常時最高貯水位(常時満水位)[m] | 貯水位[m] | 洪水時最高水位(サーチャージ水位)[m] | 貯水率[%] | 洪水流入量[m3/s] | 流入量[m3/s] | 計画高水流量[m3/s] | 全放流量[m3/s]
Niigata,新潟県,胎内川ダム,2026-09-11T02:40,287.25,6.05,7.7,,,,91.1,,観測所名 | 最新観測時刻 | 平常時最高貯水位(常時満水位)[m] | 貯水位[m] | 洪水時最高水位(サーチャージ水位)[m] | 貯水率[%] | 洪水流入量[m3/s] | 流入量[m3/s] | 計画高水流量[m3/s] | 全放流量[m3/s]
Niigata,新潟県,鯖石川ダム,2026-09-11T02:40,134.84,3.57,3.39,,,,94.3,,観測所名 | 最新観測時刻 | 平常時最高貯水位(常時満水位)[m] | 貯水位[m] | 洪水時最高水位(サーチャージ水位)[m] | 貯水率[%] | 洪水流入量[m3/s] | 流入量[m3/s] | 計画高水流量[m3/s] | 全放流量[m3/s]
Oita,大分県,北川ダム,2026-09-11T02:40,149.38,10.3,,0.0419,,,19.49,,管理者名 | 河川名 | 局名 | 所在地 | 最新観測時刻 | 貯水位 | 流入量 | 貯水量 | 貯水率 | 放流量
Oita,大分県,安岐ダム,2026-09-11T02:40,153.77,0.28,0.3,0.611,,,100.0,,管理者名 | 河川名 | 局名 | 所在地 | 最新観測時刻 | 貯水位 | 流入量 | 貯水量 | 貯水率 | 放流量
Oita,大分県,床木ダム,2026-09-11T02:40,88.73,0.45,0.46,0.909,,,100.0,,管理者名 | 河川名 | 局名 | 所在地 | 最新観測時刻 | 貯水位 | 流入量 | 貯水量 | 貯水率 | 放流量
Oita,大分県,玉来ダム,2026-09-11T02:40,350.75,5.25,,0.0001,,,5.25,,管理者名 | 河川名 | 局名 | 所在地 | 最新観測時刻 | 貯水位 | 流入量 | 貯水量 | 貯水率 | 放流量
Oita,大分県,稲葉ダム,2026-09-11T02:40,437.83,2.28,,0.1009,,,2.063,,管理者名 | 河川名 | 局名 | 所在地 | 最新観測時刻 | 貯水位 | 流入量 | 貯水量 | 貯水率 | 放流量
Oita,大分県,芹川ダム,2026-09-11T02:40,328.63,4.03,,0.0558,,,2.9,,管理者名 | 河川名 | 局名 | 所在地 | 最新観測時刻 | 貯水位 | 流入量 | 貯水量 | 貯水率 | 放流量
Oita,大分県,行入ダム,2026-09-11T02:40,122.78,0.02,0.1,0.495,,,49.3,,管理者名 | 河川名 | 局名 | 所在地 | 最新観測時刻 | 貯水位 | 流入量 | 貯水量 | 貯水率 | 放流量
Oita,大分県,野津ダム,2026-09-11T02:40,238.08,0.08,,0.1008,,,0.08,,管理者名 | 河川名 | 局名 | 所在地 | 最新観測時刻 | 貯水位 | 流入量 | 貯水量 | 貯水率 | 放流量
Oita,大分県,青江ダム,2026-09-11T02:40,64.16,0.089,0.096,0.459,,,100.0,,管理者名 | 河川名 | 局名 | 所在地 | 最新観測時刻 | 貯水位 | 流入量 | 貯水量 | 貯水率 | 放流量
Oita,大分県,黒沢ダム,2026-09-11T02:40,95.46,0.8,0.79,1.158,,,100.0,,管理者名 | 河川名 | 局名 | 所在地 | 最新観測時刻 | 貯水位 | 流入量 | 貯水量 | 貯水率 | 放流量
Tokushima,徳島県,宮川内ダム,2026-09-11T02:40,128.5,1.24,0.44,,,0.514,66.75,,管理者名 | 河川名 | 局名 | 所在地 | 最新観測時刻 | 貯水位 | 総貯水量 | 全流入量 | 全放流量 | 貯水率
Tokushima,徳島県,川口ダム,2026-09-11T02:40,94.21,112.3,,,,0.1123,,,管理者名 | 河川名 | 局名 | 所在地 | 最新観測時刻 | 貯水位 | 総貯水量 | 全流入量 | 全放流量 | 貯水率
Tokushima,徳島県,棚野ダム,2026-09-11T02:40,23.0,,,,,,,,管理者名 | 河川名 | 局名 | 所在地 | 最新観測時刻 | 貯水位 | 総貯水量 | 全流入量 | 全放流量 | 貯水率
Tokushima,徳島県,正木ダム,2026-09-11T02:40,166.39,22.4,20.4,,,5.067,67.75,,管理者名 | 河川名 | 局名 | 所在地 | 最新観測時刻 | 貯水位 | 総貯水量 | 全流入量 | 全放流量 | 貯水率
Tokushima,徳島県,池田ダム,2026-09-11T02:40,88.69,46.09,,,,0.0461,,,管理者名 | 河川名 | 局名 | 所在地 | 最新観測時刻 | 貯水位 | 総貯水量 | 全流入量 | 全放流量 | 貯水率
Tokushima,徳島県,福井ダム,2026-09-11T02:40,43.93,1.26,1.69,,,1.365,100.0,,管理者名 | 河川名 | 局名 | 所在地 | 最新観測時刻 | 貯水位 | 総貯水量 | 全流入量 | 全放流量 | 貯水率
Tokushima,徳島県,長安口ダム,2026-09-11T02:40,221.07,81.02,,,,0.10318,,,管理者名 | 河川名 | 局名 | 所在地 | 最新観測時刻 | 貯水位 | 総貯水量 | 全流入量 | 全放流量 | 貯水率
Yamagata,山形県,前川ダム,2026-09-11T02:40,257.36,0.1,0.1,1.543,,,90.8,,管理者名 | 河川名 | 局名 | 所在地 | 最新観測時刻 | 流入量 | 全放流量 | 貯水位 | 貯水量 | 貯水率
Yamagata,山形県,寒河江ダム,2026-09-11T02:40,385.74,9.35,29.57,52.245,,,94.3,,管理者名 | 河川名 | 局名 | 所在地 | 最新観測時刻 | 流入量 | 全放流量 | 貯水位 | 貯水量 | 貯水率
Yamagata,山形県,最上小国川流水型ダム,2026-09-11T02:40,277.15,5.02,5.02,0.002,,,0.0,,管理者名 | 河川名 | 局名 | 所在地 | 最新観測時刻 | 流入量 | 全放流量 | 貯水位 | 貯水量 | 貯水率
Yamagata,山形県,月光川ダム,2026-09-11T02:40,169.36,4.78,4.78,0.008,,,0.2,,管理者名 | 河川名 | 局名 | 所在地 | 最新観測時刻 | 流入量 | 全放流量 | 貯水位 | 貯水量 | 貯水率
Yamagata,山形県,月山ダム,2026-09-11T02:40,236.91,4.43,4.0,16.44,,,91.7,,管理者名 | 河川名 | 局名 | 所在地 | 最新観測時刻 | 流入量 | 全放流量 | 貯水位 | 貯水量 | 貯水率
Yamagata,山形県,木地山ダム,2026-09-11T02:40,470.26,5.18,5.8,1.025,,,19.3,,管理者名 | 河川名 | 局名 | 所在地 | 最新観測時刻 | 流入量 | 全放流量 | 貯水位 | 貯水量 | 貯水率
Yamagata,山形県,温海川ダム,2026-09-11T02:40,142.43,1.38,1.38,0.435,,,97.7,,管理者名 | 河川名 | 局名 | 所在地 | 最新観測時刻 | 流入量 | 全放流量 | 貯水位 | 貯水量 | 貯水率
Yamagata,山形県,田沢川ダム,2026-09-11T02:40,127.15,0.52,1.14,3.99,,,80.6,,管理者名 | 河川名 | 局名 | 所在地 | 最新観測時刻 | 流入量 | 全放流量 | 貯水位 | 貯水量 | 貯水率
Yamagata,山形県,留山川ダム,2026-09-11T02:40,300.18,0.4,0.45,0.35,,,100.0,,管理者名 | 河川名 | 局名 | 所在地 | 最新観測時刻 | 流入量 | 全放流量 | 貯水位 | 貯水量 | 貯水率
Yamagata,山形県,白川ダム,2026-09-11T02:40,319.67,14.67,14.61,6.652,,,67.2,,管理者名 | 河川名 | 局名 | 所在地 | 最新観測時刻 | 流入量 | 全放流量 | 貯水位 | 貯水量 | 貯水率
Yamagata,山形県,白水川ダム,2026-09-11T02:40,357.6,0.45,0.45,2.521,,,97.0,,管理者名 | 河川名 | 局名 | 所在地 | 最新観測時刻 | 流入量 | 全放流量 | 貯水位 | 貯水量 | 貯水率
Yamagata,山形県,神室ダム,2026-09-11T02:40,381.13,0.24,1.0,2.518,,,76.9,,管理者名 | 河川名 | 局名 | 所在地 | 最新観測時刻 | 流入量 | 全放流量 | 貯水位 | 貯水量 | 貯水率
Yamagata,山形県,綱木川ダム,2026-09-11T02:40,456.43,3.13,3.34,3.613,,,100.0,,管理者名 | 河川名 | 局名 | 所在地 | 最新観測時刻 | 流入量 | 全放流量 | 貯水位 | 貯水量 | 貯水率
Yamagata,山形県,荒沢ダム,2026-09-11T02:40,237.22,9.73,13.59,5.601,,,32.5,,管理者名 | 河川名 | 局名 | 所在地 | 最新観測時刻 | 流入量 | 全放流量 | 貯水位 | 貯水量 | 貯水率
Yamagata,山形県,蔵王ダム,2026-09-11T02:40,592.77,2.21,1.8,1.857,,,87.6,,管理者名 | 河川名 | 局名 | 所在地 | 最新観測時刻 | 流入量 | 全放流量 | 貯水位 | 貯水量 | 貯水率
Yamagata,山形県,長井ダム,2026-09-11T02:40,365.57,8.12,8.09,20.647,,,93.5,,管理者名 | 河川名 | 局名 | 所在地 | 最新観測時刻 | 流入量 | 全放流量 | 貯水位 | 貯水量 | 貯水率
Yamagata,山形県,高坂ダム,2026-09-11T02:40,181.78,5.4,7.36,0.57,,,17.2,,管理者名 | 河川名 | 局名 | 所在地 | 最新観測時刻 | 流入量 | 全放流量 | 貯水位 | 貯水量 | 貯水率
Aomori,青森県,下湯ダム,2026-09-11T05:20,263.68,1.57,1.57,,,,,,管理者名 | 河川名 | 局名 | 所在地 | 最新観測時刻 | 流入量 | 全放流量 | 貯水位 | 平常時最高水位 | 洪水貯留準備水位 | 洪水量(※)
Aomori,青森県,世増ダム,2026-09-11T05:20,94.75,7.49,9.28,,,,,,管理者名 | 河川名 | 局名 | 所在地 | 最新観測時刻 | 流入量 | 全放流量 | 貯水位 | 平常時最高水位 | 洪水貯留準備水位 | 洪水量(※)
Aomori,青森県,久吉ダム,2026-09-11T05:20,276.67,0.84,0.84,,,,,,管理者名 | 河川名 | 局名 | 所在地 | 最新観測時刻 | 流入量 | 全放流量 | 貯水位 | 平常時最高水位 | 洪水貯留準備水位 | 洪水量(※)
Aomori,青森県,小泊ダム,2026-09-11T05:20,67.6,0.05,0.05,,,,,,管理者名 | 河川名 | 局名 | 所在地 | 最新観測時刻 | 流入量 | 全放流量 | 貯水位 | 平常時最高水位 | 洪水貯留準備水位 | 洪水量(※)
Aomori,青森県,川内ダム,2026-09-11T05:20,178.75,1.51,1.51,,,,,,管理者名 | 河川名 | 局名 | 所在地 | 最新観測時刻 | 流入量 | 全放流量 | 貯水位 | 平常時最高水位 | 洪水貯留準備水位 | 洪水量(※)
Aomori,青森県,津軽ダム,2026-09-11T05:20,196.33,4.5,14.67,,,,,,管理者名 | 河川名 | 局名 | 所在地 | 最新観測時刻 | 流入量 | 全放流量 | 貯水位 | 平常時最高水位 | 洪水貯留準備水位 | 洪水量(※)
Aomori,青森県,浅瀬石川ダム,2026-09-11T05:20,184.86,12.0,12.0,,,,,,管理者名 | 河川名 | 局名 | 所在地 | 最新観測時刻 | 流入量 | 全放流量 | 貯水位 | 平常時最高水位 | 洪水貯留準備水位 | 洪水量(※)
Aomori,青森県,浅虫ダム,2026-09-11T05:20,13.98,0.04,0.04,,,,,,管理者名 | 河川名 | 局名 | 所在地 | 最新観測時刻 | 流入量 | 全放流量 | 貯水位 | 平常時最高水位 | 洪水貯留準備水位 | 洪水量(※)
Aomori,青森県,清水目ダム,2026-09-11T05:20,108.06,0.5,0.6,,,,,,管理者名 | 河川名 | 局名 | 所在地 | 最新観測時刻 | 流入量 | 全放流量 | 貯水位 | 平常時最高水位 | 洪水貯留準備水位 | 洪水量(※)
Aomori,青森県,飯詰ダム,2026-09-11T05:20,70.53,0.21,0.21,,,,,,管理者名 | 河川名 | 局名 | 所在地 | 最新観測時刻 | 流入量 | 全放流量 | 貯水位 | 平常時最高水位 | 洪水貯留準備水位 | 洪水量(※)
Fukui,福井県,九頭竜ダム,2026-09-11T05:20,541.28,0.01,,,0.03143,,,31.9,局名 | 所在地 | 最新観測時刻 | 貯水率(利水容量) | 貯水位 | 有効貯水量 | 流入量 | 放流量 | 管理者名
Fukui,福井県,二ツ屋ダム,2026-09-11T05:20,349.77,2.1,2.1,,0.214,,,101.1,局名 | 所在地 | 最新観測時刻 | 貯水率(利水容量) | 貯水位 | 有効貯水量 | 流入量 | 放流量 | 管理者名
Fukui,福井県,吉野瀬川ダム,2026-09-11T05:20,100.22,1.17,1.59,,1.257,,,100.0,局名 | 所在地 | 最新観測時刻 | 貯水率(利水容量) | 貯水位 | 有効貯水量 | 流入量 | 放流量 | 管理者名
Fukui,福井県,大津呂ダム,2026-09-11T05:20,84.22,0.08,0.02,,0.112,,,41.4,局名 | 所在地 | 最新観測時刻 | 貯水率(利水容量) | 貯水位 | 有効貯水量 | 流入量 | 放流量 | 管理者名
Fukui,福井県,広野ダム,2026-09-11T05:20,294.41,2.22,1.6,,1.377,,,34.5,局名 | 所在地 | 最新観測時刻 | 貯水率(利水容量) | 貯水位 | 有効貯水量 | 流入量 | 放流量 | 管理者名
Fukui,福井県,桝谷ダム,2026-09-11T05:20,299.21,0.74,0.12,,3.5,,,17.6,局名 | 所在地 | 最新観測時刻 | 貯水率(利水容量) | 貯水位 | 有効貯水量 | 流入量 | 放流量 | 管理者名
Fukui,福井県,永平寺ダム,2026-09-11T05:20,319.89,0.38,0.38,,0.443,,,100.68,局名 | 所在地 | 最新観測時刻 | 貯水率(利水容量) | 貯水位 | 有効貯水量 | 流入量 | 放流量 | 管理者名
Fukui,福井県,河内川ダム,2026-09-11T05:20,184.0,1.05,0.32,,2.962,,,63.7,局名 | 所在地 | 最新観測時刻 | 貯水率(利水容量) | 貯水位 | 有効貯水量 | 流入量 | 放流量 | 管理者名
Fukui,福井県,浄土寺川ダム,2026-09-11T05:20,344.53,0.896,0.747,,0.77,,,100.0,局名 | 所在地 | 最新観測時刻 | 貯水率(利水容量) | 貯水位 | 有効貯水量 | 流入量 | 放流量 | 管理者名
Fukui,福井県,真名川ダム,2026-09-11T05:20,336.21,3.5,,,0.01021,,,79.9,局名 | 所在地 | 最新観測時刻 | 貯水率(利水容量) | 貯水位 | 有効貯水量 | 流入量 | 放流量 | 管理者名
Fukui,福井県,笹生川ダム,2026-09-11T05:20,515.07,10.41,3.0,,23.748,,,57.97,局名 | 所在地 | 最新観測時刻 | 貯水率(利水容量) | 貯水位 | 有効貯水量 | 流入量 | 放流量 | 管理者名
Fukui,福井県,開谷ダム,2026-09-11T05:20,121.16,,,,0.069,,,68.3,局名 | 所在地 | 最新観測時刻 | 貯水率(利水容量) | 貯水位 | 有効貯水量 | 流入量 | 放流量 | 管理者名
Fukui,福井県,龍ヶ鼻ダム,2026-09-11T05:20,173.01,3.02,3.07,,4.021,,,85.15,局名 | 所在地 | 最新観測時刻 | 貯水率(利水容量) | 貯水位 | 有効貯水量 | 流入量 | 放流量 | 管理者名
Miyazaki,宮崎県,岩瀬ダム,2026-09-11T05:20,16.8,35.85,,,,,,,河川名 | 局名 | 所在地 | 状態 | 最新観測時刻 | 貯水位 | 流入量 | 全放流量
Miyazaki,宮崎県,広渡ダム,2026-09-11T05:20,7.6,7.65,,,,,,,河川名 | 局名 | 所在地 | 状態 | 最新観測時刻 | 貯水位 | 流入量 | 全放流量
Miyazaki,宮崎県,日南ダム,2026-09-11T05:20,5.53,5.18,,,,,,,河川名 | 局名 | 所在地 | 状態 | 最新観測時刻 | 貯水位 | 流入量 | 全放流量
Miyazaki,宮崎県,松尾ダム,2026-09-11T05:20,26.74,30.96,,,,,,,河川名 | 局名 | 所在地 | 状態 | 最新観測時刻 | 貯水位 | 流入量 | 全放流量
Miyazaki,宮崎県,沖田ダム,2026-09-11T05:20,0.5,0.49,,,,,,,河川名 | 局名 | 所在地 | 状態 | 最新観測時刻 | 貯水位 | 流入量 | 全放流量
Miyazaki,宮崎県,渡川ダム,2026-09-11T05:20,7.22,7.23,,,,,,,河川名 | 局名 | 所在地 | 状態 | 最新観測時刻 | 貯水位 | 流入量 | 全放流量
Miyazaki,宮崎県,瓜田ダム,2026-09-11T05:20,0.14,0.14,,,,,,,河川名 | 局名 | 所在地 | 状態 | 最新観測時刻 | 貯水位 | 流入量 | 全放流量
Miyazaki,宮崎県,田代八重ダム,2026-09-11T05:20,12.97,8.99,,,,,,,河川名 | 局名 | 所在地 | 状態 | 最新観測時刻 | 貯水位 | 流入量 | 全放流量
Miyazaki,宮崎県,祝子ダム,2026-09-11T05:20,4.36,4.35,,,,,,,河川名 | 局名 | 所在地 | 状態 | 最新観測時刻 | 貯水位 | 流入量 | 全放流量
Miyazaki,宮崎県,立花ダム,2026-09-11T05:20,3.45,11.97,,,,,,,河川名 | 局名 | 所在地 | 状態 | 最新観測時刻 | 貯水位 | 流入量 | 全放流量
Miyazaki,宮崎県,綾北ダム,2026-09-11T05:20,7.71,0.2,,,,,,,河川名 | 局名 | 所在地 | 状態 | 最新観測時刻 | 貯水位 | 流入量 | 全放流量
Miyazaki,宮崎県,綾南ダム,2026-09-11T05:20,4.67,10.09,,,,,,,河川名 | 局名 | 所在地 | 状態 | 最新観測時刻 | 貯水位 | 流入量 | 全放流量
Miyazaki,宮崎県,長谷ダム,2026-09-11T05:20,3.68,3.64,,,,,,,河川名 | 局名 | 所在地 | 状態 | 最新観測時刻 | 貯水位 | 流入量 | 全放流量
Nara,奈良県,初瀬ダム,2026-09-11T05:20,220.65,0.6,0.23,,,,,,管理者名 | 河川名 | 局名 | 所在地 | 最新観測時刻 | 貯水位 | 貯水容量 | 空容量 | 全流入量 | 放流量
Nara,奈良県,大門ダム,2026-09-11T05:20,262.67,0.0,0.0,,,,,,管理者名 | 河川名 | 局名 | 所在地 | 最新観測時刻 | 貯水位 | 貯水容量 | 空容量 | 全流入量 | 放流量
Nara,奈良県,天理ダム,2026-09-11T05:20,253.21,0.21,0.21,,,,,,管理者名 | 河川名 | 局名 | 所在地 | 最新観測時刻 | 貯水位 | 貯水容量 | 空容量 | 全流入量 | 放流量
Nara,奈良県,岩井川ダム,2026-09-11T05:20,240.59,0.07,0.07,,,,,,管理者名 | 河川名 | 局名 | 所在地 | 最新観測時刻 | 貯水位 | 貯水容量 | 空容量 | 全流入量 | 放流量
Nara,奈良県,白川ダム,2026-09-11T05:20,111.27,0.0,0.0,,,,,,管理者名 | 河川名 | 局名 | 所在地 | 最新観測時刻 | 貯水位 | 貯水容量 | 空容量 | 全流入量 | 放流量
Niigata,新潟県,三面ダム,2026-09-11T05:20,115.9,3.57,15.5,,,,92.5,,観測所名 | 最新観測時刻 | 平常時最高貯水位(常時満水位)[m] | 貯水位[m] | 洪水時最高水位(サーチャージ水位)[m] | 貯水率[%] | 洪水流入量[m3/s] | 流入量[m3/s] | 計画高水流量[m3/s] | 全放流量[m3/s]
Niigata,新潟県,下条川ダム,2026-09-11T05:20,31.24,110.0,,,,,8.7,,観測所名 | 最新観測時刻 | 平常時最高貯水位(常時満水位)[m] | 貯水位[m] | 洪水時最高水位(サーチャージ水位)[m] | 貯水率[%] | 洪水流入量[m3/s] | 流入量[m3/s] | 計画高水流量[m3/s] | 全放流量[m3/s]
Niigata,新潟県,久知川ダム,2026-09-11T05:20,123.99,0.38,0.4,,,,100.0,,観測所名 | 最新観測時刻 | 平常時最高貯水位(常時満水位)[m] | 貯水位[m] | 洪水時最高水位(サーチャージ水位)[m] | 貯水率[%] | 洪水流入量[m3/s] | 流入量[m3/s] | 計画高水流量[m3/s] | 全放流量[m3/s]
Niigata,新潟県,内の倉ダム,2026-09-11T05:20,147.86,2.48,2.47,,,,41.1,,観測所名 | 最新観測時刻 | 平常時最高貯水位(常時満水位)[m] | 貯水位[m] | 洪水時最高水位(サーチャージ水位)[m] | 貯水率[%] | 洪水流入量[m3/s] | 流入量[m3/s] | 計画高水流量[m3/s] | 全放流量[m3/s]
Niigata,新潟県,刈谷田川ダム,2026-09-11T05:20,239.37,1.64,1.76,,,,99.1,,観測所名 | 最新観測時刻 | 平常時最高貯水位(常時満水位)[m] | 貯水位[m] | 洪水時最高水位(サーチャージ水位)[m] | 貯水率[%] | 洪水流入量[m3/s] | 流入量[m3/s] | 計画高水流量[m3/s] | 全放流量[m3/s]
Niigata,新潟県,加治川治水ダム,2026-09-11T05:20,272.27,5.8,3.5,,,,,,観測所名 | 最新観測時刻 | 平常時最高貯水位(常時満水位)[m] | 貯水位[m] | 洪水時最高水位(サーチャージ水位)[m] | 貯水率[%] | 洪水流入量[m3/s] | 流入量[m3/s] | 計画高水流量[m3/s] | 全放流量[m3/s]
Niigata,新潟県,城川ダム,2026-09-11T05:20,271.58,0.35,0.34,,,,100.0,,観測所名 | 最新観測時刻 | 平常時最高貯水位(常時満水位)[m] | 貯水位[m] | 洪水時最高水位(サーチャージ水位)[m] | 貯水率[%] | 洪水流入量[m3/s] | 流入量[m3/s] | 計画高水流量[m3/s] | 全放流量[m3/s]
Niigata,新潟県,大谷ダム,2026-09-11T05:20,191.67,0.36,1.73,,,,100.0,,観測所名 | 最新観測時刻 | 平常時最高貯水位(常時満水位)[m] | 貯水位[m] | 洪水時最高水位(サーチャージ水位)[m] | 貯水率[%] | 洪水流入量[m3/s] | 流入量[m3/s] | 計画高水流量[m3/s] | 全放流量[m3/s]
Niigata,新潟県,大野川ダム,2026-09-11T05:20,142.89,0.19,0.59,,,,100.0,,観測所名 | 最新観測時刻 | 平常時最高貯水位(常時満水位)[m] | 貯水位[m] | 洪水時最高水位(サーチャージ水位)[m] | 貯水率[%] | 洪水流入量[m3/s] | 流入量[m3/s] | 計画高水流量[m3/s] | 全放流量[m3/s]
Niigata,新潟県,奥三面ダム,2026-09-11T05:20,211.46,7.87,0.72,,,,79.2,,観測所名 | 最新観測時刻 | 平常時最高貯水位(常時満水位)[m] | 貯水位[m] | 洪水時最高水位(サーチャージ水位)[m] | 貯水率[%] | 洪水流入量[m3/s] | 流入量[m3/s] | 計画高水流量[m3/s] | 全放流量[m3/s]
Niigata,新潟県,奥胎内ダム,2026-09-11T05:20,383.99,2.31,1.71,,,,,,観測所名 | 最新観測時刻 | 平常時最高貯水位(常時満水位)[m] | 貯水位[m] | 洪水時最高水位(サーチャージ水位)[m] | 貯水率[%] | 洪水流入量[m3/s] | 流入量[m3/s] | 計画高水流量[m3/s] | 全放流量[m3/s]
Niigata,新潟県,広神ダム,2026-09-11T05:20,214.17,2.32,2.98,,,,100.0,,観測所名 | 最新観測時刻 | 平常時最高貯水位(常時満水位)[m] | 貯水位[m] | 洪水時最高水位(サーチャージ水位)[m] | 貯水率[%] | 洪水流入量[m3/s] | 流入量[m3/s] | 計画高水流量[m3/s] | 全放流量[m3/s]
Niigata,新潟県,新保川ダム,2026-09-11T05:20,160.43,0.38,0.38,,,,100.0,,観測所名 | 最新観測時刻 | 平常時最高貯水位(常時満水位)[m] | 貯水位[m] | 洪水時最高水位(サーチャージ水位)[m] | 貯水率[%] | 洪水流入量[m3/s] | 流入量[m3/s] | 計画高水流量[m3/s] | 全放流量[m3/s]
Niigata,新潟県,早出川ダム,2026-09-11T05:20,163.61,3.38,3.35,,,,74.8,,観測所名 | 最新観測時刻 | 平常時最高貯水位(常時満水位)[m] | 貯水位[m] | 洪水時最高水位(サーチャージ水位)[m] | 貯水率[%] | 洪水流入量[m3/s] | 流入量[m3/s] | 計画高水流量[m3/s] | 全放流量[m3/s]
Niigata,新潟県,柿崎川ダム,2026-09-11T05:20,120.91,0.83,0.83,,,,100.0,,観測所名 | 最新観測時刻 | 平常時最高貯水位(常時満水位)[m] | 貯水位[m] | 洪水時最高水位(サーチャージ水位)[m] | 貯水率[%] | 洪水流入量[m3/s] | 流入量[m3/s] | 計画高水流量[m3/s] | 全放流量[m3/s]
Niigata,新潟県,正善寺ダム,2026-09-11T05:20,86.0,0.94,0.23,,,,81.4,,観測所名 | 最新観測時刻 | 平常時最高貯水位(常時満水位)[m] | 貯水位[m] | 洪水時最高水位(サーチャージ水位)[m] | 貯水率[%] | 洪水流入量[m3/s] | 流入量[m3/s] | 計画高水流量[m3/s] | 全放流量[m3/s]
Niigata,新潟県,破間川ダム,2026-09-11T05:20,430.87,4.92,6.52,,,,95.7,,観測所名 | 最新観測時刻 | 平常時最高貯水位(常時満水位)[m] | 貯水位[m] | 洪水時最高水位(サーチャージ水位)[m] | 貯水率[%] | 洪水流入量[m3/s] | 流入量[m3/s] | 計画高水流量[m3/s] | 全放流量[m3/s]
Niigata,新潟県,笠堀ダム,2026-09-11T05:20,192.47,6.33,3.14,,,,84.3,,観測所名 | 最新観測時刻 | 平常時最高貯水位(常時満水位)[m] | 貯水位[m] | 洪水時最高水位(サーチャージ水位)[m] | 貯水率[%] | 洪水流入量[m3/s] | 流入量[m3/s] | 計画高水流量[m3/s] | 全放流量[m3/s]
Niigata,新潟県,胎内川ダム,2026-09-11T05:20,287.22,5.71,5.22,,,,90.8,,観測所名 | 最新観測時刻 | 平常時最高貯水位(常時満水位)[m] | 貯水位[m] | 洪水時最高水位(サーチャージ水位)[m] | 貯水率[%] | 洪水流入量[m3/s] | 流入量[m3/s] | 計画高水流量[m3/s] | 全放流量[m3/s]
Niigata,新潟県,鯖石川ダム,2026-09-11T05:20,134.84,3.57,3.39,,,,94.3,,観測所名 | 最新観測時刻 | 平常時最高貯水位(常時満水位)[m] | 貯水位[m] | 洪水時最高水位(サーチャージ水位)[m] | 貯水率[%] | 洪水流入量[m3/s] | 流入量[m3/s] | 計画高水流量[m3/s] | 全放流量[m3/s]
Oita,大分県,北川ダム,2026-09-11T05:20,149.3,8.85,,0.0416,,,19.32,,管理者名 | 河川名 | 局名 | 所在地 | 最新観測時刻 | 貯水位 | 流入量 | 貯水量 | 貯水率 | 放流量
Oita,大分県,安岐ダム,2026-09-11T05:20,153.76,0.28,0.27,0.609,,,100.0,,管理者名 | 河川名 | 局名 | 所在地 | 最新観測時刻 | 貯水位 | 流入量 | 貯水量 | 貯水率 | 放流量
Oita,大分県,床木ダム,2026-09-11T05:20,88.72,0.42,0.43,0.909,,,100.0,,管理者名 | 河川名 | 局名 | 所在地 | 最新観測時刻 | 貯水位 | 流入量 | 貯水量 | 貯水率 | 放流量
Oita,大分県,玉来ダム,2026-09-11T05:20,350.75,5.25,,0.0001,,,5.25,,管理者名 | 河川名 | 局名 | 所在地 | 最新観測時刻 | 貯水位 | 流入量 | 貯水量 | 貯水率 | 放流量
Oita,大分県,稲葉ダム,2026-09-11T05:20,437.84,2.131,,0.1012,,,2.463,,管理者名 | 河川名 | 局名 | 所在地 | 最新観測時刻 | 貯水位 | 流入量 | 貯水量 | 貯水率 | 放流量
Oita,大分県,芹川ダム,2026-09-11T05:20,328.65,4.03,,0.0559,,,2.9,,管理者名 | 河川名 | 局名 | 所在地 | 最新観測時刻 | 貯水位 | 流入量 | 貯水量 | 貯水率 | 放流量
Oita,大分県,行入ダム,2026-09-11T05:20,122.76,0.02,0.1,0.494,,,49.1,,管理者名 | 河川名 | 局名 | 所在地 | 最新観測時刻 | 貯水位 | 流入量 | 貯水量 | 貯水率 | 放流量
Oita,大分県,野津ダム,2026-09-11T05:20,238.08,0.08,,0.1008,,,0.08,,管理者名 | 河川名 | 局名 | 所在地 | 最新観測時刻 | 貯水位 | 流入量 | 貯水量 | 貯水率 | 放流量
Oita,大分県,青江ダム,2026-09-11T05:20,64.15,0.077,0.087,0.459,,,100.0,,管理者名 | 河川名 | 局名 | 所在地 | 最新観測時刻 | 貯水位 | 流入量 | 貯水量 | 貯水率 | 放流量
Oita,大分県,黒沢ダム,2026-09-11T05:20,95.46,0.8,0.79,1.158,,,100.0,,管理者名 | 河川名 | 局名 | 所在地 | 最新観測時刻 | 貯水位 | 流入量 | 貯水量 | 貯水率 | 放流量
Tokushima,徳島県,宮川内ダム,2026-09-11T05:20,128.62,1.38,0.44,,,0.524,68.05,,管理者名 | 河川名 | 局名 | 所在地 | 最新観測時刻 | 貯水位 | 総貯水量 | 全流入量 | 全放流量 | 貯水率
Tokushima,徳島県,川口ダム,2026-09-11T05:20,94.19,112.5,,,,0.1125,,,管理者名 | 河川名 | 局名 | 所在地 | 最新観測時刻 | 貯水位 | 総貯水量 | 全流入量 | 全放流量 | 貯水率
Tokushima,徳島県,棚野ダム,2026-09-11T05:20,23.0,,,,,,,,管理者名 | 河川名 | 局名 | 所在地 | 最新観測時刻 | 貯水位 | 総貯水量 | 全流入量 | 全放流量 | 貯水率
Tokushima,徳島県,正木ダム,2026-09-11T05:20,166.4,20.4,20.4,,,5.07,67.83,,管理者名 | 河川名 | 局名 | 所在地 | 最新観測時刻 | 貯水位 | 総貯水量 | 全流入量 | 全放流量 | 貯水率
Tokushima,徳島県,池田ダム,2026-09-11T05:20,88.69,46.12,,,,0.04616,,,管理者名 | 河川名 | 局名 | 所在地 | 最新観測時刻 | 貯水位 | 総貯水量 | 全流入量 | 全放流量 | 貯水率
Tokushima,徳島県,福井ダム,2026-09-11T05:20,43.91,1.24,1.58,,,1.361,100.0,,管理者名 | 河川名 | 局名 | 所在地 | 最新観測時刻 | 貯水位 | 総貯水量 | 全流入量 | 全放流量 | 貯水率
Tokushima,徳島県,長安口ダム,2026-09-11T05:20,221.17,81.1,,,,0.10334,,,管理者名 | 河川名 | 局名 | 所在地 | 最新観測時刻 | 貯水位 | 総貯水量 | 全流入量 | 全放流量 | 貯水率
Yamagata,山形県,前川ダム,2026-09-11T05:20,257.37,0.78,0.1,1.546,,,90.9,,管理者名 | 河川名 | 局名 | 所在地 | 最新観測時刻 | 流入量 | 全放流量 | 貯水位 | 貯水量 | 貯水率
Yamagata,山形県,寒河江ダム,2026-09-11T05:20,385.66,12.93,31.8,52.051,,,94.0,,管理者名 | 河川名 | 局名 | 所在地 | 最新観測時刻 | 流入量 | 全放流量 | 貯水位 | 貯水量 | 貯水率
Yamagata,山形県,最上小国川流水型ダム,2026-09-11T05:20,277.14,4.91,4.86,0.002,,,0.0,,管理者名 | 河川名 | 局名 | 所在地 | 最新観測時刻 | 流入量 | 全放流量 | 貯水位 | 貯水量 | 貯水率
Yamagata,山形県,月光川ダム,2026-09-11T05:20,169.36,4.78,4.78,0.008,,,0.2,,管理者名 | 河川名 | 局名 | 所在地 | 最新観測時刻 | 流入量 | 全放流量 | 貯水位 | 貯水量 | 貯水率
Yamagata,山形県,月山ダム,2026-09-11T05:20,236.9,3.72,4.0,16.431,,,91.6,,管理者名 | 河川名 | 局名 | 所在地 | 最新観測時刻 | 流入量 | 全放流量 | 貯水位 | 貯水量 | 貯水率
Yamagata,山形県,木地山ダム,2026-09-11T05:20,470.23,5.08,5.9,1.018,,,19.2,,管理者名 | 河川名 | 局名 | 所在地 | 最新観測時刻 | 流入量 | 全放流量 | 貯水位 | 貯水量 | 貯水率
Yamagata,山形県,温海川ダム,2026-09-11T05:20,142.43,1.36,1.36,0.435,,,97.7,,管理者名 | 河川名 | 局名 | 所在地 | 最新観測時刻 | 流入量 | 全放流量 | 貯水位 | 貯水量 | 貯水率
Yamagata,山形県,田沢川ダム,2026-09-11T05:20,127.13,0.55,1.12,3.985,,,80.5,,管理者名 | 河川名 | 局名 | 所在地 | 最新観測時刻 | 流入量 | 全放流量 | 貯水位 | 貯水量 | 貯水率
Yamagata,山形県,留山川ダム,2026-09-11T05:20,300.17,0.39,0.43,0.35,,,100.0,,管理者名 | 河川名 | 局名 | 所在地 | 最新観測時刻 | 流入量 | 全放流量 | 貯水位 | 貯水量 | 貯水率
Yamagata,山形県,白川ダム,2026-09-11T05:20,319.66,14.64,14.62,6.641,,,67.1,,管理者名 | 河川名 | 局名 | 所在地 | 最新観測時刻 | 流入量 | 全放流量 | 貯水位 | 貯水量 | 貯水率
Yamagata,山形県,白水川ダム,2026-09-11T05:20,357.6,0.45,0.45,2.521,,,97.0,,管理者名 | 河川名 | 局名 | 所在地 | 最新観測時刻 | 流入量 | 全放流量 | 貯水位 | 貯水量 | 貯水率
Yamagata,山形県,神室ダム,2026-09-11T05:20,381.12,0.24,1.0,2.516,,,76.8,,管理者名 | 河川名 | 局名 | 所在地 | 最新観測時刻 | 流入量 | 全放流量 | 貯水位 | 貯水量 | 貯水率
Yamagata,山形県,綱木川ダム,2026-09-11T05:20,456.43,3.13,3.34,3.613,,,100.0,,管理者名 | 河川名 | 局名 | 所在地 | 最新観測時刻 | 流入量 | 全放流量 | 貯水位 | 貯水量 | 貯水率
Yamagata,山形県,荒沢ダム,2026-09-11T05:20,237.18,9.43,13.57,5.561,,,32.2,,管理者名 | 河川名 | 局名 | 所在地 | 最新観測時刻 | 流入量 | 全放流量 | 貯水位 | 貯水量 | 貯水率
Yamagata,山形県,蔵王ダム,2026-09-11T05:20,592.8,2.21,1.8,1.861,,,87.8,,管理者名 | 河川名 | 局名 | 所在地 | 最新観測時刻 | 流入量 | 全放流量 | 貯水位 | 貯水量 | 貯水率
Yamagata,山形県,長井ダム,2026-09-11T05:20,365.57,8.12,8.09,20.647,,,93.5,,管理者名 | 河川名 | 局名 | 所在地 | 最新観測時刻 | 流入量 | 全放流量 | 貯水位 | 貯水量 | 貯水率
Yamagata,山形県,高坂ダム,2026-09-11T05:20,181.73,5.51,7.39,0.553,,,16.7,,管理者名 | 河川名 | 局名 | 所在地 | 最新観測時刻 | 流入量 | 全放流量 | 貯水位 | 貯水量 | 貯水率
Aomori,青森県,下湯ダム,2026-09-11T07:40,263.68,1.57,1.57,,,,,,管理者名 | 河川名 | 局名 | 所在地 | 最新観測時刻 | 流入量 | 全放流量 | 貯水位 | 平常時最高水位 | 洪水貯留準備水位 | 洪水量(※)
Aomori,青森県,世増ダム,2026-09-11T07:40,94.74,7.43,9.1,,,,,,管理者名 | 河川名 | 局名 | 所在地 | 最新観測時刻 | 流入量 | 全放流量 | 貯水位 | 平常時最高水位 | 洪水貯留準備水位 | 洪水量(※)
Aomori,青森県,久吉ダム,2026-09-11T07:40,276.66,0.26,0.82,,,,,,管理者名 | 河川名 | 局名 | 所在地 | 最新観測時刻 | 流入量 | 全放流量 | 貯水位 | 平常時最高水位 | 洪水貯留準備水位 | 洪水量(※)
Aomori,青森県,小泊ダム,2026-09-11T07:40,67.6,0.05,0.05,,,,,,管理者名 | 河川名 | 局名 | 所在地 | 最新観測時刻 | 流入量 | 全放流量 | 貯水位 | 平常時最高水位 | 洪水貯留準備水位 | 洪水量(※)
Aomori,青森県,川内ダム,2026-09-11T07:40,178.74,0.0,1.47,,,,,,管理者名 | 河川名 | 局名 | 所在地 | 最新観測時刻 | 流入量 | 全放流量 | 貯水位 | 平常時最高水位 | 洪水貯留準備水位 | 洪水量(※)
Aomori,青森県,津軽ダム,2026-09-11T07:40,196.31,6.89,14.65,,,,,,管理者名 | 河川名 | 局名 | 所在地 | 最新観測時刻 | 流入量 | 全放流量 | 貯水位 | 平常時最高水位 | 洪水貯留準備水位 | 洪水量(※)
Aomori,青森県,浅瀬石川ダム,2026-09-11T07:40,184.85,11.99,11.96,,,,,,管理者名 | 河川名 | 局名 | 所在地 | 最新観測時刻 | 流入量 | 全放流量 | 貯水位 | 平常時最高水位 | 洪水貯留準備水位 | 洪水量(※)
Aomori,青森県,浅虫ダム,2026-09-11T07:40,13.98,0.04,0.04,,,,,,管理者名 | 河川名 | 局名 | 所在地 | 最新観測時刻 | 流入量 | 全放流量 | 貯水位 | 平常時最高水位 | 洪水貯留準備水位 | 洪水量(※)
Aomori,青森県,清水目ダム,2026-09-11T07:40,108.06,0.5,0.6,,,,,,管理者名 | 河川名 | 局名 | 所在地 | 最新観測時刻 | 流入量 | 全放流量 | 貯水位 | 平常時最高水位 | 洪水貯留準備水位 | 洪水量(※)
Aomori,青森県,飯詰ダム,2026-09-11T07:40,70.54,0.49,0.21,,,,,,管理者名 | 河川名 | 局名 | 所在地 | 最新観測時刻 | 流入量 | 全放流量 | 貯水位 | 平常時最高水位 | 洪水貯留準備水位 | 洪水量(※)
Fukui,福井県,九頭竜ダム,2026-09-11T07:40,541.33,26.72,0.01,,,,,32.0,局名 | 所在地 | 最新観測時刻 | 貯水率(利水容量) | 貯水位 | 有効貯水量 | 流入量 | 放流量 | 管理者名
Fukui,福井県,二ツ屋ダム,2026-09-11T07:40,349.77,2.1,2.1,,0.214,,,101.1,局名 | 所在地 | 最新観測時刻 | 貯水率(利水容量) | 貯水位 | 有効貯水量 | 流入量 | 放流量 | 管理者名
Fukui,福井県,吉野瀬川ダム,2026-09-11T07:40,100.22,1.17,1.59,,1.257,,,100.0,局名 | 所在地 | 最新観測時刻 | 貯水率(利水容量) | 貯水位 | 有効貯水量 | 流入量 | 放流量 | 管理者名
Fukui,福井県,大津呂ダム,2026-09-11T07:40,84.26,0.08,0.01,,0.113,,,41.6,局名 | 所在地 | 最新観測時刻 | 貯水率(利水容量) | 貯水位 | 有効貯水量 | 流入量 | 放流量 | 管理者名
Fukui,福井県,広野ダム,2026-09-11T07:40,294.44,2.49,1.57,,1.384,,,34.6,局名 | 所在地 | 最新観測時刻 | 貯水率(利水容量) | 貯水位 | 有効貯水量 | 流入量 | 放流量 | 管理者名
Fukui,福井県,桝谷ダム,2026-09-11T07:40,299.23,0.44,0.12,,3.504,,,17.6,局名 | 所在地 | 最新観測時刻 | 貯水率(利水容量) | 貯水位 | 有効貯水量 | 流入量 | 放流量 | 管理者名
Fukui,福井県,永平寺ダム,2026-09-11T07:40,319.89,0.38,0.38,,0.443,,,100.68,局名 | 所在地 | 最新観測時刻 | 貯水率(利水容量) | 貯水位 | 有効貯水量 | 流入量 | 放流量 | 管理者名
Fukui,福井県,河内川ダム,2026-09-11T07:40,184.02,0.91,0.31,,2.966,,,63.8,局名 | 所在地 | 最新観測時刻 | 貯水率(利水容量) | 貯水位 | 有効貯水量 | 流入量 | 放流量 | 管理者名
Fukui,福井県,浄土寺川ダム,2026-09-11T07:40,344.57,0.95,0.494,,0.772,,,100.0,局名 | 所在地 | 最新観測時刻 | 貯水率(利水容量) | 貯水位 | 有効貯水量 | 流入量 | 放流量 | 管理者名
Fukui,福井県,真名川ダム,2026-09-11T07:40,336.25,9.33,3.5,,,,,80.6,局名 | 所在地 | 最新観測時刻 | 貯水率(利水容量) | 貯水位 | 有効貯水量 | 流入量 | 放流量 | 管理者名
Fukui,福井県,笹生川ダム,2026-09-11T07:40,515.1,7.36,3.0,,23.795,,,58.09,局名 | 所在地 | 最新観測時刻 | 貯水率(利水容量) | 貯水位 | 有効貯水量 | 流入量 | 放流量 | 管理者名
Fukui,福井県,開谷ダム,2026-09-11T07:40,121.19,,,,0.069,,,68.3,局名 | 所在地 | 最新観測時刻 | 貯水率(利水容量) | 貯水位 | 有効貯水量 | 流入量 | 放流量 | 管理者名
Fukui,福井県,龍ヶ鼻ダム,2026-09-11T07:40,173.02,3.79,3.03,,4.024,,,85.22,局名 | 所在地 | 最新観測時刻 | 貯水率(利水容量) | 貯水位 | 有効貯水量 | 流入量 | 放流量 | 管理者名
Miyazaki,宮崎県,岩瀬ダム,2026-09-11T07:40,111.42,12.05,0.0,,,,,,河川名 | 局名 | 所在地 | 状態 | 最新観測時刻 | 貯水位 | 流入量 | 全放流量
Miyazaki,宮崎県,広渡ダム,2026-09-11T07:40,259.53,7.47,7.53,,,,,,河川名 | 局名 | 所在地 | 状態 | 最新観測時刻 | 貯水位 | 流入量 | 全放流量
Miyazaki,宮崎県,日南ダム,2026-09-11T07:00,107.38,5.53,,,,,,,河川名 | 局名 | 所在地 | 状態 | 最新観測時刻 | 貯水位 | 流入量 | 全放流量
Miyazaki,宮崎県,松尾ダム,2026-09-11T07:40,195.89,13.71,31.0,,,,,,河川名 | 局名 | 所在地 | 状態 | 最新観測時刻 | 貯水位 | 流入量 | 全放流量
Miyazaki,宮崎県,沖田ダム,2026-09-11T07:40,48.14,0.5,0.49,,,,,,河川名 | 局名 | 所在地 | 状態 | 最新観測時刻 | 貯水位 | 流入量 | 全放流量
Miyazaki,宮崎県,渡川ダム,2026-09-11T07:40,289.87,3.98,7.23,,,,,,河川名 | 局名 | 所在地 | 状態 | 最新観測時刻 | 貯水位 | 流入量 | 全放流量
Miyazaki,宮崎県,瓜田ダム,2026-09-11T07:30,38.61,0.14,0.14,,,,,,河川名 | 局名 | 所在地 | 状態 | 最新観測時刻 | 貯水位 | 流入量 | 全放流量
Miyazaki,宮崎県,田代八重ダム,2026-09-11T07:30,323.94,5.92,14.0,,,,,,河川名 | 局名 | 所在地 | 状態 | 最新観測時刻 | 貯水位 | 流入量 | 全放流量
Miyazaki,宮崎県,祝子ダム,2026-09-11T07:40,303.44,4.35,4.35,,,,,,河川名 | 局名 | 所在地 | 状態 | 最新観測時刻 | 貯水位 | 流入量 | 全放流量
Miyazaki,宮崎県,立花ダム,2026-09-11T07:40,250.71,3.85,12.02,,,,,,河川名 | 局名 | 所在地 | 状態 | 最新観測時刻 | 貯水位 | 流入量 | 全放流量
Miyazaki,宮崎県,綾北ダム,2026-09-11T07:40,280.62,14.47,10.93,,,,,,河川名 | 局名 | 所在地 | 状態 | 最新観測時刻 | 貯水位 | 流入量 | 全放流量
Miyazaki,宮崎県,綾南ダム,2026-09-11T07:40,338.57,4.32,10.1,,,,,,河川名 | 局名 | 所在地 | 状態 | 最新観測時刻 | 貯水位 | 流入量 | 全放流量
Miyazaki,宮崎県,長谷ダム,2026-09-11T07:40,108.76,3.68,3.64,,,,,,河川名 | 局名 | 所在地 | 状態 | 最新観測時刻 | 貯水位 | 流入量 | 全放流量
Nara,奈良県,初瀬ダム,2026-09-11T07:40,220.67,0.57,0.23,,,,,,管理者名 | 河川名 | 局名 | 所在地 | 最新観測時刻 | 貯水位 | 貯水容量 | 空容量 | 全流入量 | 放流量
Nara,奈良県,大門ダム,2026-09-11T07:40,262.67,0.0,0.0,,,,,,管理者名 | 河川名 | 局名 | 所在地 | 最新観測時刻 | 貯水位 | 貯水容量 | 空容量 | 全流入量 | 放流量
Nara,奈良県,天理ダム,2026-09-11T07:40,253.21,0.21,0.21,,,,,,管理者名 | 河川名 | 局名 | 所在地 | 最新観測時刻 | 貯水位 | 貯水容量 | 空容量 | 全流入量 | 放流量
Nara,奈良県,岩井川ダム,2026-09-11T07:40,240.6,0.11,0.07,,,,,,管理者名 | 河川名 | 局名 | 所在地 | 最新観測時刻 | 貯水位 | 貯水容量 | 空容量 | 全流入量 | 放流量
Nara,奈良県,白川ダム,2026-09-11T07:40,111.27,0.0,0.0,,,,,,管理者名 | 河川名 | 局名 | 所在地 | 最新観測時刻 | 貯水位 | 貯水容量 | 空容量 | 全流入量 | 放流量
Niigata,新潟県,三面ダム,2026-09-11T07:30,115.83,3.97,15.52,,,,92.1,,観測所名 | 最新観測時刻 | 平常時最高貯水位(常時満水位)[m] | 貯水位[m] | 洪水時最高水位(サーチャージ水位)[m] | 貯水率[%] | 洪水流入量[m3/s] | 流入量[m3/s] | 計画高水流量[m3/s] | 全放流量[m3/s]
Niigata,新潟県,下条川ダム,2026-09-11T07:40,31.24,0.45,0.39,,,,,,観測所名 | 最新観測時刻 | 平常時最高貯水位(常時満水位)[m] | 貯水位[m] | 洪水時最高水位(サーチャージ水位)[m] | 貯水率[%] | 洪水流入量[m3/s] | 流入量[m3/s] | 計画高水流量[m3/s] | 全放流量[m3/s]
Niigata,新潟県,久知川ダム,2026-09-11T07:30,123.97,0.26,0.33,,,,100.0,,観測所名 | 最新観測時刻 | 平常時最高貯水位(常時満水位)[m] | 貯水位[m] | 洪水時最高水位(サーチャージ水位)[m] | 貯水率[%] | 洪水流入量[m3/s] | 流入量[m3/s] | 計画高水流量[m3/s] | 全放流量[m3/s]
Niigata,新潟県,内の倉ダム,2026-09-11T07:40,147.87,4.1,2.49,,,,41.2,,観測所名 | 最新観測時刻 | 平常時最高貯水位(常時満水位)[m] | 貯水位[m] | 洪水時最高水位(サーチャージ水位)[m] | 貯水率[%] | 洪水流入量[m3/s] | 流入量[m3/s] | 計画高水流量[m3/s] | 全放流量[m3/s]
Niigata,新潟県,刈谷田川ダム,2026-09-11T07:40,239.36,1.46,1.62,,,,98.6,,観測所名 | 最新観測時刻 | 平常時最高貯水位(常時満水位)[m] | 貯水位[m] | 洪水時最高水位(サーチャージ水位)[m] | 貯水率[%] | 洪水流入量[m3/s] | 流入量[m3/s] | 計画高水流量[m3/s] | 全放流量[m3/s]
Niigata,新潟県,加治川治水ダム,2026-09-11T07:40,272.38,4.81,6.29,,,,,,観測所名 | 最新観測時刻 | 平常時最高貯水位(常時満水位)[m] | 貯水位[m] | 洪水時最高水位(サーチャージ水位)[m] | 貯水率[%] | 洪水流入量[m3/s] | 流入量[m3/s] | 計画高水流量[m3/s] | 全放流量[m3/s]
Niigata,新潟県,城川ダム,2026-09-11T07:40,271.58,0.35,0.34,,,,100.0,,観測所名 | 最新観測時刻 | 平常時最高貯水位(常時満水位)[m] | 貯水位[m] | 洪水時最高水位(サーチャージ水位)[m] | 貯水率[%] | 洪水流入量[m3/s] | 流入量[m3/s] | 計画高水流量[m3/s] | 全放流量[m3/s]
Niigata,新潟県,大谷ダム,2026-09-11T07:40,191.67,1.72,1.7,,,,100.0,,観測所名 | 最新観測時刻 | 平常時最高貯水位(常時満水位)[m] | 貯水位[m] | 洪水時最高水位(サーチャージ水位)[m] | 貯水率[%] | 洪水流入量[m3/s] | 流入量[m3/s] | 計画高水流量[m3/s] | 全放流量[m3/s]
Niigata,新潟県,大野川ダム,2026-09-11T07:30,142.85,0.17,0.59,,,,100.0,,観測所名 | 最新観測時刻 | 平常時最高貯水位(常時満水位)[m] | 貯水位[m] | 洪水時最高水位(サーチャージ水位)[m] | 貯水率[%] | 洪水流入量[m3/s] | 流入量[m3/s] | 計画高水流量[m3/s] | 全放流量[m3/s]
Niigata,新潟県,奥三面ダム,2026-09-11T07:30,211.49,15.03,0.72,,,,79.3,,観測所名 | 最新観測時刻 | 平常時最高貯水位(常時満水位)[m] | 貯水位[m] | 洪水時最高水位(サーチャージ水位)[m] | 貯水率[%] | 洪水流入量[m3/s] | 流入量[m3/s] | 計画高水流量[m3/s] | 全放流量[m3/s]
Niigata,新潟県,奥胎内ダム,2026-09-11T07:40,384.0,3.12,2.99,,,,,,観測所名 | 最新観測時刻 | 平常時最高貯水位(常時満水位)[m] | 貯水位[m] | 洪水時最高水位(サーチャージ水位)[m] | 貯水率[%] | 洪水流入量[m3/s] | 流入量[m3/s] | 計画高水流量[m3/s] | 全放流量[m3/s]
Niigata,新潟県,広神ダム,2026-09-11T07:40,214.14,2.35,2.89,,,,100.0,,観測所名 | 最新観測時刻 | 平常時最高貯水位(常時満水位)[m] | 貯水位[m] | 洪水時最高水位(サーチャージ水位)[m] | 貯水率[%] | 洪水流入量[m3/s] | 流入量[m3/s] | 計画高水流量[m3/s] | 全放流量[m3/s]
Niigata,新潟県,新保川ダム,2026-09-11T07:30,160.43,0.38,0.38,,,,100.0,,観測所名 | 最新観測時刻 | 平常時最高貯水位(常時満水位)[m] | 貯水位[m] | 洪水時最高水位(サーチャージ水位)[m] | 貯水率[%] | 洪水流入量[m3/s] | 流入量[m3/s] | 計画高水流量[m3/s] | 全放流量[m3/s]
Niigata,新潟県,早出川ダム,2026-09-11T07:30,163.62,3.38,3.35,,,,74.9,,観測所名 | 最新観測時刻 | 平常時最高貯水位(常時満水位)[m] | 貯水位[m] | 洪水時最高水位(サーチャージ水位)[m] | 貯水率[%] | 洪水流入量[m3/s] | 流入量[m3/s] | 計画高水流量[m3/s] | 全放流量[m3/s]
Niigata,新潟県,柿崎川ダム,2026-09-11T07:30,120.91,0.83,0.83,,,,100.0,,観測所名 | 最新観測時刻 | 平常時最高貯水位(常時満水位)[m] | 貯水位[m] | 洪水時最高水位(サーチャージ水位)[m] | 貯水率[%] | 洪水流入量[m3/s] | 流入量[m3/s] | 計画高水流量[m3/s] | 全放流量[m3/s]
Niigata,新潟県,正善寺ダム,2026-09-11T07:30,86.02,0.98,0.19,,,,81.6,,観測所名 | 最新観測時刻 | 平常時最高貯水位(常時満水位)[m] | 貯水位[m] | 洪水時最高水位(サーチャージ水位)[m] | 貯水率[%] | 洪水流入量[m3/s] | 流入量[m3/s] | 計画高水流量[m3/s] | 全放流量[m3/s]
Niigata,新潟県,破間川ダム,2026-09-11T07:40,430.81,4.86,6.53,,,,93.9,,観測所名 | 最新観測時刻 | 平常時最高貯水位(常時満水位)[m] | 貯水位[m] | 洪水時最高水位(サーチャージ水位)[m] | 貯水率[%] | 洪水流入量[m3/s] | 流入量[m3/s] | 計画高水流量[m3/s] | 全放流量[m3/s]
Niigata,新潟県,笠堀ダム,2026-09-11T07:40,192.52,5.58,3.08,,,,84.7,,観測所名 | 最新観測時刻 | 平常時最高貯水位(常時満水位)[m] | 貯水位[m] | 洪水時最高水位(サーチャージ水位)[m] | 貯水率[%] | 洪水流入量[m3/s] | 流入量[m3/s] | 計画高水流量[m3/s] | 全放流量[m3/s]
Niigata,新潟県,胎内川ダム,2026-09-11T07:40,287.24,5.68,5.22,,,,91.0,,観測所名 | 最新観測時刻 | 平常時最高貯水位(常時満水位)[m] | 貯水位[m] | 洪水時最高水位(サーチャージ水位)[m] | 貯水率[%] | 洪水流入量[m3/s] | 流入量[m3/s] | 計画高水流量[m3/s] | 全放流量[m3/s]
Niigata,新潟県,鯖石川ダム,2026-09-11T07:30,134.83,3.23,3.39,,,,93.7,,観測所名 | 最新観測時刻 | 平常時最高貯水位(常時満水位)[m] | 貯水位[m] | 洪水時最高水位(サーチャージ水位)[m] | 貯水率[%] | 洪水流入量[m3/s] | 流入量[m3/s] | 計画高水流量[m3/s] | 全放流量[m3/s]
Oita,大分県,北川ダム,2026-09-11T07:40,149.23,10.3,19.5,,,,41.3,,管理者名 | 河川名 | 局名 | 所在地 | 最新観測時刻 | 貯水位 | 流入量 | 貯水量 | 貯水率 | 放流量
Oita,大分県,安岐ダム,2026-09-11T07:40,153.76,0.28,0.27,0.609,,,100.0,,管理者名 | 河川名 | 局名 | 所在地 | 最新観測時刻 | 貯水位 | 流入量 | 貯水量 | 貯水率 | 放流量
Oita,大分県,床木ダム,2026-09-11T07:40,88.72,0.42,0.43,0.909,,,100.0,,管理者名 | 河川名 | 局名 | 所在地 | 最新観測時刻 | 貯水位 | 流入量 | 貯水量 | 貯水率 | 放流量
Oita,大分県,玉来ダム,2026-09-11T07:40,350.75,5.25,5.25,,,,0.1,,管理者名 | 河川名 | 局名 | 所在地 | 最新観測時刻 | 貯水位 | 流入量 | 貯水量 | 貯水率 | 放流量
Oita,大分県,稲葉ダム,2026-09-11T07:40,437.83,2.276,2.041,,,,100.9,,管理者名 | 河川名 | 局名 | 所在地 | 最新観測時刻 | 貯水位 | 流入量 | 貯水量 | 貯水率 | 放流量
Oita,大分県,芹川ダム,2026-09-11T07:40,328.65,4.03,2.9,,,,55.9,,管理者名 | 河川名 | 局名 | 所在地 | 最新観測時刻 | 貯水位 | 流入量 | 貯水量 | 貯水率 | 放流量
Oita,大分県,行入ダム,2026-09-11T07:40,122.75,0.0,0.1,0.493,,,49.0,,管理者名 | 河川名 | 局名 | 所在地 | 最新観測時刻 | 貯水位 | 流入量 | 貯水量 | 貯水率 | 放流量
Oita,大分県,野津ダム,2026-09-11T07:40,238.08,0.08,0.08,,,,100.8,,管理者名 | 河川名 | 局名 | 所在地 | 最新観測時刻 | 貯水位 | 流入量 | 貯水量 | 貯水率 | 放流量
Oita,大分県,青江ダム,2026-09-11T07:40,64.15,0.077,0.087,0.459,,,100.0,,管理者名 | 河川名 | 局名 | 所在地 | 最新観測時刻 | 貯水位 | 流入量 | 貯水量 | 貯水率 | 放流量
Oita,大分県,黒沢ダム,2026-09-11T07:40,95.46,0.8,0.79,1.158,,,100.0,,管理者名 | 河川名 | 局名 | 所在地 | 最新観測時刻 | 貯水位 | 流入量 | 貯水量 | 貯水率 | 放流量
Tokushima,徳島県,宮川内ダム,2026-09-11T07:40,128.73,1.39,0.45,,,0.533,69.22,,管理者名 | 河川名 | 局名 | 所在地 | 最新観測時刻 | 貯水位 | 総貯水量 | 全流入量 | 全放流量 | 貯水率
Tokushima,徳島県,川口ダム,2026-09-11T07:40,94.15,102.9,112.9,,,,,,管理者名 | 河川名 | 局名 | 所在地 | 最新観測時刻 | 貯水位 | 総貯水量 | 全流入量 | 全放流量 | 貯水率
Tokushima,徳島県,棚野ダム,2026-09-11T07:40,,,23.0,,,,,,管理者名 | 河川名 | 局名 | 所在地 | 最新観測時刻 | 貯水位 | 総貯水量 | 全流入量 | 全放流量 | 貯水率
Tokushima,徳島県,正木ダム,2026-09-11T07:40,166.38,19.4,20.4,,,5.063,67.63,,管理者名 | 河川名 | 局名 | 所在地 | 最新観測時刻 | 貯水位 | 総貯水量 | 全流入量 | 全放流量 | 貯水率
Tokushima,徳島県,池田ダム,2026-09-11T07:40,88.7,52.05,55.75,,,,,,管理者名 | 河川名 | 局名 | 所在地 | 最新観測時刻 | 貯水位 | 総貯水量 | 全流入量 | 全放流量 | 貯水率
Tokushima,徳島県,福井ダム,2026-09-11T07:40,43.9,1.38,1.52,,,1.36,100.0,,管理者名 | 河川名 | 局名 | 所在地 | 最新観測時刻 | 貯水位 | 総貯水量 | 全流入量 | 全放流量 | 貯水率
Tokushima,徳島県,長安口ダム,2026-09-11T07:40,221.23,92.3,81.15,,,,,,管理者名 | 河川名 | 局名 | 所在地 | 最新観測時刻 | 貯水位 | 総貯水量 | 全流入量 | 全放流量 | 貯水率
Yamagata,山形県,前川ダム,2026-09-11T07:40,257.37,0.1,0.1,1.546,,,90.9,,管理者名 | 河川名 | 局名 | 所在地 | 最新観測時刻 | 流入量 | 全放流量 | 貯水位 | 貯水量 | 貯水率
Yamagata,山形県,寒河江ダム,2026-09-11T07:40,385.62,12.64,0.86,51.954,,,93.8,,管理者名 | 河川名 | 局名 | 所在地 | 最新観測時刻 | 流入量 | 全放流量 | 貯水位 | 貯水量 | 貯水率
Yamagata,山形県,最上小国川流水型ダム,2026-09-11T07:40,277.14,4.86,4.86,0.002,,,0.0,,管理者名 | 河川名 | 局名 | 所在地 | 最新観測時刻 | 流入量 | 全放流量 | 貯水位 | 貯水量 | 貯水率
Yamagata,山形県,月光川ダム,2026-09-11T07:40,169.36,4.78,4.78,0.008,,,0.2,,管理者名 | 河川名 | 局名 | 所在地 | 最新観測時刻 | 流入量 | 全放流量 | 貯水位 | 貯水量 | 貯水率
Yamagata,山形県,月山ダム,2026-09-11T07:40,236.9,3.72,3.9,16.431,,,91.6,,管理者名 | 河川名 | 局名 | 所在地 | 最新観測時刻 | 流入量 | 全放流量 | 貯水位 | 貯水量 | 貯水率
Yamagata,山形県,木地山ダム,2026-09-11T07:40,470.21,5.21,5.9,1.013,,,19.1,,管理者名 | 河川名 | 局名 | 所在地 | 最新観測時刻 | 流入量 | 全放流量 | 貯水位 | 貯水量 | 貯水率
Yamagata,山形県,温海川ダム,2026-09-11T07:40,142.43,1.37,1.37,0.435,,,97.7,,管理者名 | 河川名 | 局名 | 所在地 | 最新観測時刻 | 流入量 | 全放流量 | 貯水位 | 貯水量 | 貯水率
Yamagata,山形県,田沢川ダム,2026-09-11T07:40,127.11,0.51,1.15,3.98,,,80.4,,管理者名 | 河川名 | 局名 | 所在地 | 最新観測時刻 | 流入量 | 全放流量 | 貯水位 | 貯水量 | 貯水率
Yamagata,山形県,留山川ダム,2026-09-11T07:40,300.16,0.37,0.41,0.349,,,100.0,,管理者名 | 河川名 | 局名 | 所在地 | 最新観測時刻 | 流入量 | 全放流量 | 貯水位 | 貯水量 | 貯水率
Yamagata,山形県,白川ダム,2026-09-11T07:40,319.66,14.65,14.7,6.641,,,67.1,,管理者名 | 河川名 | 局名 | 所在地 | 最新観測時刻 | 流入量 | 全放流量 | 貯水位 | 貯水量 | 貯水率
Yamagata,山形県,白水川ダム,2026-09-11T07:40,357.6,0.45,0.45,2.521,,,97.0,,管理者名 | 河川名 | 局名 | 所在地 | 最新観測時刻 | 流入量 | 全放流量 | 貯水位 | 貯水量 | 貯水率
Yamagata,山形県,神室ダム,2026-09-11T07:40,381.11,1.0,1.0,2.513,,,76.7,,管理者名 | 河川名 | 局名 | 所在地 | 最新観測時刻 | 流入量 | 全放流量 | 貯水位 | 貯水量 | 貯水率
Yamagata,山形県,綱木川ダム,2026-09-11T07:40,456.42,3.07,3.27,3.61,,,100.0,,管理者名 | 河川名 | 局名 | 所在地 | 最新観測時刻 | 流入量 | 全放流量 | 貯水位 | 貯水量 | 貯水率
Yamagata,山形県,荒沢ダム,2026-09-11T07:40,237.15,9.31,13.56,5.53,,,32.1,,管理者名 | 河川名 | 局名 | 所在地 | 最新観測時刻 | 流入量 | 全放流量 | 貯水位 | 貯水量 | 貯水率
Yamagata,山形県,蔵王ダム,2026-09-11T07:40,592.82,2.21,1.8,1.864,,,87.9,,管理者名 | 河川名 | 局名 | 所在地 | 最新観測時刻 | 流入量 | 全放流量 | 貯水位 | 貯水量 | 貯水率
Yamagata,山形県,長井ダム,2026-09-11T07:40,365.58,12.46,8.09,20.655,,,93.6,,管理者名 | 河川名 | 局名 | 所在地 | 最新観測時刻 | 流入量 | 全放流量 | 貯水位 | 貯水量 | 貯水率
Yamagata,山形県,高坂ダム,2026-09-11T07:40,181.67,5.07,7.41,0.533,,,16.1,,管理者名 | 河川名 | 局名 | 所在地 | 最新観測時刻 | 流入量 | 全放流量 | 貯水位 | 貯水量 | 貯水率
Aomori,青森県,下湯ダム,2026-09-11T09:40,263.67,1.55,1.54,,,,,,管理者名 | 河川名 | 局名 | 所在地 | 最新観測時刻 | 流入量 | 全放流量 | 貯水位 | 平常時最高水位 | 洪水貯留準備水位 | 洪水量(※)
Aomori,青森県,世増ダム,2026-09-11T09:40,94.74,9.11,9.15,,,,,,管理者名 | 河川名 | 局名 | 所在地 | 最新観測時刻 | 流入量 | 全放流量 | 貯水位 | 平常時最高水位 | 洪水貯留準備水位 | 洪水量(※)
Aomori,青森県,久吉ダム,2026-09-11T09:50,276.66,0.84,0.86,,,,,,管理者名 | 河川名 | 局名 | 所在地 | 最新観測時刻 | 流入量 | 全放流量 | 貯水位 | 平常時最高水位 | 洪水貯留準備水位 | 洪水量(※)
Aomori,青森県,小泊ダム,2026-09-11T09:50,67.6,0.05,0.05,,,,,,管理者名 | 河川名 | 局名 | 所在地 | 最新観測時刻 | 流入量 | 全放流量 | 貯水位 | 平常時最高水位 | 洪水貯留準備水位 | 洪水量(※)
Aomori,青森県,川内ダム,2026-09-11T09:50,178.74,1.47,1.47,,,,,,管理者名 | 河川名 | 局名 | 所在地 | 最新観測時刻 | 流入量 | 全放流量 | 貯水位 | 平常時最高水位 | 洪水貯留準備水位 | 洪水量(※)
Aomori,青森県,津軽ダム,2026-09-11T09:40,196.28,5.34,14.66,,,,,,管理者名 | 河川名 | 局名 | 所在地 | 最新観測時刻 | 流入量 | 全放流量 | 貯水位 | 平常時最高水位 | 洪水貯留準備水位 | 洪水量(※)
Aomori,青森県,浅瀬石川ダム,2026-09-11T09:50,184.85,11.99,11.99,,,,,,管理者名 | 河川名 | 局名 | 所在地 | 最新観測時刻 | 流入量 | 全放流量 | 貯水位 | 平常時最高水位 | 洪水貯留準備水位 | 洪水量(※)
Aomori,青森県,浅虫ダム,2026-09-11T09:50,13.98,0.04,0.04,,,,,,管理者名 | 河川名 | 局名 | 所在地 | 最新観測時刻 | 流入量 | 全放流量 | 貯水位 | 平常時最高水位 | 洪水貯留準備水位 | 洪水量(※)
Aomori,青森県,清水目ダム,2026-09-11T09:40,108.06,0.5,0.6,,,,,,管理者名 | 河川名 | 局名 | 所在地 | 最新観測時刻 | 流入量 | 全放流量 | 貯水位 | 平常時最高水位 | 洪水貯留準備水位 | 洪水量(※)
Aomori,青森県,飯詰ダム,2026-09-11T09:50,70.54,0.21,0.21,,,,,,管理者名 | 河川名 | 局名 | 所在地 | 最新観測時刻 | 流入量 | 全放流量 | 貯水位 | 平常時最高水位 | 洪水貯留準備水位 | 洪水量(※)
Fukui,福井県,九頭竜ダム,2026-09-11T09:40,541.36,31.43,0.01,,,,,32.1,局名 | 所在地 | 最新観測時刻 | 貯水率(利水容量) | 貯水位 | 有効貯水量 | 流入量 | 放流量 | 管理者名
Fukui,福井県,二ツ屋ダム,2026-09-11T09:50,349.77,2.1,2.1,,0.214,,,101.1,局名 | 所在地 | 最新観測時刻 | 貯水率(利水容量) | 貯水位 | 有効貯水量 | 流入量 | 放流量 | 管理者名
Fukui,福井県,吉野瀬川ダム,2026-09-11T09:40,100.22,1.17,1.59,,1.257,,,100.0,局名 | 所在地 | 最新観測時刻 | 貯水率(利水容量) | 貯水位 | 有効貯水量 | 流入量 | 放流量 | 管理者名
Fukui,福井県,大津呂ダム,2026-09-11T09:50,84.29,0.06,0.02,,0.113,,,41.7,局名 | 所在地 | 最新観測時刻 | 貯水率(利水容量) | 貯水位 | 有効貯水量 | 流入量 | 放流量 | 管理者名
Fukui,福井県,広野ダム,2026-09-11T09:40,294.47,2.42,1.61,,1.39,,,34.8,局名 | 所在地 | 最新観測時刻 | 貯水率(利水容量) | 貯水位 | 有効貯水量 | 流入量 | 放流量 | 管理者名
Fukui,福井県,桝谷ダム,2026-09-11T09:50,299.24,0.48,0.12,,3.506,,,17.6,局名 | 所在地 | 最新観測時刻 | 貯水率(利水容量) | 貯水位 | 有効貯水量 | 流入量 | 放流量 | 管理者名
Fukui,福井県,永平寺ダム,2026-09-11T09:50,319.89,0.38,0.38,,0.443,,,100.68,局名 | 所在地 | 最新観測時刻 | 貯水率(利水容量) | 貯水位 | 有効貯水量 | 流入量 | 放流量 | 管理者名
Fukui,福井県,河内川ダム,2026-09-11T09:50,184.04,0.76,0.31,,2.971,,,63.9,局名 | 所在地 | 最新観測時刻 | 貯水率(利水容量) | 貯水位 | 有効貯水量 | 流入量 | 放流量 | 管理者名
Fukui,福井県,浄土寺川ダム,2026-09-11T09:50,344.6,1.01,1.205,,0.774,,,100.0,局名 | 所在地 | 最新観測時刻 | 貯水率(利水容量) | 貯水位 | 有効貯水量 | 流入量 | 放流量 | 管理者名
Fukui,福井県,真名川ダム,2026-09-11T09:40,336.29,9.33,3.5,,,,,81.2,局名 | 所在地 | 最新観測時刻 | 貯水率(利水容量) | 貯水位 | 有効貯水量 | 流入量 | 放流量 | 管理者名
Fukui,福井県,笹生川ダム,2026-09-11T09:40,515.12,7.36,3.0,,23.826,,,58.16,局名 | 所在地 | 最新観測時刻 | 貯水率(利水容量) | 貯水位 | 有効貯水量 | 流入量 | 放流量 | 管理者名
Fukui,福井県,開谷ダム,2026-09-11T09:50,121.12,,,,0.068,,,67.3,局名 | 所在地 | 最新観測時刻 | 貯水率(利水容量) | 貯水位 | 有効貯水量 | 流入量 | 放流量 | 管理者名
Fukui,福井県,龍ヶ鼻ダム,2026-09-11T09:40,173.04,3.8,3.02,,4.029,,,85.32,局名 | 所在地 | 最新観測時刻 | 貯水率(利水容量) | 貯水位 | 有効貯水量 | 流入量 | 放流量 | 管理者名
Miyazaki,宮崎県,岩瀬ダム,2026-09-11T09:40,111.49,6.58,0.0,,,,,,河川名 | 局名 | 所在地 | 状態 | 最新観測時刻 | 貯水位 | 流入量 | 全放流量
Miyazaki,宮崎県,広渡ダム,2026-09-11T09:40,259.52,7.36,7.41,,,,,,河川名 | 局名 | 所在地 | 状態 | 最新観測時刻 | 貯水位 | 流入量 | 全放流量
Miyazaki,宮崎県,日南ダム,2026-09-11T09:00,107.38,5.53,5.17,,,,,,河川名 | 局名 | 所在地 | 状態 | 最新観測時刻 | 貯水位 | 流入量 | 全放流量
Miyazaki,宮崎県,松尾ダム,2026-09-11T09:40,195.83,11.77,31.4,,,,,,河川名 | 局名 | 所在地 | 状態 | 最新観測時刻 | 貯水位 | 流入量 | 全放流量
Miyazaki,宮崎県,沖田ダム,2026-09-11T09:40,48.14,0.5,0.49,,,,,,河川名 | 局名 | 所在地 | 状態 | 最新観測時刻 | 貯水位 | 流入量 | 全放流量
Miyazaki,宮崎県,渡川ダム,2026-09-11T09:40,289.86,7.23,7.23,,,,,,河川名 | 局名 | 所在地 | 状態 | 最新観測時刻 | 貯水位 | 流入量 | 全放流量
Miyazaki,宮崎県,瓜田ダム,2026-09-11T09:30,38.61,0.14,0.14,,,,,,河川名 | 局名 | 所在地 | 状態 | 最新観測時刻 | 貯水位 | 流入量 | 全放流量
Miyazaki,宮崎県,田代八重ダム,2026-09-11T09:30,323.85,0.0,0.0,,,,,,河川名 | 局名 | 所在地 | 状態 | 最新観測時刻 | 貯水位 | 流入量 | 全放流量
Miyazaki,宮崎県,祝子ダム,2026-09-11T09:40,303.43,4.4,4.4,,,,,,河川名 | 局名 | 所在地 | 状態 | 最新観測時刻 | 貯水位 | 流入量 | 全放流量
Miyazaki,宮崎県,立花ダム,2026-09-11T09:40,250.75,3.4,0.0,,,,,,河川名 | 局名 | 所在地 | 状態 | 最新観測時刻 | 貯水位 | 流入量 | 全放流量
Miyazaki,宮崎県,綾北ダム,2026-09-11T09:50,280.64,4.04,10.93,,,,,,河川名 | 局名 | 所在地 | 状態 | 最新観測時刻 | 貯水位 | 流入量 | 全放流量
Miyazaki,宮崎県,綾南ダム,2026-09-11T09:40,338.54,4.32,10.1,,,,,,河川名 | 局名 | 所在地 | 状態 | 最新観測時刻 | 貯水位 | 流入量 | 全放流量
Miyazaki,宮崎県,長谷ダム,2026-09-11T09:40,108.75,3.63,3.58,,,,,,河川名 | 局名 | 所在地 | 状態 | 最新観測時刻 | 貯水位 | 流入量 | 全放流量
Nara,奈良県,初瀬ダム,2026-09-11T09:50,220.69,0.64,0.23,,,,,,管理者名 | 河川名 | 局名 | 所在地 | 最新観測時刻 | 貯水位 | 貯水容量 | 空容量 | 全流入量 | 放流量
Nara,奈良県,大門ダム,2026-09-11T09:50,262.67,0.0,0.0,,,,,,管理者名 | 河川名 | 局名 | 所在地 | 最新観測時刻 | 貯水位 | 貯水容量 | 空容量 | 全流入量 | 放流量
Nara,奈良県,天理ダム,2026-09-11T09:50,253.22,0.43,0.26,,,,,,管理者名 | 河川名 | 局名 | 所在地 | 最新観測時刻 | 貯水位 | 貯水容量 | 空容量 | 全流入量 | 放流量
Nara,奈良県,岩井川ダム,2026-09-11T09:50,240.61,0.14,0.07,,,,,,管理者名 | 河川名 | 局名 | 所在地 | 最新観測時刻 | 貯水位 | 貯水容量 | 空容量 | 全流入量 | 放流量
Nara,奈良県,白川ダム,2026-09-11T09:50,111.28,0.11,0.0,,,,,,管理者名 | 河川名 | 局名 | 所在地 | 最新観測時刻 | 貯水位 | 貯水容量 | 空容量 | 全流入量 | 放流量
Niigata,新潟県,三面ダム,2026-09-11T09:40,115.77,3.15,15.46,,,,91.7,,観測所名 | 最新観測時刻 | 平常時最高貯水位(常時満水位)[m] | 貯水位[m] | 洪水時最高水位(サーチャージ水位)[m] | 貯水率[%] | 洪水流入量[m3/s] | 流入量[m3/s] | 計画高水流量[m3/s] | 全放流量[m3/s]
Niigata,新潟県,下条川ダム,2026-09-11T09:40,31.24,0.45,0.39,,,,,,観測所名 | 最新観測時刻 | 平常時最高貯水位(常時満水位)[m] | 貯水位[m] | 洪水時最高水位(サーチャージ水位)[m] | 貯水率[%] | 洪水流入量[m3/s] | 流入量[m3/s] | 計画高水流量[m3/s] | 全放流量[m3/s]
Niigata,新潟県,久知川ダム,2026-09-11T09:40,123.97,0.33,0.33,,,,100.0,,観測所名 | 最新観測時刻 | 平常時最高貯水位(常時満水位)[m] | 貯水位[m] | 洪水時最高水位(サーチャージ水位)[m] | 貯水率[%] | 洪水流入量[m3/s] | 流入量[m3/s] | 計画高水流量[m3/s] | 全放流量[m3/s]
Niigata,新潟県,内の倉ダム,2026-09-11T09:40,147.88,4.1,2.48,,,,41.2,,観測所名 | 最新観測時刻 | 平常時最高貯水位(常時満水位)[m] | 貯水位[m] | 洪水時最高水位(サーチャージ水位)[m] | 貯水率[%] | 洪水流入量[m3/s] | 流入量[m3/s] | 計画高水流量[m3/s] | 全放流量[m3/s]
Niigata,新潟県,刈谷田川ダム,2026-09-11T09:40,239.37,1.98,1.68,,,,99.1,,観測所名 | 最新観測時刻 | 平常時最高貯水位(常時満水位)[m] | 貯水位[m] | 洪水時最高水位(サーチャージ水位)[m] | 貯水率[%] | 洪水流入量[m3/s] | 流入量[m3/s] | 計画高水流量[m3/s] | 全放流量[m3/s]
Niigata,新潟県,加治川治水ダム,2026-09-11T09:40,272.3,5.13,6.28,,,,,,観測所名 | 最新観測時刻 | 平常時最高貯水位(常時満水位)[m] | 貯水位[m] | 洪水時最高水位(サーチャージ水位)[m] | 貯水率[%] | 洪水流入量[m3/s] | 流入量[m3/s] | 計画高水流量[m3/s] | 全放流量[m3/s]
Niigata,新潟県,城川ダム,2026-09-11T09:40,271.59,0.35,0.37,,,,100.0,,観測所名 | 最新観測時刻 | 平常時最高貯水位(常時満水位)[m] | 貯水位[m] | 洪水時最高水位(サーチャージ水位)[m] | 貯水率[%] | 洪水流入量[m3/s] | 流入量[m3/s] | 計画高水流量[m3/s] | 全放流量[m3/s]
Niigata,新潟県,大谷ダム,2026-09-11T09:40,191.66,1.67,1.68,,,,100.0,,観測所名 | 最新観測時刻 | 平常時最高貯水位(常時満水位)[m] | 貯水位[m] | 洪水時最高水位(サーチャージ水位)[m] | 貯水率[%] | 洪水流入量[m3/s] | 流入量[m3/s] | 計画高水流量[m3/s] | 全放流量[m3/s]
Niigata,新潟県,大野川ダム,2026-09-11T09:40,142.81,0.19,0.59,,,,100.0,,観測所名 | 最新観測時刻 | 平常時最高貯水位(常時満水位)[m] | 貯水位[m] | 洪水時最高水位(サーチャージ水位)[m] | 貯水率[%] | 洪水流入量[m3/s] | 流入量[m3/s] | 計画高水流量[m3/s] | 全放流量[m3/s]
Niigata,新潟県,奥三面ダム,2026-09-11T09:40,211.51,7.86,0.71,,,,79.4,,観測所名 | 最新観測時刻 | 平常時最高貯水位(常時満水位)[m] | 貯水位[m] | 洪水時最高水位(サーチャージ水位)[m] | 貯水率[%] | 洪水流入量[m3/s] | 流入量[m3/s] | 計画高水流量[m3/s] | 全放流量[m3/s]
Niigata,新潟県,奥胎内ダム,2026-09-11T09:40,384.0,2.98,2.97,,,,,,観測所名 | 最新観測時刻 | 平常時最高貯水位(常時満水位)[m] | 貯水位[m] | 洪水時最高水位(サーチャージ水位)[m] | 貯水率[%] | 洪水流入量[m3/s] | 流入量[m3/s] | 計画高水流量[m3/s] | 全放流量[m3/s]
Niigata,新潟県,広神ダム,2026-09-11T09:50,214.13,2.59,2.85,,,,100.0,,観測所名 | 最新観測時刻 | 平常時最高貯水位(常時満水位)[m] | 貯水位[m] | 洪水時最高水位(サーチャージ水位)[m] | 貯水率[%] | 洪水流入量[m3/s] | 流入量[m3/s] | 計画高水流量[m3/s] | 全放流量[m3/s]
Niigata,新潟県,新保川ダム,2026-09-11T09:40,160.42,0.35,0.35,,,,100.0,,観測所名 | 最新観測時刻 | 平常時最高貯水位(常時満水位)[m] | 貯水位[m] | 洪水時最高水位(サーチャージ水位)[m] | 貯水率[%] | 洪水流入量[m3/s] | 流入量[m3/s] | 計画高水流量[m3/s] | 全放流量[m3/s]
Niigata,新潟県,早出川ダム,2026-09-11T09:40,163.65,3.51,3.4,,,,75.3,,観測所名 | 最新観測時刻 | 平常時最高貯水位(常時満水位)[m] | 貯水位[m] | 洪水時最高水位(サーチャージ水位)[m] | 貯水率[%] | 洪水流入量[m3/s] | 流入量[m3/s] | 計画高水流量[m3/s] | 全放流量[m3/s]
Niigata,新潟県,柿崎川ダム,2026-09-11T09:40,120.9,0.81,0.81,,,,100.0,,観測所名 | 最新観測時刻 | 平常時最高貯水位(常時満水位)[m] | 貯水位[m] | 洪水時最高水位(サーチャージ水位)[m] | 貯水率[%] | 洪水流入量[m3/s] | 流入量[m3/s] | 計画高水流量[m3/s] | 全放流量[m3/s]
Niigata,新潟県,破間川ダム,2026-09-11T09:50,430.76,5.06,6.54,,,,92.1,,観測所名 | 最新観測時刻 | 平常時最高貯水位(常時満水位)[m] | 貯水位[m] | 洪水時最高水位(サーチャージ水位)[m] | 貯水率[%] | 洪水流入量[m3/s] | 流入量[m3/s] | 計画高水流量[m3/s] | 全放流量[m3/s]
Niigata,新潟県,笠堀ダム,2026-09-11T09:40,192.59,7.25,3.06,,,,85.3,,観測所名 | 最新観測時刻 | 平常時最高貯水位(常時満水位)[m] | 貯水位[m] | 洪水時最高水位(サーチャージ水位)[m] | 貯水率[%] | 洪水流入量[m3/s] | 流入量[m3/s] | 計画高水流量[m3/s] | 全放流量[m3/s]
Niigata,新潟県,胎内川ダム,2026-09-11T09:40,287.27,7.05,5.23,,,,91.4,,観測所名 | 最新観測時刻 | 平常時最高貯水位(常時満水位)[m] | 貯水位[m] | 洪水時最高水位(サーチャージ水位)[m] | 貯水率[%] | 洪水流入量[m3/s] | 流入量[m3/s] | 計画高水流量[m3/s] | 全放流量[m3/s]
Niigata,新潟県,鯖石川ダム,2026-09-11T09:40,134.83,3.23,3.39,,,,93.7,,観測所名 | 最新観測時刻 | 平常時最高貯水位(常時満水位)[m] | 貯水位[m] | 洪水時最高水位(サーチャージ水位)[m] | 貯水率[%] | 洪水流入量[m3/s] | 流入量[m3/s] | 計画高水流量[m3/s] | 全放流量[m3/s]
Oita,大分県,北川ダム,2026-09-11T09:40,149.18,8.78,16.76,,,,41.2,,管理者名 | 河川名 | 局名 | 所在地 | 最新観測時刻 | 貯水位 | 流入量 | 貯水量 | 貯水率 | 放流量
Oita,大分県,安岐ダム,2026-09-11T09:50,153.76,0.28,0.27,0.609,,,100.0,,管理者名 | 河川名 | 局名 | 所在地 | 最新観測時刻 | 貯水位 | 流入量 | 貯水量 | 貯水率 | 放流量
Oita,大分県,床木ダム,2026-09-11T09:40,88.72,0.42,0.43,0.909,,,100.0,,管理者名 | 河川名 | 局名 | 所在地 | 最新観測時刻 | 貯水位 | 流入量 | 貯水量 | 貯水率 | 放流量
Oita,大分県,玉来ダム,2026-09-11T09:40,350.75,5.25,5.25,,,,0.1,,管理者名 | 河川名 | 局名 | 所在地 | 最新観測時刻 | 貯水位 | 流入量 | 貯水量 | 貯水率 | 放流量
Oita,大分県,稲葉ダム,2026-09-11T09:50,437.83,2.276,2.045,,,,100.9,,管理者名 | 河川名 | 局名 | 所在地 | 最新観測時刻 | 貯水位 | 流入量 | 貯水量 | 貯水率 | 放流量
Oita,大分県,芹川ダム,2026-09-11T09:50,328.66,4.02,4.8,,,,55.9,,管理者名 | 河川名 | 局名 | 所在地 | 最新観測時刻 | 貯水位 | 流入量 | 貯水量 | 貯水率 | 放流量
Oita,大分県,行入ダム,2026-09-11T09:50,122.74,0.0,0.1,0.492,,,48.9,,管理者名 | 河川名 | 局名 | 所在地 | 最新観測時刻 | 貯水位 | 流入量 | 貯水量 | 貯水率 | 放流量
Oita,大分県,野津ダム,2026-09-11T09:50,238.08,0.08,0.08,,,,100.8,,管理者名 | 河川名 | 局名 | 所在地 | 最新観測時刻 | 貯水位 | 流入量 | 貯水量 | 貯水率 | 放流量
Oita,大分県,青江ダム,2026-09-11T09:50,64.15,0.077,0.087,0.459,,,100.0,,管理者名 | 河川名 | 局名 | 所在地 | 最新観測時刻 | 貯水位 | 流入量 | 貯水量 | 貯水率 | 放流量
Oita,大分県,黒沢ダム,2026-09-11T09:40,95.46,0.8,0.79,1.158,,,100.0,,管理者名 | 河川名 | 局名 | 所在地 | 最新観測時刻 | 貯水位 | 流入量 | 貯水量 | 貯水率 | 放流量
Tokushima,徳島県,宮川内ダム,2026-09-11T09:40,128.82,1.52,0.45,,,0.54,70.13,,管理者名 | 河川名 | 局名 | 所在地 | 最新観測時刻 | 貯水位 | 総貯水量 | 全流入量 | 全放流量 | 貯水率
Tokushima,徳島県,川口ダム,2026-09-11T09:40,94.12,109.0,109.0,,,,,,管理者名 | 河川名 | 局名 | 所在地 | 最新観測時刻 | 貯水位 | 総貯水量 | 全流入量 | 全放流量 | 貯水率
Tokushima,徳島県,棚野ダム,2026-09-11T09:40,,,23.0,,,,,,管理者名 | 河川名 | 局名 | 所在地 | 最新観測時刻 | 貯水位 | 総貯水量 | 全流入量 | 全放流量 | 貯水率
Tokushima,徳島県,正木ダム,2026-09-11T09:40,166.35,18.4,20.4,,,5.052,67.32,,管理者名 | 河川名 | 局名 | 所在地 | 最新観測時刻 | 貯水位 | 総貯水量 | 全流入量 | 全放流量 | 貯水率
Tokushima,徳島県,池田ダム,2026-09-11T09:40,88.65,47.16,50.88,,,,,,管理者名 | 河川名 | 局名 | 所在地 | 最新観測時刻 | 貯水位 | 総貯水量 | 全流入量 | 全放流量 | 貯水率
Tokushima,徳島県,福井ダム,2026-09-11T09:40,43.9,1.52,1.52,,,1.36,100.0,,管理者名 | 河川名 | 局名 | 所在地 | 最新観測時刻 | 貯水位 | 総貯水量 | 全流入量 | 全放流量 | 貯水率
Tokushima,徳島県,長安口ダム,2026-09-11T09:40,221.28,85.81,74.64,,,,,,管理者名 | 河川名 | 局名 | 所在地 | 最新観測時刻 | 貯水位 | 総貯水量 | 全流入量 | 全放流量 | 貯水率
Yamagata,山形県,前川ダム,2026-09-11T09:50,257.37,0.1,0.1,1.546,,,90.9,,管理者名 | 河川名 | 局名 | 所在地 | 最新観測時刻 | 流入量 | 全放流量 | 貯水位 | 貯水量 | 貯水率
Yamagata,山形県,寒河江ダム,2026-09-11T09:50,385.67,19.76,0.86,52.075,,,94.0,,管理者名 | 河川名 | 局名 | 所在地 | 最新観測時刻 | 流入量 | 全放流量 | 貯水位 | 貯水量 | 貯水率
Yamagata,山形県,最上小国川流水型ダム,2026-09-11T09:50,277.14,4.86,4.86,0.002,,,0.0,,管理者名 | 河川名 | 局名 | 所在地 | 最新観測時刻 | 流入量 | 全放流量 | 貯水位 | 貯水量 | 貯水率
Yamagata,山形県,月光川ダム,2026-09-11T09:50,169.35,4.65,4.65,0.008,,,0.2,,管理者名 | 河川名 | 局名 | 所在地 | 最新観測時刻 | 流入量 | 全放流量 | 貯水位 | 貯水量 | 貯水率
Yamagata,山形県,月山ダム,2026-09-11T09:40,236.89,3.37,4.0,16.422,,,91.6,,管理者名 | 河川名 | 局名 | 所在地 | 最新観測時刻 | 流入量 | 全放流量 | 貯水位 | 貯水量 | 貯水率
Yamagata,山形県,木地山ダム,2026-09-11T09:40,470.19,5.19,5.8,1.009,,,19.0,,管理者名 | 河川名 | 局名 | 所在地 | 最新観測時刻 | 流入量 | 全放流量 | 貯水位 | 貯水量 | 貯水率
Yamagata,山形県,温海川ダム,2026-09-11T09:50,142.43,1.31,1.42,0.435,,,97.7,,管理者名 | 河川名 | 局名 | 所在地 | 最新観測時刻 | 流入量 | 全放流量 | 貯水位 | 貯水量 | 貯水率
Yamagata,山形県,田沢川ダム,2026-09-11T09:40,127.09,0.54,1.13,3.975,,,80.3,,管理者名 | 河川名 | 局名 | 所在地 | 最新観測時刻 | 流入量 | 全放流量 | 貯水位 | 貯水量 | 貯水率
Yamagata,山形県,留山川ダム,2026-09-11T09:40,300.16,0.41,0.41,0.349,,,100.0,,管理者名 | 河川名 | 局名 | 所在地 | 最新観測時刻 | 流入量 | 全放流量 | 貯水位 | 貯水量 | 貯水率
Yamagata,山形県,白川ダム,2026-09-11T09:50,319.65,11.68,14.74,6.63,,,67.0,,管理者名 | 河川名 | 局名 | 所在地 | 最新観測時刻 | 流入量 | 全放流量 | 貯水位 | 貯水量 | 貯水率
Yamagata,山形県,白水川ダム,2026-09-11T09:40,357.6,0.45,0.45,2.521,,,97.0,,管理者名 | 河川名 | 局名 | 所在地 | 最新観測時刻 | 流入量 | 全放流量 | 貯水位 | 貯水量 | 貯水率
Yamagata,山形県,神室ダム,2026-09-11T09:40,381.1,1.0,1.0,2.51,,,76.6,,管理者名 | 河川名 | 局名 | 所在地 | 最新観測時刻 | 流入量 | 全放流量 | 貯水位 | 貯水量 | 貯水率
Yamagata,山形県,綱木川ダム,2026-09-11T09:40,456.42,3.07,3.27,3.61,,,100.0,,管理者名 | 河川名 | 局名 | 所在地 | 最新観測時刻 | 流入量 | 全放流量 | 貯水位 | 貯水量 | 貯水率
Yamagata,山形県,荒沢ダム,2026-09-11T09:40,237.12,9.19,13.55,5.499,,,31.9,,管理者名 | 河川名 | 局名 | 所在地 | 最新観測時刻 | 流入量 | 全放流量 | 貯水位 | 貯水量 | 貯水率
Yamagata,山形県,蔵王ダム,2026-09-11T09:40,592.85,2.29,1.8,1.869,,,88.2,,管理者名 | 河川名 | 局名 | 所在地 | 最新観測時刻 | 流入量 | 全放流量 | 貯水位 | 貯水量 | 貯水率
Yamagata,山形県,長井ダム,2026-09-11T09:50,365.58,8.12,8.09,20.655,,,93.6,,管理者名 | 河川名 | 局名 | 所在地 | 最新観測時刻 | 流入量 | 全放流量 | 貯水位 | 貯水量 | 貯水率
Yamagata,山形県,高坂ダム,2026-09-11T09:50,181.62,4.61,7.41,0.516,,,15.6,,管理者名 | 河川名 | 局名 | 所在地 | 最新観測時刻 | 流入量 | 全放流量 | 貯水位 | 貯水量 | 貯水率
Aomori,青森県,下湯ダム,2026-09-11T14:30,263.66,1.53,1.54,,,,,,管理者名 | 河川名 | 局名 | 所在地 | 最新観測時刻 | 流入量 | 全放流量 | 貯水位 | 平常時最高水位 | 洪水貯留準備水位 | 洪水量(※)
Aomori,青森県,世増ダム,2026-09-11T14:30,94.73,6.5,8.96,,,,,,管理者名 | 河川名 | 局名 | 所在地 | 最新観測時刻 | 流入量 | 全放流量 | 貯水位 | 平常時最高水位 | 洪水貯留準備水位 | 洪水量(※)
Aomori,青森県,久吉ダム,2026-09-11T14:30,276.65,0.24,0.8,,,,,,管理者名 | 河川名 | 局名 | 所在地 | 最新観測時刻 | 流入量 | 全放流量 | 貯水位 | 平常時最高水位 | 洪水貯留準備水位 | 洪水量(※)
Aomori,青森県,小泊ダム,2026-09-11T14:30,67.59,0.04,0.04,,,,,,管理者名 | 河川名 | 局名 | 所在地 | 最新観測時刻 | 流入量 | 全放流量 | 貯水位 | 平常時最高水位 | 洪水貯留準備水位 | 洪水量(※)
Aomori,青森県,川内ダム,2026-09-11T14:30,178.73,1.43,1.43,,,,,,管理者名 | 河川名 | 局名 | 所在地 | 最新観測時刻 | 流入量 | 全放流量 | 貯水位 | 平常時最高水位 | 洪水貯留準備水位 | 洪水量(※)
Aomori,青森県,津軽ダム,2026-09-11T14:30,196.22,6.09,14.65,,,,,,管理者名 | 河川名 | 局名 | 所在地 | 最新観測時刻 | 流入量 | 全放流量 | 貯水位 | 平常時最高水位 | 洪水貯留準備水位 | 洪水量(※)
Aomori,青森県,浅瀬石川ダム,2026-09-11T14:30,184.83,11.99,12.03,,,,,,管理者名 | 河川名 | 局名 | 所在地 | 最新観測時刻 | 流入量 | 全放流量 | 貯水位 | 平常時最高水位 | 洪水貯留準備水位 | 洪水量(※)
Aomori,青森県,浅虫ダム,2026-09-11T14:30,13.98,0.04,0.04,,,,,,管理者名 | 河川名 | 局名 | 所在地 | 最新観測時刻 | 流入量 | 全放流量 | 貯水位 | 平常時最高水位 | 洪水貯留準備水位 | 洪水量(※)
Aomori,青森県,清水目ダム,2026-09-11T14:30,108.05,0.5,0.5,,,,,,管理者名 | 河川名 | 局名 | 所在地 | 最新観測時刻 | 流入量 | 全放流量 | 貯水位 | 平常時最高水位 | 洪水貯留準備水位 | 洪水量(※)
Aomori,青森県,飯詰ダム,2026-09-11T14:30,70.54,0.21,0.21,,,,,,管理者名 | 河川名 | 局名 | 所在地 | 最新観測時刻 | 流入量 | 全放流量 | 貯水位 | 平常時最高水位 | 洪水貯留準備水位 | 洪水量(※)
Fukui,福井県,九頭竜ダム,2026-09-11T14:30,541.43,15.72,0.01,,,,,32.3,局名 | 所在地 | 最新観測時刻 | 貯水率(利水容量) | 貯水位 | 有効貯水量 | 流入量 | 放流量 | 管理者名
Fukui,福井県,二ツ屋ダム,2026-09-11T14:30,349.77,2.1,2.1,,0.214,,,101.1,局名 | 所在地 | 最新観測時刻 | 貯水率(利水容量) | 貯水位 | 有効貯水量 | 流入量 | 放流量 | 管理者名
Fukui,福井県,吉野瀬川ダム,2026-09-11T14:30,100.2,1.1,1.53,,1.252,,,100.0,局名 | 所在地 | 最新観測時刻 | 貯水率(利水容量) | 貯水位 | 有効貯水量 | 流入量 | 放流量 | 管理者名
Fukui,福井県,大津呂ダム,2026-09-11T14:30,84.33,0.05,0.02,,0.114,,,41.9,局名 | 所在地 | 最新観測時刻 | 貯水率(利水容量) | 貯水位 | 有効貯水量 | 流入量 | 放流量 | 管理者名
Fukui,福井県,広野ダム,2026-09-11T14:30,294.5,1.62,1.59,,1.397,,,35.0,局名 | 所在地 | 最新観測時刻 | 貯水率(利水容量) | 貯水位 | 有効貯水量 | 流入量 | 放流量 | 管理者名
Fukui,福井県,桝谷ダム,2026-09-11T14:30,299.25,0.12,0.12,,3.509,,,17.6,局名 | 所在地 | 最新観測時刻 | 貯水率(利水容量) | 貯水位 | 有効貯水量 | 流入量 | 放流量 | 管理者名
Fukui,福井県,永平寺ダム,2026-09-11T14:30,319.88,0.33,0.37,,0.443,,,100.68,局名 | 所在地 | 最新観測時刻 | 貯水率(利水容量) | 貯水位 | 有効貯水量 | 流入量 | 放流量 | 管理者名
Fukui,福井県,河内川ダム,2026-09-11T14:30,184.07,0.72,0.31,,2.978,,,64.0,局名 | 所在地 | 最新観測時刻 | 貯水率(利水容量) | 貯水位 | 有効貯水量 | 流入量 | 放流量 | 管理者名
Fukui,福井県,浄土寺川ダム,2026-09-11T14:30,344.52,0.813,0.637,,0.769,,,100.0,局名 | 所在地 | 最新観測時刻 | 貯水率(利水容量) | 貯水位 | 有効貯水量 | 流入量 | 放流量 | 管理者名
Fukui,福井県,真名川ダム,2026-09-11T14:30,336.39,9.34,3.5,,,,,82.9,局名 | 所在地 | 最新観測時刻 | 貯水率(利水容量) | 貯水位 | 有効貯水量 | 流入量 | 放流量 | 管理者名
Fukui,福井県,笹生川ダム,2026-09-11T14:30,515.18,7.35,2.99,,23.92,,,58.39,局名 | 所在地 | 最新観測時刻 | 貯水率(利水容量) | 貯水位 | 有効貯水量 | 流入量 | 放流量 | 管理者名
Fukui,福井県,開谷ダム,2026-09-11T14:30,120.71,,,,0.062,,,61.4,局名 | 所在地 | 最新観測時刻 | 貯水率(利水容量) | 貯水位 | 有効貯水量 | 流入量 | 放流量 | 管理者名
Fukui,福井県,龍ヶ鼻ダム,2026-09-11T14:30,173.04,3.03,2.99,,4.029,,,85.32,局名 | 所在地 | 最新観測時刻 | 貯水率(利水容量) | 貯水位 | 有効貯水量 | 流入量 | 放流量 | 管理者名
Miyazaki,宮崎県,岩瀬ダム,2026-09-11T14:30,111.66,15.77,0.0,,,,,,河川名 | 局名 | 所在地 | 状態 | 最新観測時刻 | 貯水位 | 流入量 | 全放流量
Miyazaki,宮崎県,広渡ダム,2026-09-11T14:30,259.5,7.14,7.16,,,,,,河川名 | 局名 | 所在地 | 状態 | 最新観測時刻 | 貯水位 | 流入量 | 全放流量
Miyazaki,宮崎県,日南ダム,2026-09-11T14:00,107.37,5.11,4.9,,,,,,河川名 | 局名 | 所在地 | 状態 | 最新観測時刻 | 貯水位 | 流入量 | 全放流量
Miyazaki,宮崎県,松尾ダム,2026-09-11T14:30,195.79,17.63,17.62,,,,,,河川名 | 局名 | 所在地 | 状態 | 最新観測時刻 | 貯水位 | 流入量 | 全放流量
Miyazaki,宮崎県,沖田ダム,2026-09-11T14:30,48.13,0.47,0.45,,,,,,河川名 | 局名 | 所在地 | 状態 | 最新観測時刻 | 貯水位 | 流入量 | 全放流量
Miyazaki,宮崎県,渡川ダム,2026-09-11T14:30,289.87,10.48,7.23,,,,,,河川名 | 局名 | 所在地 | 状態 | 最新観測時刻 | 貯水位 | 流入量 | 全放流量
Miyazaki,宮崎県,瓜田ダム,2026-09-11T14:30,38.6,0.12,0.12,,,,,,河川名 | 局名 | 所在地 | 状態 | 最新観測時刻 | 貯水位 | 流入量 | 全放流量
Miyazaki,宮崎県,田代八重ダム,2026-09-11T14:30,324.14,8.1,0.0,,,,,,河川名 | 局名 | 所在地 | 状態 | 最新観測時刻 | 貯水位 | 流入量 | 全放流量
Miyazaki,宮崎県,祝子ダム,2026-09-11T14:30,303.39,5.93,4.36,,,,,,河川名 | 局名 | 所在地 | 状態 | 最新観測時刻 | 貯水位 | 流入量 | 全放流量
Miyazaki,宮崎県,立花ダム,2026-09-11T14:30,251.07,3.39,0.0,,,,,,河川名 | 局名 | 所在地 | 状態 | 最新観測時刻 | 貯水位 | 流入量 | 全放流量
Miyazaki,宮崎県,綾北ダム,2026-09-11T14:30,280.35,2.61,10.97,,,,,,河川名 | 局名 | 所在地 | 状態 | 最新観測時刻 | 貯水位 | 流入量 | 全放流量
Miyazaki,宮崎県,綾南ダム,2026-09-11T14:30,338.44,3.73,10.11,,,,,,河川名 | 局名 | 所在地 | 状態 | 最新観測時刻 | 貯水位 | 流入量 | 全放流量
Miyazaki,宮崎県,長谷ダム,2026-09-11T14:30,108.75,3.63,3.58,,,,,,河川名 | 局名 | 所在地 | 状態 | 最新観測時刻 | 貯水位 | 流入量 | 全放流量
Nara,奈良県,初瀬ダム,2026-09-11T14:30,220.85,1.81,0.23,,,,,,管理者名 | 河川名 | 局名 | 所在地 | 最新観測時刻 | 貯水位 | 貯水容量 | 空容量 | 全流入量 | 放流量
Nara,奈良県,大門ダム,2026-09-11T14:30,262.67,0.0,0.0,,,,,,管理者名 | 河川名 | 局名 | 所在地 | 最新観測時刻 | 貯水位 | 貯水容量 | 空容量 | 全流入量 | 放流量
Nara,奈良県,天理ダム,2026-09-11T14:30,253.31,0.53,0.26,,,,,,管理者名 | 河川名 | 局名 | 所在地 | 最新観測時刻 | 貯水位 | 貯水容量 | 空容量 | 全流入量 | 放流量
Nara,奈良県,岩井川ダム,2026-09-11T14:30,240.64,0.14,0.07,,,,,,管理者名 | 河川名 | 局名 | 所在地 | 最新観測時刻 | 貯水位 | 貯水容量 | 空容量 | 全流入量 | 放流量
Nara,奈良県,白川ダム,2026-09-11T14:30,111.3,0.0,0.0,,,,,,管理者名 | 河川名 | 局名 | 所在地 | 最新観測時刻 | 貯水位 | 貯水容量 | 空容量 | 全流入量 | 放流量
Niigata,新潟県,三面ダム,2026-09-11T14:30,115.62,3.13,15.54,,,,90.7,,観測所名 | 最新観測時刻 | 平常時最高貯水位(常時満水位)[m] | 貯水位[m] | 洪水時最高水位(サーチャージ水位)[m] | 貯水率[%] | 洪水流入量[m3/s] | 流入量[m3/s] | 計画高水流量[m3/s] | 全放流量[m3/s]
Niigata,新潟県,下条川ダム,2026-09-11T14:30,31.24,0.39,0.39,,,,,,観測所名 | 最新観測時刻 | 平常時最高貯水位(常時満水位)[m] | 貯水位[m] | 洪水時最高水位(サーチャージ水位)[m] | 貯水率[%] | 洪水流入量[m3/s] | 流入量[m3/s] | 計画高水流量[m3/s] | 全放流量[m3/s]
Niigata,新潟県,久知川ダム,2026-09-11T14:30,123.95,0.34,0.34,,,,100.0,,観測所名 | 最新観測時刻 | 平常時最高貯水位(常時満水位)[m] | 貯水位[m] | 洪水時最高水位(サーチャージ水位)[m] | 貯水率[%] | 洪水流入量[m3/s] | 流入量[m3/s] | 計画高水流量[m3/s] | 全放流量[m3/s]
Niigata,新潟県,内の倉ダム,2026-09-11T14:30,147.9,2.49,2.5,,,,41.3,,観測所名 | 最新観測時刻 | 平常時最高貯水位(常時満水位)[m] | 貯水位[m] | 洪水時最高水位(サーチャージ水位)[m] | 貯水率[%] | 洪水流入量[m3/s] | 流入量[m3/s] | 計画高水流量[m3/s] | 全放流量[m3/s]
Niigata,新潟県,刈谷田川ダム,2026-09-11T14:30,239.37,1.58,1.52,,,,99.1,,観測所名 | 最新観測時刻 | 平常時最高貯水位(常時満水位)[m] | 貯水位[m] | 洪水時最高水位(サーチャージ水位)[m] | 貯水率[%] | 洪水流入量[m3/s] | 流入量[m3/s] | 計画高水流量[m3/s] | 全放流量[m3/s]
Niigata,新潟県,加治川治水ダム,2026-09-11T14:30,272.11,4.18,6.27,,,,,,観測所名 | 最新観測時刻 | 平常時最高貯水位(常時満水位)[m] | 貯水位[m] | 洪水時最高水位(サーチャージ水位)[m] | 貯水率[%] | 洪水流入量[m3/s] | 流入量[m3/s] | 計画高水流量[m3/s] | 全放流量[m3/s]
Niigata,新潟県,城川ダム,2026-09-11T14:30,271.58,0.35,0.34,,,,100.0,,観測所名 | 最新観測時刻 | 平常時最高貯水位(常時満水位)[m] | 貯水位[m] | 洪水時最高水位(サーチャージ水位)[m] | 貯水率[%] | 洪水流入量[m3/s] | 流入量[m3/s] | 計画高水流量[m3/s] | 全放流量[m3/s]
Niigata,新潟県,大谷ダム,2026-09-11T14:30,191.64,1.61,1.61,,,,100.0,,観測所名 | 最新観測時刻 | 平常時最高貯水位(常時満水位)[m] | 貯水位[m] | 洪水時最高水位(サーチャージ水位)[m] | 貯水率[%] | 洪水流入量[m3/s] | 流入量[m3/s] | 計画高水流量[m3/s] | 全放流量[m3/s]
Niigata,新潟県,大野川ダム,2026-09-11T14:30,142.72,0.21,0.59,,,,100.0,,観測所名 | 最新観測時刻 | 平常時最高貯水位(常時満水位)[m] | 貯水位[m] | 洪水時最高水位(サーチャージ水位)[m] | 貯水率[%] | 洪水流入量[m3/s] | 流入量[m3/s] | 計画高水流量[m3/s] | 全放流量[m3/s]
Niigata,新潟県,奥三面ダム,2026-09-11T14:30,211.57,7.86,0.72,,,,79.7,,観測所名 | 最新観測時刻 | 平常時最高貯水位(常時満水位)[m] | 貯水位[m] | 洪水時最高水位(サーチャージ水位)[m] | 貯水率[%] | 洪水流入量[m3/s] | 流入量[m3/s] | 計画高水流量[m3/s] | 全放流量[m3/s]
Niigata,新潟県,奥胎内ダム,2026-09-11T14:30,384.0,2.79,2.79,,,,,,観測所名 | 最新観測時刻 | 平常時最高貯水位(常時満水位)[m] | 貯水位[m] | 洪水時最高水位(サーチャージ水位)[m] | 貯水率[%] | 洪水流入量[m3/s] | 流入量[m3/s] | 計画高水流量[m3/s] | 全放流量[m3/s]
Niigata,新潟県,広神ダム,2026-09-11T14:30,214.13,2.59,2.85,,,,100.0,,観測所名 | 最新観測時刻 | 平常時最高貯水位(常時満水位)[m] | 貯水位[m] | 洪水時最高水位(サーチャージ水位)[m] | 貯水率[%] | 洪水流入量[m3/s] | 流入量[m3/s] | 計画高水流量[m3/s] | 全放流量[m3/s]
Niigata,新潟県,新保川ダム,2026-09-11T14:30,160.42,0.35,0.35,,,,100.0,,観測所名 | 最新観測時刻 | 平常時最高貯水位(常時満水位)[m] | 貯水位[m] | 洪水時最高水位(サーチャージ水位)[m] | 貯水率[%] | 洪水流入量[m3/s] | 流入量[m3/s] | 計画高水流量[m3/s] | 全放流量[m3/s]
Niigata,新潟県,早出川ダム,2026-09-11T14:30,163.79,5.74,3.4,,,,77.1,,観測所名 | 最新観測時刻 | 平常時最高貯水位(常時満水位)[m] | 貯水位[m] | 洪水時最高水位(サーチャージ水位)[m] | 貯水率[%] | 洪水流入量[m3/s] | 流入量[m3/s] | 計画高水流量[m3/s] | 全放流量[m3/s]
Niigata,新潟県,柿崎川ダム,2026-09-11T14:30,120.9,0.81,0.82,,,,100.0,,観測所名 | 最新観測時刻 | 平常時最高貯水位(常時満水位)[m] | 貯水位[m] | 洪水時最高水位(サーチャージ水位)[m] | 貯水率[%] | 洪水流入量[m3/s] | 流入量[m3/s] | 計画高水流量[m3/s] | 全放流量[m3/s]
Niigata,新潟県,正善寺ダム,2026-09-11T14:30,86.08,0.78,0.19,,,,82.2,,観測所名 | 最新観測時刻 | 平常時最高貯水位(常時満水位)[m] | 貯水位[m] | 洪水時最高水位(サーチャージ水位)[m] | 貯水率[%] | 洪水流入量[m3/s] | 流入量[m3/s] | 計画高水流量[m3/s] | 全放流量[m3/s]
Niigata,新潟県,破間川ダム,2026-09-11T14:30,430.67,5.18,6.53,,,,89.1,,観測所名 | 最新観測時刻 | 平常時最高貯水位(常時満水位)[m] | 貯水位[m] | 洪水時最高水位(サーチャージ水位)[m] | 貯水率[%] | 洪水流入量[m3/s] | 流入量[m3/s] | 計画高水流量[m3/s] | 全放流量[m3/s]
Niigata,新潟県,笠堀ダム,2026-09-11T14:30,192.76,6.92,3.08,,,,86.6,,観測所名 | 最新観測時刻 | 平常時最高貯水位(常時満水位)[m] | 貯水位[m] | 洪水時最高水位(サーチャージ水位)[m] | 貯水率[%] | 洪水流入量[m3/s] | 流入量[m3/s] | 計画高水流量[m3/s] | 全放流量[m3/s]
Niigata,新潟県,胎内川ダム,2026-09-11T14:30,287.34,6.37,5.23,,,,92.2,,観測所名 | 最新観測時刻 | 平常時最高貯水位(常時満水位)[m] | 貯水位[m] | 洪水時最高水位(サーチャージ水位)[m] | 貯水率[%] | 洪水流入量[m3/s] | 流入量[m3/s] | 計画高水流量[m3/s] | 全放流量[m3/s]
Niigata,新潟県,鯖石川ダム,2026-09-11T14:30,134.83,6.57,3.02,,,,93.7,,観測所名 | 最新観測時刻 | 平常時最高貯水位(常時満水位)[m] | 貯水位[m] | 洪水時最高水位(サーチャージ水位)[m] | 貯水率[%] | 洪水流入量[m3/s] | 流入量[m3/s] | 計画高水流量[m3/s] | 全放流量[m3/s]
Oita,大分県,北川ダム,2026-09-11T14:30,149.07,9.56,17.08,,,,40.8,,管理者名 | 河川名 | 局名 | 所在地 | 最新観測時刻 | 貯水位 | 流入量 | 貯水量 | 貯水率 | 放流量
Oita,大分県,安岐ダム,2026-09-11T14:30,153.76,3.03,0.27,0.609,,,100.0,,管理者名 | 河川名 | 局名 | 所在地 | 最新観測時刻 | 貯水位 | 流入量 | 貯水量 | 貯水率 | 放流量
Oita,大分県,床木ダム,2026-09-11T14:30,88.71,0.39,0.4,0.908,,,100.0,,管理者名 | 河川名 | 局名 | 所在地 | 最新観測時刻 | 貯水位 | 流入量 | 貯水量 | 貯水率 | 放流量
Oita,大分県,玉来ダム,2026-09-11T14:30,350.75,5.25,5.25,,,,0.1,,管理者名 | 河川名 | 局名 | 所在地 | 最新観測時刻 | 貯水位 | 流入量 | 貯水量 | 貯水率 | 放流量
Oita,大分県,稲葉ダム,2026-09-11T14:30,437.84,2.143,2.473,,,,101.2,,管理者名 | 河川名 | 局名 | 所在地 | 最新観測時刻 | 貯水位 | 流入量 | 貯水量 | 貯水率 | 放流量
Oita,大分県,芹川ダム,2026-09-11T14:30,328.66,4.02,4.8,,,,55.9,,管理者名 | 河川名 | 局名 | 所在地 | 最新観測時刻 | 貯水位 | 流入量 | 貯水量 | 貯水率 | 放流量
Oita,大分県,行入ダム,2026-09-11T14:30,122.71,0.0,0.1,0.491,,,48.8,,管理者名 | 河川名 | 局名 | 所在地 | 最新観測時刻 | 貯水位 | 流入量 | 貯水量 | 貯水率 | 放流量
Oita,大分県,野津ダム,2026-09-11T14:30,238.08,0.08,0.08,,,,100.8,,管理者名 | 河川名 | 局名 | 所在地 | 最新観測時刻 | 貯水位 | 流入量 | 貯水量 | 貯水率 | 放流量
Oita,大分県,青江ダム,2026-09-11T14:30,64.15,0.077,0.087,0.459,,,100.0,,管理者名 | 河川名 | 局名 | 所在地 | 最新観測時刻 | 貯水位 | 流入量 | 貯水量 | 貯水率 | 放流量
Oita,大分県,黒沢ダム,2026-09-11T14:30,95.45,0.77,0.74,1.156,,,100.0,,管理者名 | 河川名 | 局名 | 所在地 | 最新観測時刻 | 貯水位 | 流入量 | 貯水量 | 貯水率 | 放流量
Tokushima,徳島県,宮川内ダム,2026-09-11T14:30,129.0,1.12,0.45,,,0.555,72.08,,管理者名 | 河川名 | 局名 | 所在地 | 最新観測時刻 | 貯水位 | 総貯水量 | 全流入量 | 全放流量 | 貯水率
Tokushima,徳島県,川口ダム,2026-09-11T14:30,94.11,101.4,101.4,,,,,,管理者名 | 河川名 | 局名 | 所在地 | 最新観測時刻 | 貯水位 | 総貯水量 | 全流入量 | 全放流量 | 貯水率
Tokushima,徳島県,棚野ダム,2026-09-11T14:30,,,19.4,,,,,,管理者名 | 河川名 | 局名 | 所在地 | 最新観測時刻 | 貯水位 | 総貯水量 | 全流入量 | 全放流量 | 貯水率
Tokushima,徳島県,正木ダム,2026-09-11T14:30,166.62,17.4,10.2,,,5.151,70.15,,管理者名 | 河川名 | 局名 | 所在地 | 最新観測時刻 | 貯水位 | 総貯水量 | 全流入量 | 全放流量 | 貯水率
Tokushima,徳島県,池田ダム,2026-09-11T14:30,88.66,51.08,53.04,,,,,,管理者名 | 河川名 | 局名 | 所在地 | 最新観測時刻 | 貯水位 | 総貯水量 | 全流入量 | 全放流量 | 貯水率
Tokushima,徳島県,福井ダム,2026-09-11T14:30,43.88,1.28,1.42,,,1.356,100.0,,管理者名 | 河川名 | 局名 | 所在地 | 最新観測時刻 | 貯水位 | 総貯水量 | 全流入量 | 全放流量 | 貯水率
Tokushima,徳島県,長安口ダム,2026-09-11T14:30,221.39,85.83,74.62,,,,,,管理者名 | 河川名 | 局名 | 所在地 | 最新観測時刻 | 貯水位 | 総貯水量 | 全流入量 | 全放流量 | 貯水率
Yamagata,山形県,前川ダム,2026-09-11T14:30,257.37,0.1,0.1,1.546,,,90.9,,管理者名 | 河川名 | 局名 | 所在地 | 最新観測時刻 | 流入量 | 全放流量 | 貯水位 | 貯水量 | 貯水率
Yamagata,山形県,寒河江ダム,2026-09-11T14:30,385.76,14.36,0.86,52.294,,,94.4,,管理者名 | 河川名 | 局名 | 所在地 | 最新観測時刻 | 流入量 | 全放流量 | 貯水位 | 貯水量 | 貯水率
Yamagata,山形県,最上小国川流水型ダム,2026-09-11T14:30,277.12,4.64,4.53,0.002,,,0.0,,管理者名 | 河川名 | 局名 | 所在地 | 最新観測時刻 | 流入量 | 全放流量 | 貯水位 | 貯水量 | 貯水率
Yamagata,山形県,月光川ダム,2026-09-11T14:30,169.35,4.65,4.65,0.008,,,0.2,,管理者名 | 河川名 | 局名 | 所在地 | 最新観測時刻 | 流入量 | 全放流量 | 貯水位 | 貯水量 | 貯水率
Yamagata,山形県,月山ダム,2026-09-11T14:30,236.88,3.3,4.0,16.413,,,91.5,,管理者名 | 河川名 | 局名 | 所在地 | 最新観測時刻 | 流入量 | 全放流量 | 貯水位 | 貯水量 | 貯水率
Yamagata,山形県,木地山ダム,2026-09-11T14:30,470.15,5.23,5.8,1.0,,,18.8,,管理者名 | 河川名 | 局名 | 所在地 | 最新観測時刻 | 流入量 | 全放流量 | 貯水位 | 貯水量 | 貯水率
Yamagata,山形県,温海川ダム,2026-09-11T14:30,142.42,1.19,1.19,0.434,,,97.4,,管理者名 | 河川名 | 局名 | 所在地 | 最新観測時刻 | 流入量 | 全放流量 | 貯水位 | 貯水量 | 貯水率
Yamagata,山形県,田沢川ダム,2026-09-11T14:30,127.05,0.79,1.11,3.965,,,80.1,,管理者名 | 河川名 | 局名 | 所在地 | 最新観測時刻 | 流入量 | 全放流量 | 貯水位 | 貯水量 | 貯水率
Yamagata,山形県,留山川ダム,2026-09-11T14:30,300.15,0.38,0.38,0.349,,,100.0,,管理者名 | 河川名 | 局名 | 所在地 | 最新観測時刻 | 流入量 | 全放流量 | 貯水位 | 貯水量 | 貯水率
Yamagata,山形県,白川ダム,2026-09-11T14:30,319.64,11.46,14.21,6.62,,,66.9,,管理者名 | 河川名 | 局名 | 所在地 | 最新観測時刻 | 流入量 | 全放流量 | 貯水位 | 貯水量 | 貯水率
Yamagata,山形県,白水川ダム,2026-09-11T14:30,357.6,0.45,0.45,2.521,,,97.0,,管理者名 | 河川名 | 局名 | 所在地 | 最新観測時刻 | 流入量 | 全放流量 | 貯水位 | 貯水量 | 貯水率
Yamagata,山形県,神室ダム,2026-09-11T14:30,381.07,0.24,1.0,2.502,,,76.4,,管理者名 | 河川名 | 局名 | 所在地 | 最新観測時刻 | 流入量 | 全放流量 | 貯水位 | 貯水量 | 貯水率
Yamagata,山形県,綱木川ダム,2026-09-11T14:30,456.42,3.07,3.27,3.61,,,100.0,,管理者名 | 河川名 | 局名 | 所在地 | 最新観測時刻 | 流入量 | 全放流量 | 貯水位 | 貯水量 | 貯水率
Yamagata,山形県,荒沢ダム,2026-09-11T14:30,237.04,9.16,13.52,5.418,,,31.4,,管理者名 | 河川名 | 局名 | 所在地 | 最新観測時刻 | 流入量 | 全放流量 | 貯水位 | 貯水量 | 貯水率
Yamagata,山形県,蔵王ダム,2026-09-11T14:30,592.9,2.21,1.8,1.876,,,88.5,,管理者名 | 河川名 | 局名 | 所在地 | 最新観測時刻 | 流入量 | 全放流量 | 貯水位 | 貯水量 | 貯水率
Yamagata,山形県,長井ダム,2026-09-11T14:30,365.59,9.18,8.09,20.663,,,93.6,,管理者名 | 河川名 | 局名 | 所在地 | 最新観測時刻 | 流入量 | 全放流量 | 貯水位 | 貯水量 | 貯水率
Yamagata,山形県,高坂ダム,2026-09-11T14:30,181.5,4.75,7.49,0.476,,,14.4,,管理者名 | 河川名 | 局名 | 所在地 | 最新観測時刻 | 流入量 | 全放流量 | 貯水位 | 貯水量 | 貯水率
Aomori,青森県,下湯ダム,2026-09-11T19:40,263.65,1.52,1.51,,,,,,管理者名 | 河川名 | 局名 | 所在地 | 最新観測時刻 | 流入量 | 全放流量 | 貯水位 | 平常時最高水位 | 洪水貯留準備水位 | 洪水量(※)
Aomori,青森県,世増ダム,2026-09-11T19:40,94.72,7.05,8.79,,,,,,管理者名 | 河川名 | 局名 | 所在地 | 最新観測時刻 | 流入量 | 全放流量 | 貯水位 | 平常時最高水位 | 洪水貯留準備水位 | 洪水量(※)
Aomori,青森県,久吉ダム,2026-09-11T19:40,276.65,0.8,0.8,,,,,,管理者名 | 河川名 | 局名 | 所在地 | 最新観測時刻 | 流入量 | 全放流量 | 貯水位 | 平常時最高水位 | 洪水貯留準備水位 | 洪水量(※)
Aomori,青森県,小泊ダム,2026-09-11T19:40,67.59,0.04,0.04,,,,,,管理者名 | 河川名 | 局名 | 所在地 | 最新観測時刻 | 流入量 | 全放流量 | 貯水位 | 平常時最高水位 | 洪水貯留準備水位 | 洪水量(※)
Aomori,青森県,川内ダム,2026-09-11T19:40,178.71,0.06,1.36,,,,,,管理者名 | 河川名 | 局名 | 所在地 | 最新観測時刻 | 流入量 | 全放流量 | 貯水位 | 平常時最高水位 | 洪水貯留準備水位 | 洪水量(※)
Aomori,青森県,津軽ダム,2026-09-11T19:40,196.16,0.65,14.65,,,,,,管理者名 | 河川名 | 局名 | 所在地 | 最新観測時刻 | 流入量 | 全放流量 | 貯水位 | 平常時最高水位 | 洪水貯留準備水位 | 洪水量(※)
Aomori,青森県,浅瀬石川ダム,2026-09-11T19:40,184.82,11.98,11.95,,,,,,管理者名 | 河川名 | 局名 | 所在地 | 最新観測時刻 | 流入量 | 全放流量 | 貯水位 | 平常時最高水位 | 洪水貯留準備水位 | 洪水量(※)
Aomori,青森県,浅虫ダム,2026-09-11T19:40,13.98,0.04,0.04,,,,,,管理者名 | 河川名 | 局名 | 所在地 | 最新観測時刻 | 流入量 | 全放流量 | 貯水位 | 平常時最高水位 | 洪水貯留準備水位 | 洪水量(※)
Aomori,青森県,清水目ダム,2026-09-11T19:40,108.05,0.5,0.5,,,,,,管理者名 | 河川名 | 局名 | 所在地 | 最新観測時刻 | 流入量 | 全放流量 | 貯水位 | 平常時最高水位 | 洪水貯留準備水位 | 洪水量(※)
Aomori,青森県,飯詰ダム,2026-09-11T19:40,70.55,0.21,0.21,,,,,,管理者名 | 河川名 | 局名 | 所在地 | 最新観測時刻 | 流入量 | 全放流量 | 貯水位 | 平常時最高水位 | 洪水貯留準備水位 | 洪水量(※)
Fukui,福井県,九頭竜ダム,2026-09-11T19:40,541.5,15.72,0.01,,,,,32.5,局名 | 所在地 | 最新観測時刻 | 貯水率(利水容量) | 貯水位 | 有効貯水量 | 流入量 | 放流量 | 管理者名
Fukui,福井県,二ツ屋ダム,2026-09-11T19:40,349.77,2.1,2.1,,0.214,,,101.1,局名 | 所在地 | 最新観測時刻 | 貯水率(利水容量) | 貯水位 | 有効貯水量 | 流入量 | 放流量 | 管理者名
Fukui,福井県,吉野瀬川ダム,2026-09-11T19:30,100.17,0.99,1.45,,1.244,,,100.0,局名 | 所在地 | 最新観測時刻 | 貯水率(利水容量) | 貯水位 | 有効貯水量 | 流入量 | 放流量 | 管理者名
Fukui,福井県,大津呂ダム,2026-09-11T19:40,84.38,0.03,0.02,,0.114,,,42.1,局名 | 所在地 | 最新観測時刻 | 貯水率(利水容量) | 貯水位 | 有効貯水量 | 流入量 | 放流量 | 管理者名
Fukui,福井県,広野ダム,2026-09-11T19:30,294.52,2.05,1.62,,1.402,,,35.1,局名 | 所在地 | 最新観測時刻 | 貯水率(利水容量) | 貯水位 | 有効貯水量 | 流入量 | 放流量 | 管理者名
Fukui,福井県,桝谷ダム,2026-09-11T19:40,299.27,0.12,0.12,,3.513,,,17.6,局名 | 所在地 | 最新観測時刻 | 貯水率(利水容量) | 貯水位 | 有効貯水量 | 流入量 | 放流量 | 管理者名
Fukui,福井県,永平寺ダム,2026-09-11T19:40,319.87,0.31,0.35,,0.442,,,100.45,局名 | 所在地 | 最新観測時刻 | 貯水率(利水容量) | 貯水位 | 有効貯水量 | 流入量 | 放流量 | 管理者名
Fukui,福井県,河内川ダム,2026-09-11T19:40,184.1,0.69,0.31,,2.984,,,64.2,局名 | 所在地 | 最新観測時刻 | 貯水率(利水容量) | 貯水位 | 有効貯水量 | 流入量 | 放流量 | 管理者名
Fukui,福井県,浄土寺川ダム,2026-09-11T19:40,344.58,0.886,1.24,,0.773,,,100.0,局名 | 所在地 | 最新観測時刻 | 貯水率(利水容量) | 貯水位 | 有効貯水量 | 流入量 | 放流量 | 管理者名
Fukui,福井県,真名川ダム,2026-09-11T19:40,336.46,6.41,3.49,,,,,84.1,局名 | 所在地 | 最新観測時刻 | 貯水率(利水容量) | 貯水位 | 有効貯水量 | 流入量 | 放流量 | 管理者名
Fukui,福井県,笹生川ダム,2026-09-11T19:40,515.22,7.35,2.99,,23.983,,,58.55,局名 | 所在地 | 最新観測時刻 | 貯水率(利水容量) | 貯水位 | 有効貯水量 | 流入量 | 放流量 | 管理者名
Fukui,福井県,開谷ダム,2026-09-11T19:40,120.54,,,,0.06,,,59.4,局名 | 所在地 | 最新観測時刻 | 貯水率(利水容量) | 貯水位 | 有効貯水量 | 流入量 | 放流量 | 管理者名
Fukui,福井県,龍ヶ鼻ダム,2026-09-11T19:30,173.04,3.02,3.04,,4.029,,,85.32,局名 | 所在地 | 最新観測時刻 | 貯水率(利水容量) | 貯水位 | 有効貯水量 | 流入量 | 放流量 | 管理者名
Miyazaki,宮崎県,岩瀬ダム,2026-09-11T19:30,111.54,17.41,35.78,,,,,,河川名 | 局名 | 所在地 | 状態 | 最新観測時刻 | 貯水位 | 流入量 | 全放流量
Miyazaki,宮崎県,広渡ダム,2026-09-11T19:40,259.48,6.92,6.93,,,,,,河川名 | 局名 | 所在地 | 状態 | 最新観測時刻 | 貯水位 | 流入量 | 全放流量
Miyazaki,宮崎県,日南ダム,2026-09-11T19:00,107.37,4.89,4.9,,,,,,河川名 | 局名 | 所在地 | 状態 | 最新観測時刻 | 貯水位 | 流入量 | 全放流量
Miyazaki,宮崎県,松尾ダム,2026-09-11T19:30,195.82,17.62,17.61,,,,,,河川名 | 局名 | 所在地 | 状態 | 最新観測時刻 | 貯水位 | 流入量 | 全放流量
Miyazaki,宮崎県,沖田ダム,2026-09-11T19:40,48.13,0.47,0.45,,,,,,河川名 | 局名 | 所在地 | 状態 | 最新観測時刻 | 貯水位 | 流入量 | 全放流量
Miyazaki,宮崎県,渡川ダム,2026-09-11T19:30,289.91,10.31,7.23,,,,,,河川名 | 局名 | 所在地 | 状態 | 最新観測時刻 | 貯水位 | 流入量 | 全放流量
Miyazaki,宮崎県,瓜田ダム,2026-09-11T19:30,38.6,0.12,0.12,,,,,,河川名 | 局名 | 所在地 | 状態 | 最新観測時刻 | 貯水位 | 流入量 | 全放流量
Miyazaki,宮崎県,田代八重ダム,2026-09-11T19:30,323.95,0.0,14.0,,,,,,河川名 | 局名 | 所在地 | 状態 | 最新観測時刻 | 貯水位 | 流入量 | 全放流量
Miyazaki,宮崎県,祝子ダム,2026-09-11T19:30,303.31,3.9,4.36,,,,,,河川名 | 局名 | 所在地 | 状態 | 最新観測時刻 | 貯水位 | 流入量 | 全放流量
Miyazaki,宮崎県,立花ダム,2026-09-11T19:30,250.79,3.91,12.14,,,,,,河川名 | 局名 | 所在地 | 状態 | 最新観測時刻 | 貯水位 | 流入量 | 全放流量
Miyazaki,宮崎県,綾北ダム,2026-09-11T19:40,280.54,16.68,10.94,,,,,,河川名 | 局名 | 所在地 | 状態 | 最新観測時刻 | 貯水位 | 流入量 | 全放流量
Miyazaki,宮崎県,綾南ダム,2026-09-11T19:40,338.34,4.18,10.13,,,,,,河川名 | 局名 | 所在地 | 状態 | 最新観測時刻 | 貯水位 | 流入量 | 全放流量
Miyazaki,宮崎県,長谷ダム,2026-09-11T19:40,108.74,3.56,3.52,,,,,,河川名 | 局名 | 所在地 | 状態 | 最新観測時刻 | 貯水位 | 流入量 | 全放流量
Nara,奈良県,初瀬ダム,2026-09-11T19:40,220.98,0.9,0.23,,,,,,管理者名 | 河川名 | 局名 | 所在地 | 最新観測時刻 | 貯水位 | 貯水容量 | 空容量 | 全流入量 | 放流量
Nara,奈良県,大門ダム,2026-09-11T19:40,262.67,0.0,0.0,,,,,,管理者名 | 河川名 | 局名 | 所在地 | 最新観測時刻 | 貯水位 | 貯水容量 | 空容量 | 全流入量 | 放流量
Nara,奈良県,天理ダム,2026-09-11T19:40,253.35,0.43,0.26,,,,,,管理者名 | 河川名 | 局名 | 所在地 | 最新観測時刻 | 貯水位 | 貯水容量 | 空容量 | 全流入量 | 放流量
Nara,奈良県,岩井川ダム,2026-09-11T19:40,240.66,0.07,0.07,,,,,,管理者名 | 河川名 | 局名 | 所在地 | 最新観測時刻 | 貯水位 | 貯水容量 | 空容量 | 全流入量 | 放流量
Nara,奈良県,白川ダム,2026-09-11T19:40,111.3,0.0,0.0,,,,,,管理者名 | 河川名 | 局名 | 所在地 | 最新観測時刻 | 貯水位 | 貯水容量 | 空容量 | 全流入量 | 放流量
Niigata,新潟県,三面ダム,2026-09-11T19:30,115.94,55.43,15.51,,,,92.8,,観測所名 | 最新観測時刻 | 平常時最高貯水位(常時満水位)[m] | 貯水位[m] | 洪水時最高水位(サーチャージ水位)[m] | 貯水率[%] | 洪水流入量[m3/s] | 流入量[m3/s] | 計画高水流量[m3/s] | 全放流量[m3/s]
Niigata,新潟県,下条川ダム,2026-09-11T19:40,31.23,0.39,0.39,,,,,,観測所名 | 最新観測時刻 | 平常時最高貯水位(常時満水位)[m] | 貯水位[m] | 洪水時最高水位(サーチャージ水位)[m] | 貯水率[%] | 洪水流入量[m3/s] | 流入量[m3/s] | 計画高水流量[m3/s] | 全放流量[m3/s]
Niigata,新潟県,久知川ダム,2026-09-11T19:30,123.93,0.16,0.32,,,,100.0,,観測所名 | 最新観測時刻 | 平常時最高貯水位(常時満水位)[m] | 貯水位[m] | 洪水時最高水位(サーチャージ水位)[m] | 貯水率[%] | 洪水流入量[m3/s] | 流入量[m3/s] | 計画高水流量[m3/s] | 全放流量[m3/s]
Niigata,新潟県,内の倉ダム,2026-09-11T19:30,147.91,2.49,2.48,,,,41.3,,観測所名 | 最新観測時刻 | 平常時最高貯水位(常時満水位)[m] | 貯水位[m] | 洪水時最高水位(サーチャージ水位)[m] | 貯水率[%] | 洪水流入量[m3/s] | 流入量[m3/s] | 計画高水流量[m3/s] | 全放流量[m3/s]
Niigata,新潟県,刈谷田川ダム,2026-09-11T19:30,239.36,1.5,1.49,,,,98.6,,観測所名 | 最新観測時刻 | 平常時最高貯水位(常時満水位)[m] | 貯水位[m] | 洪水時最高水位(サーチャージ水位)[m] | 貯水率[%] | 洪水流入量[m3/s] | 流入量[m3/s] | 計画高水流量[m3/s] | 全放流量[m3/s]
Niigata,新潟県,加治川治水ダム,2026-09-11T19:30,272.22,5.8,3.5,,,,,,観測所名 | 最新観測時刻 | 平常時最高貯水位(常時満水位)[m] | 貯水位[m] | 洪水時最高水位(サーチャージ水位)[m] | 貯水率[%] | 洪水流入量[m3/s] | 流入量[m3/s] | 計画高水流量[m3/s] | 全放流量[m3/s]
Niigata,新潟県,城川ダム,2026-09-11T19:30,271.57,0.31,0.31,,,,100.0,,観測所名 | 最新観測時刻 | 平常時最高貯水位(常時満水位)[m] | 貯水位[m] | 洪水時最高水位(サーチャージ水位)[m] | 貯水率[%] | 洪水流入量[m3/s] | 流入量[m3/s] | 計画高水流量[m3/s] | 全放流量[m3/s]
Niigata,新潟県,大谷ダム,2026-09-11T19:40,191.62,1.54,1.55,,,,100.0,,観測所名 | 最新観測時刻 | 平常時最高貯水位(常時満水位)[m] | 貯水位[m] | 洪水時最高水位(サーチャージ水位)[m] | 貯水率[%] | 洪水流入量[m3/s] | 流入量[m3/s] | 計画高水流量[m3/s] | 全放流量[m3/s]
Niigata,新潟県,大野川ダム,2026-09-11T19:30,142.65,0.16,0.42,,,,100.0,,観測所名 | 最新観測時刻 | 平常時最高貯水位(常時満水位)[m] | 貯水位[m] | 洪水時最高水位(サーチャージ水位)[m] | 貯水率[%] | 洪水流入量[m3/s] | 流入量[m3/s] | 計画高水流量[m3/s] | 全放流量[m3/s]
Niigata,新潟県,奥三面ダム,2026-09-11T19:30,211.47,9.96,38.56,,,,79.2,,観測所名 | 最新観測時刻 | 平常時最高貯水位(常時満水位)[m] | 貯水位[m] | 洪水時最高水位(サーチャージ水位)[m] | 貯水率[%] | 洪水流入量[m3/s] | 流入量[m3/s] | 計画高水流量[m3/s] | 全放流量[m3/s]
Niigata,新潟県,奥胎内ダム,2026-09-11T19:30,384.0,2.85,2.65,,,,,,観測所名 | 最新観測時刻 | 平常時最高貯水位(常時満水位)[m] | 貯水位[m] | 洪水時最高水位(サーチャージ水位)[m] | 貯水率[%] | 洪水流入量[m3/s] | 流入量[m3/s] | 計画高水流量[m3/s] | 全放流量[m3/s]
Niigata,新潟県,広神ダム,2026-09-11T19:40,214.08,2.15,2.67,,,,100.0,,観測所名 | 最新観測時刻 | 平常時最高貯水位(常時満水位)[m] | 貯水位[m] | 洪水時最高水位(サーチャージ水位)[m] | 貯水率[%] | 洪水流入量[m3/s] | 流入量[m3/s] | 計画高水流量[m3/s] | 全放流量[m3/s]
Niigata,新潟県,新保川ダム,2026-09-11T19:30,160.41,0.33,0.33,,,,100.0,,観測所名 | 最新観測時刻 | 平常時最高貯水位(常時満水位)[m] | 貯水位[m] | 洪水時最高水位(サーチャージ水位)[m] | 貯水率[%] | 洪水流入量[m3/s] | 流入量[m3/s] | 計画高水流量[m3/s] | 全放流量[m3/s]
Niigata,新潟県,早出川ダム,2026-09-11T19:30,163.9,4.32,3.4,,,,78.6,,観測所名 | 最新観測時刻 | 平常時最高貯水位(常時満水位)[m] | 貯水位[m] | 洪水時最高水位(サーチャージ水位)[m] | 貯水率[%] | 洪水流入量[m3/s] | 流入量[m3/s] | 計画高水流量[m3/s] | 全放流量[m3/s]
Niigata,新潟県,柿崎川ダム,2026-09-11T19:30,120.88,0.77,0.77,,,,100.0,,観測所名 | 最新観測時刻 | 平常時最高貯水位(常時満水位)[m] | 貯水位[m] | 洪水時最高水位(サーチャージ水位)[m] | 貯水率[%] | 洪水流入量[m3/s] | 流入量[m3/s] | 計画高水流量[m3/s] | 全放流量[m3/s]
Niigata,新潟県,正善寺ダム,2026-09-11T19:30,86.11,0.65,0.16,,,,82.4,,観測所名 | 最新観測時刻 | 平常時最高貯水位(常時満水位)[m] | 貯水位[m] | 洪水時最高水位(サーチャージ水位)[m] | 貯水率[%] | 洪水流入量[m3/s] | 流入量[m3/s] | 計画高水流量[m3/s] | 全放流量[m3/s]
Niigata,新潟県,破間川ダム,2026-09-11T19:40,430.51,4.26,6.51,,,,84.0,,観測所名 | 最新観測時刻 | 平常時最高貯水位(常時満水位)[m] | 貯水位[m] | 洪水時最高水位(サーチャージ水位)[m] | 貯水率[%] | 洪水流入量[m3/s] | 流入量[m3/s] | 計画高水流量[m3/s] | 全放流量[m3/s]
Niigata,新潟県,笠堀ダム,2026-09-11T19:40,192.88,5.6,3.12,,,,87.5,,観測所名 | 最新観測時刻 | 平常時最高貯水位(常時満水位)[m] | 貯水位[m] | 洪水時最高水位(サーチャージ水位)[m] | 貯水率[%] | 洪水流入量[m3/s] | 流入量[m3/s] | 計画高水流量[m3/s] | 全放流量[m3/s]
Niigata,新潟県,胎内川ダム,2026-09-11T19:30,287.37,6.38,5.24,,,,92.5,,観測所名 | 最新観測時刻 | 平常時最高貯水位(常時満水位)[m] | 貯水位[m] | 洪水時最高水位(サーチャージ水位)[m] | 貯水率[%] | 洪水流入量[m3/s] | 流入量[m3/s] | 計画高水流量[m3/s] | 全放流量[m3/s]
Niigata,新潟県,鯖石川ダム,2026-09-11T19:30,134.83,1.51,2.26,,,,93.7,,観測所名 | 最新観測時刻 | 平常時最高貯水位(常時満水位)[m] | 貯水位[m] | 洪水時最高水位(サーチャージ水位)[m] | 貯水率[%] | 洪水流入量[m3/s] | 流入量[m3/s] | 計画高水流量[m3/s] | 全放流量[m3/s]
Oita,大分県,北川ダム,2026-09-11T19:40,148.92,10.52,23.58,,,,40.3,,管理者名 | 河川名 | 局名 | 所在地 | 最新観測時刻 | 貯水位 | 流入量 | 貯水量 | 貯水率 | 放流量
Oita,大分県,安岐ダム,2026-09-11T19:40,153.76,0.41,0.27,0.609,,,100.0,,管理者名 | 河川名 | 局名 | 所在地 | 最新観測時刻 | 貯水位 | 流入量 | 貯水量 | 貯水率 | 放流量
Oita,大分県,床木ダム,2026-09-11T19:30,88.7,0.36,0.38,0.907,,,100.0,,管理者名 | 河川名 | 局名 | 所在地 | 最新観測時刻 | 貯水位 | 流入量 | 貯水量 | 貯水率 | 放流量
Oita,大分県,玉来ダム,2026-09-11T19:30,350.75,5.25,5.25,,,,0.1,,管理者名 | 河川名 | 局名 | 所在地 | 最新観測時刻 | 貯水位 | 流入量 | 貯水量 | 貯水率 | 放流量
Oita,大分県,稲葉ダム,2026-09-11T19:40,437.83,2.285,2.058,,,,100.9,,管理者名 | 河川名 | 局名 | 所在地 | 最新観測時刻 | 貯水位 | 流入量 | 貯水量 | 貯水率 | 放流量
Oita,大分県,芹川ダム,2026-09-11T19:40,328.65,4.02,4.81,,,,55.9,,管理者名 | 河川名 | 局名 | 所在地 | 最新観測時刻 | 貯水位 | 流入量 | 貯水量 | 貯水率 | 放流量
Oita,大分県,行入ダム,2026-09-11T19:40,122.68,0.01,0.1,0.489,,,48.5,,管理者名 | 河川名 | 局名 | 所在地 | 最新観測時刻 | 貯水位 | 流入量 | 貯水量 | 貯水率 | 放流量
Oita,大分県,野津ダム,2026-09-11T19:40,238.08,0.08,0.08,,,,100.8,,管理者名 | 河川名 | 局名 | 所在地 | 最新観測時刻 | 貯水位 | 流入量 | 貯水量 | 貯水率 | 放流量
Oita,大分県,青江ダム,2026-09-11T19:40,64.14,0.075,0.078,0.458,,,100.0,,管理者名 | 河川名 | 局名 | 所在地 | 最新観測時刻 | 貯水位 | 流入量 | 貯水量 | 貯水率 | 放流量
Oita,大分県,黒沢ダム,2026-09-11T19:40,95.45,0.77,0.74,1.156,,,100.0,,管理者名 | 河川名 | 局名 | 所在地 | 最新観測時刻 | 貯水位 | 流入量 | 貯水量 | 貯水率 | 放流量
Tokushima,徳島県,宮川内ダム,2026-09-11T19:30,129.16,0.74,0.45,,,0.568,73.77,,管理者名 | 河川名 | 局名 | 所在地 | 最新観測時刻 | 貯水位 | 総貯水量 | 全流入量 | 全放流量 | 貯水率
Tokushima,徳島県,川口ダム,2026-09-11T19:30,94.13,97.6,97.6,,,,,,管理者名 | 河川名 | 局名 | 所在地 | 最新観測時刻 | 貯水位 | 総貯水量 | 全流入量 | 全放流量 | 貯水率
Tokushima,徳島県,棚野ダム,2026-09-11T19:30,,,17.0,,,,,,管理者名 | 河川名 | 局名 | 所在地 | 最新観測時刻 | 貯水位 | 総貯水量 | 全流入量 | 全放流量 | 貯水率
Tokushima,徳島県,正木ダム,2026-09-11T19:30,166.9,15.3,10.2,,,5.253,73.07,,管理者名 | 河川名 | 局名 | 所在地 | 最新観測時刻 | 貯水位 | 総貯水量 | 全流入量 | 全放流量 | 貯水率
Tokushima,徳島県,池田ダム,2026-09-11T19:30,88.64,61.16,61.24,,,,,,管理者名 | 河川名 | 局名 | 所在地 | 最新観測時刻 | 貯水位 | 総貯水量 | 全流入量 | 全放流量 | 貯水率
Tokushima,徳島県,福井ダム,2026-09-11T19:30,43.86,1.18,1.32,,,1.353,100.0,,管理者名 | 河川名 | 局名 | 所在地 | 最新観測時刻 | 貯水位 | 総貯水量 | 全流入量 | 全放流量 | 貯水率
Tokushima,徳島県,長安口ダム,2026-09-11T19:30,221.49,80.79,69.54,,,,,,管理者名 | 河川名 | 局名 | 所在地 | 最新観測時刻 | 貯水位 | 総貯水量 | 全流入量 | 全放流量 | 貯水率
Yamagata,山形県,前川ダム,2026-09-11T19:40,257.38,0.1,0.1,1.548,,,91.1,,管理者名 | 河川名 | 局名 | 所在地 | 最新観測時刻 | 流入量 | 全放流量 | 貯水位 | 貯水量 | 貯水率
Yamagata,山形県,寒河江ダム,2026-09-11T19:40,385.64,11.14,29.57,52.002,,,93.9,,管理者名 | 河川名 | 局名 | 所在地 | 最新観測時刻 | 流入量 | 全放流量 | 貯水位 | 貯水量 | 貯水率
Yamagata,山形県,最上小国川流水型ダム,2026-09-11T19:40,277.11,4.37,4.37,0.002,,,0.0,,管理者名 | 河川名 | 局名 | 所在地 | 最新観測時刻 | 流入量 | 全放流量 | 貯水位 | 貯水量 | 貯水率
Yamagata,山形県,月光川ダム,2026-09-11T19:40,169.34,4.52,4.52,0.008,,,0.2,,管理者名 | 河川名 | 局名 | 所在地 | 最新観測時刻 | 流入量 | 全放流量 | 貯水位 | 貯水量 | 貯水率
Yamagata,山形県,月山ダム,2026-09-11T19:40,236.87,3.28,3.9,16.404,,,91.5,,管理者名 | 河川名 | 局名 | 所在地 | 最新観測時刻 | 流入量 | 全放流量 | 貯水位 | 貯水量 | 貯水率
Yamagata,山形県,木地山ダム,2026-09-11T19:40,470.07,4.58,5.8,0.982,,,18.5,,管理者名 | 河川名 | 局名 | 所在地 | 最新観測時刻 | 流入量 | 全放流量 | 貯水位 | 貯水量 | 貯水率
Yamagata,山形県,温海川ダム,2026-09-11T19:40,142.43,1.14,1.14,0.435,,,97.7,,管理者名 | 河川名 | 局名 | 所在地 | 最新観測時刻 | 流入量 | 全放流量 | 貯水位 | 貯水量 | 貯水率
Yamagata,山形県,田沢川ダム,2026-09-11T19:40,127.0,0.53,1.12,3.953,,,79.9,,管理者名 | 河川名 | 局名 | 所在地 | 最新観測時刻 | 流入量 | 全放流量 | 貯水位 | 貯水量 | 貯水率
Yamagata,山形県,留山川ダム,2026-09-11T19:40,300.14,0.36,0.36,0.348,,,100.0,,管理者名 | 河川名 | 局名 | 所在地 | 最新観測時刻 | 流入量 | 全放流量 | 貯水位 | 貯水量 | 貯水率
Yamagata,山形県,白川ダム,2026-09-11T19:40,319.65,14.19,14.13,6.63,,,67.0,,管理者名 | 河川名 | 局名 | 所在地 | 最新観測時刻 | 流入量 | 全放流量 | 貯水位 | 貯水量 | 貯水率
Yamagata,山形県,白水川ダム,2026-09-11T19:30,357.6,0.45,0.45,2.521,,,97.0,,管理者名 | 河川名 | 局名 | 所在地 | 最新観測時刻 | 流入量 | 全放流量 | 貯水位 | 貯水量 | 貯水率
Yamagata,山形県,神室ダム,2026-09-11T19:40,381.05,1.0,1.0,2.497,,,76.2,,管理者名 | 河川名 | 局名 | 所在地 | 最新観測時刻 | 流入量 | 全放流量 | 貯水位 | 貯水量 | 貯水率
Yamagata,山形県,綱木川ダム,2026-09-11T19:40,456.41,3.19,3.2,3.607,,,100.0,,管理者名 | 河川名 | 局名 | 所在地 | 最新観測時刻 | 流入量 | 全放流量 | 貯水位 | 貯水量 | 貯水率
Yamagata,山形県,荒沢ダム,2026-09-11T19:40,236.95,8.75,13.48,5.329,,,30.9,,管理者名 | 河川名 | 局名 | 所在地 | 最新観測時刻 | 流入量 | 全放流量 | 貯水位 | 貯水量 | 貯水率
Yamagata,山形県,蔵王ダム,2026-09-11T19:30,592.96,2.01,1.6,1.885,,,88.9,,管理者名 | 河川名 | 局名 | 所在地 | 最新観測時刻 | 流入量 | 全放流量 | 貯水位 | 貯水量 | 貯水率
Yamagata,山形県,長井ダム,2026-09-11T19:40,365.59,8.11,8.09,20.663,,,93.6,,管理者名 | 河川名 | 局名 | 所在地 | 最新観測時刻 | 流入量 | 全放流量 | 貯水位 | 貯水量 | 貯水率
Yamagata,山形県,高坂ダム,2026-09-11T19:40,181.35,4.72,7.53,0.425,,,12.9,,管理者名 | 河川名 | 局名 | 所在地 | 最新観測時刻 | 流入量 | 全放流量 | 貯水位 | 貯水量 | 貯水率
Aomori,青森県,下湯ダム,2026-09-11T23:40,263.64,1.5,1.51,,,,,,管理者名 | 河川名 | 局名 | 所在地 | 最新観測時刻 | 流入量 | 全放流量 | 貯水位 | 平常時最高水位 | 洪水貯留準備水位 | 洪水量(※)
Aomori,青森県,世増ダム,2026-09-11T23:40,94.72,8.76,8.74,,,,,,管理者名 | 河川名 | 局名 | 所在地 | 最新観測時刻 | 流入量 | 全放流量 | 貯水位 | 平常時最高水位 | 洪水貯留準備水位 | 洪水量(※)
Aomori,青森県,久吉ダム,2026-09-11T23:50,276.64,0.77,0.76,,,,,,管理者名 | 河川名 | 局名 | 所在地 | 最新観測時刻 | 流入量 | 全放流量 | 貯水位 | 平常時最高水位 | 洪水貯留準備水位 | 洪水量(※)
Aomori,青森県,小泊ダム,2026-09-11T23:50,67.59,0.04,0.04,,,,,,管理者名 | 河川名 | 局名 | 所在地 | 最新観測時刻 | 流入量 | 全放流量 | 貯水位 | 平常時最高水位 | 洪水貯留準備水位 | 洪水量(※)
Aomori,青森県,川内ダム,2026-09-11T23:50,178.7,1.32,1.32,,,,,,管理者名 | 河川名 | 局名 | 所在地 | 最新観測時刻 | 流入量 | 全放流量 | 貯水位 | 平常時最高水位 | 洪水貯留準備水位 | 洪水量(※)
Aomori,青森県,津軽ダム,2026-09-11T23:40,196.11,4.52,14.63,,,,,,管理者名 | 河川名 | 局名 | 所在地 | 最新観測時刻 | 流入量 | 全放流量 | 貯水位 | 平常時最高水位 | 洪水貯留準備水位 | 洪水量(※)
Aomori,青森県,浅瀬石川ダム,2026-09-11T23:50,184.8,8.4,11.99,,,,,,管理者名 | 河川名 | 局名 | 所在地 | 最新観測時刻 | 流入量 | 全放流量 | 貯水位 | 平常時最高水位 | 洪水貯留準備水位 | 洪水量(※)
Aomori,青森県,浅虫ダム,2026-09-11T23:50,13.98,0.04,0.04,,,,,,管理者名 | 河川名 | 局名 | 所在地 | 最新観測時刻 | 流入量 | 全放流量 | 貯水位 | 平常時最高水位 | 洪水貯留準備水位 | 洪水量(※)
Aomori,青森県,清水目ダム,2026-09-11T23:40,108.04,0.4,0.5,,,,,,管理者名 | 河川名 | 局名 | 所在地 | 最新観測時刻 | 流入量 | 全放流量 | 貯水位 | 平常時最高水位 | 洪水貯留準備水位 | 洪水量(※)
Aomori,青森県,飯詰ダム,2026-09-11T23:50,70.55,0.21,0.21,,,,,,管理者名 | 河川名 | 局名 | 所在地 | 最新観測時刻 | 流入量 | 全放流量 | 貯水位 | 平常時最高水位 | 洪水貯留準備水位 | 洪水量(※)
Fukui,福井県,九頭竜ダム,2026-09-11T23:40,541.56,25.15,0.01,,,,,32.7,局名 | 所在地 | 最新観測時刻 | 貯水率(利水容量) | 貯水位 | 有効貯水量 | 流入量 | 放流量 | 管理者名
Fukui,福井県,二ツ屋ダム,2026-09-11T23:50,349.77,2.1,2.1,,0.214,,,101.1,局名 | 所在地 | 最新観測時刻 | 貯水率(利水容量) | 貯水位 | 有効貯水量 | 流入量 | 放流量 | 管理者名
Fukui,福井県,吉野瀬川ダム,2026-09-11T23:40,100.14,0.87,1.36,,1.237,,,100.0,局名 | 所在地 | 最新観測時刻 | 貯水率(利水容量) | 貯水位 | 有効貯水量 | 流入量 | 放流量 | 管理者名
Fukui,福井県,大津呂ダム,2026-09-11T23:50,84.4,0.06,0.03,,0.115,,,42.2,局名 | 所在地 | 最新観測時刻 | 貯水率(利水容量) | 貯水位 | 有効貯水量 | 流入量 | 放流量 | 管理者名
Fukui,福井県,広野ダム,2026-09-11T23:40,294.53,1.6,1.66,,1.404,,,35.1,局名 | 所在地 | 最新観測時刻 | 貯水率(利水容量) | 貯水位 | 有効貯水量 | 流入量 | 放流量 | 管理者名
Fukui,福井県,桝谷ダム,2026-09-11T23:50,299.28,0.12,0.12,,3.516,,,17.6,局名 | 所在地 | 最新観測時刻 | 貯水率(利水容量) | 貯水位 | 有効貯水量 | 流入量 | 放流量 | 管理者名
Fukui,福井県,永平寺ダム,2026-09-11T23:50,319.87,0.35,0.35,,0.442,,,100.45,局名 | 所在地 | 最新観測時刻 | 貯水率(利水容量) | 貯水位 | 有効貯水量 | 流入量 | 放流量 | 管理者名
Fukui,福井県,河内川ダム,2026-09-11T23:50,184.12,0.64,0.31,,2.989,,,64.3,局名 | 所在地 | 最新観測時刻 | 貯水率(利水容量) | 貯水位 | 有効貯水量 | 流入量 | 放流量 | 管理者名
Fukui,福井県,浄土寺川ダム,2026-09-11T23:50,344.52,0.762,0.184,,0.769,,,100.0,局名 | 所在地 | 最新観測時刻 | 貯水率(利水容量) | 貯水位 | 有効貯水量 | 流入量 | 放流量 | 管理者名
Fukui,福井県,真名川ダム,2026-09-11T23:40,336.51,6.41,3.49,,,,,84.9,局名 | 所在地 | 最新観測時刻 | 貯水率(利水容量) | 貯水位 | 有効貯水量 | 流入量 | 放流量 | 管理者名
Fukui,福井県,笹生川ダム,2026-09-11T23:40,515.25,3.43,3.0,,24.03,,,58.66,局名 | 所在地 | 最新観測時刻 | 貯水率(利水容量) | 貯水位 | 有効貯水量 | 流入量 | 放流量 | 管理者名
Fukui,福井県,開谷ダム,2026-09-11T23:50,120.56,,,,0.06,,,59.4,局名 | 所在地 | 最新観測時刻 | 貯水率(利水容量) | 貯水位 | 有効貯水量 | 流入量 | 放流量 | 管理者名
Fukui,福井県,龍ヶ鼻ダム,2026-09-11T23:40,173.01,2.25,3.03,,4.021,,,85.15,局名 | 所在地 | 最新観測時刻 | 貯水率(利水容量) | 貯水位 | 有効貯水量 | 流入量 | 放流量 | 管理者名
Miyazaki,宮崎県,岩瀬ダム,2026-09-11T23:40,111.56,9.15,0.0,,,,,,河川名 | 局名 | 所在地 | 状態 | 最新観測時刻 | 貯水位 | 流入量 | 全放流量
Miyazaki,宮崎県,広渡ダム,2026-09-11T23:40,259.47,6.81,6.81,,,,,,河川名 | 局名 | 所在地 | 状態 | 最新観測時刻 | 貯水位 | 流入量 | 全放流量
Miyazaki,宮崎県,日南ダム,2026-09-11T23:00,107.37,4.89,4.89,,,,,,河川名 | 局名 | 所在地 | 状態 | 最新観測時刻 | 貯水位 | 流入量 | 全放流量
Miyazaki,宮崎県,松尾ダム,2026-09-11T23:40,195.83,17.61,17.61,,,,,,河川名 | 局名 | 所在地 | 状態 | 最新観測時刻 | 貯水位 | 流入量 | 全放流量
Miyazaki,宮崎県,沖田ダム,2026-09-11T23:40,48.13,0.47,0.45,,,,,,河川名 | 局名 | 所在地 | 状態 | 最新観測時刻 | 貯水位 | 流入量 | 全放流量
Miyazaki,宮崎県,渡川ダム,2026-09-11T23:40,289.94,10.13,7.23,,,,,,河川名 | 局名 | 所在地 | 状態 | 最新観測時刻 | 貯水位 | 流入量 | 全放流量
Miyazaki,宮崎県,瓜田ダム,2026-09-11T23:30,38.6,0.12,0.12,,,,,,河川名 | 局名 | 所在地 | 状態 | 最新観測時刻 | 貯水位 | 流入量 | 全放流量
Miyazaki,宮崎県,田代八重ダム,2026-09-11T23:30,323.87,8.08,0.0,,,,,,河川名 | 局名 | 所在地 | 状態 | 最新観測時刻 | 貯水位 | 流入量 | 全放流量
Miyazaki,宮崎県,祝子ダム,2026-09-11T23:40,303.23,4.04,4.36,,,,,,河川名 | 局名 | 所在地 | 状態 | 最新観測時刻 | 貯水位 | 流入量 | 全放流量
Miyazaki,宮崎県,立花ダム,2026-09-11T23:40,250.66,2.83,0.0,,,,,,河川名 | 局名 | 所在地 | 状態 | 最新観測時刻 | 貯水位 | 流入量 | 全放流量
Miyazaki,宮崎県,綾北ダム,2026-09-11T23:40,280.54,2.85,10.94,,,,,,河川名 | 局名 | 所在地 | 状態 | 最新観測時刻 | 貯水位 | 流入量 | 全放流量
Miyazaki,宮崎県,綾南ダム,2026-09-11T23:40,338.26,3.98,10.13,,,,,,河川名 | 局名 | 所在地 | 状態 | 最新観測時刻 | 貯水位 | 流入量 | 全放流量
Miyazaki,宮崎県,長谷ダム,2026-09-11T23:40,108.74,3.56,3.52,,,,,,河川名 | 局名 | 所在地 | 状態 | 最新観測時刻 | 貯水位 | 流入量 | 全放流量
Nara,奈良県,初瀬ダム,2026-09-11T23:40,221.04,0.78,0.23,,,,,,管理者名 | 河川名 | 局名 | 所在地 | 最新観測時刻 | 貯水位 | 貯水容量 | 空容量 | 全流入量 | 放流量
Nara,奈良県,大門ダム,2026-09-11T23:50,262.67,0.0,0.0,,,,,,管理者名 | 河川名 | 局名 | 所在地 | 最新観測時刻 | 貯水位 | 貯水容量 | 空容量 | 全流入量 | 放流量
Nara,奈良県,天理ダム,2026-09-11T23:50,253.35,0.26,0.26,,,,,,管理者名 | 河川名 | 局名 | 所在地 | 最新観測時刻 | 貯水位 | 貯水容量 | 空容量 | 全流入量 | 放流量
Nara,奈良県,岩井川ダム,2026-09-11T23:40,240.67,0.07,0.07,,,,,,管理者名 | 河川名 | 局名 | 所在地 | 最新観測時刻 | 貯水位 | 貯水容量 | 空容量 | 全流入量 | 放流量
Nara,奈良県,白川ダム,2026-09-11T23:50,111.31,0.0,0.0,,,,,,管理者名 | 河川名 | 局名 | 所在地 | 最新観測時刻 | 貯水位 | 貯水容量 | 空容量 | 全流入量 | 放流量
Niigata,新潟県,三面ダム,2026-09-11T23:40,116.13,2.63,15.59,,,,94.1,,観測所名 | 最新観測時刻 | 平常時最高貯水位(常時満水位)[m] | 貯水位[m] | 洪水時最高水位(サーチャージ水位)[m] | 貯水率[%] | 洪水流入量[m3/s] | 流入量[m3/s] | 計画高水流量[m3/s] | 全放流量[m3/s]
Niigata,新潟県,下条川ダム,2026-09-11T23:40,31.22,0.37,0.39,,,,,,観測所名 | 最新観測時刻 | 平常時最高貯水位(常時満水位)[m] | 貯水位[m] | 洪水時最高水位(サーチャージ水位)[m] | 貯水率[%] | 洪水流入量[m3/s] | 流入量[m3/s] | 計画高水流量[m3/s] | 全放流量[m3/s]
Niigata,新潟県,久知川ダム,2026-09-11T23:40,123.92,0.28,0.26,,,,100.0,,観測所名 | 最新観測時刻 | 平常時最高貯水位(常時満水位)[m] | 貯水位[m] | 洪水時最高水位(サーチャージ水位)[m] | 貯水率[%] | 洪水流入量[m3/s] | 流入量[m3/s] | 計画高水流量[m3/s] | 全放流量[m3/s]
Niigata,新潟県,内の倉ダム,2026-09-11T23:40,147.91,2.5,2.5,,,,41.3,,観測所名 | 最新観測時刻 | 平常時最高貯水位(常時満水位)[m] | 貯水位[m] | 洪水時最高水位(サーチャージ水位)[m] | 貯水率[%] | 洪水流入量[m3/s] | 流入量[m3/s] | 計画高水流量[m3/s] | 全放流量[m3/s]
Niigata,新潟県,刈谷田川ダム,2026-09-11T23:40,239.36,1.57,1.62,,,,98.6,,観測所名 | 最新観測時刻 | 平常時最高貯水位(常時満水位)[m] | 貯水位[m] | 洪水時最高水位(サーチャージ水位)[m] | 貯水率[%] | 洪水流入量[m3/s] | 流入量[m3/s] | 計画高水流量[m3/s] | 全放流量[m3/s]
Niigata,新潟県,加治川治水ダム,2026-09-11T23:40,272.31,3.98,6.28,,,,,,観測所名 | 最新観測時刻 | 平常時最高貯水位(常時満水位)[m] | 貯水位[m] | 洪水時最高水位(サーチャージ水位)[m] | 貯水率[%] | 洪水流入量[m3/s] | 流入量[m3/s] | 計画高水流量[m3/s] | 全放流量[m3/s]
Niigata,新潟県,城川ダム,2026-09-11T23:40,271.56,0.29,0.29,,,,100.0,,観測所名 | 最新観測時刻 | 平常時最高貯水位(常時満水位)[m] | 貯水位[m] | 洪水時最高水位(サーチャージ水位)[m] | 貯水率[%] | 洪水流入量[m3/s] | 流入量[m3/s] | 計画高水流量[m3/s] | 全放流量[m3/s]
Niigata,新潟県,大谷ダム,2026-09-11T23:40,191.6,1.47,1.48,,,,100.0,,観測所名 | 最新観測時刻 | 平常時最高貯水位(常時満水位)[m] | 貯水位[m] | 洪水時最高水位(サーチャージ水位)[m] | 貯水率[%] | 洪水流入量[m3/s] | 流入量[m3/s] | 計画高水流量[m3/s] | 全放流量[m3/s]
Niigata,新潟県,大野川ダム,2026-09-11T23:40,142.61,0.2,0.41,,,,100.0,,観測所名 | 最新観測時刻 | 平常時最高貯水位(常時満水位)[m] | 貯水位[m] | 洪水時最高水位(サーチャージ水位)[m] | 貯水率[%] | 洪水流入量[m3/s] | 流入量[m3/s] | 計画高水流量[m3/s] | 全放流量[m3/s]
Niigata,新潟県,奥三面ダム,2026-09-11T23:40,211.36,0.71,0.71,,,,78.7,,観測所名 | 最新観測時刻 | 平常時最高貯水位(常時満水位)[m] | 貯水位[m] | 洪水時最高水位(サーチャージ水位)[m] | 貯水率[%] | 洪水流入量[m3/s] | 流入量[m3/s] | 計画高水流量[m3/s] | 全放流量[m3/s]
Niigata,新潟県,奥胎内ダム,2026-09-11T23:40,384.0,2.54,2.64,,,,,,観測所名 | 最新観測時刻 | 平常時最高貯水位(常時満水位)[m] | 貯水位[m] | 洪水時最高水位(サーチャージ水位)[m] | 貯水率[%] | 洪水流入量[m3/s] | 流入量[m3/s] | 計画高水流量[m3/s] | 全放流量[m3/s]
Niigata,新潟県,広神ダム,2026-09-11T23:40,214.04,2.06,2.55,,,,100.0,,観測所名 | 最新観測時刻 | 平常時最高貯水位(常時満水位)[m] | 貯水位[m] | 洪水時最高水位(サーチャージ水位)[m] | 貯水率[%] | 洪水流入量[m3/s] | 流入量[m3/s] | 計画高水流量[m3/s] | 全放流量[m3/s]
Niigata,新潟県,新保川ダム,2026-09-11T23:40,160.4,0.22,0.3,,,,100.0,,観測所名 | 最新観測時刻 | 平常時最高貯水位(常時満水位)[m] | 貯水位[m] | 洪水時最高水位(サーチャージ水位)[m] | 貯水率[%] | 洪水流入量[m3/s] | 流入量[m3/s] | 計画高水流量[m3/s] | 全放流量[m3/s]
Niigata,新潟県,早出川ダム,2026-09-11T23:40,163.91,3.41,3.41,,,,78.7,,観測所名 | 最新観測時刻 | 平常時最高貯水位(常時満水位)[m] | 貯水位[m] | 洪水時最高水位(サーチャージ水位)[m] | 貯水率[%] | 洪水流入量[m3/s] | 流入量[m3/s] | 計画高水流量[m3/s] | 全放流量[m3/s]
Niigata,新潟県,柿崎川ダム,2026-09-11T23:40,120.87,0.74,0.74,,,,100.0,,観測所名 | 最新観測時刻 | 平常時最高貯水位(常時満水位)[m] | 貯水位[m] | 洪水時最高水位(サーチャージ水位)[m] | 貯水率[%] | 洪水流入量[m3/s] | 流入量[m3/s] | 計画高水流量[m3/s] | 全放流量[m3/s]
Niigata,新潟県,正善寺ダム,2026-09-11T23:40,86.13,0.53,0.2,,,,82.6,,観測所名 | 最新観測時刻 | 平常時最高貯水位(常時満水位)[m] | 貯水位[m] | 洪水時最高水位(サーチャージ水位)[m] | 貯水率[%] | 洪水流入量[m3/s] | 流入量[m3/s] | 計画高水流量[m3/s] | 全放流量[m3/s]
Niigata,新潟県,破間川ダム,2026-09-11T23:40,430.37,4.09,5.65,,,,79.4,,観測所名 | 最新観測時刻 | 平常時最高貯水位(常時満水位)[m] | 貯水位[m] | 洪水時最高水位(サーチャージ水位)[m] | 貯水率[%] | 洪水流入量[m3/s] | 流入量[m3/s] | 計画高水流量[m3/s] | 全放流量[m3/s]
Niigata,新潟県,笠堀ダム,2026-09-11T23:40,192.96,5.3,3.08,,,,88.1,,観測所名 | 最新観測時刻 | 平常時最高貯水位(常時満水位)[m] | 貯水位[m] | 洪水時最高水位(サーチャージ水位)[m] | 貯水率[%] | 洪水流入量[m3/s] | 流入量[m3/s] | 計画高水流量[m3/s] | 全放流量[m3/s]
Niigata,新潟県,胎内川ダム,2026-09-11T23:40,287.38,5.24,5.24,,,,92.7,,観測所名 | 最新観測時刻 | 平常時最高貯水位(常時満水位)[m] | 貯水位[m] | 洪水時最高水位(サーチャージ水位)[m] | 貯水率[%] | 洪水流入量[m3/s] | 流入量[m3/s] | 計画高水流量[m3/s] | 全放流量[m3/s]
Niigata,新潟県,鯖石川ダム,2026-09-11T23:40,134.83,2.72,3.02,,,,93.7,,観測所名 | 最新観測時刻 | 平常時最高貯水位(常時満水位)[m] | 貯水位[m] | 洪水時最高水位(サーチャージ水位)[m] | 貯水率[%] | 洪水流入量[m3/s] | 流入量[m3/s] | 計画高水流量[m3/s] | 全放流量[m3/s]
Oita,大分県,北川ダム,2026-09-11T23:40,148.83,5.52,0.6,,,,40.0,,管理者名 | 河川名 | 局名 | 所在地 | 最新観測時刻 | 貯水位 | 流入量 | 貯水量 | 貯水率 | 放流量
Oita,大分県,安岐ダム,2026-09-11T23:50,153.76,0.41,0.27,0.609,,,100.0,,管理者名 | 河川名 | 局名 | 所在地 | 最新観測時刻 | 貯水位 | 流入量 | 貯水量 | 貯水率 | 放流量
Oita,大分県,床木ダム,2026-09-11T23:40,88.7,0.36,0.38,0.907,,,100.0,,管理者名 | 河川名 | 局名 | 所在地 | 最新観測時刻 | 貯水位 | 流入量 | 貯水量 | 貯水率 | 放流量
Oita,大分県,玉来ダム,2026-09-11T23:40,350.75,5.25,5.25,,,,0.1,,管理者名 | 河川名 | 局名 | 所在地 | 最新観測時刻 | 貯水位 | 流入量 | 貯水量 | 貯水率 | 放流量
Oita,大分県,稲葉ダム,2026-09-11T23:50,437.83,2.285,2.057,,,,100.9,,管理者名 | 河川名 | 局名 | 所在地 | 最新観測時刻 | 貯水位 | 流入量 | 貯水量 | 貯水率 | 放流量
Oita,大分県,芹川ダム,2026-09-11T23:50,328.64,4.26,4.81,,,,55.9,,管理者名 | 河川名 | 局名 | 所在地 | 最新観測時刻 | 貯水位 | 流入量 | 貯水量 | 貯水率 | 放流量
Oita,大分県,行入ダム,2026-09-11T23:50,122.66,0.01,0.1,0.488,,,48.4,,管理者名 | 河川名 | 局名 | 所在地 | 最新観測時刻 | 貯水位 | 流入量 | 貯水量 | 貯水率 | 放流量
Oita,大分県,野津ダム,2026-09-11T23:50,238.07,0.07,0.07,,,,100.8,,管理者名 | 河川名 | 局名 | 所在地 | 最新観測時刻 | 貯水位 | 流入量 | 貯水量 | 貯水率 | 放流量
Oita,大分県,青江ダム,2026-09-11T23:50,64.14,0.075,0.078,0.458,,,100.0,,管理者名 | 河川名 | 局名 | 所在地 | 最新観測時刻 | 貯水位 | 流入量 | 貯水量 | 貯水率 | 放流量
Oita,大分県,黒沢ダム,2026-09-11T23:40,95.45,0.77,0.74,1.156,,,100.0,,管理者名 | 河川名 | 局名 | 所在地 | 最新観測時刻 | 貯水位 | 流入量 | 貯水量 | 貯水率 | 放流量
Tokushima,徳島県,宮川内ダム,2026-09-11T23:40,129.26,1.89,0.45,,,0.577,74.94,,管理者名 | 河川名 | 局名 | 所在地 | 最新観測時刻 | 貯水位 | 総貯水量 | 全流入量 | 全放流量 | 貯水率
Tokushima,徳島県,川口ダム,2026-09-11T23:40,94.15,80.0,90.0,,,,,,管理者名 | 河川名 | 局名 | 所在地 | 最新観測時刻 | 貯水位 | 総貯水量 | 全流入量 | 全放流量 | 貯水率
Tokushima,徳島県,棚野ダム,2026-09-11T23:40,,,16.6,,,,,,管理者名 | 河川名 | 局名 | 所在地 | 最新観測時刻 | 貯水位 | 総貯水量 | 全流入量 | 全放流量 | 貯水率
Tokushima,徳島県,正木ダム,2026-09-11T23:40,167.08,14.4,10.2,,,5.32,74.99,,管理者名 | 河川名 | 局名 | 所在地 | 最新観測時刻 | 貯水位 | 総貯水量 | 全流入量 | 全放流量 | 貯水率
Tokushima,徳島県,池田ダム,2026-09-11T23:40,88.65,54.97,54.25,,,,,,管理者名 | 河川名 | 局名 | 所在地 | 最新観測時刻 | 貯水位 | 総貯水量 | 全流入量 | 全放流量 | 貯水率
Tokushima,徳島県,福井ダム,2026-09-11T23:40,43.84,1.09,1.21,,,1.349,100.0,,管理者名 | 河川名 | 局名 | 所在地 | 最新観測時刻 | 貯水位 | 総貯水量 | 全流入量 | 全放流量 | 貯水率
Tokushima,徳島県,長安口ダム,2026-09-11T23:40,221.69,82.27,59.63,,,,,,管理者名 | 河川名 | 局名 | 所在地 | 最新観測時刻 | 貯水位 | 総貯水量 | 全流入量 | 全放流量 | 貯水率
Yamagata,山形県,前川ダム,2026-09-11T23:50,257.38,0.1,0.1,1.548,,,91.1,,管理者名 | 河川名 | 局名 | 所在地 | 最新観測時刻 | 流入量 | 全放流量 | 貯水位 | 貯水量 | 貯水率
Yamagata,山形県,寒河江ダム,2026-09-11T23:50,385.65,12.34,0.86,52.026,,,93.9,,管理者名 | 河川名 | 局名 | 所在地 | 最新観測時刻 | 流入量 | 全放流量 | 貯水位 | 貯水量 | 貯水率
Yamagata,山形県,最上小国川流水型ダム,2026-09-11T23:50,277.1,4.2,4.2,0.002,,,0.0,,管理者名 | 河川名 | 局名 | 所在地 | 最新観測時刻 | 流入量 | 全放流量 | 貯水位 | 貯水量 | 貯水率
Yamagata,山形県,月光川ダム,2026-09-11T23:50,169.34,4.52,4.52,0.008,,,0.2,,管理者名 | 河川名 | 局名 | 所在地 | 最新観測時刻 | 流入量 | 全放流量 | 貯水位 | 貯水量 | 貯水率
Yamagata,山形県,月山ダム,2026-09-11T23:40,236.86,3.22,3.9,16.395,,,91.4,,管理者名 | 河川名 | 局名 | 所在地 | 最新観測時刻 | 流入量 | 全放流量 | 貯水位 | 貯水量 | 貯水率
Yamagata,山形県,木地山ダム,2026-09-11T23:40,470.0,4.57,5.9,0.966,,,18.2,,管理者名 | 河川名 | 局名 | 所在地 | 最新観測時刻 | 流入量 | 全放流量 | 貯水位 | 貯水量 | 貯水率
Yamagata,山形県,温海川ダム,2026-09-11T23:50,142.42,1.09,1.09,0.434,,,97.4,,管理者名 | 河川名 | 局名 | 所在地 | 最新観測時刻 | 流入量 | 全放流量 | 貯水位 | 貯水量 | 貯水率
Yamagata,山形県,田沢川ダム,2026-09-11T23:40,126.97,0.5,1.15,3.946,,,79.7,,管理者名 | 河川名 | 局名 | 所在地 | 最新観測時刻 | 流入量 | 全放流量 | 貯水位 | 貯水量 | 貯水率
Yamagata,山形県,留山川ダム,2026-09-11T23:40,300.13,0.34,0.34,0.347,,,100.0,,管理者名 | 河川名 | 局名 | 所在地 | 最新観測時刻 | 流入量 | 全放流量 | 貯水位 | 貯水量 | 貯水率
Yamagata,山形県,白川ダム,2026-09-11T23:50,319.64,14.21,14.21,6.62,,,66.9,,管理者名 | 河川名 | 局名 | 所在地 | 最新観測時刻 | 流入量 | 全放流量 | 貯水位 | 貯水量 | 貯水率
Yamagata,山形県,白水川ダム,2026-09-11T23:40,357.6,0.45,0.45,2.521,,,97.0,,管理者名 | 河川名 | 局名 | 所在地 | 最新観測時刻 | 流入量 | 全放流量 | 貯水位 | 貯水量 | 貯水率
Yamagata,山形県,神室ダム,2026-09-11T23:40,381.02,0.24,1.0,2.488,,,76.0,,管理者名 | 河川名 | 局名 | 所在地 | 最新観測時刻 | 流入量 | 全放流量 | 貯水位 | 貯水量 | 貯水率
Yamagata,山形県,綱木川ダム,2026-09-11T23:40,456.39,2.81,3.08,3.601,,,100.0,,管理者名 | 河川名 | 局名 | 所在地 | 最新観測時刻 | 流入量 | 全放流量 | 貯水位 | 貯水量 | 貯水率
Yamagata,山形県,荒沢ダム,2026-09-11T23:40,236.88,8.44,13.45,5.261,,,30.5,,管理者名 | 河川名 | 局名 | 所在地 | 最新観測時刻 | 流入量 | 全放流量 | 貯水位 | 貯水量 | 貯水率
Yamagata,山形県,蔵王ダム,2026-09-11T23:40,593.0,1.93,1.6,1.891,,,89.2,,管理者名 | 河川名 | 局名 | 所在地 | 最新観測時刻 | 流入量 | 全放流量 | 貯水位 | 貯水量 | 貯水率
Yamagata,山形県,長井ダム,2026-09-11T23:50,365.59,8.13,8.09,20.663,,,93.6,,管理者名 | 河川名 | 局名 | 所在地 | 最新観測時刻 | 流入量 | 全放流量 | 貯水位 | 貯水量 | 貯水率
Yamagata,山形県,高坂ダム,2026-09-11T23:50,181.21,4.68,7.59,0.378,,,11.4,,管理者名 | 河川名 | 局名 | 所在地 | 最新観測時刻 | 流入量 | 全放流量 | 貯水位 | 貯水量 | 貯水率
Aomori,青森県,下湯ダム,2026-09-12T03:00,263.64,1.5,1.5,,,,,,管理者名 | 河川名 | 局名 | 所在地 | 最新観測時刻 | 流入量 | 全放流量 | 貯水位 | 平常時最高水位 | 洪水貯留準備水位 | 洪水量(※)
Aomori,青森県,世増ダム,2026-09-12T03:10,94.71,8.62,8.61,,,,,,管理者名 | 河川名 | 局名 | 所在地 | 最新観測時刻 | 流入量 | 全放流量 | 貯水位 | 平常時最高水位 | 洪水貯留準備水位 | 洪水量(※)
Aomori,青森県,久吉ダム,2026-09-12T03:10,276.64,0.77,0.8,,,,,,管理者名 | 河川名 | 局名 | 所在地 | 最新観測時刻 | 流入量 | 全放流量 | 貯水位 | 平常時最高水位 | 洪水貯留準備水位 | 洪水量(※)
Aomori,青森県,小泊ダム,2026-09-12T03:10,67.59,0.04,0.04,,,,,,管理者名 | 河川名 | 局名 | 所在地 | 最新観測時刻 | 流入量 | 全放流量 | 貯水位 | 平常時最高水位 | 洪水貯留準備水位 | 洪水量(※)
Aomori,青森県,川内ダム,2026-09-12T03:10,178.69,1.32,1.32,,,,,,管理者名 | 河川名 | 局名 | 所在地 | 最新観測時刻 | 流入量 | 全放流量 | 貯水位 | 平常時最高水位 | 洪水貯留準備水位 | 洪水量(※)
Aomori,青森県,津軽ダム,2026-09-12T03:10,196.07,6.83,14.59,,,,,,管理者名 | 河川名 | 局名 | 所在地 | 最新観測時刻 | 流入量 | 全放流量 | 貯水位 | 平常時最高水位 | 洪水貯留準備水位 | 洪水量(※)
Aomori,青森県,浅瀬石川ダム,2026-09-12T03:10,184.79,8.39,11.91,,,,,,管理者名 | 河川名 | 局名 | 所在地 | 最新観測時刻 | 流入量 | 全放流量 | 貯水位 | 平常時最高水位 | 洪水貯留準備水位 | 洪水量(※)
Aomori,青森県,浅虫ダム,2026-09-12T03:10,13.98,0.04,0.04,,,,,,管理者名 | 河川名 | 局名 | 所在地 | 最新観測時刻 | 流入量 | 全放流量 | 貯水位 | 平常時最高水位 | 洪水貯留準備水位 | 洪水量(※)
Aomori,青森県,清水目ダム,2026-09-12T03:10,108.04,0.5,0.5,,,,,,管理者名 | 河川名 | 局名 | 所在地 | 最新観測時刻 | 流入量 | 全放流量 | 貯水位 | 平常時最高水位 | 洪水貯留準備水位 | 洪水量(※)
Aomori,青森県,遠部ダム,2026-09-12T03:10,214.99,0.19,0.19,,,,,,管理者名 | 河川名 | 局名 | 所在地 | 最新観測時刻 | 流入量 | 全放流量 | 貯水位 | 平常時最高水位 | 洪水貯留準備水位 | 洪水量(※)
Aomori,青森県,飯詰ダム,2026-09-12T03:10,70.55,0.21,0.21,,,,,,管理者名 | 河川名 | 局名 | 所在地 | 最新観測時刻 | 流入量 | 全放流量 | 貯水位 | 平常時最高水位 | 洪水貯留準備水位 | 洪水量(※)
Fukui,福井県,九頭竜ダム,2026-09-12T03:00,541.6,17.29,0.01,,,,,32.8,局名 | 所在地 | 最新観測時刻 | 貯水率(利水容量) | 貯水位 | 有効貯水量 | 流入量 | 放流量 | 管理者名
Fukui,福井県,二ツ屋ダム,2026-09-12T03:10,349.77,2.1,2.1,,0.214,,,101.1,局名 | 所在地 | 最新観測時刻 | 貯水率(利水容量) | 貯水位 | 有効貯水量 | 流入量 | 放流量 | 管理者名
Fukui,福井県,吉野瀬川ダム,2026-09-12T03:00,100.12,0.86,1.3,,1.231,,,100.0,局名 | 所在地 | 最新観測時刻 | 貯水率(利水容量) | 貯水位 | 有効貯水量 | 流入量 | 放流量 | 管理者名
Fukui,福井県,大津呂ダム,2026-09-12T03:10,84.41,0.03,0.03,,0.115,,,42.3,局名 | 所在地 | 最新観測時刻 | 貯水率(利水容量) | 貯水位 | 有効貯水量 | 流入量 | 放流量 | 管理者名
Fukui,福井県,広野ダム,2026-09-12T03:00,294.54,1.6,1.59,,1.406,,,35.2,局名 | 所在地 | 最新観測時刻 | 貯水率(利水容量) | 貯水位 | 有効貯水量 | 流入量 | 放流量 | 管理者名
Fukui,福井県,桝谷ダム,2026-09-12T03:10,299.29,0.12,0.12,,3.518,,,17.6,局名 | 所在地 | 最新観測時刻 | 貯水率(利水容量) | 貯水位 | 有効貯水量 | 流入量 | 放流量 | 管理者名
Fukui,福井県,永平寺ダム,2026-09-12T03:10,319.86,0.3,0.33,,0.442,,,100.45,局名 | 所在地 | 最新観測時刻 | 貯水率(利水容量) | 貯水位 | 有効貯水量 | 流入量 | 放流量 | 管理者名
Fukui,福井県,河内川ダム,2026-09-12T03:10,184.14,0.63,0.31,,2.994,,,64.4,局名 | 所在地 | 最新観測時刻 | 貯水率(利水容量) | 貯水位 | 有効貯水量 | 流入量 | 放流量 | 管理者名
Fukui,福井県,浄土寺川ダム,2026-09-12T03:10,344.58,0.785,0.937,,0.773,,,100.0,局名 | 所在地 | 最新観測時刻 | 貯水率(利水容量) | 貯水位 | 有効貯水量 | 流入量 | 放流量 | 管理者名
Fukui,福井県,真名川ダム,2026-09-12T03:00,336.54,6.41,3.49,,,,,85.4,局名 | 所在地 | 最新観測時刻 | 貯水率(利水容量) | 貯水位 | 有効貯水量 | 流入量 | 放流量 | 管理者名
Fukui,福井県,笹生川ダム,2026-09-12T03:10,515.27,7.36,3.0,,24.061,,,58.74,局名 | 所在地 | 最新観測時刻 | 貯水率(利水容量) | 貯水位 | 有効貯水量 | 流入量 | 放流量 | 管理者名
Fukui,福井県,開谷ダム,2026-09-12T03:10,120.58,,,,0.061,,,60.4,局名 | 所在地 | 最新観測時刻 | 貯水率(利水容量) | 貯水位 | 有効貯水量 | 流入量 | 放流量 | 管理者名
Fukui,福井県,龍ヶ鼻ダム,2026-09-12T03:00,172.98,2.28,3.04,,4.013,,,84.99,局名 | 所在地 | 最新観測時刻 | 貯水率(利水容量) | 貯水位 | 有効貯水量 | 流入量 | 放流量 | 管理者名
Miyazaki,宮崎県,岩瀬ダム,2026-09-12T03:00,111.59,29.58,35.72,,,,,,河川名 | 局名 | 所在地 | 状態 | 最新観測時刻 | 貯水位 | 流入量 | 全放流量
Miyazaki,宮崎県,広渡ダム,2026-09-12T03:00,259.46,6.7,6.69,,,,,,河川名 | 局名 | 所在地 | 状態 | 最新観測時刻 | 貯水位 | 流入量 | 全放流量
Miyazaki,宮崎県,日南ダム,2026-09-12T03:00,107.36,4.83,4.5,,,,,,河川名 | 局名 | 所在地 | 状態 | 最新観測時刻 | 貯水位 | 流入量 | 全放流量
Miyazaki,宮崎県,松尾ダム,2026-09-12T03:00,195.84,17.62,17.78,,,,,,河川名 | 局名 | 所在地 | 状態 | 最新観測時刻 | 貯水位 | 流入量 | 全放流量
Miyazaki,宮崎県,沖田ダム,2026-09-12T03:00,48.12,0.43,0.42,,,,,,河川名 | 局名 | 所在地 | 状態 | 最新観測時刻 | 貯水位 | 流入量 | 全放流量
Miyazaki,宮崎県,渡川ダム,2026-09-12T03:00,289.96,11.32,7.22,,,,,,河川名 | 局名 | 所在地 | 状態 | 最新観測時刻 | 貯水位 | 流入量 | 全放流量
Miyazaki,宮崎県,瓜田ダム,2026-09-12T03:00,38.59,0.06,0.1,,,,,,河川名 | 局名 | 所在地 | 状態 | 最新観測時刻 | 貯水位 | 流入量 | 全放流量
Miyazaki,宮崎県,田代八重ダム,2026-09-12T03:00,324.07,7.36,0.0,,,,,,河川名 | 局名 | 所在地 | 状態 | 最新観測時刻 | 貯水位 | 流入量 | 全放流量
Miyazaki,宮崎県,祝子ダム,2026-09-12T03:00,303.27,3.81,3.34,,,,,,河川名 | 局名 | 所在地 | 状態 | 最新観測時刻 | 貯水位 | 流入量 | 全放流量
Miyazaki,宮崎県,立花ダム,2026-09-12T03:00,250.86,2.83,0.0,,,,,,河川名 | 局名 | 所在地 | 状態 | 最新観測時刻 | 貯水位 | 流入量 | 全放流量
Miyazaki,宮崎県,綾北ダム,2026-09-12T03:10,280.31,2.61,10.97,,,,,,河川名 | 局名 | 所在地 | 状態 | 最新観測時刻 | 貯水位 | 流入量 | 全放流量
Miyazaki,宮崎県,綾南ダム,2026-09-12T03:00,338.19,3.77,10.14,,,,,,河川名 | 局名 | 所在地 | 状態 | 最新観測時刻 | 貯水位 | 流入量 | 全放流量
Miyazaki,宮崎県,長谷ダム,2026-09-12T03:00,108.73,3.5,3.47,,,,,,河川名 | 局名 | 所在地 | 状態 | 最新観測時刻 | 貯水位 | 流入量 | 全放流量
Nara,奈良県,初瀬ダム,2026-09-12T03:10,221.08,0.65,0.23,,,,,,管理者名 | 河川名 | 局名 | 所在地 | 最新観測時刻 | 貯水位 | 貯水容量 | 空容量 | 全流入量 | 放流量
Nara,奈良県,大門ダム,2026-09-12T03:10,262.67,0.0,0.0,,,,,,管理者名 | 河川名 | 局名 | 所在地 | 最新観測時刻 | 貯水位 | 貯水容量 | 空容量 | 全流入量 | 放流量
Nara,奈良県,天理ダム,2026-09-12T03:10,253.36,0.26,0.26,,,,,,管理者名 | 河川名 | 局名 | 所在地 | 最新観測時刻 | 貯水位 | 貯水容量 | 空容量 | 全流入量 | 放流量
Nara,奈良県,岩井川ダム,2026-09-12T03:10,240.67,0.07,0.07,,,,,,管理者名 | 河川名 | 局名 | 所在地 | 最新観測時刻 | 貯水位 | 貯水容量 | 空容量 | 全流入量 | 放流量
Nara,奈良県,白川ダム,2026-09-12T03:10,111.31,0.0,0.0,,,,,,管理者名 | 河川名 | 局名 | 所在地 | 最新観測時刻 | 貯水位 | 貯水容量 | 空容量 | 全流入量 | 放流量
Niigata,新潟県,三面ダム,2026-09-12T03:00,116.04,2.6,15.29,,,,93.5,,観測所名 | 最新観測時刻 | 平常時最高貯水位(常時満水位)[m] | 貯水位[m] | 洪水時最高水位(サーチャージ水位)[m] | 貯水率[%] | 洪水流入量[m3/s] | 流入量[m3/s] | 計画高水流量[m3/s] | 全放流量[m3/s]
Niigata,新潟県,下条川ダム,2026-09-12T03:00,31.23,0.28,0.13,,,,,,観測所名 | 最新観測時刻 | 平常時最高貯水位(常時満水位)[m] | 貯水位[m] | 洪水時最高水位(サーチャージ水位)[m] | 貯水率[%] | 洪水流入量[m3/s] | 流入量[m3/s] | 計画高水流量[m3/s] | 全放流量[m3/s]
Niigata,新潟県,久知川ダム,2026-09-12T03:00,123.92,0.26,0.26,,,,100.0,,観測所名 | 最新観測時刻 | 平常時最高貯水位(常時満水位)[m] | 貯水位[m] | 洪水時最高水位(サーチャージ水位)[m] | 貯水率[%] | 洪水流入量[m3/s] | 流入量[m3/s] | 計画高水流量[m3/s] | 全放流量[m3/s]
Niigata,新潟県,内の倉ダム,2026-09-12T03:00,147.91,2.49,2.5,,,,41.3,,観測所名 | 最新観測時刻 | 平常時最高貯水位(常時満水位)[m] | 貯水位[m] | 洪水時最高水位(サーチャージ水位)[m] | 貯水率[%] | 洪水流入量[m3/s] | 流入量[m3/s] | 計画高水流量[m3/s] | 全放流量[m3/s]
Niigata,新潟県,刈谷田川ダム,2026-09-12T03:00,239.35,1.63,1.48,,,,98.2,,観測所名 | 最新観測時刻 | 平常時最高貯水位(常時満水位)[m] | 貯水位[m] | 洪水時最高水位(サーチャージ水位)[m] | 貯水率[%] | 洪水流入量[m3/s] | 流入量[m3/s] | 計画高水流量[m3/s] | 全放流量[m3/s]
Niigata,新潟県,加治川治水ダム,2026-09-12T03:00,272.04,1.66,6.26,,,,,,観測所名 | 最新観測時刻 | 平常時最高貯水位(常時満水位)[m] | 貯水位[m] | 洪水時最高水位(サーチャージ水位)[m] | 貯水率[%] | 洪水流入量[m3/s] | 流入量[m3/s] | 計画高水流量[m3/s] | 全放流量[m3/s]
Niigata,新潟県,城川ダム,2026-09-12T03:00,271.56,0.29,0.29,,,,100.0,,観測所名 | 最新観測時刻 | 平常時最高貯水位(常時満水位)[m] | 貯水位[m] | 洪水時最高水位(サーチャージ水位)[m] | 貯水率[%] | 洪水流入量[m3/s] | 流入量[m3/s] | 計画高水流量[m3/s] | 全放流量[m3/s]
Niigata,新潟県,大谷ダム,2026-09-12T03:00,191.58,0.03,1.41,,,,100.0,,観測所名 | 最新観測時刻 | 平常時最高貯水位(常時満水位)[m] | 貯水位[m] | 洪水時最高水位(サーチャージ水位)[m] | 貯水率[%] | 洪水流入量[m3/s] | 流入量[m3/s] | 計画高水流量[m3/s] | 全放流量[m3/s]
Niigata,新潟県,大野川ダム,2026-09-12T03:00,142.57,0.03,0.41,,,,100.0,,観測所名 | 最新観測時刻 | 平常時最高貯水位(常時満水位)[m] | 貯水位[m] | 洪水時最高水位(サーチャージ水位)[m] | 貯水率[%] | 洪水流入量[m3/s] | 流入量[m3/s] | 計画高水流量[m3/s] | 全放流量[m3/s]
Niigata,新潟県,奥三面ダム,2026-09-12T03:00,211.4,7.86,0.72,,,,78.9,,観測所名 | 最新観測時刻 | 平常時最高貯水位(常時満水位)[m] | 貯水位[m] | 洪水時最高水位(サーチャージ水位)[m] | 貯水率[%] | 洪水流入量[m3/s] | 流入量[m3/s] | 計画高水流量[m3/s] | 全放流量[m3/s]
Niigata,新潟県,奥胎内ダム,2026-09-12T03:00,384.0,2.48,2.49,,,,,,観測所名 | 最新観測時刻 | 平常時最高貯水位(常時満水位)[m] | 貯水位[m] | 洪水時最高水位(サーチャージ水位)[m] | 貯水率[%] | 洪水流入量[m3/s] | 流入量[m3/s] | 計画高水流量[m3/s] | 全放流量[m3/s]
Niigata,新潟県,広神ダム,2026-09-12T03:10,214.01,1.97,2.46,,,,100.0,,観測所名 | 最新観測時刻 | 平常時最高貯水位(常時満水位)[m] | 貯水位[m] | 洪水時最高水位(サーチャージ水位)[m] | 貯水率[%] | 洪水流入量[m3/s] | 流入量[m3/s] | 計画高水流量[m3/s] | 全放流量[m3/s]
Niigata,新潟県,新保川ダム,2026-09-12T03:00,160.4,0.3,0.3,,,,100.0,,観測所名 | 最新観測時刻 | 平常時最高貯水位(常時満水位)[m] | 貯水位[m] | 洪水時最高水位(サーチャージ水位)[m] | 貯水率[%] | 洪水流入量[m3/s] | 流入量[m3/s] | 計画高水流量[m3/s] | 全放流量[m3/s]
Niigata,新潟県,早出川ダム,2026-09-12T03:00,163.9,2.5,3.41,,,,78.6,,観測所名 | 最新観測時刻 | 平常時最高貯水位(常時満水位)[m] | 貯水位[m] | 洪水時最高水位(サーチャージ水位)[m] | 貯水率[%] | 洪水流入量[m3/s] | 流入量[m3/s] | 計画高水流量[m3/s] | 全放流量[m3/s]
Niigata,新潟県,柿崎川ダム,2026-09-12T03:00,120.86,0.74,0.74,,,,100.0,,観測所名 | 最新観測時刻 | 平常時最高貯水位(常時満水位)[m] | 貯水位[m] | 洪水時最高水位(サーチャージ水位)[m] | 貯水率[%] | 洪水流入量[m3/s] | 流入量[m3/s] | 計画高水流量[m3/s] | 全放流量[m3/s]
Niigata,新潟県,正善寺ダム,2026-09-12T03:00,86.14,0.44,0.21,,,,82.7,,観測所名 | 最新観測時刻 | 平常時最高貯水位(常時満水位)[m] | 貯水位[m] | 洪水時最高水位(サーチャージ水位)[m] | 貯水率[%] | 洪水流入量[m3/s] | 流入量[m3/s] | 計画高水流量[m3/s] | 全放流量[m3/s]
Niigata,新潟県,破間川ダム,2026-09-12T03:10,430.25,3.88,6.24,,,,75.4,,観測所名 | 最新観測時刻 | 平常時最高貯水位(常時満水位)[m] | 貯水位[m] | 洪水時最高水位(サーチャージ水位)[m] | 貯水率[%] | 洪水流入量[m3/s] | 流入量[m3/s] | 計画高水流量[m3/s] | 全放流量[m3/s]
Niigata,新潟県,笠堀ダム,2026-09-12T03:00,192.99,4.25,3.97,,,,88.4,,観測所名 | 最新観測時刻 | 平常時最高貯水位(常時満水位)[m] | 貯水位[m] | 洪水時最高水位(サーチャージ水位)[m] | 貯水率[%] | 洪水流入量[m3/s] | 流入量[m3/s] | 計画高水流量[m3/s] | 全放流量[m3/s]
Niigata,新潟県,胎内川ダム,2026-09-12T03:00,287.39,5.24,5.24,,,,92.8,,観測所名 | 最新観測時刻 | 平常時最高貯水位(常時満水位)[m] | 貯水位[m] | 洪水時最高水位(サーチャージ水位)[m] | 貯水率[%] | 洪水流入量[m3/s] | 流入量[m3/s] | 計画高水流量[m3/s] | 全放流量[m3/s]
Niigata,新潟県,鯖石川ダム,2026-09-12T03:00,134.83,0.94,2.26,,,,93.7,,観測所名 | 最新観測時刻 | 平常時最高貯水位(常時満水位)[m] | 貯水位[m] | 洪水時最高水位(サーチャージ水位)[m] | 貯水率[%] | 洪水流入量[m3/s] | 流入量[m3/s] | 計画高水流量[m3/s] | 全放流量[m3/s]
Oita,大分県,北川ダム,2026-09-12T03:10,148.77,11.31,23.54,,,,39.7,,管理者名 | 河川名 | 局名 | 所在地 | 最新観測時刻 | 貯水位 | 流入量 | 貯水量 | 貯水率 | 放流量
Oita,大分県,安岐ダム,2026-09-12T03:10,153.76,0.41,0.27,0.609,,,100.0,,管理者名 | 河川名 | 局名 | 所在地 | 最新観測時刻 | 貯水位 | 流入量 | 貯水量 | 貯水率 | 放流量
Oita,大分県,床木ダム,2026-09-12T03:00,88.69,0.35,0.35,0.906,,,100.0,,管理者名 | 河川名 | 局名 | 所在地 | 最新観測時刻 | 貯水位 | 流入量 | 貯水量 | 貯水率 | 放流量
Oita,大分県,玉来ダム,2026-09-12T03:00,350.75,5.25,5.25,,,,0.1,,管理者名 | 河川名 | 局名 | 所在地 | 最新観測時刻 | 貯水位 | 流入量 | 貯水量 | 貯水率 | 放流量
Oita,大分県,稲葉ダム,2026-09-12T03:10,437.84,2.129,2.468,,,,101.2,,管理者名 | 河川名 | 局名 | 所在地 | 最新観測時刻 | 貯水位 | 流入量 | 貯水量 | 貯水率 | 放流量
Oita,大分県,芹川ダム,2026-09-12T03:10,328.64,4.26,4.8,,,,55.9,,管理者名 | 河川名 | 局名 | 所在地 | 最新観測時刻 | 貯水位 | 流入量 | 貯水量 | 貯水率 | 放流量
Oita,大分県,行入ダム,2026-09-12T03:10,122.64,0.0,0.1,0.486,,,48.1,,管理者名 | 河川名 | 局名 | 所在地 | 最新観測時刻 | 貯水位 | 流入量 | 貯水量 | 貯水率 | 放流量
Oita,大分県,野津ダム,2026-09-12T03:10,238.07,0.07,0.07,,,,100.8,,管理者名 | 河川名 | 局名 | 所在地 | 最新観測時刻 | 貯水位 | 流入量 | 貯水量 | 貯水率 | 放流量
Oita,大分県,青江ダム,2026-09-12T03:10,64.14,0.075,0.078,0.458,,,100.0,,管理者名 | 河川名 | 局名 | 所在地 | 最新観測時刻 | 貯水位 | 流入量 | 貯水量 | 貯水率 | 放流量
Oita,大分県,黒沢ダム,2026-09-12T03:10,95.45,0.77,0.74,1.156,,,100.0,,管理者名 | 河川名 | 局名 | 所在地 | 最新観測時刻 | 貯水位 | 流入量 | 貯水量 | 貯水率 | 放流量
Tokushima,徳島県,宮川内ダム,2026-09-12T03:00,129.33,1.46,0.45,,,0.583,75.71,,管理者名 | 河川名 | 局名 | 所在地 | 最新観測時刻 | 貯水位 | 総貯水量 | 全流入量 | 全放流量 | 貯水率
Tokushima,徳島県,川口ダム,2026-09-12T03:00,94.08,71.9,81.9,,,,,,管理者名 | 河川名 | 局名 | 所在地 | 最新観測時刻 | 貯水位 | 総貯水量 | 全流入量 | 全放流量 | 貯水率
Tokushima,徳島県,棚野ダム,2026-09-12T03:00,,,16.6,,,,,,管理者名 | 河川名 | 局名 | 所在地 | 最新観測時刻 | 貯水位 | 総貯水量 | 全流入量 | 全放流量 | 貯水率
Tokushima,徳島県,正木ダム,2026-09-12T03:00,167.2,13.4,10.2,,,5.366,76.31,,管理者名 | 河川名 | 局名 | 所在地 | 最新観測時刻 | 貯水位 | 総貯水量 | 全流入量 | 全放流量 | 貯水率
Tokushima,徳島県,池田ダム,2026-09-12T03:00,88.64,51.08,50.99,,,,,,管理者名 | 河川名 | 局名 | 所在地 | 最新観測時刻 | 貯水位 | 総貯水量 | 全流入量 | 全放流量 | 貯水率
Tokushima,徳島県,福井ダム,2026-09-12T03:00,43.83,1.04,1.16,,,1.347,100.0,,管理者名 | 河川名 | 局名 | 所在地 | 最新観測時刻 | 貯水位 | 総貯水量 | 全流入量 | 全放流量 | 貯水率
Tokushima,徳島県,長安口ダム,2026-09-12T03:00,221.82,82.44,59.71,,,,,,管理者名 | 河川名 | 局名 | 所在地 | 最新観測時刻 | 貯水位 | 総貯水量 | 全流入量 | 全放流量 | 貯水率
Yamagata,山形県,前川ダム,2026-09-12T03:10,257.39,0.78,0.1,1.551,,,91.2,,管理者名 | 河川名 | 局名 | 所在地 | 最新観測時刻 | 流入量 | 全放流量 | 貯水位 | 貯水量 | 貯水率
Yamagata,山形県,寒河江ダム,2026-09-12T03:10,385.62,14.14,27.71,51.954,,,93.8,,管理者名 | 河川名 | 局名 | 所在地 | 最新観測時刻 | 流入量 | 全放流量 | 貯水位 | 貯水量 | 貯水率
Yamagata,山形県,最上小国川流水型ダム,2026-09-12T03:10,277.1,4.2,4.2,0.002,,,0.0,,管理者名 | 河川名 | 局名 | 所在地 | 最新観測時刻 | 流入量 | 全放流量 | 貯水位 | 貯水量 | 貯水率
Yamagata,山形県,月光川ダム,2026-09-12T03:10,169.34,4.52,4.52,0.008,,,0.2,,管理者名 | 河川名 | 局名 | 所在地 | 最新観測時刻 | 流入量 | 全放流量 | 貯水位 | 貯水量 | 貯水率
Yamagata,山形県,月山ダム,2026-09-12T03:00,236.84,3.12,4.0,16.376,,,91.3,,管理者名 | 河川名 | 局名 | 所在地 | 最新観測時刻 | 流入量 | 全放流量 | 貯水位 | 貯水量 | 貯水率
Yamagata,山形県,木地山ダム,2026-09-12T03:00,469.93,4.53,5.9,0.95,,,17.9,,管理者名 | 河川名 | 局名 | 所在地 | 最新観測時刻 | 流入量 | 全放流量 | 貯水位 | 貯水量 | 貯水率
Yamagata,山形県,温海川ダム,2026-09-12T03:10,142.43,1.12,1.12,0.435,,,97.7,,管理者名 | 河川名 | 局名 | 所在地 | 最新観測時刻 | 流入量 | 全放流量 | 貯水位 | 貯水量 | 貯水率
Yamagata,山形県,田沢川ダム,2026-09-12T03:00,126.93,0.49,1.14,3.936,,,79.5,,管理者名 | 河川名 | 局名 | 所在地 | 最新観測時刻 | 流入量 | 全放流量 | 貯水位 | 貯水量 | 貯水率
Yamagata,山形県,留山川ダム,2026-09-12T03:10,300.12,0.3,0.32,0.347,,,100.0,,管理者名 | 河川名 | 局名 | 所在地 | 最新観測時刻 | 流入量 | 全放流量 | 貯水位 | 貯水量 | 貯水率
Yamagata,山形県,白川ダム,2026-09-12T03:10,319.64,12.71,12.69,6.62,,,66.9,,管理者名 | 河川名 | 局名 | 所在地 | 最新観測時刻 | 流入量 | 全放流量 | 貯水位 | 貯水量 | 貯水率
Yamagata,山形県,白水川ダム,2026-09-12T03:00,357.59,0.26,0.45,2.519,,,96.9,,管理者名 | 河川名 | 局名 | 所在地 | 最新観測時刻 | 流入量 | 全放流量 | 貯水位 | 貯水量 | 貯水率
Yamagata,山形県,神室ダム,2026-09-12T03:00,381.0,0.24,1.0,2.483,,,75.8,,管理者名 | 河川名 | 局名 | 所在地 | 最新観測時刻 | 流入量 | 全放流量 | 貯水位 | 貯水量 | 貯水率
Yamagata,山形県,綱木川ダム,2026-09-12T03:00,456.38,2.78,3.02,3.597,,,100.0,,管理者名 | 河川名 | 局名 | 所在地 | 最新観測時刻 | 流入量 | 全放流量 | 貯水位 | 貯水量 | 貯水率
Yamagata,山形県,荒沢ダム,2026-09-12T03:00,236.82,8.07,13.43,5.203,,,30.2,,管理者名 | 河川名 | 局名 | 所在地 | 最新観測時刻 | 流入量 | 全放流量 | 貯水位 | 貯水量 | 貯水率
Yamagata,山形県,蔵王ダム,2026-09-12T03:00,593.04,2.01,1.6,1.897,,,89.5,,管理者名 | 河川名 | 局名 | 所在地 | 最新観測時刻 | 流入量 | 全放流量 | 貯水位 | 貯水量 | 貯水率
Yamagata,山形県,長井ダム,2026-09-12T03:10,365.59,8.12,8.09,20.663,,,93.6,,管理者名 | 河川名 | 局名 | 所在地 | 最新観測時刻 | 流入量 | 全放流量 | 貯水位 | 貯水量 | 貯水率
Yamagata,山形県,高坂ダム,2026-09-12T03:10,181.19,4.1,5.04,0.371,,,11.2,,管理者名 | 河川名 | 局名 | 所在地 | 最新観測時刻 | 流入量 | 全放流量 | 貯水位 | 貯水量 | 貯水率
Aomori,青森県,下湯ダム,2026-09-12T06:00,263.64,1.5,1.5,,,,,,管理者名 | 河川名 | 局名 | 所在地 | 最新観測時刻 | 流入量 | 全放流量 | 貯水位 | 平常時最高水位 | 洪水貯留準備水位 | 洪水量(※)
Aomori,青森県,世増ダム,2026-09-12T06:00,94.7,6.07,8.4,,,,,,管理者名 | 河川名 | 局名 | 所在地 | 最新観測時刻 | 流入量 | 全放流量 | 貯水位 | 平常時最高水位 | 洪水貯留準備水位 | 洪水量(※)
Aomori,青森県,久吉ダム,2026-09-12T06:00,276.63,0.18,0.74,,,,,,管理者名 | 河川名 | 局名 | 所在地 | 最新観測時刻 | 流入量 | 全放流量 | 貯水位 | 平常時最高水位 | 洪水貯留準備水位 | 洪水量(※)
Aomori,青森県,小泊ダム,2026-09-12T06:00,67.59,0.04,0.04,,,,,,管理者名 | 河川名 | 局名 | 所在地 | 最新観測時刻 | 流入量 | 全放流量 | 貯水位 | 平常時最高水位 | 洪水貯留準備水位 | 洪水量(※)
Aomori,青森県,川内ダム,2026-09-12T06:00,178.68,0.19,1.31,,,,,,管理者名 | 河川名 | 局名 | 所在地 | 最新観測時刻 | 流入量 | 全放流量 | 貯水位 | 平常時最高水位 | 洪水貯留準備水位 | 洪水量(※)
Aomori,青森県,津軽ダム,2026-09-12T06:00,196.04,6.8,14.55,,,,,,管理者名 | 河川名 | 局名 | 所在地 | 最新観測時刻 | 流入量 | 全放流量 | 貯水位 | 平常時最高水位 | 洪水貯留準備水位 | 洪水量(※)
Aomori,青森県,浅瀬石川ダム,2026-09-12T06:00,184.78,8.4,11.97,,,,,,管理者名 | 河川名 | 局名 | 所在地 | 最新観測時刻 | 流入量 | 全放流量 | 貯水位 | 平常時最高水位 | 洪水貯留準備水位 | 洪水量(※)
Aomori,青森県,浅虫ダム,2026-09-12T06:00,13.98,0.04,0.04,,,,,,管理者名 | 河川名 | 局名 | 所在地 | 最新観測時刻 | 流入量 | 全放流量 | 貯水位 | 平常時最高水位 | 洪水貯留準備水位 | 洪水量(※)
Aomori,青森県,清水目ダム,2026-09-12T06:00,108.04,0.5,0.5,,,,,,管理者名 | 河川名 | 局名 | 所在地 | 最新観測時刻 | 流入量 | 全放流量 | 貯水位 | 平常時最高水位 | 洪水貯留準備水位 | 洪水量(※)
Aomori,青森県,遠部ダム,2026-09-12T06:00,214.99,0.19,0.19,,,,,,管理者名 | 河川名 | 局名 | 所在地 | 最新観測時刻 | 流入量 | 全放流量 | 貯水位 | 平常時最高水位 | 洪水貯留準備水位 | 洪水量(※)
Aomori,青森県,飯詰ダム,2026-09-12T06:00,70.56,0.38,0.22,,,,,,管理者名 | 河川名 | 局名 | 所在地 | 最新観測時刻 | 流入量 | 全放流量 | 貯水位 | 平常時最高水位 | 洪水貯留準備水位 | 洪水量(※)
Fukui,福井県,九頭竜ダム,2026-09-12T06:00,541.64,31.43,0.01,,,,,32.9,局名 | 所在地 | 最新観測時刻 | 貯水率(利水容量) | 貯水位 | 有効貯水量 | 流入量 | 放流量 | 管理者名
Fukui,福井県,二ツ屋ダム,2026-09-12T06:00,349.76,1.66,1.66,,0.214,,,100.9,局名 | 所在地 | 最新観測時刻 | 貯水率(利水容量) | 貯水位 | 有効貯水量 | 流入量 | 放流量 | 管理者名
Fukui,福井県,吉野瀬川ダム,2026-09-12T06:00,100.1,0.81,1.24,,1.226,,,100.0,局名 | 所在地 | 最新観測時刻 | 貯水率(利水容量) | 貯水位 | 有効貯水量 | 流入量 | 放流量 | 管理者名
Fukui,福井県,大津呂ダム,2026-09-12T06:00,84.42,0.02,0.02,,0.115,,,42.3,局名 | 所在地 | 最新観測時刻 | 貯水率(利水容量) | 貯水位 | 有効貯水量 | 流入量 | 放流量 | 管理者名
Fukui,福井県,広野ダム,2026-09-12T06:00,294.54,1.6,1.59,,1.406,,,35.2,局名 | 所在地 | 最新観測時刻 | 貯水率(利水容量) | 貯水位 | 有効貯水量 | 流入量 | 放流量 | 管理者名
Fukui,福井県,桝谷ダム,2026-09-12T06:00,299.3,0.12,0.12,,3.52,,,17.7,局名 | 所在地 | 最新観測時刻 | 貯水率(利水容量) | 貯水位 | 有効貯水量 | 流入量 | 放流量 | 管理者名
Fukui,福井県,永平寺ダム,2026-09-12T06:00,319.86,0.33,0.33,,0.442,,,100.45,局名 | 所在地 | 最新観測時刻 | 貯水率(利水容量) | 貯水位 | 有効貯水量 | 流入量 | 放流量 | 管理者名
Fukui,福井県,河内川ダム,2026-09-12T06:00,184.15,0.59,0.31,,2.996,,,64.4,局名 | 所在地 | 最新観測時刻 | 貯水率(利水容量) | 貯水位 | 有効貯水量 | 流入量 | 放流量 | 管理者名
Fukui,福井県,浄土寺川ダム,2026-09-12T06:00,344.53,0.759,0.949,,0.77,,,100.0,局名 | 所在地 | 最新観測時刻 | 貯水率(利水容量) | 貯水位 | 有効貯水量 | 流入量 | 放流量 | 管理者名
Fukui,福井県,真名川ダム,2026-09-12T06:00,336.57,6.41,3.49,,,,,85.9,局名 | 所在地 | 最新観測時刻 | 貯水率(利水容量) | 貯水位 | 有効貯水量 | 流入量 | 放流量 | 管理者名
Fukui,福井県,笹生川ダム,2026-09-12T06:00,515.28,3.0,3.0,,24.077,,,58.78,局名 | 所在地 | 最新観測時刻 | 貯水率(利水容量) | 貯水位 | 有効貯水量 | 流入量 | 放流量 | 管理者名
Fukui,福井県,開谷ダム,2026-09-12T06:00,120.6,,,,0.061,,,60.4,局名 | 所在地 | 最新観測時刻 | 貯水率(利水容量) | 貯水位 | 有効貯水量 | 流入量 | 放流量 | 管理者名
Fukui,福井県,龍ヶ鼻ダム,2026-09-12T06:00,172.95,2.27,3.02,,4.005,,,84.82,局名 | 所在地 | 最新観測時刻 | 貯水率(利水容量) | 貯水位 | 有効貯水量 | 流入量 | 放流量 | 管理者名
Miyazaki,宮崎県,岩瀬ダム,2026-09-12T06:00,111.44,17.9,35.89,,,,,,河川名 | 局名 | 所在地 | 状態 | 最新観測時刻 | 貯水位 | 流入量 | 全放流量
Miyazaki,宮崎県,広渡ダム,2026-09-12T06:00,259.45,6.59,6.58,,,,,,河川名 | 局名 | 所在地 | 状態 | 最新観測時刻 | 貯水位 | 流入量 | 全放流量
Miyazaki,宮崎県,日南ダム,2026-09-12T06:00,107.36,4.5,4.51,,,,,,河川名 | 局名 | 所在地 | 状態 | 最新観測時刻 | 貯水位 | 流入量 | 全放流量
Miyazaki,宮崎県,松尾ダム,2026-09-12T06:00,195.84,17.65,17.78,,,,,,河川名 | 局名 | 所在地 | 状態 | 最新観測時刻 | 貯水位 | 流入量 | 全放流量
Miyazaki,宮崎県,沖田ダム,2026-09-12T06:00,48.12,0.43,0.42,,,,,,河川名 | 局名 | 所在地 | 状態 | 最新観測時刻 | 貯水位 | 流入量 | 全放流量
Miyazaki,宮崎県,渡川ダム,2026-09-12T06:00,289.98,10.81,7.22,,,,,,河川名 | 局名 | 所在地 | 状態 | 最新観測時刻 | 貯水位 | 流入量 | 全放流量
Miyazaki,宮崎県,瓜田ダム,2026-09-12T06:00,38.59,0.1,0.1,,,,,,河川名 | 局名 | 所在地 | 状態 | 最新観測時刻 | 貯水位 | 流入量 | 全放流量
Miyazaki,宮崎県,田代八重ダム,2026-09-12T06:00,324.07,5.9,14.0,,,,,,河川名 | 局名 | 所在地 | 状態 | 最新観測時刻 | 貯水位 | 流入量 | 全放流量
Miyazaki,宮崎県,祝子ダム,2026-09-12T06:00,303.32,3.69,3.34,,,,,,河川名 | 局名 | 所在地 | 状態 | 最新観測時刻 | 貯水位 | 流入量 | 全放流量
Miyazaki,宮崎県,立花ダム,2026-09-12T06:00,250.81,3.07,12.01,,,,,,河川名 | 局名 | 所在地 | 状態 | 最新観測時刻 | 貯水位 | 流入量 | 全放流量
Miyazaki,宮崎県,綾北ダム,2026-09-12T06:00,280.21,3.41,10.98,,,,,,河川名 | 局名 | 所在地 | 状態 | 最新観測時刻 | 貯水位 | 流入量 | 全放流量
Miyazaki,宮崎県,綾南ダム,2026-09-12T06:00,338.13,3.07,10.15,,,,,,河川名 | 局名 | 所在地 | 状態 | 最新観測時刻 | 貯水位 | 流入量 | 全放流量
Miyazaki,宮崎県,長谷ダム,2026-09-12T06:00,108.73,3.5,3.47,,,,,,河川名 | 局名 | 所在地 | 状態 | 最新観測時刻 | 貯水位 | 流入量 | 全放流量
Nara,奈良県,初瀬ダム,2026-09-12T06:00,221.11,0.61,0.23,,,,,,管理者名 | 河川名 | 局名 | 所在地 | 最新観測時刻 | 貯水位 | 貯水容量 | 空容量 | 全流入量 | 放流量
Nara,奈良県,大門ダム,2026-09-12T06:00,262.67,0.0,0.0,,,,,,管理者名 | 河川名 | 局名 | 所在地 | 最新観測時刻 | 貯水位 | 貯水容量 | 空容量 | 全流入量 | 放流量
Nara,奈良県,天理ダム,2026-09-12T06:00,253.36,0.26,0.26,,,,,,管理者名 | 河川名 | 局名 | 所在地 | 最新観測時刻 | 貯水位 | 貯水容量 | 空容量 | 全流入量 | 放流量
Nara,奈良県,岩井川ダム,2026-09-12T06:00,240.67,0.07,0.07,,,,,,管理者名 | 河川名 | 局名 | 所在地 | 最新観測時刻 | 貯水位 | 貯水容量 | 空容量 | 全流入量 | 放流量
Nara,奈良県,白川ダム,2026-09-12T06:00,111.31,0.0,0.0,,,,,,管理者名 | 河川名 | 局名 | 所在地 | 最新観測時刻 | 貯水位 | 貯水容量 | 空容量 | 全流入量 | 放流量
Niigata,新潟県,三面ダム,2026-09-12T06:00,115.94,2.76,15.47,,,,92.8,,観測所名 | 最新観測時刻 | 平常時最高貯水位(常時満水位)[m] | 貯水位[m] | 洪水時最高水位(サーチャージ水位)[m] | 貯水率[%] | 洪水流入量[m3/s] | 流入量[m3/s] | 計画高水流量[m3/s] | 全放流量[m3/s]
Niigata,新潟県,下条川ダム,2026-09-12T06:00,31.23,0.27,0.39,,,,,,観測所名 | 最新観測時刻 | 平常時最高貯水位(常時満水位)[m] | 貯水位[m] | 洪水時最高水位(サーチャージ水位)[m] | 貯水率[%] | 洪水流入量[m3/s] | 流入量[m3/s] | 計画高水流量[m3/s] | 全放流量[m3/s]
Niigata,新潟県,久知川ダム,2026-09-12T06:00,123.91,0.24,0.29,,,,100.0,,観測所名 | 最新観測時刻 | 平常時最高貯水位(常時満水位)[m] | 貯水位[m] | 洪水時最高水位(サーチャージ水位)[m] | 貯水率[%] | 洪水流入量[m3/s] | 流入量[m3/s] | 計画高水流量[m3/s] | 全放流量[m3/s]
Niigata,新潟県,内の倉ダム,2026-09-12T06:00,147.91,2.49,2.49,,,,41.3,,観測所名 | 最新観測時刻 | 平常時最高貯水位(常時満水位)[m] | 貯水位[m] | 洪水時最高水位(サーチャージ水位)[m] | 貯水率[%] | 洪水流入量[m3/s] | 流入量[m3/s] | 計画高水流量[m3/s] | 全放流量[m3/s]
Niigata,新潟県,刈谷田川ダム,2026-09-12T06:00,239.35,1.4,1.42,,,,98.2,,観測所名 | 最新観測時刻 | 平常時最高貯水位(常時満水位)[m] | 貯水位[m] | 洪水時最高水位(サーチャージ水位)[m] | 貯水率[%] | 洪水流入量[m3/s] | 流入量[m3/s] | 計画高水流量[m3/s] | 全放流量[m3/s]
Niigata,新潟県,加治川治水ダム,2026-09-12T06:00,272.13,5.8,3.5,,,,,,観測所名 | 最新観測時刻 | 平常時最高貯水位(常時満水位)[m] | 貯水位[m] | 洪水時最高水位(サーチャージ水位)[m] | 貯水率[%] | 洪水流入量[m3/s] | 流入量[m3/s] | 計画高水流量[m3/s] | 全放流量[m3/s]
Niigata,新潟県,城川ダム,2026-09-12T06:00,271.55,0.26,0.26,,,,100.0,,観測所名 | 最新観測時刻 | 平常時最高貯水位(常時満水位)[m] | 貯水位[m] | 洪水時最高水位(サーチャージ水位)[m] | 貯水率[%] | 洪水流入量[m3/s] | 流入量[m3/s] | 計画高水流量[m3/s] | 全放流量[m3/s]
Niigata,新潟県,大谷ダム,2026-09-12T06:00,191.57,1.38,1.38,,,,100.0,,観測所名 | 最新観測時刻 | 平常時最高貯水位(常時満水位)[m] | 貯水位[m] | 洪水時最高水位(サーチャージ水位)[m] | 貯水率[%] | 洪水流入量[m3/s] | 流入量[m3/s] | 計画高水流量[m3/s] | 全放流量[m3/s]
Niigata,新潟県,大野川ダム,2026-09-12T06:00,142.54,0.2,0.41,,,,100.0,,観測所名 | 最新観測時刻 | 平常時最高貯水位(常時満水位)[m] | 貯水位[m] | 洪水時最高水位(サーチャージ水位)[m] | 貯水率[%] | 洪水流入量[m3/s] | 流入量[m3/s] | 計画高水流量[m3/s] | 全放流量[m3/s]
Niigata,新潟県,奥三面ダム,2026-09-12T06:00,211.43,7.86,0.71,,,,79.0,,観測所名 | 最新観測時刻 | 平常時最高貯水位(常時満水位)[m] | 貯水位[m] | 洪水時最高水位(サーチャージ水位)[m] | 貯水率[%] | 洪水流入量[m3/s] | 流入量[m3/s] | 計画高水流量[m3/s] | 全放流量[m3/s]
Niigata,新潟県,奥胎内ダム,2026-09-12T06:00,384.0,2.76,2.45,,,,,,観測所名 | 最新観測時刻 | 平常時最高貯水位(常時満水位)[m] | 貯水位[m] | 洪水時最高水位(サーチャージ水位)[m] | 貯水率[%] | 洪水流入量[m3/s] | 流入量[m3/s] | 計画高水流量[m3/s] | 全放流量[m3/s]
Niigata,新潟県,広神ダム,2026-09-12T06:00,213.99,1.99,2.41,,,,100.0,,観測所名 | 最新観測時刻 | 平常時最高貯水位(常時満水位)[m] | 貯水位[m] | 洪水時最高水位(サーチャージ水位)[m] | 貯水率[%] | 洪水流入量[m3/s] | 流入量[m3/s] | 計画高水流量[m3/s] | 全放流量[m3/s]
Niigata,新潟県,新保川ダム,2026-09-12T06:00,160.4,0.3,0.3,,,,100.0,,観測所名 | 最新観測時刻 | 平常時最高貯水位(常時満水位)[m] | 貯水位[m] | 洪水時最高水位(サーチャージ水位)[m] | 貯水率[%] | 洪水流入量[m3/s] | 流入量[m3/s] | 計画高水流量[m3/s] | 全放流量[m3/s]
Niigata,新潟県,早出川ダム,2026-09-12T06:00,163.88,2.5,3.4,,,,78.3,,観測所名 | 最新観測時刻 | 平常時最高貯水位(常時満水位)[m] | 貯水位[m] | 洪水時最高水位(サーチャージ水位)[m] | 貯水率[%] | 洪水流入量[m3/s] | 流入量[m3/s] | 計画高水流量[m3/s] | 全放流量[m3/s]
Niigata,新潟県,柿崎川ダム,2026-09-12T06:00,120.85,0.72,0.72,,,,100.0,,観測所名 | 最新観測時刻 | 平常時最高貯水位(常時満水位)[m] | 貯水位[m] | 洪水時最高水位(サーチャージ水位)[m] | 貯水率[%] | 洪水流入量[m3/s] | 流入量[m3/s] | 計画高水流量[m3/s] | 全放流量[m3/s]
Niigata,新潟県,正善寺ダム,2026-09-12T06:00,86.16,0.55,0.15,,,,82.9,,観測所名 | 最新観測時刻 | 平常時最高貯水位(常時満水位)[m] | 貯水位[m] | 洪水時最高水位(サーチャージ水位)[m] | 貯水率[%] | 洪水流入量[m3/s] | 流入量[m3/s] | 計画高水流量[m3/s] | 全放流量[m3/s]
Niigata,新潟県,破間川ダム,2026-09-12T06:00,430.14,3.78,6.2,,,,71.9,,観測所名 | 最新観測時刻 | 平常時最高貯水位(常時満水位)[m] | 貯水位[m] | 洪水時最高水位(サーチャージ水位)[m] | 貯水率[%] | 洪水流入量[m3/s] | 流入量[m3/s] | 計画高水流量[m3/s] | 全放流量[m3/s]
Niigata,新潟県,笠堀ダム,2026-09-12T06:00,193.01,3.97,3.95,,,,88.5,,観測所名 | 最新観測時刻 | 平常時最高貯水位(常時満水位)[m] | 貯水位[m] | 洪水時最高水位(サーチャージ水位)[m] | 貯水率[%] | 洪水流入量[m3/s] | 流入量[m3/s] | 計画高水流量[m3/s] | 全放流量[m3/s]
Niigata,新潟県,胎内川ダム,2026-09-12T06:00,287.39,5.24,5.24,,,,92.8,,観測所名 | 最新観測時刻 | 平常時最高貯水位(常時満水位)[m] | 貯水位[m] | 洪水時最高水位(サーチャージ水位)[m] | 貯水率[%] | 洪水流入量[m3/s] | 流入量[m3/s] | 計画高水流量[m3/s] | 全放流量[m3/s]
Niigata,新潟県,鯖石川ダム,2026-09-12T06:00,134.82,0.94,2.26,,,,93.3,,観測所名 | 最新観測時刻 | 平常時最高貯水位(常時満水位)[m] | 貯水位[m] | 洪水時最高水位(サーチャージ水位)[m] | 貯水率[%] | 洪水流入量[m3/s] | 流入量[m3/s] | 計画高水流量[m3/s] | 全放流量[m3/s]
Oita,大分県,北川ダム,2026-09-12T06:00,148.69,9.56,0.6,,,,39.5,,管理者名 | 河川名 | 局名 | 所在地 | 最新観測時刻 | 貯水位 | 流入量 | 貯水量 | 貯水率 | 放流量
Oita,大分県,安岐ダム,2026-09-12T06:00,153.76,0.41,0.27,0.609,,,100.0,,管理者名 | 河川名 | 局名 | 所在地 | 最新観測時刻 | 貯水位 | 流入量 | 貯水量 | 貯水率 | 放流量
Oita,大分県,床木ダム,2026-09-12T06:00,88.69,0.35,0.35,0.906,,,100.0,,管理者名 | 河川名 | 局名 | 所在地 | 最新観測時刻 | 貯水位 | 流入量 | 貯水量 | 貯水率 | 放流量
Oita,大分県,玉来ダム,2026-09-12T06:00,350.75,5.25,5.25,,,,0.1,,管理者名 | 河川名 | 局名 | 所在地 | 最新観測時刻 | 貯水位 | 流入量 | 貯水量 | 貯水率 | 放流量
Oita,大分県,稲葉ダム,2026-09-12T06:00,437.83,2.274,2.056,,,,100.9,,管理者名 | 河川名 | 局名 | 所在地 | 最新観測時刻 | 貯水位 | 流入量 | 貯水量 | 貯水率 | 放流量
Oita,大分県,芹川ダム,2026-09-12T06:00,328.63,4.26,4.8,,,,55.8,,管理者名 | 河川名 | 局名 | 所在地 | 最新観測時刻 | 貯水位 | 流入量 | 貯水量 | 貯水率 | 放流量
Oita,大分県,行入ダム,2026-09-12T06:00,122.63,0.01,0.1,0.486,,,48.1,,管理者名 | 河川名 | 局名 | 所在地 | 最新観測時刻 | 貯水位 | 流入量 | 貯水量 | 貯水率 | 放流量
Oita,大分県,野津ダム,2026-09-12T06:00,238.07,0.07,0.07,,,,100.8,,管理者名 | 河川名 | 局名 | 所在地 | 最新観測時刻 | 貯水位 | 流入量 | 貯水量 | 貯水率 | 放流量
Oita,大分県,青江ダム,2026-09-12T06:00,64.13,0.065,0.069,0.458,,,100.0,,管理者名 | 河川名 | 局名 | 所在地 | 最新観測時刻 | 貯水位 | 流入量 | 貯水量 | 貯水率 | 放流量
Oita,大分県,黒沢ダム,2026-09-12T06:00,95.45,0.77,0.74,1.156,,,100.0,,管理者名 | 河川名 | 局名 | 所在地 | 最新観測時刻 | 貯水位 | 流入量 | 貯水量 | 貯水率 | 放流量
Tokushima,徳島県,宮川内ダム,2026-09-12T06:00,129.38,0.45,0.45,,,0.588,76.36,,管理者名 | 河川名 | 局名 | 所在地 | 最新観測時刻 | 貯水位 | 総貯水量 | 全流入量 | 全放流量 | 貯水率
Tokushima,徳島県,川口ダム,2026-09-12T06:00,94.07,78.0,78.0,,,,,,管理者名 | 河川名 | 局名 | 所在地 | 最新観測時刻 | 貯水位 | 総貯水量 | 全流入量 | 全放流量 | 貯水率
Tokushima,徳島県,棚野ダム,2026-09-12T06:00,,,16.6,,,,,,管理者名 | 河川名 | 局名 | 所在地 | 最新観測時刻 | 貯水位 | 総貯水量 | 全流入量 | 全放流量 | 貯水率
Tokushima,徳島県,正木ダム,2026-09-12T06:00,167.3,13.5,10.2,,,5.404,77.4,,管理者名 | 河川名 | 局名 | 所在地 | 最新観測時刻 | 貯水位 | 総貯水量 | 全流入量 | 全放流量 | 貯水率
Tokushima,徳島県,池田ダム,2026-09-12T06:00,88.64,49.41,47.24,,,,,,管理者名 | 河川名 | 局名 | 所在地 | 最新観測時刻 | 貯水位 | 総貯水量 | 全流入量 | 全放流量 | 貯水率
Tokushima,徳島県,福井ダム,2026-09-12T06:00,43.82,0.99,1.11,,,1.346,100.0,,管理者名 | 河川名 | 局名 | 所在地 | 最新観測時刻 | 貯水位 | 総貯水量 | 全流入量 | 全放流量 | 貯水率
Tokushima,徳島県,長安口ダム,2026-09-12T06:00,221.93,76.85,59.75,,,,,,管理者名 | 河川名 | 局名 | 所在地 | 最新観測時刻 | 貯水位 | 総貯水量 | 全流入量 | 全放流量 | 貯水率
Yamagata,山形県,前川ダム,2026-09-12T06:00,257.39,0.1,0.1,1.551,,,91.2,,管理者名 | 河川名 | 局名 | 所在地 | 最新観測時刻 | 流入量 | 全放流量 | 貯水位 | 貯水量 | 貯水率
Yamagata,山形県,寒河江ダム,2026-09-12T06:00,385.54,11.13,28.24,51.759,,,93.4,,管理者名 | 河川名 | 局名 | 所在地 | 最新観測時刻 | 流入量 | 全放流量 | 貯水位 | 貯水量 | 貯水率
Yamagata,山形県,最上小国川流水型ダム,2026-09-12T06:00,277.09,4.04,4.04,0.002,,,0.0,,管理者名 | 河川名 | 局名 | 所在地 | 最新観測時刻 | 流入量 | 全放流量 | 貯水位 | 貯水量 | 貯水率
Yamagata,山形県,月光川ダム,2026-09-12T06:00,169.34,4.52,4.52,0.008,,,0.2,,管理者名 | 河川名 | 局名 | 所在地 | 最新観測時刻 | 流入量 | 全放流量 | 貯水位 | 貯水量 | 貯水率
Yamagata,山形県,月山ダム,2026-09-12T06:00,236.83,3.1,3.9,16.367,,,91.3,,管理者名 | 河川名 | 局名 | 所在地 | 最新観測時刻 | 流入量 | 全放流量 | 貯水位 | 貯水量 | 貯水率
Yamagata,山形県,木地山ダム,2026-09-12T06:00,469.87,4.64,5.8,0.937,,,17.7,,管理者名 | 河川名 | 局名 | 所在地 | 最新観測時刻 | 流入量 | 全放流量 | 貯水位 | 貯水量 | 貯水率
Yamagata,山形県,温海川ダム,2026-09-12T06:00,142.42,1.1,1.1,0.434,,,97.4,,管理者名 | 河川名 | 局名 | 所在地 | 最新観測時刻 | 流入量 | 全放流量 | 貯水位 | 貯水量 | 貯水率
Yamagata,山形県,田沢川ダム,2026-09-12T06:00,126.91,0.49,1.12,3.931,,,79.4,,管理者名 | 河川名 | 局名 | 所在地 | 最新観測時刻 | 流入量 | 全放流量 | 貯水位 | 貯水量 | 貯水率
Yamagata,山形県,留山川ダム,2026-09-12T06:00,300.12,0.32,0.32,0.347,,,100.0,,管理者名 | 河川名 | 局名 | 所在地 | 最新観測時刻 | 流入量 | 全放流量 | 貯水位 | 貯水量 | 貯水率
Yamagata,山形県,白川ダム,2026-09-12T06:00,319.64,12.69,12.69,6.62,,,66.9,,管理者名 | 河川名 | 局名 | 所在地 | 最新観測時刻 | 流入量 | 全放流量 | 貯水位 | 貯水量 | 貯水率
Yamagata,山形県,白水川ダム,2026-09-12T06:00,357.59,0.45,0.45,2.519,,,96.9,,管理者名 | 河川名 | 局名 | 所在地 | 最新観測時刻 | 流入量 | 全放流量 | 貯水位 | 貯水量 | 貯水率
Yamagata,山形県,神室ダム,2026-09-12T06:00,380.99,1.0,1.0,2.48,,,75.7,,管理者名 | 河川名 | 局名 | 所在地 | 最新観測時刻 | 流入量 | 全放流量 | 貯水位 | 貯水量 | 貯水率
Yamagata,山形県,綱木川ダム,2026-09-12T06:00,456.37,2.71,2.97,3.594,,,100.0,,管理者名 | 河川名 | 局名 | 所在地 | 最新観測時刻 | 流入量 | 全放流量 | 貯水位 | 貯水量 | 貯水率
Yamagata,山形県,荒沢ダム,2026-09-12T06:00,236.76,8.05,13.4,5.146,,,29.8,,管理者名 | 河川名 | 局名 | 所在地 | 最新観測時刻 | 流入量 | 全放流量 | 貯水位 | 貯水量 | 貯水率
Yamagata,山形県,蔵王ダム,2026-09-12T06:00,593.06,2.01,1.6,1.9,,,89.6,,管理者名 | 河川名 | 局名 | 所在地 | 最新観測時刻 | 流入量 | 全放流量 | 貯水位 | 貯水量 | 貯水率
Yamagata,山形県,長井ダム,2026-09-12T06:00,365.59,8.13,8.09,20.663,,,93.6,,管理者名 | 河川名 | 局名 | 所在地 | 最新観測時刻 | 流入量 | 全放流量 | 貯水位 | 貯水量 | 貯水率
Yamagata,山形県,高坂ダム,2026-09-12T06:00,181.17,4.1,5.04,0.364,,,11.0,,管理者名 | 河川名 | 局名 | 所在地 | 最新観測時刻 | 流入量 | 全放流量 | 貯水位 | 貯水量 | 貯水率
Aomori,青森県,下湯ダム,2026-09-12T08:20,263.64,1.5,1.5,,,,,,管理者名 | 河川名 | 局名 | 所在地 | 最新観測時刻 | 流入量 | 全放流量 | 貯水位 | 平常時最高水位 | 洪水貯留準備水位 | 洪水量(※)
Aomori,青森県,世増ダム,2026-09-12T08:20,94.7,8.47,8.48,,,,,,管理者名 | 河川名 | 局名 | 所在地 | 最新観測時刻 | 流入量 | 全放流量 | 貯水位 | 平常時最高水位 | 洪水貯留準備水位 | 洪水量(※)
Aomori,青森県,久吉ダム,2026-09-12T08:20,276.63,0.75,0.74,,,,,,管理者名 | 河川名 | 局名 | 所在地 | 最新観測時刻 | 流入量 | 全放流量 | 貯水位 | 平常時最高水位 | 洪水貯留準備水位 | 洪水量(※)
Aomori,青森県,小泊ダム,2026-09-12T08:20,67.59,0.04,0.04,,,,,,管理者名 | 河川名 | 局名 | 所在地 | 最新観測時刻 | 流入量 | 全放流量 | 貯水位 | 平常時最高水位 | 洪水貯留準備水位 | 洪水量(※)
Aomori,青森県,川内ダム,2026-09-12T08:20,178.68,1.32,1.32,,,,,,管理者名 | 河川名 | 局名 | 所在地 | 最新観測時刻 | 流入量 | 全放流量 | 貯水位 | 平常時最高水位 | 洪水貯留準備水位 | 洪水量(※)
Aomori,青森県,津軽ダム,2026-09-12T08:20,196.01,6.8,14.56,,,,,,管理者名 | 河川名 | 局名 | 所在地 | 最新観測時刻 | 流入量 | 全放流量 | 貯水位 | 平常時最高水位 | 洪水貯留準備水位 | 洪水量(※)
Aomori,青森県,浅瀬石川ダム,2026-09-12T08:20,184.77,8.4,11.97,,,,,,管理者名 | 河川名 | 局名 | 所在地 | 最新観測時刻 | 流入量 | 全放流量 | 貯水位 | 平常時最高水位 | 洪水貯留準備水位 | 洪水量(※)
Aomori,青森県,浅虫ダム,2026-09-12T08:20,13.98,0.04,0.04,,,,,,管理者名 | 河川名 | 局名 | 所在地 | 最新観測時刻 | 流入量 | 全放流量 | 貯水位 | 平常時最高水位 | 洪水貯留準備水位 | 洪水量(※)
Aomori,青森県,清水目ダム,2026-09-12T08:20,108.04,0.5,0.5,,,,,,管理者名 | 河川名 | 局名 | 所在地 | 最新観測時刻 | 流入量 | 全放流量 | 貯水位 | 平常時最高水位 | 洪水貯留準備水位 | 洪水量(※)
Aomori,青森県,遠部ダム,2026-09-12T08:20,214.99,0.19,0.19,,,,,,管理者名 | 河川名 | 局名 | 所在地 | 最新観測時刻 | 流入量 | 全放流量 | 貯水位 | 平常時最高水位 | 洪水貯留準備水位 | 洪水量(※)
Aomori,青森県,飯詰ダム,2026-09-12T08:20,70.56,0.22,0.22,,,,,,管理者名 | 河川名 | 局名 | 所在地 | 最新観測時刻 | 流入量 | 全放流量 | 貯水位 | 平常時最高水位 | 洪水貯留準備水位 | 洪水量(※)
Fukui,福井県,九頭竜ダム,2026-09-12T08:20,541.67,23.58,0.01,,,,,33.0,局名 | 所在地 | 最新観測時刻 | 貯水率(利水容量) | 貯水位 | 有効貯水量 | 流入量 | 放流量 | 管理者名
Fukui,福井県,二ツ屋ダム,2026-09-12T08:20,349.76,1.66,1.66,,0.214,,,100.9,局名 | 所在地 | 最新観測時刻 | 貯水率(利水容量) | 貯水位 | 有効貯水量 | 流入量 | 放流量 | 管理者名
Fukui,福井県,吉野瀬川ダム,2026-09-12T08:20,100.08,0.76,1.18,,1.221,,,100.0,局名 | 所在地 | 最新観測時刻 | 貯水率(利水容量) | 貯水位 | 有効貯水量 | 流入量 | 放流量 | 管理者名
Fukui,福井県,大津呂ダム,2026-09-12T08:20,84.44,0.03,0.02,,0.115,,,42.4,局名 | 所在地 | 最新観測時刻 | 貯水率(利水容量) | 貯水位 | 有効貯水量 | 流入量 | 放流量 | 管理者名
Fukui,福井県,広野ダム,2026-09-12T08:20,294.54,1.6,1.58,,1.406,,,35.2,局名 | 所在地 | 最新観測時刻 | 貯水率(利水容量) | 貯水位 | 有効貯水量 | 流入量 | 放流量 | 管理者名
Fukui,福井県,桝谷ダム,2026-09-12T08:20,299.31,0.29,0.12,,3.523,,,17.7,局名 | 所在地 | 最新観測時刻 | 貯水率(利水容量) | 貯水位 | 有効貯水量 | 流入量 | 放流量 | 管理者名
Fukui,福井県,永平寺ダム,2026-09-12T08:20,319.86,0.33,0.33,,0.442,,,100.45,局名 | 所在地 | 最新観測時刻 | 貯水率(利水容量) | 貯水位 | 有効貯水量 | 流入量 | 放流量 | 管理者名
Fukui,福井県,河内川ダム,2026-09-12T08:20,184.16,0.58,0.31,,2.998,,,64.5,局名 | 所在地 | 最新観測時刻 | 貯水率(利水容量) | 貯水位 | 有効貯水量 | 流入量 | 放流量 | 管理者名
Fukui,福井県,浄土寺川ダム,2026-09-12T08:20,344.54,0.681,0.202,,0.77,,,100.0,局名 | 所在地 | 最新観測時刻 | 貯水率(利水容量) | 貯水位 | 有効貯水量 | 流入量 | 放流量 | 管理者名
Fukui,福井県,真名川ダム,2026-09-12T08:20,336.59,6.41,3.49,,,,,86.2,局名 | 所在地 | 最新観測時刻 | 貯水率(利水容量) | 貯水位 | 有効貯水量 | 流入量 | 放流量 | 管理者名
Fukui,福井県,笹生川ダム,2026-09-12T08:20,515.29,3.0,3.01,,24.093,,,58.82,局名 | 所在地 | 最新観測時刻 | 貯水率(利水容量) | 貯水位 | 有効貯水量 | 流入量 | 放流量 | 管理者名
Fukui,福井県,開谷ダム,2026-09-12T08:20,120.61,,,,0.061,,,60.4,局名 | 所在地 | 最新観測時刻 | 貯水率(利水容量) | 貯水位 | 有効貯水量 | 流入量 | 放流量 | 管理者名
Fukui,福井県,龍ヶ鼻ダム,2026-09-12T08:20,172.93,2.27,3.01,,3.999,,,84.69,局名 | 所在地 | 最新観測時刻 | 貯水率(利水容量) | 貯水位 | 有効貯水量 | 流入量 | 放流量 | 管理者名
Miyazaki,宮崎県,岩瀬ダム,2026-09-12T08:20,111.44,4.05,0.0,,,,,,河川名 | 局名 | 所在地 | 状態 | 最新観測時刻 | 貯水位 | 流入量 | 全放流量
Miyazaki,宮崎県,広渡ダム,2026-09-12T08:20,259.44,6.48,6.46,,,,,,河川名 | 局名 | 所在地 | 状態 | 最新観測時刻 | 貯水位 | 流入量 | 全放流量
Miyazaki,宮崎県,日南ダム,2026-09-12T08:00,107.36,4.5,4.51,,,,,,河川名 | 局名 | 所在地 | 状態 | 最新観測時刻 | 貯水位 | 流入量 | 全放流量
Miyazaki,宮崎県,松尾ダム,2026-09-12T08:20,195.85,17.66,17.6,,,,,,河川名 | 局名 | 所在地 | 状態 | 最新観測時刻 | 貯水位 | 流入量 | 全放流量
Miyazaki,宮崎県,沖田ダム,2026-09-12T08:20,48.12,0.43,0.42,,,,,,河川名 | 局名 | 所在地 | 状態 | 最新観測時刻 | 貯水位 | 流入量 | 全放流量
Miyazaki,宮崎県,渡川ダム,2026-09-12T08:20,289.99,8.59,7.22,,,,,,河川名 | 局名 | 所在地 | 状態 | 最新観測時刻 | 貯水位 | 流入量 | 全放流量
Miyazaki,宮崎県,瓜田ダム,2026-09-12T08:00,38.59,0.1,0.1,,,,,,河川名 | 局名 | 所在地 | 状態 | 最新観測時刻 | 貯水位 | 流入量 | 全放流量
Miyazaki,宮崎県,田代八重ダム,2026-09-12T08:00,323.94,5.92,14.0,,,,,,河川名 | 局名 | 所在地 | 状態 | 最新観測時刻 | 貯水位 | 流入量 | 全放流量
Miyazaki,宮崎県,祝子ダム,2026-09-12T08:20,303.34,3.67,3.34,,,,,,河川名 | 局名 | 所在地 | 状態 | 最新観測時刻 | 貯水位 | 流入量 | 全放流量
Miyazaki,宮崎県,立花ダム,2026-09-12T08:20,250.44,2.01,0.0,,,,,,河川名 | 局名 | 所在地 | 状態 | 最新観測時刻 | 貯水位 | 流入量 | 全放流量
Miyazaki,宮崎県,綾北ダム,2026-09-12T08:20,280.27,14.48,10.97,,,,,,河川名 | 局名 | 所在地 | 状態 | 最新観測時刻 | 貯水位 | 流入量 | 全放流量
Miyazaki,宮崎県,綾南ダム,2026-09-12T08:20,338.09,3.08,10.15,,,,,,河川名 | 局名 | 所在地 | 状態 | 最新観測時刻 | 貯水位 | 流入量 | 全放流量
Miyazaki,宮崎県,長谷ダム,2026-09-12T08:20,108.73,3.5,3.47,,,,,,河川名 | 局名 | 所在地 | 状態 | 最新観測時刻 | 貯水位 | 流入量 | 全放流量
Nara,奈良県,初瀬ダム,2026-09-12T08:20,221.14,0.59,0.23,,,,,,管理者名 | 河川名 | 局名 | 所在地 | 最新観測時刻 | 貯水位 | 貯水容量 | 空容量 | 全流入量 | 放流量
Nara,奈良県,大門ダム,2026-09-12T08:20,262.67,0.0,0.0,,,,,,管理者名 | 河川名 | 局名 | 所在地 | 最新観測時刻 | 貯水位 | 貯水容量 | 空容量 | 全流入量 | 放流量
Nara,奈良県,天理ダム,2026-09-12T08:20,253.36,0.26,0.26,,,,,,管理者名 | 河川名 | 局名 | 所在地 | 最新観測時刻 | 貯水位 | 貯水容量 | 空容量 | 全流入量 | 放流量
Nara,奈良県,岩井川ダム,2026-09-12T08:20,240.67,0.07,0.07,,,,,,管理者名 | 河川名 | 局名 | 所在地 | 最新観測時刻 | 貯水位 | 貯水容量 | 空容量 | 全流入量 | 放流量
Nara,奈良県,白川ダム,2026-09-12T08:20,111.31,0.0,0.0,,,,,,管理者名 | 河川名 | 局名 | 所在地 | 最新観測時刻 | 貯水位 | 貯水容量 | 空容量 | 全流入量 | 放流量
Niigata,新潟県,三面ダム,2026-09-12T08:20,115.87,2.32,15.57,,,,92.3,,観測所名 | 最新観測時刻 | 平常時最高貯水位(常時満水位)[m] | 貯水位[m] | 洪水時最高水位(サーチャージ水位)[m] | 貯水率[%] | 洪水流入量[m3/s] | 流入量[m3/s] | 計画高水流量[m3/s] | 全放流量[m3/s]
Niigata,新潟県,下条川ダム,2026-09-12T08:20,31.21,0.25,0.13,,,,,,観測所名 | 最新観測時刻 | 平常時最高貯水位(常時満水位)[m] | 貯水位[m] | 洪水時最高水位(サーチャージ水位)[m] | 貯水率[%] | 洪水流入量[m3/s] | 流入量[m3/s] | 計画高水流量[m3/s] | 全放流量[m3/s]
Niigata,新潟県,久知川ダム,2026-09-12T08:20,123.91,0.26,0.24,,,,100.0,,観測所名 | 最新観測時刻 | 平常時最高貯水位(常時満水位)[m] | 貯水位[m] | 洪水時最高水位(サーチャージ水位)[m] | 貯水率[%] | 洪水流入量[m3/s] | 流入量[m3/s] | 計画高水流量[m3/s] | 全放流量[m3/s]
Niigata,新潟県,内の倉ダム,2026-09-12T08:20,147.91,2.49,2.48,,,,41.3,,観測所名 | 最新観測時刻 | 平常時最高貯水位(常時満水位)[m] | 貯水位[m] | 洪水時最高水位(サーチャージ水位)[m] | 貯水率[%] | 洪水流入量[m3/s] | 流入量[m3/s] | 計画高水流量[m3/s] | 全放流量[m3/s]
Niigata,新潟県,刈谷田川ダム,2026-09-12T08:20,239.34,1.35,1.28,,,,98.2,,観測所名 | 最新観測時刻 | 平常時最高貯水位(常時満水位)[m] | 貯水位[m] | 洪水時最高水位(サーチャージ水位)[m] | 貯水率[%] | 洪水流入量[m3/s] | 流入量[m3/s] | 計画高水流量[m3/s] | 全放流量[m3/s]
Niigata,新潟県,加治川治水ダム,2026-09-12T08:20,272.27,5.8,3.5,,,,,,観測所名 | 最新観測時刻 | 平常時最高貯水位(常時満水位)[m] | 貯水位[m] | 洪水時最高水位(サーチャージ水位)[m] | 貯水率[%] | 洪水流入量[m3/s] | 流入量[m3/s] | 計画高水流量[m3/s] | 全放流量[m3/s]
Niigata,新潟県,城川ダム,2026-09-12T08:20,271.55,0.28,0.26,,,,100.0,,観測所名 | 最新観測時刻 | 平常時最高貯水位(常時満水位)[m] | 貯水位[m] | 洪水時最高水位(サーチャージ水位)[m] | 貯水率[%] | 洪水流入量[m3/s] | 流入量[m3/s] | 計画高水流量[m3/s] | 全放流量[m3/s]
Niigata,新潟県,大谷ダム,2026-09-12T08:20,191.56,0.0,1.35,,,,100.0,,観測所名 | 最新観測時刻 | 平常時最高貯水位(常時満水位)[m] | 貯水位[m] | 洪水時最高水位(サーチャージ水位)[m] | 貯水率[%] | 洪水流入量[m3/s] | 流入量[m3/s] | 計画高水流量[m3/s] | 全放流量[m3/s]
Niigata,新潟県,大野川ダム,2026-09-12T08:20,142.51,0.16,0.42,,,,100.0,,観測所名 | 最新観測時刻 | 平常時最高貯水位(常時満水位)[m] | 貯水位[m] | 洪水時最高水位(サーチャージ水位)[m] | 貯水率[%] | 洪水流入量[m3/s] | 流入量[m3/s] | 計画高水流量[m3/s] | 全放流量[m3/s]
Niigata,新潟県,奥三面ダム,2026-09-12T08:20,211.46,7.86,0.71,,,,79.2,,観測所名 | 最新観測時刻 | 平常時最高貯水位(常時満水位)[m] | 貯水位[m] | 洪水時最高水位(サーチャージ水位)[m] | 貯水率[%] | 洪水流入量[m3/s] | 流入量[m3/s] | 計画高水流量[m3/s] | 全放流量[m3/s]
Niigata,新潟県,奥胎内ダム,2026-09-12T08:20,384.0,2.23,2.1,,,,,,観測所名 | 最新観測時刻 | 平常時最高貯水位(常時満水位)[m] | 貯水位[m] | 洪水時最高水位(サーチャージ水位)[m] | 貯水率[%] | 洪水流入量[m3/s] | 流入量[m3/s] | 計画高水流量[m3/s] | 全放流量[m3/s]
Niigata,新潟県,広神ダム,2026-09-12T08:20,213.97,1.95,2.36,,,,100.0,,観測所名 | 最新観測時刻 | 平常時最高貯水位(常時満水位)[m] | 貯水位[m] | 洪水時最高水位(サーチャージ水位)[m] | 貯水率[%] | 洪水流入量[m3/s] | 流入量[m3/s] | 計画高水流量[m3/s] | 全放流量[m3/s]
Niigata,新潟県,新保川ダム,2026-09-12T08:20,160.4,0.3,0.3,,,,100.0,,観測所名 | 最新観測時刻 | 平常時最高貯水位(常時満水位)[m] | 貯水位[m] | 洪水時最高水位(サーチャージ水位)[m] | 貯水率[%] | 洪水流入量[m3/s] | 流入量[m3/s] | 計画高水流量[m3/s] | 全放流量[m3/s]
Niigata,新潟県,早出川ダム,2026-09-12T08:20,163.85,2.63,3.4,,,,77.9,,観測所名 | 最新観測時刻 | 平常時最高貯水位(常時満水位)[m] | 貯水位[m] | 洪水時最高水位(サーチャージ水位)[m] | 貯水率[%] | 洪水流入量[m3/s] | 流入量[m3/s] | 計画高水流量[m3/s] | 全放流量[m3/s]
Niigata,新潟県,柿崎川ダム,2026-09-12T08:20,120.84,0.7,0.7,,,,100.0,,観測所名 | 最新観測時刻 | 平常時最高貯水位(常時満水位)[m] | 貯水位[m] | 洪水時最高水位(サーチャージ水位)[m] | 貯水率[%] | 洪水流入量[m3/s] | 流入量[m3/s] | 計画高水流量[m3/s] | 全放流量[m3/s]
Niigata,新潟県,正善寺ダム,2026-09-12T08:20,86.17,0.48,0.19,,,,83.0,,観測所名 | 最新観測時刻 | 平常時最高貯水位(常時満水位)[m] | 貯水位[m] | 洪水時最高水位(サーチャージ水位)[m] | 貯水率[%] | 洪水流入量[m3/s] | 流入量[m3/s] | 計画高水流量[m3/s] | 全放流量[m3/s]
Niigata,新潟県,破間川ダム,2026-09-12T08:20,430.11,2.75,2.54,,,,70.9,,観測所名 | 最新観測時刻 | 平常時最高貯水位(常時満水位)[m] | 貯水位[m] | 洪水時最高水位(サーチャージ水位)[m] | 貯水率[%] | 洪水流入量[m3/s] | 流入量[m3/s] | 計画高水流量[m3/s] | 全放流量[m3/s]
Niigata,新潟県,笠堀ダム,2026-09-12T08:20,193.02,3.97,3.95,,,,88.6,,観測所名 | 最新観測時刻 | 平常時最高貯水位(常時満水位)[m] | 貯水位[m] | 洪水時最高水位(サーチャージ水位)[m] | 貯水率[%] | 洪水流入量[m3/s] | 流入量[m3/s] | 計画高水流量[m3/s] | 全放流量[m3/s]
Niigata,新潟県,胎内川ダム,2026-09-12T08:20,287.39,5.24,5.24,,,,92.8,,観測所名 | 最新観測時刻 | 平常時最高貯水位(常時満水位)[m] | 貯水位[m] | 洪水時最高水位(サーチャージ水位)[m] | 貯水率[%] | 洪水流入量[m3/s] | 流入量[m3/s] | 計画高水流量[m3/s] | 全放流量[m3/s]
Niigata,新潟県,鯖石川ダム,2026-09-12T08:20,134.82,2.2,0.39,,,,93.3,,観測所名 | 最新観測時刻 | 平常時最高貯水位(常時満水位)[m] | 貯水位[m] | 洪水時最高水位(サーチャージ水位)[m] | 貯水率[%] | 洪水流入量[m3/s] | 流入量[m3/s] | 計画高水流量[m3/s] | 全放流量[m3/s]
Oita,大分県,北川ダム,2026-09-12T08:20,148.72,4.97,23.79,,,,39.6,,管理者名 | 河川名 | 局名 | 所在地 | 最新観測時刻 | 貯水位 | 流入量 | 貯水量 | 貯水率 | 放流量
Oita,大分県,安岐ダム,2026-09-12T08:20,153.75,0.22,0.25,0.608,,,100.0,,管理者名 | 河川名 | 局名 | 所在地 | 最新観測時刻 | 貯水位 | 流入量 | 貯水量 | 貯水率 | 放流量
Oita,大分県,床木ダム,2026-09-12T08:20,88.69,0.35,0.35,0.906,,,100.0,,管理者名 | 河川名 | 局名 | 所在地 | 最新観測時刻 | 貯水位 | 流入量 | 貯水量 | 貯水率 | 放流量
Oita,大分県,玉来ダム,2026-09-12T08:20,350.75,5.25,5.25,,,,0.1,,管理者名 | 河川名 | 局名 | 所在地 | 最新観測時刻 | 貯水位 | 流入量 | 貯水量 | 貯水率 | 放流量
Oita,大分県,稲葉ダム,2026-09-12T08:20,437.83,2.274,2.073,,,,100.9,,管理者名 | 河川名 | 局名 | 所在地 | 最新観測時刻 | 貯水位 | 流入量 | 貯水量 | 貯水率 | 放流量
Oita,大分県,芹川ダム,2026-09-12T08:20,328.62,4.21,4.8,,,,55.8,,管理者名 | 河川名 | 局名 | 所在地 | 最新観測時刻 | 貯水位 | 流入量 | 貯水量 | 貯水率 | 放流量
Oita,大分県,行入ダム,2026-09-12T08:20,122.61,0.0,0.1,0.485,,,48.0,,管理者名 | 河川名 | 局名 | 所在地 | 最新観測時刻 | 貯水位 | 流入量 | 貯水量 | 貯水率 | 放流量
Oita,大分県,野津ダム,2026-09-12T08:20,238.07,0.07,0.07,,,,100.8,,管理者名 | 河川名 | 局名 | 所在地 | 最新観測時刻 | 貯水位 | 流入量 | 貯水量 | 貯水率 | 放流量
Oita,大分県,青江ダム,2026-09-12T08:20,64.13,0.065,0.069,0.458,,,100.0,,管理者名 | 河川名 | 局名 | 所在地 | 最新観測時刻 | 貯水位 | 流入量 | 貯水量 | 貯水率 | 放流量
Oita,大分県,黒沢ダム,2026-09-12T08:20,95.44,0.72,0.69,1.155,,,100.0,,管理者名 | 河川名 | 局名 | 所在地 | 最新観測時刻 | 貯水位 | 流入量 | 貯水量 | 貯水率 | 放流量
Tokushima,徳島県,宮川内ダム,2026-09-12T08:20,129.42,0.89,0.45,,,0.591,76.75,,管理者名 | 河川名 | 局名 | 所在地 | 最新観測時刻 | 貯水位 | 総貯水量 | 全流入量 | 全放流量 | 貯水率
Tokushima,徳島県,川口ダム,2026-09-12T08:20,94.09,79.9,69.9,,,,,,管理者名 | 河川名 | 局名 | 所在地 | 最新観測時刻 | 貯水位 | 総貯水量 | 全流入量 | 全放流量 | 貯水率
Tokushima,徳島県,棚野ダム,2026-09-12T08:20,,,16.1,,,,,,管理者名 | 河川名 | 局名 | 所在地 | 最新観測時刻 | 貯水位 | 総貯水量 | 全流入量 | 全放流量 | 貯水率
Tokushima,徳島県,正木ダム,2026-09-12T08:20,167.36,13.5,10.3,,,5.427,78.06,,管理者名 | 河川名 | 局名 | 所在地 | 最新観測時刻 | 貯水位 | 総貯水量 | 全流入量 | 全放流量 | 貯水率
Tokushima,徳島県,池田ダム,2026-09-12T08:20,88.65,45.9,46.01,,,,,,管理者名 | 河川名 | 局名 | 所在地 | 最新観測時刻 | 貯水位 | 総貯水量 | 全流入量 | 全放流量 | 貯水率
Tokushima,徳島県,福井ダム,2026-09-12T08:20,43.81,0.94,1.06,,,1.344,100.0,,管理者名 | 河川名 | 局名 | 所在地 | 最新観測時刻 | 貯水位 | 総貯水量 | 全流入量 | 全放流量 | 貯水率
Tokushima,徳島県,長安口ダム,2026-09-12T08:20,222.02,82.62,59.76,,,,,,管理者名 | 河川名 | 局名 | 所在地 | 最新観測時刻 | 貯水位 | 総貯水量 | 全流入量 | 全放流量 | 貯水率
Yamagata,山形県,前川ダム,2026-09-12T08:20,257.39,0.1,0.1,1.551,,,91.2,,管理者名 | 河川名 | 局名 | 所在地 | 最新観測時刻 | 流入量 | 全放流量 | 貯水位 | 貯水量 | 貯水率
Yamagata,山形県,寒河江ダム,2026-09-12T08:20,385.53,7.61,0.86,51.735,,,93.4,,管理者名 | 河川名 | 局名 | 所在地 | 最新観測時刻 | 流入量 | 全放流量 | 貯水位 | 貯水量 | 貯水率
Yamagata,山形県,最上小国川流水型ダム,2026-09-12T08:20,277.09,4.04,4.04,0.002,,,0.0,,管理者名 | 河川名 | 局名 | 所在地 | 最新観測時刻 | 流入量 | 全放流量 | 貯水位 | 貯水量 | 貯水率
Yamagata,山形県,月光川ダム,2026-09-12T08:20,169.33,4.39,4.39,0.007,,,0.2,,管理者名 | 河川名 | 局名 | 所在地 | 最新観測時刻 | 流入量 | 全放流量 | 貯水位 | 貯水量 | 貯水率
Yamagata,山形県,月山ダム,2026-09-12T08:20,236.82,2.97,3.9,16.358,,,91.2,,管理者名 | 河川名 | 局名 | 所在地 | 最新観測時刻 | 流入量 | 全放流量 | 貯水位 | 貯水量 | 貯水率
Yamagata,山形県,木地山ダム,2026-09-12T08:20,469.81,4.34,5.9,0.923,,,17.4,,管理者名 | 河川名 | 局名 | 所在地 | 最新観測時刻 | 流入量 | 全放流量 | 貯水位 | 貯水量 | 貯水率
Yamagata,山形県,温海川ダム,2026-09-12T08:20,142.42,1.12,1.12,0.434,,,97.4,,管理者名 | 河川名 | 局名 | 所在地 | 最新観測時刻 | 流入量 | 全放流量 | 貯水位 | 貯水量 | 貯水率
Yamagata,山形県,田沢川ダム,2026-09-12T08:20,126.88,0.49,1.14,3.924,,,79.3,,管理者名 | 河川名 | 局名 | 所在地 | 最新観測時刻 | 流入量 | 全放流量 | 貯水位 | 貯水量 | 貯水率
Yamagata,山形県,留山川ダム,2026-09-12T08:20,300.11,0.29,0.29,0.346,,,100.0,,管理者名 | 河川名 | 局名 | 所在地 | 最新観測時刻 | 流入量 | 全放流量 | 貯水位 | 貯水量 | 貯水率
Yamagata,山形県,白川ダム,2026-09-12T08:20,319.64,12.61,12.57,6.62,,,66.9,,管理者名 | 河川名 | 局名 | 所在地 | 最新観測時刻 | 流入量 | 全放流量 | 貯水位 | 貯水量 | 貯水率
Yamagata,山形県,白水川ダム,2026-09-12T08:20,357.59,0.45,0.45,2.519,,,96.9,,管理者名 | 河川名 | 局名 | 所在地 | 最新観測時刻 | 流入量 | 全放流量 | 貯水位 | 貯水量 | 貯水率
Yamagata,山形県,神室ダム,2026-09-12T08:20,380.97,0.28,1.0,2.475,,,75.6,,管理者名 | 河川名 | 局名 | 所在地 | 最新観測時刻 | 流入量 | 全放流量 | 貯水位 | 貯水量 | 貯水率
Yamagata,山形県,綱木川ダム,2026-09-12T08:20,456.36,2.69,2.91,3.591,,,100.0,,管理者名 | 河川名 | 局名 | 所在地 | 最新観測時刻 | 流入量 | 全放流量 | 貯水位 | 貯水量 | 貯水率
Yamagata,山形県,荒沢ダム,2026-09-12T08:20,236.71,7.85,13.38,5.097,,,29.5,,管理者名 | 河川名 | 局名 | 所在地 | 最新観測時刻 | 流入量 | 全放流量 | 貯水位 | 貯水量 | 貯水率
Yamagata,山形県,蔵王ダム,2026-09-12T08:20,593.08,1.6,1.6,1.903,,,89.8,,管理者名 | 河川名 | 局名 | 所在地 | 最新観測時刻 | 流入量 | 全放流量 | 貯水位 | 貯水量 | 貯水率
Yamagata,山形県,長井ダム,2026-09-12T08:20,365.58,8.14,8.09,20.655,,,93.6,,管理者名 | 河川名 | 局名 | 所在地 | 最新観測時刻 | 流入量 | 全放流量 | 貯水位 | 貯水量 | 貯水率
Yamagata,山形県,高坂ダム,2026-09-12T08:20,181.15,4.29,5.04,0.358,,,10.8,,管理者名 | 河川名 | 局名 | 所在地 | 最新観測時刻 | 流入量 | 全放流量 | 貯水位 | 貯水量 | 貯水率
Aomori,青森県,下湯ダム,2026-09-12T10:20,263.63,1.48,1.49,,,,,,管理者名 | 河川名 | 局名 | 所在地 | 最新観測時刻 | 流入量 | 全放流量 | 貯水位 | 平常時最高水位 | 洪水貯留準備水位 | 洪水量(※)
Aomori,青森県,世増ダム,2026-09-12T10:20,94.69,5.58,8.32,,,,,,管理者名 | 河川名 | 局名 | 所在地 | 最新観測時刻 | 流入量 | 全放流量 | 貯水位 | 平常時最高水位 | 洪水貯留準備水位 | 洪水量(※)
Aomori,青森県,久吉ダム,2026-09-12T10:20,276.63,0.77,0.75,,,,,,管理者名 | 河川名 | 局名 | 所在地 | 最新観測時刻 | 流入量 | 全放流量 | 貯水位 | 平常時最高水位 | 洪水貯留準備水位 | 洪水量(※)
Aomori,青森県,小泊ダム,2026-09-12T10:20,67.58,0.0,0.04,,,,,,管理者名 | 河川名 | 局名 | 所在地 | 最新観測時刻 | 流入量 | 全放流量 | 貯水位 | 平常時最高水位 | 洪水貯留準備水位 | 洪水量(※)
Aomori,青森県,川内ダム,2026-09-12T10:20,178.67,1.32,1.32,,,,,,管理者名 | 河川名 | 局名 | 所在地 | 最新観測時刻 | 流入量 | 全放流量 | 貯水位 | 平常時最高水位 | 洪水貯留準備水位 | 洪水量(※)
Aomori,青森県,津軽ダム,2026-09-12T10:20,195.98,7.06,14.56,,,,,,管理者名 | 河川名 | 局名 | 所在地 | 最新観測時刻 | 流入量 | 全放流量 | 貯水位 | 平常時最高水位 | 洪水貯留準備水位 | 洪水量(※)
Aomori,青森県,浅瀬石川ダム,2026-09-12T10:20,184.76,8.4,11.99,,,,,,管理者名 | 河川名 | 局名 | 所在地 | 最新観測時刻 | 流入量 | 全放流量 | 貯水位 | 平常時最高水位 | 洪水貯留準備水位 | 洪水量(※)
Aomori,青森県,浅虫ダム,2026-09-12T10:20,13.98,0.04,0.04,,,,,,管理者名 | 河川名 | 局名 | 所在地 | 最新観測時刻 | 流入量 | 全放流量 | 貯水位 | 平常時最高水位 | 洪水貯留準備水位 | 洪水量(※)
Aomori,青森県,清水目ダム,2026-09-12T10:20,108.04,0.5,0.5,,,,,,管理者名 | 河川名 | 局名 | 所在地 | 最新観測時刻 | 流入量 | 全放流量 | 貯水位 | 平常時最高水位 | 洪水貯留準備水位 | 洪水量(※)
Aomori,青森県,遠部ダム,2026-09-12T10:20,214.99,0.19,0.19,,,,,,管理者名 | 河川名 | 局名 | 所在地 | 最新観測時刻 | 流入量 | 全放流量 | 貯水位 | 平常時最高水位 | 洪水貯留準備水位 | 洪水量(※)
Aomori,青森県,飯詰ダム,2026-09-12T10:20,70.56,0.22,0.22,,,,,,管理者名 | 河川名 | 局名 | 所在地 | 最新観測時刻 | 流入量 | 全放流量 | 貯水位 | 平常時最高水位 | 洪水貯留準備水位 | 洪水量(※)
Fukui,福井県,九頭竜ダム,2026-09-12T10:20,541.69,15.72,0.01,,,,,33.1,局名 | 所在地 | 最新観測時刻 | 貯水率(利水容量) | 貯水位 | 有効貯水量 | 流入量 | 放流量 | 管理者名
Fukui,福井県,二ツ屋ダム,2026-09-12T10:20,349.76,1.66,1.66,,0.214,,,100.9,局名 | 所在地 | 最新観測時刻 | 貯水率(利水容量) | 貯水位 | 有効貯水量 | 流入量 | 放流量 | 管理者名
Fukui,福井県,吉野瀬川ダム,2026-09-12T10:20,100.07,0.74,1.15,,1.219,,,100.0,局名 | 所在地 | 最新観測時刻 | 貯水率(利水容量) | 貯水位 | 有効貯水量 | 流入量 | 放流量 | 管理者名
Fukui,福井県,大津呂ダム,2026-09-12T10:20,84.45,0.05,0.02,,0.115,,,42.5,局名 | 所在地 | 最新観測時刻 | 貯水率(利水容量) | 貯水位 | 有効貯水量 | 流入量 | 放流量 | 管理者名
Fukui,福井県,広野ダム,2026-09-12T10:20,294.55,2.16,1.57,,1.408,,,35.2,局名 | 所在地 | 最新観測時刻 | 貯水率(利水容量) | 貯水位 | 有効貯水量 | 流入量 | 放流量 | 管理者名
Fukui,福井県,桝谷ダム,2026-09-12T10:20,299.31,0.12,0.12,,3.523,,,17.7,局名 | 所在地 | 最新観測時刻 | 貯水率(利水容量) | 貯水位 | 有効貯水量 | 流入量 | 放流量 | 管理者名
Fukui,福井県,永平寺ダム,2026-09-12T10:20,319.86,0.33,0.33,,0.442,,,100.45,局名 | 所在地 | 最新観測時刻 | 貯水率(利水容量) | 貯水位 | 有効貯水量 | 流入量 | 放流量 | 管理者名
Fukui,福井県,河内川ダム,2026-09-12T10:20,184.17,0.56,0.31,,3.0,,,64.5,局名 | 所在地 | 最新観測時刻 | 貯水率(利水容量) | 貯水位 | 有効貯水量 | 流入量 | 放流量 | 管理者名
Fukui,福井県,浄土寺川ダム,2026-09-12T10:20,344.58,0.73,0.687,,0.773,,,100.0,局名 | 所在地 | 最新観測時刻 | 貯水率(利水容量) | 貯水位 | 有効貯水量 | 流入量 | 放流量 | 管理者名
Fukui,福井県,真名川ダム,2026-09-12T10:20,336.6,6.41,3.49,,,,,86.4,局名 | 所在地 | 最新観測時刻 | 貯水率(利水容量) | 貯水位 | 有効貯水量 | 流入量 | 放流量 | 管理者名
Fukui,福井県,笹生川ダム,2026-09-12T10:20,515.3,3.01,3.01,,24.108,,,58.85,局名 | 所在地 | 最新観測時刻 | 貯水率(利水容量) | 貯水位 | 有効貯水量 | 流入量 | 放流量 | 管理者名
Fukui,福井県,開谷ダム,2026-09-12T10:20,120.62,,,,0.061,,,60.4,局名 | 所在地 | 最新観測時刻 | 貯水率(利水容量) | 貯水位 | 有効貯水量 | 流入量 | 放流量 | 管理者名
Fukui,福井県,龍ヶ鼻ダム,2026-09-12T10:20,172.91,2.27,3.02,,3.994,,,84.58,局名 | 所在地 | 最新観測時刻 | 貯水率(利水容量) | 貯水位 | 有効貯水量 | 流入量 | 放流量 | 管理者名
Miyazaki,宮崎県,岩瀬ダム,2026-09-12T10:20,111.51,18.6,0.0,,,,,,河川名 | 局名 | 所在地 | 状態 | 最新観測時刻 | 貯水位 | 流入量 | 全放流量
Miyazaki,宮崎県,広渡ダム,2026-09-12T10:20,259.44,6.48,6.46,,,,,,河川名 | 局名 | 所在地 | 状態 | 最新観測時刻 | 貯水位 | 流入量 | 全放流量
Miyazaki,宮崎県,日南ダム,2026-09-12T10:00,107.36,4.5,4.5,,,,,,河川名 | 局名 | 所在地 | 状態 | 最新観測時刻 | 貯水位 | 流入量 | 全放流量
Miyazaki,宮崎県,松尾ダム,2026-09-12T10:20,195.85,17.59,17.6,,,,,,河川名 | 局名 | 所在地 | 状態 | 最新観測時刻 | 貯水位 | 流入量 | 全放流量
Miyazaki,宮崎県,沖田ダム,2026-09-12T10:20,48.12,0.43,0.42,,,,,,河川名 | 局名 | 所在地 | 状態 | 最新観測時刻 | 貯水位 | 流入量 | 全放流量
Miyazaki,宮崎県,渡川ダム,2026-09-12T10:20,290.0,8.08,7.22,,,,,,河川名 | 局名 | 所在地 | 状態 | 最新観測時刻 | 貯水位 | 流入量 | 全放流量
Miyazaki,宮崎県,瓜田ダム,2026-09-12T10:00,38.59,0.1,0.1,,,,,,河川名 | 局名 | 所在地 | 状態 | 最新観測時刻 | 貯水位 | 流入量 | 全放流量
Miyazaki,宮崎県,田代八重ダム,2026-09-12T10:00,324.03,7.36,0.0,,,,,,河川名 | 局名 | 所在地 | 状態 | 最新観測時刻 | 貯水位 | 流入量 | 全放流量
Miyazaki,宮崎県,祝子ダム,2026-09-12T10:20,303.36,3.61,3.34,,,,,,河川名 | 局名 | 所在地 | 状態 | 最新観測時刻 | 貯水位 | 流入量 | 全放流量
Miyazaki,宮崎県,立花ダム,2026-09-12T10:20,250.56,2.83,0.0,,,,,,河川名 | 局名 | 所在地 | 状態 | 最新観測時刻 | 貯水位 | 流入量 | 全放流量
Miyazaki,宮崎県,綾北ダム,2026-09-12T10:20,280.24,4.62,0.2,,,,,,河川名 | 局名 | 所在地 | 状態 | 最新観測時刻 | 貯水位 | 流入量 | 全放流量
Miyazaki,宮崎県,綾南ダム,2026-09-12T10:20,338.05,3.35,10.16,,,,,,河川名 | 局名 | 所在地 | 状態 | 最新観測時刻 | 貯水位 | 流入量 | 全放流量
Miyazaki,宮崎県,長谷ダム,2026-09-12T10:20,108.73,3.5,3.47,,,,,,河川名 | 局名 | 所在地 | 状態 | 最新観測時刻 | 貯水位 | 流入量 | 全放流量
Nara,奈良県,初瀬ダム,2026-09-12T10:20,221.16,0.57,0.23,,,,,,管理者名 | 河川名 | 局名 | 所在地 | 最新観測時刻 | 貯水位 | 貯水容量 | 空容量 | 全流入量 | 放流量
Nara,奈良県,大門ダム,2026-09-12T10:20,262.67,0.0,0.0,,,,,,管理者名 | 河川名 | 局名 | 所在地 | 最新観測時刻 | 貯水位 | 貯水容量 | 空容量 | 全流入量 | 放流量
Nara,奈良県,天理ダム,2026-09-12T10:20,253.36,0.26,0.26,,,,,,管理者名 | 河川名 | 局名 | 所在地 | 最新観測時刻 | 貯水位 | 貯水容量 | 空容量 | 全流入量 | 放流量
Nara,奈良県,岩井川ダム,2026-09-12T10:20,240.67,0.07,0.07,,,,,,管理者名 | 河川名 | 局名 | 所在地 | 最新観測時刻 | 貯水位 | 貯水容量 | 空容量 | 全流入量 | 放流量
Nara,奈良県,白川ダム,2026-09-12T10:20,111.31,0.0,0.01,,,,,,管理者名 | 河川名 | 局名 | 所在地 | 最新観測時刻 | 貯水位 | 貯水容量 | 空容量 | 全流入量 | 放流量
Niigata,新潟県,三面ダム,2026-09-12T10:20,115.81,2.91,16.0,,,,91.9,,観測所名 | 最新観測時刻 | 平常時最高貯水位(常時満水位)[m] | 貯水位[m] | 洪水時最高水位(サーチャージ水位)[m] | 貯水率[%] | 洪水流入量[m3/s] | 流入量[m3/s] | 計画高水流量[m3/s] | 全放流量[m3/s]
Niigata,新潟県,下条川ダム,2026-09-12T10:20,31.22,0.25,0.13,,,,,,観測所名 | 最新観測時刻 | 平常時最高貯水位(常時満水位)[m] | 貯水位[m] | 洪水時最高水位(サーチャージ水位)[m] | 貯水率[%] | 洪水流入量[m3/s] | 流入量[m3/s] | 計画高水流量[m3/s] | 全放流量[m3/s]
Niigata,新潟県,久知川ダム,2026-09-12T10:20,123.9,0.24,0.23,,,,100.0,,観測所名 | 最新観測時刻 | 平常時最高貯水位(常時満水位)[m] | 貯水位[m] | 洪水時最高水位(サーチャージ水位)[m] | 貯水率[%] | 洪水流入量[m3/s] | 流入量[m3/s] | 計画高水流量[m3/s] | 全放流量[m3/s]
Niigata,新潟県,内の倉ダム,2026-09-12T10:20,147.91,2.49,2.49,,,,41.3,,観測所名 | 最新観測時刻 | 平常時最高貯水位(常時満水位)[m] | 貯水位[m] | 洪水時最高水位(サーチャージ水位)[m] | 貯水率[%] | 洪水流入量[m3/s] | 流入量[m3/s] | 計画高水流量[m3/s] | 全放流量[m3/s]
Niigata,新潟県,刈谷田川ダム,2026-09-12T10:20,239.34,1.27,1.17,,,,98.2,,観測所名 | 最新観測時刻 | 平常時最高貯水位(常時満水位)[m] | 貯水位[m] | 洪水時最高水位(サーチャージ水位)[m] | 貯水率[%] | 洪水流入量[m3/s] | 流入量[m3/s] | 計画高水流量[m3/s] | 全放流量[m3/s]
Niigata,新潟県,加治川治水ダム,2026-09-12T10:20,272.37,5.59,3.5,,,,,,観測所名 | 最新観測時刻 | 平常時最高貯水位(常時満水位)[m] | 貯水位[m] | 洪水時最高水位(サーチャージ水位)[m] | 貯水率[%] | 洪水流入量[m3/s] | 流入量[m3/s] | 計画高水流量[m3/s] | 全放流量[m3/s]
Niigata,新潟県,城川ダム,2026-09-12T10:20,271.55,0.28,0.26,,,,100.0,,観測所名 | 最新観測時刻 | 平常時最高貯水位(常時満水位)[m] | 貯水位[m] | 洪水時最高水位(サーチャージ水位)[m] | 貯水率[%] | 洪水流入量[m3/s] | 流入量[m3/s] | 計画高水流量[m3/s] | 全放流量[m3/s]
Niigata,新潟県,大谷ダム,2026-09-12T10:20,191.56,1.36,1.35,,,,100.0,,観測所名 | 最新観測時刻 | 平常時最高貯水位(常時満水位)[m] | 貯水位[m] | 洪水時最高水位(サーチャージ水位)[m] | 貯水率[%] | 洪水流入量[m3/s] | 流入量[m3/s] | 計画高水流量[m3/s] | 全放流量[m3/s]
Niigata,新潟県,大野川ダム,2026-09-12T10:20,142.49,0.2,0.41,,,,100.0,,観測所名 | 最新観測時刻 | 平常時最高貯水位(常時満水位)[m] | 貯水位[m] | 洪水時最高水位(サーチャージ水位)[m] | 貯水率[%] | 洪水流入量[m3/s] | 流入量[m3/s] | 計画高水流量[m3/s] | 全放流量[m3/s]
Niigata,新潟県,奥三面ダム,2026-09-12T10:20,211.48,7.86,0.72,,,,79.3,,観測所名 | 最新観測時刻 | 平常時最高貯水位(常時満水位)[m] | 貯水位[m] | 洪水時最高水位(サーチャージ水位)[m] | 貯水率[%] | 洪水流入量[m3/s] | 流入量[m3/s] | 計画高水流量[m3/s] | 全放流量[m3/s]
Niigata,新潟県,奥胎内ダム,2026-09-12T10:20,383.99,2.55,2.28,,,,,,観測所名 | 最新観測時刻 | 平常時最高貯水位(常時満水位)[m] | 貯水位[m] | 洪水時最高水位(サーチャージ水位)[m] | 貯水率[%] | 洪水流入量[m3/s] | 流入量[m3/s] | 計画高水流量[m3/s] | 全放流量[m3/s]
Niigata,新潟県,広神ダム,2026-09-12T10:20,213.95,1.9,2.29,,,,100.0,,観測所名 | 最新観測時刻 | 平常時最高貯水位(常時満水位)[m] | 貯水位[m] | 洪水時最高水位(サーチャージ水位)[m] | 貯水率[%] | 洪水流入量[m3/s] | 流入量[m3/s] | 計画高水流量[m3/s] | 全放流量[m3/s]
Niigata,新潟県,新保川ダム,2026-09-12T10:20,160.4,0.3,0.3,,,,100.0,,観測所名 | 最新観測時刻 | 平常時最高貯水位(常時満水位)[m] | 貯水位[m] | 洪水時最高水位(サーチャージ水位)[m] | 貯水率[%] | 洪水流入量[m3/s] | 流入量[m3/s] | 計画高水流量[m3/s] | 全放流量[m3/s]
Niigata,新潟県,早出川ダム,2026-09-12T10:20,163.83,2.1,3.4,,,,77.6,,観測所名 | 最新観測時刻 | 平常時最高貯水位(常時満水位)[m] | 貯水位[m] | 洪水時最高水位(サーチャージ水位)[m] | 貯水率[%] | 洪水流入量[m3/s] | 流入量[m3/s] | 計画高水流量[m3/s] | 全放流量[m3/s]
Niigata,新潟県,柿崎川ダム,2026-09-12T10:20,120.84,0.7,0.7,,,,100.0,,観測所名 | 最新観測時刻 | 平常時最高貯水位(常時満水位)[m] | 貯水位[m] | 洪水時最高水位(サーチャージ水位)[m] | 貯水率[%] | 洪水流入量[m3/s] | 流入量[m3/s] | 計画高水流量[m3/s] | 全放流量[m3/s]
Niigata,新潟県,正善寺ダム,2026-09-12T10:20,86.17,0.48,0.15,,,,83.0,,観測所名 | 最新観測時刻 | 平常時最高貯水位(常時満水位)[m] | 貯水位[m] | 洪水時最高水位(サーチャージ水位)[m] | 貯水率[%] | 洪水流入量[m3/s] | 流入量[m3/s] | 計画高水流量[m3/s] | 全放流量[m3/s]
Niigata,新潟県,破間川ダム,2026-09-12T10:20,430.15,3.98,2.54,,,,72.1,,観測所名 | 最新観測時刻 | 平常時最高貯水位(常時満水位)[m] | 貯水位[m] | 洪水時最高水位(サーチャージ水位)[m] | 貯水率[%] | 洪水流入量[m3/s] | 流入量[m3/s] | 計画高水流量[m3/s] | 全放流量[m3/s]
Niigata,新潟県,笠堀ダム,2026-09-12T10:20,193.03,3.97,3.98,,,,88.7,,観測所名 | 最新観測時刻 | 平常時最高貯水位(常時満水位)[m] | 貯水位[m] | 洪水時最高水位(サーチャージ水位)[m] | 貯水率[%] | 洪水流入量[m3/s] | 流入量[m3/s] | 計画高水流量[m3/s] | 全放流量[m3/s]
Niigata,新潟県,胎内川ダム,2026-09-12T10:20,287.39,5.24,5.24,,,,92.8,,観測所名 | 最新観測時刻 | 平常時最高貯水位(常時満水位)[m] | 貯水位[m] | 洪水時最高水位(サーチャージ水位)[m] | 貯水率[%] | 洪水流入量[m3/s] | 流入量[m3/s] | 計画高水流量[m3/s] | 全放流量[m3/s]
Niigata,新潟県,鯖石川ダム,2026-09-12T10:20,134.82,0.5,2.26,,,,93.3,,観測所名 | 最新観測時刻 | 平常時最高貯水位(常時満水位)[m] | 貯水位[m] | 洪水時最高水位(サーチャージ水位)[m] | 貯水率[%] | 洪水流入量[m3/s] | 流入量[m3/s] | 計画高水流量[m3/s] | 全放流量[m3/s]
Oita,大分県,北川ダム,2026-09-12T10:20,148.63,4.04,23.68,,,,39.3,,管理者名 | 河川名 | 局名 | 所在地 | 最新観測時刻 | 貯水位 | 流入量 | 貯水量 | 貯水率 | 放流量
Oita,大分県,安岐ダム,2026-09-12T10:20,153.76,0.22,0.27,0.609,,,100.0,,管理者名 | 河川名 | 局名 | 所在地 | 最新観測時刻 | 貯水位 | 流入量 | 貯水量 | 貯水率 | 放流量
Oita,大分県,床木ダム,2026-09-12T10:20,88.68,0.32,0.32,0.905,,,100.0,,管理者名 | 河川名 | 局名 | 所在地 | 最新観測時刻 | 貯水位 | 流入量 | 貯水量 | 貯水率 | 放流量
Oita,大分県,玉来ダム,2026-09-12T10:20,350.75,5.25,5.25,,,,0.1,,管理者名 | 河川名 | 局名 | 所在地 | 最新観測時刻 | 貯水位 | 流入量 | 貯水量 | 貯水率 | 放流量
Oita,大分県,稲葉ダム,2026-09-12T10:20,437.83,2.274,2.09,,,,100.9,,管理者名 | 河川名 | 局名 | 所在地 | 最新観測時刻 | 貯水位 | 流入量 | 貯水量 | 貯水率 | 放流量
Oita,大分県,芹川ダム,2026-09-12T10:20,328.62,4.21,4.8,,,,55.8,,管理者名 | 河川名 | 局名 | 所在地 | 最新観測時刻 | 貯水位 | 流入量 | 貯水量 | 貯水率 | 放流量
Oita,大分県,行入ダム,2026-09-12T10:20,122.6,0.02,0.1,0.484,,,47.8,,管理者名 | 河川名 | 局名 | 所在地 | 最新観測時刻 | 貯水位 | 流入量 | 貯水量 | 貯水率 | 放流量
Oita,大分県,野津ダム,2026-09-12T10:20,238.07,0.07,0.07,,,,100.8,,管理者名 | 河川名 | 局名 | 所在地 | 最新観測時刻 | 貯水位 | 流入量 | 貯水量 | 貯水率 | 放流量
Oita,大分県,青江ダム,2026-09-12T10:20,64.13,0.065,0.069,0.458,,,100.0,,管理者名 | 河川名 | 局名 | 所在地 | 最新観測時刻 | 貯水位 | 流入量 | 貯水量 | 貯水率 | 放流量
Oita,大分県,黒沢ダム,2026-09-12T10:20,95.44,0.72,0.69,1.155,,,100.0,,管理者名 | 河川名 | 局名 | 所在地 | 最新観測時刻 | 貯水位 | 流入量 | 貯水量 | 貯水率 | 放流量
Tokushima,徳島県,宮川内ダム,2026-09-12T10:20,129.45,1.47,0.45,,,0.594,77.14,,管理者名 | 河川名 | 局名 | 所在地 | 最新観測時刻 | 貯水位 | 総貯水量 | 全流入量 | 全放流量 | 貯水率
Tokushima,徳島県,川口ダム,2026-09-12T10:20,94.18,78.2,69.8,,,,,,管理者名 | 河川名 | 局名 | 所在地 | 最新観測時刻 | 貯水位 | 総貯水量 | 全流入量 | 全放流量 | 貯水率
Tokushima,徳島県,棚野ダム,2026-09-12T10:20,,,16.1,,,,,,管理者名 | 河川名 | 局名 | 所在地 | 最新観測時刻 | 貯水位 | 総貯水量 | 全流入量 | 全放流量 | 貯水率
Tokushima,徳島県,正木ダム,2026-09-12T10:20,167.41,13.5,10.3,,,5.446,78.6,,管理者名 | 河川名 | 局名 | 所在地 | 最新観測時刻 | 貯水位 | 総貯水量 | 全流入量 | 全放流量 | 貯水率
Tokushima,徳島県,池田ダム,2026-09-12T10:20,88.66,45.93,45.89,,,,,,管理者名 | 河川名 | 局名 | 所在地 | 最新観測時刻 | 貯水位 | 総貯水量 | 全流入量 | 全放流量 | 貯水率
Tokushima,徳島県,福井ダム,2026-09-12T10:20,43.81,1.06,1.06,,,1.344,100.0,,管理者名 | 河川名 | 局名 | 所在地 | 最新観測時刻 | 貯水位 | 総貯水量 | 全流入量 | 全放流量 | 貯水率
Tokushima,徳島県,長安口ダム,2026-09-12T10:20,222.08,76.95,59.77,,,,,,管理者名 | 河川名 | 局名 | 所在地 | 最新観測時刻 | 貯水位 | 総貯水量 | 全流入量 | 全放流量 | 貯水率
Yamagata,山形県,前川ダム,2026-09-12T10:20,257.39,0.1,0.1,1.551,,,91.2,,管理者名 | 河川名 | 局名 | 所在地 | 最新観測時刻 | 流入量 | 全放流量 | 貯水位 | 貯水量 | 貯水率
Yamagata,山形県,寒河江ダム,2026-09-12T10:20,385.57,11.66,0.86,51.832,,,93.6,,管理者名 | 河川名 | 局名 | 所在地 | 最新観測時刻 | 流入量 | 全放流量 | 貯水位 | 貯水量 | 貯水率
Yamagata,山形県,最上小国川流水型ダム,2026-09-12T10:20,277.09,4.04,4.04,0.002,,,0.0,,管理者名 | 河川名 | 局名 | 所在地 | 最新観測時刻 | 流入量 | 全放流量 | 貯水位 | 貯水量 | 貯水率
Yamagata,山形県,月光川ダム,2026-09-12T10:20,169.33,4.39,4.39,0.007,,,0.2,,管理者名 | 河川名 | 局名 | 所在地 | 最新観測時刻 | 流入量 | 全放流量 | 貯水位 | 貯水量 | 貯水率
Yamagata,山形県,月山ダム,2026-09-12T10:20,236.82,2.97,4.1,16.358,,,91.2,,管理者名 | 河川名 | 局名 | 所在地 | 最新観測時刻 | 流入量 | 全放流量 | 貯水位 | 貯水量 | 貯水率
Yamagata,山形県,木地山ダム,2026-09-12T10:20,469.76,4.52,5.9,0.912,,,17.2,,管理者名 | 河川名 | 局名 | 所在地 | 最新観測時刻 | 流入量 | 全放流量 | 貯水位 | 貯水量 | 貯水率
Yamagata,山形県,温海川ダム,2026-09-12T10:20,142.42,1.11,1.11,0.434,,,97.4,,管理者名 | 河川名 | 局名 | 所在地 | 最新観測時刻 | 流入量 | 全放流量 | 貯水位 | 貯水量 | 貯水率
Yamagata,山形県,田沢川ダム,2026-09-12T10:20,126.86,0.45,1.14,3.919,,,79.2,,管理者名 | 河川名 | 局名 | 所在地 | 最新観測時刻 | 流入量 | 全放流量 | 貯水位 | 貯水量 | 貯水率
Yamagata,山形県,留山川ダム,2026-09-12T10:20,300.11,0.29,0.29,0.346,,,100.0,,管理者名 | 河川名 | 局名 | 所在地 | 最新観測時刻 | 流入量 | 全放流量 | 貯水位 | 貯水量 | 貯水率
Yamagata,山形県,白川ダム,2026-09-12T10:20,319.63,9.61,12.62,6.609,,,66.8,,管理者名 | 河川名 | 局名 | 所在地 | 最新観測時刻 | 流入量 | 全放流量 | 貯水位 | 貯水量 | 貯水率
Yamagata,山形県,白水川ダム,2026-09-12T10:20,357.58,0.28,0.45,2.517,,,96.8,,管理者名 | 河川名 | 局名 | 所在地 | 最新観測時刻 | 流入量 | 全放流量 | 貯水位 | 貯水量 | 貯水率
Yamagata,山形県,神室ダム,2026-09-12T10:20,380.96,1.0,1.0,2.473,,,75.5,,管理者名 | 河川名 | 局名 | 所在地 | 最新観測時刻 | 流入量 | 全放流量 | 貯水位 | 貯水量 | 貯水率
Yamagata,山形県,綱木川ダム,2026-09-12T10:20,456.36,2.69,2.91,3.591,,,100.0,,管理者名 | 河川名 | 局名 | 所在地 | 最新観測時刻 | 流入量 | 全放流量 | 貯水位 | 貯水量 | 貯水率
Yamagata,山形県,荒沢ダム,2026-09-12T10:20,236.67,7.83,13.37,5.059,,,29.3,,管理者名 | 河川名 | 局名 | 所在地 | 最新観測時刻 | 流入量 | 全放流量 | 貯水位 | 貯水量 | 貯水率
Yamagata,山形県,蔵王ダム,2026-09-12T10:20,593.09,2.01,1.6,1.905,,,89.9,,管理者名 | 河川名 | 局名 | 所在地 | 最新観測時刻 | 流入量 | 全放流量 | 貯水位 | 貯水量 | 貯水率
Yamagata,山形県,長井ダム,2026-09-12T10:20,365.58,8.14,8.09,20.655,,,93.6,,管理者名 | 河川名 | 局名 | 所在地 | 最新観測時刻 | 流入量 | 全放流量 | 貯水位 | 貯水量 | 貯水率
Yamagata,山形県,高坂ダム,2026-09-12T10:20,181.14,4.11,5.05,0.354,,,10.7,,管理者名 | 河川名 | 局名 | 所在地 | 最新観測時刻 | 流入量 | 全放流量 | 貯水位 | 貯水量 | 貯水率
Aomori,青森県,下湯ダム,2026-09-12T15:10,263.63,1.48,1.48,,,,,,管理者名 | 河川名 | 局名 | 所在地 | 最新観測時刻 | 流入量 | 全放流量 | 貯水位 | 平常時最高水位 | 洪水貯留準備水位 | 洪水量(※)
Aomori,青森県,世増ダム,2026-09-12T15:20,94.68,6.07,8.17,,,,,,管理者名 | 河川名 | 局名 | 所在地 | 最新観測時刻 | 流入量 | 全放流量 | 貯水位 | 平常時最高水位 | 洪水貯留準備水位 | 洪水量(※)
Aomori,青森県,久吉ダム,2026-09-12T15:20,276.62,0.73,0.76,,,,,,管理者名 | 河川名 | 局名 | 所在地 | 最新観測時刻 | 流入量 | 全放流量 | 貯水位 | 平常時最高水位 | 洪水貯留準備水位 | 洪水量(※)
Aomori,青森県,小泊ダム,2026-09-12T15:20,67.58,0.04,0.04,,,,,,管理者名 | 河川名 | 局名 | 所在地 | 最新観測時刻 | 流入量 | 全放流量 | 貯水位 | 平常時最高水位 | 洪水貯留準備水位 | 洪水量(※)
Aomori,青森県,川内ダム,2026-09-12T15:20,178.66,1.32,1.32,,,,,,管理者名 | 河川名 | 局名 | 所在地 | 最新観測時刻 | 流入量 | 全放流量 | 貯水位 | 平常時最高水位 | 洪水貯留準備水位 | 洪水量(※)
Aomori,青森県,津軽ダム,2026-09-12T15:20,195.91,2.58,14.6,,,,,,管理者名 | 河川名 | 局名 | 所在地 | 最新観測時刻 | 流入量 | 全放流量 | 貯水位 | 平常時最高水位 | 洪水貯留準備水位 | 洪水量(※)
Aomori,青森県,浅瀬石川ダム,2026-09-12T15:20,184.74,8.4,11.96,,,,,,管理者名 | 河川名 | 局名 | 所在地 | 最新観測時刻 | 流入量 | 全放流量 | 貯水位 | 平常時最高水位 | 洪水貯留準備水位 | 洪水量(※)
Aomori,青森県,浅虫ダム,2026-09-12T15:20,13.98,0.04,0.04,,,,,,管理者名 | 河川名 | 局名 | 所在地 | 最新観測時刻 | 流入量 | 全放流量 | 貯水位 | 平常時最高水位 | 洪水貯留準備水位 | 洪水量(※)
Aomori,青森県,清水目ダム,2026-09-12T15:20,108.03,0.4,0.5,,,,,,管理者名 | 河川名 | 局名 | 所在地 | 最新観測時刻 | 流入量 | 全放流量 | 貯水位 | 平常時最高水位 | 洪水貯留準備水位 | 洪水量(※)
Aomori,青森県,遠部ダム,2026-09-12T15:20,214.99,0.19,0.19,,,,,,管理者名 | 河川名 | 局名 | 所在地 | 最新観測時刻 | 流入量 | 全放流量 | 貯水位 | 平常時最高水位 | 洪水貯留準備水位 | 洪水量(※)
Aomori,青森県,飯詰ダム,2026-09-12T15:20,70.56,0.22,0.22,,,,,,管理者名 | 河川名 | 局名 | 所在地 | 最新観測時刻 | 流入量 | 全放流量 | 貯水位 | 平常時最高水位 | 洪水貯留準備水位 | 洪水量(※)
Fukui,福井県,九頭竜ダム,2026-09-12T15:10,541.74,15.72,0.01,,,,,33.2,局名 | 所在地 | 最新観測時刻 | 貯水率(利水容量) | 貯水位 | 有効貯水量 | 流入量 | 放流量 | 管理者名
Fukui,福井県,二ツ屋ダム,2026-09-12T15:20,349.76,1.66,1.66,,0.214,,,100.9,局名 | 所在地 | 最新観測時刻 | 貯水率(利水容量) | 貯水位 | 有効貯水量 | 流入量 | 放流量 | 管理者名
Fukui,福井県,吉野瀬川ダム,2026-09-12T15:10,100.04,0.68,1.07,,1.211,,,100.0,局名 | 所在地 | 最新観測時刻 | 貯水率(利水容量) | 貯水位 | 有効貯水量 | 流入量 | 放流量 | 管理者名
Fukui,福井県,大津呂ダム,2026-09-12T15:20,84.48,0.04,0.02,,0.116,,,42.6,局名 | 所在地 | 最新観測時刻 | 貯水率(利水容量) | 貯水位 | 有効貯水量 | 流入量 | 放流量 | 管理者名
Fukui,福井県,広野ダム,2026-09-12T15:10,294.55,1.6,1.61,,1.408,,,35.2,局名 | 所在地 | 最新観測時刻 | 貯水率(利水容量) | 貯水位 | 有効貯水量 | 流入量 | 放流量 | 管理者名
Fukui,福井県,桝谷ダム,2026-09-12T15:20,299.33,0.12,0.12,,3.527,,,17.7,局名 | 所在地 | 最新観測時刻 | 貯水率(利水容量) | 貯水位 | 有効貯水量 | 流入量 | 放流量 | 管理者名
Fukui,福井県,永平寺ダム,2026-09-12T15:20,319.85,0.32,0.32,,0.442,,,100.45,局名 | 所在地 | 最新観測時刻 | 貯水率(利水容量) | 貯水位 | 有効貯水量 | 流入量 | 放流量 | 管理者名
Fukui,福井県,河内川ダム,2026-09-12T15:20,184.18,0.55,0.31,,3.003,,,64.6,局名 | 所在地 | 最新観測時刻 | 貯水率(利水容量) | 貯水位 | 有効貯水量 | 流入量 | 放流量 | 管理者名
Fukui,福井県,浄土寺川ダム,2026-09-12T15:20,344.52,0.71,0.447,,0.769,,,100.0,局名 | 所在地 | 最新観測時刻 | 貯水率(利水容量) | 貯水位 | 有効貯水量 | 流入量 | 放流量 | 管理者名
Fukui,福井県,真名川ダム,2026-09-12T15:10,336.64,6.41,3.49,,,,,87.1,局名 | 所在地 | 最新観測時刻 | 貯水率(利水容量) | 貯水位 | 有効貯水量 | 流入量 | 放流量 | 管理者名
Fukui,福井県,笹生川ダム,2026-09-12T15:20,515.32,3.01,3.01,,24.14,,,58.93,局名 | 所在地 | 最新観測時刻 | 貯水率(利水容量) | 貯水位 | 有効貯水量 | 流入量 | 放流量 | 管理者名
Fukui,福井県,開谷ダム,2026-09-12T15:20,120.64,,,,0.061,,,60.4,局名 | 所在地 | 最新観測時刻 | 貯水率(利水容量) | 貯水位 | 有効貯水量 | 流入量 | 放流量 | 管理者名
Fukui,福井県,龍ヶ鼻ダム,2026-09-12T15:10,172.84,1.52,3.0,,3.975,,,84.18,局名 | 所在地 | 最新観測時刻 | 貯水率(利水容量) | 貯水位 | 有効貯水量 | 流入量 | 放流量 | 管理者名
Miyazaki,宮崎県,岩瀬ダム,2026-09-12T15:10,111.68,15.06,0.0,,,,,,河川名 | 局名 | 所在地 | 状態 | 最新観測時刻 | 貯水位 | 流入量 | 全放流量
Miyazaki,宮崎県,広渡ダム,2026-09-12T15:20,259.43,6.36,6.34,,,,,,河川名 | 局名 | 所在地 | 状態 | 最新観測時刻 | 貯水位 | 流入量 | 全放流量
Miyazaki,宮崎県,日南ダム,2026-09-12T15:00,107.35,4.45,4.18,,,,,,河川名 | 局名 | 所在地 | 状態 | 最新観測時刻 | 貯水位 | 流入量 | 全放流量
Miyazaki,宮崎県,松尾ダム,2026-09-12T15:10,195.85,17.58,17.6,,,,,,河川名 | 局名 | 所在地 | 状態 | 最新観測時刻 | 貯水位 | 流入量 | 全放流量
Miyazaki,宮崎県,沖田ダム,2026-09-12T15:20,48.12,0.43,0.42,,,,,,河川名 | 局名 | 所在地 | 状態 | 最新観測時刻 | 貯水位 | 流入量 | 全放流量
Miyazaki,宮崎県,渡川ダム,2026-09-12T15:10,290.02,7.75,7.22,,,,,,河川名 | 局名 | 所在地 | 状態 | 最新観測時刻 | 貯水位 | 流入量 | 全放流量
Miyazaki,宮崎県,瓜田ダム,2026-09-12T15:00,38.59,0.1,0.1,,,,,,河川名 | 局名 | 所在地 | 状態 | 最新観測時刻 | 貯水位 | 流入量 | 全放流量
Miyazaki,宮崎県,田代八重ダム,2026-09-12T15:00,324.29,7.36,0.0,,,,,,河川名 | 局名 | 所在地 | 状態 | 最新観測時刻 | 貯水位 | 流入量 | 全放流量
Miyazaki,宮崎県,祝子ダム,2026-09-12T15:10,303.39,3.51,3.34,,,,,,河川名 | 局名 | 所在地 | 状態 | 最新観測時刻 | 貯水位 | 流入量 | 全放流量
Miyazaki,宮崎県,立花ダム,2026-09-12T15:10,250.83,2.55,0.0,,,,,,河川名 | 局名 | 所在地 | 状態 | 最新観測時刻 | 貯水位 | 流入量 | 全放流量
Miyazaki,宮崎県,綾北ダム,2026-09-12T15:20,280.26,0.8,0.2,,,,,,河川名 | 局名 | 所在地 | 状態 | 最新観測時刻 | 貯水位 | 流入量 | 全放流量
Miyazaki,宮崎県,綾南ダム,2026-09-12T15:20,337.94,3.86,10.27,,,,,,河川名 | 局名 | 所在地 | 状態 | 最新観測時刻 | 貯水位 | 流入量 | 全放流量
Miyazaki,宮崎県,長谷ダム,2026-09-12T15:20,108.72,3.46,3.41,,,,,,河川名 | 局名 | 所在地 | 状態 | 最新観測時刻 | 貯水位 | 流入量 | 全放流量
Nara,奈良県,初瀬ダム,2026-09-12T15:20,221.2,0.51,0.23,,,,,,管理者名 | 河川名 | 局名 | 所在地 | 最新観測時刻 | 貯水位 | 貯水容量 | 空容量 | 全流入量 | 放流量
Nara,奈良県,大門ダム,2026-09-12T15:20,262.67,0.0,0.0,,,,,,管理者名 | 河川名 | 局名 | 所在地 | 最新観測時刻 | 貯水位 | 貯水容量 | 空容量 | 全流入量 | 放流量
Nara,奈良県,天理ダム,2026-09-12T15:20,253.36,0.26,0.26,,,,,,管理者名 | 河川名 | 局名 | 所在地 | 最新観測時刻 | 貯水位 | 貯水容量 | 空容量 | 全流入量 | 放流量
Nara,奈良県,岩井川ダム,2026-09-12T15:20,240.67,0.07,0.07,,,,,,管理者名 | 河川名 | 局名 | 所在地 | 最新観測時刻 | 貯水位 | 貯水容量 | 空容量 | 全流入量 | 放流量
Nara,奈良県,白川ダム,2026-09-12T15:20,111.31,0.0,0.0,,,,,,管理者名 | 河川名 | 局名 | 所在地 | 最新観測時刻 | 貯水位 | 貯水容量 | 空容量 | 全流入量 | 放流量
Niigata,新潟県,三面ダム,2026-09-12T15:10,115.65,1.85,15.84,,,,90.9,,観測所名 | 最新観測時刻 | 平常時最高貯水位(常時満水位)[m] | 貯水位[m] | 洪水時最高水位(サーチャージ水位)[m] | 貯水率[%] | 洪水流入量[m3/s] | 流入量[m3/s] | 計画高水流量[m3/s] | 全放流量[m3/s]
Niigata,新潟県,下条川ダム,2026-09-12T15:10,31.22,0.22,0.39,,,,,,観測所名 | 最新観測時刻 | 平常時最高貯水位(常時満水位)[m] | 貯水位[m] | 洪水時最高水位(サーチャージ水位)[m] | 貯水率[%] | 洪水流入量[m3/s] | 流入量[m3/s] | 計画高水流量[m3/s] | 全放流量[m3/s]
Niigata,新潟県,久知川ダム,2026-09-12T15:10,123.89,0.11,0.27,,,,100.0,,観測所名 | 最新観測時刻 | 平常時最高貯水位(常時満水位)[m] | 貯水位[m] | 洪水時最高水位(サーチャージ水位)[m] | 貯水率[%] | 洪水流入量[m3/s] | 流入量[m3/s] | 計画高水流量[m3/s] | 全放流量[m3/s]
Niigata,新潟県,内の倉ダム,2026-09-12T15:10,147.9,0.88,2.49,,,,41.3,,観測所名 | 最新観測時刻 | 平常時最高貯水位(常時満水位)[m] | 貯水位[m] | 洪水時最高水位(サーチャージ水位)[m] | 貯水率[%] | 洪水流入量[m3/s] | 流入量[m3/s] | 計画高水流量[m3/s] | 全放流量[m3/s]
Niigata,新潟県,刈谷田川ダム,2026-09-12T15:10,239.34,1.09,1.33,,,,98.2,,観測所名 | 最新観測時刻 | 平常時最高貯水位(常時満水位)[m] | 貯水位[m] | 洪水時最高水位(サーチャージ水位)[m] | 貯水率[%] | 洪水流入量[m3/s] | 流入量[m3/s] | 計画高水流量[m3/s] | 全放流量[m3/s]
Niigata,新潟県,加治川治水ダム,2026-09-12T15:10,272.04,3.96,6.26,,,,,,観測所名 | 最新観測時刻 | 平常時最高貯水位(常時満水位)[m] | 貯水位[m] | 洪水時最高水位(サーチャージ水位)[m] | 貯水率[%] | 洪水流入量[m3/s] | 流入量[m3/s] | 計画高水流量[m3/s] | 全放流量[m3/s]
Niigata,新潟県,城川ダム,2026-09-12T15:10,271.54,0.26,0.24,,,,100.0,,観測所名 | 最新観測時刻 | 平常時最高貯水位(常時満水位)[m] | 貯水位[m] | 洪水時最高水位(サーチャージ水位)[m] | 貯水率[%] | 洪水流入量[m3/s] | 流入量[m3/s] | 計画高水流量[m3/s] | 全放流量[m3/s]
Niigata,新潟県,大谷ダム,2026-09-12T15:10,191.54,1.3,1.29,,,,100.0,,観測所名 | 最新観測時刻 | 平常時最高貯水位(常時満水位)[m] | 貯水位[m] | 洪水時最高水位(サーチャージ水位)[m] | 貯水率[%] | 洪水流入量[m3/s] | 流入量[m3/s] | 計画高水流量[m3/s] | 全放流量[m3/s]
Niigata,新潟県,大野川ダム,2026-09-12T15:10,142.43,0.01,0.41,,,,98.7,,観測所名 | 最新観測時刻 | 平常時最高貯水位(常時満水位)[m] | 貯水位[m] | 洪水時最高水位(サーチャージ水位)[m] | 貯水率[%] | 洪水流入量[m3/s] | 流入量[m3/s] | 計画高水流量[m3/s] | 全放流量[m3/s]
Niigata,新潟県,奥三面ダム,2026-09-12T15:10,211.53,14.67,38.48,,,,79.5,,観測所名 | 最新観測時刻 | 平常時最高貯水位(常時満水位)[m] | 貯水位[m] | 洪水時最高水位(サーチャージ水位)[m] | 貯水率[%] | 洪水流入量[m3/s] | 流入量[m3/s] | 計画高水流量[m3/s] | 全放流量[m3/s]
Niigata,新潟県,奥胎内ダム,2026-09-12T15:10,384.01,2.05,2.01,,,,,,観測所名 | 最新観測時刻 | 平常時最高貯水位(常時満水位)[m] | 貯水位[m] | 洪水時最高水位(サーチャージ水位)[m] | 貯水率[%] | 洪水流入量[m3/s] | 流入量[m3/s] | 計画高水流量[m3/s] | 全放流量[m3/s]
Niigata,新潟県,広神ダム,2026-09-12T15:20,213.91,1.77,2.17,,,,100.0,,観測所名 | 最新観測時刻 | 平常時最高貯水位(常時満水位)[m] | 貯水位[m] | 洪水時最高水位(サーチャージ水位)[m] | 貯水率[%] | 洪水流入量[m3/s] | 流入量[m3/s] | 計画高水流量[m3/s] | 全放流量[m3/s]
Niigata,新潟県,新保川ダム,2026-09-12T15:10,160.39,0.27,0.27,,,,100.0,,観測所名 | 最新観測時刻 | 平常時最高貯水位(常時満水位)[m] | 貯水位[m] | 洪水時最高水位(サーチャージ水位)[m] | 貯水率[%] | 洪水流入量[m3/s] | 流入量[m3/s] | 計画高水流量[m3/s] | 全放流量[m3/s]
Niigata,新潟県,早出川ダム,2026-09-12T15:10,163.76,2.1,3.41,,,,76.7,,観測所名 | 最新観測時刻 | 平常時最高貯水位(常時満水位)[m] | 貯水位[m] | 洪水時最高水位(サーチャージ水位)[m] | 貯水率[%] | 洪水流入量[m3/s] | 流入量[m3/s] | 計画高水流量[m3/s] | 全放流量[m3/s]
Niigata,新潟県,柿崎川ダム,2026-09-12T15:10,120.82,0.14,0.67,,,,100.0,,観測所名 | 最新観測時刻 | 平常時最高貯水位(常時満水位)[m] | 貯水位[m] | 洪水時最高水位(サーチャージ水位)[m] | 貯水率[%] | 洪水流入量[m3/s] | 流入量[m3/s] | 計画高水流量[m3/s] | 全放流量[m3/s]
Niigata,新潟県,正善寺ダム,2026-09-12T15:10,86.17,0.41,0.17,,,,83.0,,観測所名 | 最新観測時刻 | 平常時最高貯水位(常時満水位)[m] | 貯水位[m] | 洪水時最高水位(サーチャージ水位)[m] | 貯水率[%] | 洪水流入量[m3/s] | 流入量[m3/s] | 計画高水流量[m3/s] | 全放流量[m3/s]
Niigata,新潟県,破間川ダム,2026-09-12T15:20,430.24,3.62,2.53,,,,75.1,,観測所名 | 最新観測時刻 | 平常時最高貯水位(常時満水位)[m] | 貯水位[m] | 洪水時最高水位(サーチャージ水位)[m] | 貯水率[%] | 洪水流入量[m3/s] | 流入量[m3/s] | 計画高水流量[m3/s] | 全放流量[m3/s]
Niigata,新潟県,笠堀ダム,2026-09-12T15:10,193.06,3.72,3.63,,,,88.9,,観測所名 | 最新観測時刻 | 平常時最高貯水位(常時満水位)[m] | 貯水位[m] | 洪水時最高水位(サーチャージ水位)[m] | 貯水率[%] | 洪水流入量[m3/s] | 流入量[m3/s] | 計画高水流量[m3/s] | 全放流量[m3/s]
Niigata,新潟県,胎内川ダム,2026-09-12T15:10,287.38,5.24,5.24,,,,92.7,,観測所名 | 最新観測時刻 | 平常時最高貯水位(常時満水位)[m] | 貯水位[m] | 洪水時最高水位(サーチャージ水位)[m] | 貯水率[%] | 洪水流入量[m3/s] | 流入量[m3/s] | 計画高水流量[m3/s] | 全放流量[m3/s]
Niigata,新潟県,鯖石川ダム,2026-09-12T15:10,134.83,4.73,1.88,,,,93.7,,観測所名 | 最新観測時刻 | 平常時最高貯水位(常時満水位)[m] | 貯水位[m] | 洪水時最高水位(サーチャージ水位)[m] | 貯水率[%] | 洪水流入量[m3/s] | 流入量[m3/s] | 計画高水流量[m3/s] | 全放流量[m3/s]
Oita,大分県,北川ダム,2026-09-12T15:20,148.59,4.97,0.6,,,,39.1,,管理者名 | 河川名 | 局名 | 所在地 | 最新観測時刻 | 貯水位 | 流入量 | 貯水量 | 貯水率 | 放流量
Oita,大分県,安岐ダム,2026-09-12T15:20,153.75,0.22,0.25,0.608,,,100.0,,管理者名 | 河川名 | 局名 | 所在地 | 最新観測時刻 | 貯水位 | 流入量 | 貯水量 | 貯水率 | 放流量
Oita,大分県,床木ダム,2026-09-12T15:10,88.68,0.32,0.32,0.905,,,100.0,,管理者名 | 河川名 | 局名 | 所在地 | 最新観測時刻 | 貯水位 | 流入量 | 貯水量 | 貯水率 | 放流量
Oita,大分県,玉来ダム,2026-09-12T15:10,350.75,5.25,5.25,,,,0.1,,管理者名 | 河川名 | 局名 | 所在地 | 最新観測時刻 | 貯水位 | 流入量 | 貯水量 | 貯水率 | 放流量
Oita,大分県,稲葉ダム,2026-09-12T15:20,437.83,2.274,2.067,,,,100.9,,管理者名 | 河川名 | 局名 | 所在地 | 最新観測時刻 | 貯水位 | 流入量 | 貯水量 | 貯水率 | 放流量
Oita,大分県,芹川ダム,2026-09-12T15:20,328.61,4.25,4.8,,,,55.7,,管理者名 | 河川名 | 局名 | 所在地 | 最新観測時刻 | 貯水位 | 流入量 | 貯水量 | 貯水率 | 放流量
Oita,大分県,行入ダム,2026-09-12T15:20,122.57,0.01,0.1,0.482,,,47.6,,管理者名 | 河川名 | 局名 | 所在地 | 最新観測時刻 | 貯水位 | 流入量 | 貯水量 | 貯水率 | 放流量
Oita,大分県,野津ダム,2026-09-12T15:20,238.07,0.07,0.07,,,,100.8,,管理者名 | 河川名 | 局名 | 所在地 | 最新観測時刻 | 貯水位 | 流入量 | 貯水量 | 貯水率 | 放流量
Oita,大分県,青江ダム,2026-09-12T15:20,64.13,0.065,0.069,0.458,,,100.0,,管理者名 | 河川名 | 局名 | 所在地 | 最新観測時刻 | 貯水位 | 流入量 | 貯水量 | 貯水率 | 放流量
Oita,大分県,黒沢ダム,2026-09-12T15:20,95.44,0.72,0.69,1.155,,,100.0,,管理者名 | 河川名 | 局名 | 所在地 | 最新観測時刻 | 貯水位 | 流入量 | 貯水量 | 貯水率 | 放流量
Tokushima,徳島県,宮川内ダム,2026-09-12T15:10,129.5,0.47,0.47,,,0.598,77.66,,管理者名 | 河川名 | 局名 | 所在地 | 最新観測時刻 | 貯水位 | 総貯水量 | 全流入量 | 全放流量 | 貯水率
Tokushima,徳島県,川口ダム,2026-09-12T15:10,94.38,76.4,69.7,,,,,,管理者名 | 河川名 | 局名 | 所在地 | 最新観測時刻 | 貯水位 | 総貯水量 | 全流入量 | 全放流量 | 貯水率
Tokushima,徳島県,棚野ダム,2026-09-12T15:10,,,16.1,,,,,,管理者名 | 河川名 | 局名 | 所在地 | 最新観測時刻 | 貯水位 | 総貯水量 | 全流入量 | 全放流量 | 貯水率
Tokushima,徳島県,正木ダム,2026-09-12T15:10,167.49,11.3,10.3,,,5.476,79.46,,管理者名 | 河川名 | 局名 | 所在地 | 最新観測時刻 | 貯水位 | 総貯水量 | 全流入量 | 全放流量 | 貯水率
Tokushima,徳島県,池田ダム,2026-09-12T15:10,88.66,45.9,45.99,,,,,,管理者名 | 河川名 | 局名 | 所在地 | 最新観測時刻 | 貯水位 | 総貯水量 | 全流入量 | 全放流量 | 貯水率
Tokushima,徳島県,福井ダム,2026-09-12T15:10,43.79,0.97,0.97,,,1.34,100.0,,管理者名 | 河川名 | 局名 | 所在地 | 最新観測時刻 | 貯水位 | 総貯水量 | 全流入量 | 全放流量 | 貯水率
Tokushima,徳島県,長安口ダム,2026-09-12T15:10,222.2,71.18,59.69,,,,,,管理者名 | 河川名 | 局名 | 所在地 | 最新観測時刻 | 貯水位 | 総貯水量 | 全流入量 | 全放流量 | 貯水率
Yamagata,山形県,前川ダム,2026-09-12T15:20,257.39,0.1,0.1,1.551,,,91.2,,管理者名 | 河川名 | 局名 | 所在地 | 最新観測時刻 | 流入量 | 全放流量 | 貯水位 | 貯水量 | 貯水率
Yamagata,山形県,寒河江ダム,2026-09-12T15:20,385.65,14.36,0.86,52.026,,,93.9,,管理者名 | 河川名 | 局名 | 所在地 | 最新観測時刻 | 流入量 | 全放流量 | 貯水位 | 貯水量 | 貯水率
Yamagata,山形県,最上小国川流水型ダム,2026-09-12T15:20,277.07,3.74,3.71,0.002,,,0.0,,管理者名 | 河川名 | 局名 | 所在地 | 最新観測時刻 | 流入量 | 全放流量 | 貯水位 | 貯水量 | 貯水率
Yamagata,山形県,月光川ダム,2026-09-12T15:20,169.33,4.39,4.39,0.007,,,0.2,,管理者名 | 河川名 | 局名 | 所在地 | 最新観測時刻 | 流入量 | 全放流量 | 貯水位 | 貯水量 | 貯水率
Yamagata,山形県,月山ダム,2026-09-12T15:10,236.8,2.95,3.8,16.34,,,91.1,,管理者名 | 河川名 | 局名 | 所在地 | 最新観測時刻 | 流入量 | 全放流量 | 貯水位 | 貯水量 | 貯水率
Yamagata,山形県,木地山ダム,2026-09-12T15:10,469.64,4.04,5.9,0.886,,,16.7,,管理者名 | 河川名 | 局名 | 所在地 | 最新観測時刻 | 流入量 | 全放流量 | 貯水位 | 貯水量 | 貯水率
Yamagata,山形県,温海川ダム,2026-09-12T15:20,142.42,1.02,0.98,0.434,,,97.4,,管理者名 | 河川名 | 局名 | 所在地 | 最新観測時刻 | 流入量 | 全放流量 | 貯水位 | 貯水量 | 貯水率
Yamagata,山形県,田沢川ダム,2026-09-12T15:10,126.82,0.47,1.14,3.91,,,79.0,,管理者名 | 河川名 | 局名 | 所在地 | 最新観測時刻 | 流入量 | 全放流量 | 貯水位 | 貯水量 | 貯水率
Yamagata,山形県,留山川ダム,2026-09-12T15:20,300.1,0.26,0.27,0.345,,,100.0,,管理者名 | 河川名 | 局名 | 所在地 | 最新観測時刻 | 流入量 | 全放流量 | 貯水位 | 貯水量 | 貯水率
Yamagata,山形県,白川ダム,2026-09-12T15:20,319.62,9.39,11.47,6.598,,,66.7,,管理者名 | 河川名 | 局名 | 所在地 | 最新観測時刻 | 流入量 | 全放流量 | 貯水位 | 貯水量 | 貯水率
Yamagata,山形県,白水川ダム,2026-09-12T15:10,357.58,0.45,0.45,2.517,,,96.8,,管理者名 | 河川名 | 局名 | 所在地 | 最新観測時刻 | 流入量 | 全放流量 | 貯水位 | 貯水量 | 貯水率
Yamagata,山形県,神室ダム,2026-09-12T15:10,380.93,1.0,0.99,2.465,,,75.3,,管理者名 | 河川名 | 局名 | 所在地 | 最新観測時刻 | 流入量 | 全放流量 | 貯水位 | 貯水量 | 貯水率
Yamagata,山形県,綱木川ダム,2026-09-12T15:10,456.34,2.62,2.79,3.585,,,100.0,,管理者名 | 河川名 | 局名 | 所在地 | 最新観測時刻 | 流入量 | 全放流量 | 貯水位 | 貯水量 | 貯水率
Yamagata,山形県,荒沢ダム,2026-09-12T15:10,236.56,7.59,13.32,4.953,,,28.7,,管理者名 | 河川名 | 局名 | 所在地 | 最新観測時刻 | 流入量 | 全放流量 | 貯水位 | 貯水量 | 貯水率
Yamagata,山形県,蔵王ダム,2026-09-12T15:10,593.11,1.6,1.6,1.908,,,90.0,,管理者名 | 河川名 | 局名 | 所在地 | 最新観測時刻 | 流入量 | 全放流量 | 貯水位 | 貯水量 | 貯水率
Yamagata,山形県,長井ダム,2026-09-12T15:20,365.58,8.11,8.09,20.655,,,93.6,,管理者名 | 河川名 | 局名 | 所在地 | 最新観測時刻 | 流入量 | 全放流量 | 貯水位 | 貯水量 | 貯水率
Yamagata,山形県,高坂ダム,2026-09-12T15:20,181.09,4.11,5.05,0.337,,,10.2,,管理者名 | 河川名 | 局名 | 所在地 | 最新観測時刻 | 流入量 | 全放流量 | 貯水位 | 貯水量 | 貯水率
Aomori,青森県,下湯ダム,2026-09-12T20:00,263.62,1.47,1.47,,,,,,管理者名 | 河川名 | 局名 | 所在地 | 最新観測時刻 | 流入量 | 全放流量 | 貯水位 | 平常時最高水位 | 洪水貯留準備水位 | 洪水量(※)
Aomori,青森県,世増ダム,2026-09-12T20:00,94.67,5.85,8.06,,,,,,管理者名 | 河川名 | 局名 | 所在地 | 最新観測時刻 | 流入量 | 全放流量 | 貯水位 | 平常時最高水位 | 洪水貯留準備水位 | 洪水量(※)
Aomori,青森県,久吉ダム,2026-09-12T20:00,276.61,0.56,0.71,,,,,,管理者名 | 河川名 | 局名 | 所在地 | 最新観測時刻 | 流入量 | 全放流量 | 貯水位 | 平常時最高水位 | 洪水貯留準備水位 | 洪水量(※)
Aomori,青森県,小泊ダム,2026-09-12T20:00,67.58,0.04,0.04,,,,,,管理者名 | 河川名 | 局名 | 所在地 | 最新観測時刻 | 流入量 | 全放流量 | 貯水位 | 平常時最高水位 | 洪水貯留準備水位 | 洪水量(※)
Aomori,青森県,川内ダム,2026-09-12T20:00,178.64,0.0,1.32,,,,,,管理者名 | 河川名 | 局名 | 所在地 | 最新観測時刻 | 流入量 | 全放流量 | 貯水位 | 平常時最高水位 | 洪水貯留準備水位 | 洪水量(※)
Aomori,青森県,津軽ダム,2026-09-12T20:00,195.86,7.06,14.56,,,,,,管理者名 | 河川名 | 局名 | 所在地 | 最新観測時刻 | 流入量 | 全放流量 | 貯水位 | 平常時最高水位 | 洪水貯留準備水位 | 洪水量(※)
Aomori,青森県,浅瀬石川ダム,2026-09-12T20:00,184.68,5.52,11.92,,,,,,管理者名 | 河川名 | 局名 | 所在地 | 最新観測時刻 | 流入量 | 全放流量 | 貯水位 | 平常時最高水位 | 洪水貯留準備水位 | 洪水量(※)
Aomori,青森県,浅虫ダム,2026-09-12T20:00,13.98,0.04,0.04,,,,,,管理者名 | 河川名 | 局名 | 所在地 | 最新観測時刻 | 流入量 | 全放流量 | 貯水位 | 平常時最高水位 | 洪水貯留準備水位 | 洪水量(※)
Aomori,青森県,清水目ダム,2026-09-12T20:00,108.03,0.4,0.5,,,,,,管理者名 | 河川名 | 局名 | 所在地 | 最新観測時刻 | 流入量 | 全放流量 | 貯水位 | 平常時最高水位 | 洪水貯留準備水位 | 洪水量(※)
Aomori,青森県,遠部ダム,2026-09-12T20:00,214.99,0.19,0.19,,,,,,管理者名 | 河川名 | 局名 | 所在地 | 最新観測時刻 | 流入量 | 全放流量 | 貯水位 | 平常時最高水位 | 洪水貯留準備水位 | 洪水量(※)
Aomori,青森県,飯詰ダム,2026-09-12T20:00,70.56,0.22,0.22,,,,,,管理者名 | 河川名 | 局名 | 所在地 | 最新観測時刻 | 流入量 | 全放流量 | 貯水位 | 平常時最高水位 | 洪水貯留準備水位 | 洪水量(※)
Fukui,福井県,九頭竜ダム,2026-09-12T20:00,541.8,18.86,0.01,,,,,33.4,局名 | 所在地 | 最新観測時刻 | 貯水率(利水容量) | 貯水位 | 有効貯水量 | 流入量 | 放流量 | 管理者名
Fukui,福井県,二ツ屋ダム,2026-09-12T20:00,349.76,1.66,1.66,,0.214,,,100.9,局名 | 所在地 | 最新観測時刻 | 貯水率(利水容量) | 貯水位 | 有効貯水量 | 流入量 | 放流量 | 管理者名
Fukui,福井県,吉野瀬川ダム,2026-09-12T20:00,100.01,0.61,0.98,,1.203,,,100.0,局名 | 所在地 | 最新観測時刻 | 貯水率(利水容量) | 貯水位 | 有効貯水量 | 流入量 | 放流量 | 管理者名
Fukui,福井県,大津呂ダム,2026-09-12T20:00,84.5,0.05,0.02,,0.116,,,42.7,局名 | 所在地 | 最新観測時刻 | 貯水率(利水容量) | 貯水位 | 有効貯水量 | 流入量 | 放流量 | 管理者名
Fukui,福井県,広野ダム,2026-09-12T20:00,294.55,1.6,1.57,,1.408,,,35.2,局名 | 所在地 | 最新観測時刻 | 貯水率(利水容量) | 貯水位 | 有効貯水量 | 流入量 | 放流量 | 管理者名
Fukui,福井県,桝谷ダム,2026-09-12T20:00,299.34,0.12,0.12,,3.53,,,17.7,局名 | 所在地 | 最新観測時刻 | 貯水率(利水容量) | 貯水位 | 有効貯水量 | 流入量 | 放流量 | 管理者名
Fukui,福井県,永平寺ダム,2026-09-12T20:00,319.84,0.3,0.3,,0.441,,,100.23,局名 | 所在地 | 最新観測時刻 | 貯水率(利水容量) | 貯水位 | 有効貯水量 | 流入量 | 放流量 | 管理者名
Fukui,福井県,河内川ダム,2026-09-12T20:00,184.2,0.53,0.31,,3.007,,,64.7,局名 | 所在地 | 最新観測時刻 | 貯水率(利水容量) | 貯水位 | 有効貯水量 | 流入量 | 放流量 | 管理者名
Fukui,福井県,浄土寺川ダム,2026-09-12T20:00,344.58,0.703,1.088,,0.773,,,100.0,局名 | 所在地 | 最新観測時刻 | 貯水率(利水容量) | 貯水位 | 有効貯水量 | 流入量 | 放流量 | 管理者名
Fukui,福井県,真名川ダム,2026-09-12T20:00,336.67,6.41,3.49,,,,,87.6,局名 | 所在地 | 最新観測時刻 | 貯水率(利水容量) | 貯水位 | 有効貯水量 | 流入量 | 放流量 | 管理者名
Fukui,福井県,笹生川ダム,2026-09-12T20:00,515.32,3.02,3.02,,24.14,,,58.93,局名 | 所在地 | 最新観測時刻 | 貯水率(利水容量) | 貯水位 | 有効貯水量 | 流入量 | 放流量 | 管理者名
Fukui,福井県,開谷ダム,2026-09-12T20:00,120.66,,,,0.062,,,61.4,局名 | 所在地 | 最新観測時刻 | 貯水率(利水容量) | 貯水位 | 有効貯水量 | 流入量 | 放流量 | 管理者名
Fukui,福井県,龍ヶ鼻ダム,2026-09-12T20:00,172.77,1.52,3.0,,3.956,,,83.78,局名 | 所在地 | 最新観測時刻 | 貯水率(利水容量) | 貯水位 | 有効貯水量 | 流入量 | 放流量 | 管理者名
Miyazaki,宮崎県,岩瀬ダム,2026-09-12T20:00,111.51,18.57,35.81,,,,,,河川名 | 局名 | 所在地 | 状態 | 最新観測時刻 | 貯水位 | 流入量 | 全放流量
Miyazaki,宮崎県,広渡ダム,2026-09-12T20:00,259.42,6.25,6.22,,,,,,河川名 | 局名 | 所在地 | 状態 | 最新観測時刻 | 貯水位 | 流入量 | 全放流量
Miyazaki,宮崎県,日南ダム,2026-09-12T20:00,107.35,4.2,4.21,,,,,,河川名 | 局名 | 所在地 | 状態 | 最新観測時刻 | 貯水位 | 流入量 | 全放流量
Miyazaki,宮崎県,松尾ダム,2026-09-12T20:00,195.85,17.58,17.6,,,,,,河川名 | 局名 | 所在地 | 状態 | 最新観測時刻 | 貯水位 | 流入量 | 全放流量
Miyazaki,宮崎県,沖田ダム,2026-09-12T20:00,48.12,0.43,0.42,,,,,,河川名 | 局名 | 所在地 | 状態 | 最新観測時刻 | 貯水位 | 流入量 | 全放流量
Miyazaki,宮崎県,渡川ダム,2026-09-12T20:00,290.03,7.21,7.22,,,,,,河川名 | 局名 | 所在地 | 状態 | 最新観測時刻 | 貯水位 | 流入量 | 全放流量
Miyazaki,宮崎県,瓜田ダム,2026-09-12T20:00,38.59,0.1,0.1,,,,,,河川名 | 局名 | 所在地 | 状態 | 最新観測時刻 | 貯水位 | 流入量 | 全放流量
Miyazaki,宮崎県,田代八重ダム,2026-09-12T20:00,324.14,5.9,14.0,,,,,,河川名 | 局名 | 所在地 | 状態 | 最新観測時刻 | 貯水位 | 流入量 | 全放流量
Miyazaki,宮崎県,祝子ダム,2026-09-12T20:00,303.4,3.34,3.34,,,,,,河川名 | 局名 | 所在地 | 状態 | 最新観測時刻 | 貯水位 | 流入量 | 全放流量
Miyazaki,宮崎県,立花ダム,2026-09-12T20:00,250.38,3.04,12.06,,,,,,河川名 | 局名 | 所在地 | 状態 | 最新観測時刻 | 貯水位 | 流入量 | 全放流量
Miyazaki,宮崎県,綾北ダム,2026-09-12T20:00,280.41,8.56,0.2,,,,,,河川名 | 局名 | 所在地 | 状態 | 最新観測時刻 | 貯水位 | 流入量 | 全放流量
Miyazaki,宮崎県,綾南ダム,2026-09-12T20:00,337.84,3.31,10.18,,,,,,河川名 | 局名 | 所在地 | 状態 | 最新観測時刻 | 貯水位 | 流入量 | 全放流量
Miyazaki,宮崎県,長谷ダム,2026-09-12T20:00,108.72,3.46,3.41,,,,,,河川名 | 局名 | 所在地 | 状態 | 最新観測時刻 | 貯水位 | 流入量 | 全放流量
Nara,奈良県,初瀬ダム,2026-09-12T20:00,221.23,0.58,0.23,,,,,,管理者名 | 河川名 | 局名 | 所在地 | 最新観測時刻 | 貯水位 | 貯水容量 | 空容量 | 全流入量 | 放流量
Nara,奈良県,大門ダム,2026-09-12T20:00,262.67,0.0,0.0,,,,,,管理者名 | 河川名 | 局名 | 所在地 | 最新観測時刻 | 貯水位 | 貯水容量 | 空容量 | 全流入量 | 放流量
Nara,奈良県,天理ダム,2026-09-12T20:00,253.35,0.26,0.26,,,,,,管理者名 | 河川名 | 局名 | 所在地 | 最新観測時刻 | 貯水位 | 貯水容量 | 空容量 | 全流入量 | 放流量
Nara,奈良県,岩井川ダム,2026-09-12T20:00,240.66,0.03,0.07,,,,,,管理者名 | 河川名 | 局名 | 所在地 | 最新観測時刻 | 貯水位 | 貯水容量 | 空容量 | 全流入量 | 放流量
Nara,奈良県,白川ダム,2026-09-12T20:00,111.31,0.0,0.0,,,,,,管理者名 | 河川名 | 局名 | 所在地 | 最新観測時刻 | 貯水位 | 貯水容量 | 空容量 | 全流入量 | 放流量
Niigata,新潟県,三面ダム,2026-09-12T20:00,115.95,40.48,15.82,,,,92.9,,観測所名 | 最新観測時刻 | 平常時最高貯水位(常時満水位)[m] | 貯水位[m] | 洪水時最高水位(サーチャージ水位)[m] | 貯水率[%] | 洪水流入量[m3/s] | 流入量[m3/s] | 計画高水流量[m3/s] | 全放流量[m3/s]
Niigata,新潟県,下条川ダム,2026-09-12T20:00,31.22,0.21,0.13,,,,,,観測所名 | 最新観測時刻 | 平常時最高貯水位(常時満水位)[m] | 貯水位[m] | 洪水時最高水位(サーチャージ水位)[m] | 貯水率[%] | 洪水流入量[m3/s] | 流入量[m3/s] | 計画高水流量[m3/s] | 全放流量[m3/s]
Niigata,新潟県,久知川ダム,2026-09-12T20:00,123.88,0.08,0.25,,,,100.0,,観測所名 | 最新観測時刻 | 平常時最高貯水位(常時満水位)[m] | 貯水位[m] | 洪水時最高水位(サーチャージ水位)[m] | 貯水率[%] | 洪水流入量[m3/s] | 流入量[m3/s] | 計画高水流量[m3/s] | 全放流量[m3/s]
Niigata,新潟県,内の倉ダム,2026-09-12T20:00,147.9,2.48,2.49,,,,41.3,,観測所名 | 最新観測時刻 | 平常時最高貯水位(常時満水位)[m] | 貯水位[m] | 洪水時最高水位(サーチャージ水位)[m] | 貯水率[%] | 洪水流入量[m3/s] | 流入量[m3/s] | 計画高水流量[m3/s] | 全放流量[m3/s]
Niigata,新潟県,刈谷田川ダム,2026-09-12T20:00,239.34,1.05,1.27,,,,98.2,,観測所名 | 最新観測時刻 | 平常時最高貯水位(常時満水位)[m] | 貯水位[m] | 洪水時最高水位(サーチャージ水位)[m] | 貯水率[%] | 洪水流入量[m3/s] | 流入量[m3/s] | 計画高水流量[m3/s] | 全放流量[m3/s]
Niigata,新潟県,加治川治水ダム,2026-09-12T20:00,272.21,5.42,3.5,,,,,,観測所名 | 最新観測時刻 | 平常時最高貯水位(常時満水位)[m] | 貯水位[m] | 洪水時最高水位(サーチャージ水位)[m] | 貯水率[%] | 洪水流入量[m3/s] | 流入量[m3/s] | 計画高水流量[m3/s] | 全放流量[m3/s]
Niigata,新潟県,城川ダム,2026-09-12T20:00,271.54,0.24,0.24,,,,100.0,,観測所名 | 最新観測時刻 | 平常時最高貯水位(常時満水位)[m] | 貯水位[m] | 洪水時最高水位(サーチャージ水位)[m] | 貯水率[%] | 洪水流入量[m3/s] | 流入量[m3/s] | 計画高水流量[m3/s] | 全放流量[m3/s]
Niigata,新潟県,大谷ダム,2026-09-12T20:00,191.52,0.0,1.26,,,,100.0,,観測所名 | 最新観測時刻 | 平常時最高貯水位(常時満水位)[m] | 貯水位[m] | 洪水時最高水位(サーチャージ水位)[m] | 貯水率[%] | 洪水流入量[m3/s] | 流入量[m3/s] | 計画高水流量[m3/s] | 全放流量[m3/s]
Niigata,新潟県,大野川ダム,2026-09-12T20:00,142.37,0.2,0.41,,,,97.3,,観測所名 | 最新観測時刻 | 平常時最高貯水位(常時満水位)[m] | 貯水位[m] | 洪水時最高水位(サーチャージ水位)[m] | 貯水率[%] | 洪水流入量[m3/s] | 流入量[m3/s] | 計画高水流量[m3/s] | 全放流量[m3/s]
Niigata,新潟県,奥三面ダム,2026-09-12T20:00,211.33,2.84,38.54,,,,78.5,,観測所名 | 最新観測時刻 | 平常時最高貯水位(常時満水位)[m] | 貯水位[m] | 洪水時最高水位(サーチャージ水位)[m] | 貯水率[%] | 洪水流入量[m3/s] | 流入量[m3/s] | 計画高水流量[m3/s] | 全放流量[m3/s]
Niigata,新潟県,奥胎内ダム,2026-09-12T20:00,384.0,1.73,1.96,,,,,,観測所名 | 最新観測時刻 | 平常時最高貯水位(常時満水位)[m] | 貯水位[m] | 洪水時最高水位(サーチャージ水位)[m] | 貯水率[%] | 洪水流入量[m3/s] | 流入量[m3/s] | 計画高水流量[m3/s] | 全放流量[m3/s]
Niigata,新潟県,広神ダム,2026-09-12T20:00,213.88,1.72,2.09,,,,100.0,,観測所名 | 最新観測時刻 | 平常時最高貯水位(常時満水位)[m] | 貯水位[m] | 洪水時最高水位(サーチャージ水位)[m] | 貯水率[%] | 洪水流入量[m3/s] | 流入量[m3/s] | 計画高水流量[m3/s] | 全放流量[m3/s]
Niigata,新潟県,新保川ダム,2026-09-12T20:00,160.39,0.27,0.27,,,,100.0,,観測所名 | 最新観測時刻 | 平常時最高貯水位(常時満水位)[m] | 貯水位[m] | 洪水時最高水位(サーチャージ水位)[m] | 貯水率[%] | 洪水流入量[m3/s] | 流入量[m3/s] | 計画高水流量[m3/s] | 全放流量[m3/s]
Niigata,新潟県,早出川ダム,2026-09-12T20:00,163.74,2.57,2.58,,,,76.5,,観測所名 | 最新観測時刻 | 平常時最高貯水位(常時満水位)[m] | 貯水位[m] | 洪水時最高水位(サーチャージ水位)[m] | 貯水率[%] | 洪水流入量[m3/s] | 流入量[m3/s] | 計画高水流量[m3/s] | 全放流量[m3/s]
Niigata,新潟県,柿崎川ダム,2026-09-12T20:00,120.81,0.63,0.63,,,,100.0,,観測所名 | 最新観測時刻 | 平常時最高貯水位(常時満水位)[m] | 貯水位[m] | 洪水時最高水位(サーチャージ水位)[m] | 貯水率[%] | 洪水流入量[m3/s] | 流入量[m3/s] | 計画高水流量[m3/s] | 全放流量[m3/s]
Niigata,新潟県,正善寺ダム,2026-09-12T20:00,86.2,0.58,0.18,,,,83.2,,観測所名 | 最新観測時刻 | 平常時最高貯水位(常時満水位)[m] | 貯水位[m] | 洪水時最高水位(サーチャージ水位)[m] | 貯水率[%] | 洪水流入量[m3/s] | 流入量[m3/s] | 計画高水流量[m3/s] | 全放流量[m3/s]
Niigata,新潟県,破間川ダム,2026-09-12T20:00,430.09,3.36,6.19,,,,70.3,,観測所名 | 最新観測時刻 | 平常時最高貯水位(常時満水位)[m] | 貯水位[m] | 洪水時最高水位(サーチャージ水位)[m] | 貯水率[%] | 洪水流入量[m3/s] | 流入量[m3/s] | 計画高水流量[m3/s] | 全放流量[m3/s]
Niigata,新潟県,笠堀ダム,2026-09-12T20:00,193.1,4.42,3.32,,,,89.2,,観測所名 | 最新観測時刻 | 平常時最高貯水位(常時満水位)[m] | 貯水位[m] | 洪水時最高水位(サーチャージ水位)[m] | 貯水率[%] | 洪水流入量[m3/s] | 流入量[m3/s] | 計画高水流量[m3/s] | 全放流量[m3/s]
Niigata,新潟県,胎内川ダム,2026-09-12T20:00,287.37,5.24,5.24,,,,92.5,,観測所名 | 最新観測時刻 | 平常時最高貯水位(常時満水位)[m] | 貯水位[m] | 洪水時最高水位(サーチャージ水位)[m] | 貯水率[%] | 洪水流入量[m3/s] | 流入量[m3/s] | 計画高水流量[m3/s] | 全放流量[m3/s]
Niigata,新潟県,鯖石川ダム,2026-09-12T20:00,134.81,1.31,1.88,,,,92.7,,観測所名 | 最新観測時刻 | 平常時最高貯水位(常時満水位)[m] | 貯水位[m] | 洪水時最高水位(サーチャージ水位)[m] | 貯水率[%] | 洪水流入量[m3/s] | 流入量[m3/s] | 計画高水流量[m3/s] | 全放流量[m3/s]
Oita,大分県,北川ダム,2026-09-12T20:00,148.47,5.91,0.6,,,,38.7,,管理者名 | 河川名 | 局名 | 所在地 | 最新観測時刻 | 貯水位 | 流入量 | 貯水量 | 貯水率 | 放流量
Oita,大分県,安岐ダム,2026-09-12T20:00,153.75,0.22,0.25,0.608,,,100.0,,管理者名 | 河川名 | 局名 | 所在地 | 最新観測時刻 | 貯水位 | 流入量 | 貯水量 | 貯水率 | 放流量
Oita,大分県,床木ダム,2026-09-12T20:00,88.67,0.3,0.29,0.904,,,100.0,,管理者名 | 河川名 | 局名 | 所在地 | 最新観測時刻 | 貯水位 | 流入量 | 貯水量 | 貯水率 | 放流量
Oita,大分県,玉来ダム,2026-09-12T20:00,350.75,5.25,5.25,,,,0.1,,管理者名 | 河川名 | 局名 | 所在地 | 最新観測時刻 | 貯水位 | 流入量 | 貯水量 | 貯水率 | 放流量
Oita,大分県,稲葉ダム,2026-09-12T20:00,437.83,2.258,2.179,,,,100.9,,管理者名 | 河川名 | 局名 | 所在地 | 最新観測時刻 | 貯水位 | 流入量 | 貯水量 | 貯水率 | 放流量
Oita,大分県,芹川ダム,2026-09-12T20:00,328.6,4.24,4.8,,,,55.7,,管理者名 | 河川名 | 局名 | 所在地 | 最新観測時刻 | 貯水位 | 流入量 | 貯水量 | 貯水率 | 放流量
Oita,大分県,行入ダム,2026-09-12T20:00,122.55,0.0,0.1,0.481,,,47.4,,管理者名 | 河川名 | 局名 | 所在地 | 最新観測時刻 | 貯水位 | 流入量 | 貯水量 | 貯水率 | 放流量
Oita,大分県,野津ダム,2026-09-12T20:00,238.07,0.07,0.07,,,,100.8,,管理者名 | 河川名 | 局名 | 所在地 | 最新観測時刻 | 貯水位 | 流入量 | 貯水量 | 貯水率 | 放流量
Oita,大分県,青江ダム,2026-09-12T20:00,64.13,0.065,0.069,0.458,,,100.0,,管理者名 | 河川名 | 局名 | 所在地 | 最新観測時刻 | 貯水位 | 流入量 | 貯水量 | 貯水率 | 放流量
Oita,大分県,黒沢ダム,2026-09-12T20:00,95.44,0.72,0.69,1.155,,,100.0,,管理者名 | 河川名 | 局名 | 所在地 | 最新観測時刻 | 貯水位 | 流入量 | 貯水量 | 貯水率 | 放流量
Tokushima,徳島県,宮川内ダム,2026-09-12T20:00,129.55,0.47,0.47,,,0.602,78.18,,管理者名 | 河川名 | 局名 | 所在地 | 最新観測時刻 | 貯水位 | 総貯水量 | 全流入量 | 全放流量 | 貯水率
Tokushima,徳島県,川口ダム,2026-09-12T20:00,94.56,76.4,69.6,,,,,,管理者名 | 河川名 | 局名 | 所在地 | 最新観測時刻 | 貯水位 | 総貯水量 | 全流入量 | 全放流量 | 貯水率
Tokushima,徳島県,棚野ダム,2026-09-12T20:00,,,15.7,,,,,,管理者名 | 河川名 | 局名 | 所在地 | 最新観測時刻 | 貯水位 | 総貯水量 | 全流入量 | 全放流量 | 貯水率
Tokushima,徳島県,正木ダム,2026-09-12T20:00,167.55,11.3,10.2,,,5.499,80.12,,管理者名 | 河川名 | 局名 | 所在地 | 最新観測時刻 | 貯水位 | 総貯水量 | 全流入量 | 全放流量 | 貯水率
Tokushima,徳島県,池田ダム,2026-09-12T20:00,88.68,49.88,46.22,,,,,,管理者名 | 河川名 | 局名 | 所在地 | 最新観測時刻 | 貯水位 | 総貯水量 | 全流入量 | 全放流量 | 貯水率
Tokushima,徳島県,福井ダム,2026-09-12T20:00,43.77,0.77,0.88,,,1.337,100.0,,管理者名 | 河川名 | 局名 | 所在地 | 最新観測時刻 | 貯水位 | 総貯水量 | 全流入量 | 全放流量 | 貯水率
Tokushima,徳島県,長安口ダム,2026-09-12T20:00,222.31,71.24,59.72,,,,,,管理者名 | 河川名 | 局名 | 所在地 | 最新観測時刻 | 貯水位 | 総貯水量 | 全流入量 | 全放流量 | 貯水率
Yamagata,山形県,前川ダム,2026-09-12T20:00,257.39,0.1,0.1,1.551,,,91.2,,管理者名 | 河川名 | 局名 | 所在地 | 最新観測時刻 | 流入量 | 全放流量 | 貯水位 | 貯水量 | 貯水率
Yamagata,山形県,寒河江ダム,2026-09-12T20:00,385.54,9.1,29.54,51.759,,,93.4,,管理者名 | 河川名 | 局名 | 所在地 | 最新観測時刻 | 流入量 | 全放流量 | 貯水位 | 貯水量 | 貯水率
Yamagata,山形県,最上小国川流水型ダム,2026-09-12T20:00,277.06,3.55,3.55,0.002,,,0.0,,管理者名 | 河川名 | 局名 | 所在地 | 最新観測時刻 | 流入量 | 全放流量 | 貯水位 | 貯水量 | 貯水率
Yamagata,山形県,月光川ダム,2026-09-12T20:00,169.32,4.26,4.26,0.007,,,0.2,,管理者名 | 河川名 | 局名 | 所在地 | 最新観測時刻 | 流入量 | 全放流量 | 貯水位 | 貯水量 | 貯水率
Yamagata,山形県,月山ダム,2026-09-12T20:00,236.78,3.04,3.9,16.321,,,91.0,,管理者名 | 河川名 | 局名 | 所在地 | 最新観測時刻 | 流入量 | 全放流量 | 貯水位 | 貯水量 | 貯水率
Yamagata,山形県,木地山ダム,2026-09-12T20:00,469.58,4.18,4.8,0.872,,,16.4,,管理者名 | 河川名 | 局名 | 所在地 | 最新観測時刻 | 流入量 | 全放流量 | 貯水位 | 貯水量 | 貯水率
Yamagata,山形県,温海川ダム,2026-09-12T20:00,142.41,0.97,0.97,0.432,,,97.1,,管理者名 | 河川名 | 局名 | 所在地 | 最新観測時刻 | 流入量 | 全放流量 | 貯水位 | 貯水量 | 貯水率
Yamagata,山形県,田沢川ダム,2026-09-12T20:00,126.77,0.44,1.11,3.898,,,78.8,,管理者名 | 河川名 | 局名 | 所在地 | 最新観測時刻 | 流入量 | 全放流量 | 貯水位 | 貯水量 | 貯水率
Yamagata,山形県,留山川ダム,2026-09-12T20:00,300.1,0.27,0.27,0.345,,,100.0,,管理者名 | 河川名 | 局名 | 所在地 | 最新観測時刻 | 流入量 | 全放流量 | 貯水位 | 貯水量 | 貯水率
Yamagata,山形県,白川ダム,2026-09-12T20:00,319.61,11.5,11.5,6.587,,,66.6,,管理者名 | 河川名 | 局名 | 所在地 | 最新観測時刻 | 流入量 | 全放流量 | 貯水位 | 貯水量 | 貯水率
Yamagata,山形県,白水川ダム,2026-09-12T20:00,357.57,0.45,0.45,2.515,,,96.7,,管理者名 | 河川名 | 局名 | 所在地 | 最新観測時刻 | 流入量 | 全放流量 | 貯水位 | 貯水量 | 貯水率
Yamagata,山形県,神室ダム,2026-09-12T20:00,380.9,1.0,1.0,2.457,,,75.0,,管理者名 | 河川名 | 局名 | 所在地 | 最新観測時刻 | 流入量 | 全放流量 | 貯水位 | 貯水量 | 貯水率
Yamagata,山形県,綱木川ダム,2026-09-12T20:00,456.32,2.41,2.69,3.579,,,100.0,,管理者名 | 河川名 | 局名 | 所在地 | 最新観測時刻 | 流入量 | 全放流量 | 貯水位 | 貯水量 | 貯水率
Yamagata,山形県,荒沢ダム,2026-09-12T20:00,236.45,7.1,13.28,4.847,,,28.1,,管理者名 | 河川名 | 局名 | 所在地 | 最新観測時刻 | 流入量 | 全放流量 | 貯水位 | 貯水量 | 貯水率
Yamagata,山形県,蔵王ダム,2026-09-12T20:00,593.13,1.6,1.6,1.911,,,90.2,,管理者名 | 河川名 | 局名 | 所在地 | 最新観測時刻 | 流入量 | 全放流量 | 貯水位 | 貯水量 | 貯水率
Yamagata,山形県,長井ダム,2026-09-12T20:00,365.59,5.97,5.99,20.663,,,93.6,,管理者名 | 河川名 | 局名 | 所在地 | 最新観測時刻 | 流入量 | 全放流量 | 貯水位 | 貯水量 | 貯水率
Yamagata,山形県,高坂ダム,2026-09-12T20:00,181.04,4.11,5.05,0.32,,,9.7,,管理者名 | 河川名 | 局名 | 所在地 | 最新観測時刻 | 流入量 | 全放流量 | 貯水位 | 貯水量 | 貯水率
Aomori,青森県,下湯ダム,2026-09-12T23:10,263.62,1.47,1.47,,,,,,管理者名 | 河川名 | 局名 | 所在地 | 最新観測時刻 | 流入量 | 全放流量 | 貯水位 | 平常時最高水位 | 洪水貯留準備水位 | 洪水量(※)
Aomori,青森県,世増ダム,2026-09-12T23:10,94.67,8.06,8.03,,,,,,管理者名 | 河川名 | 局名 | 所在地 | 最新観測時刻 | 流入量 | 全放流量 | 貯水位 | 平常時最高水位 | 洪水貯留準備水位 | 洪水量(※)
Aomori,青森県,久吉ダム,2026-09-12T23:10,276.61,0.71,0.7,,,,,,管理者名 | 河川名 | 局名 | 所在地 | 最新観測時刻 | 流入量 | 全放流量 | 貯水位 | 平常時最高水位 | 洪水貯留準備水位 | 洪水量(※)
Aomori,青森県,小泊ダム,2026-09-12T23:10,67.58,0.04,0.04,,,,,,管理者名 | 河川名 | 局名 | 所在地 | 最新観測時刻 | 流入量 | 全放流量 | 貯水位 | 平常時最高水位 | 洪水貯留準備水位 | 洪水量(※)
Aomori,青森県,川内ダム,2026-09-12T23:10,178.63,0.0,1.32,,,,,,管理者名 | 河川名 | 局名 | 所在地 | 最新観測時刻 | 流入量 | 全放流量 | 貯水位 | 平常時最高水位 | 洪水貯留準備水位 | 洪水量(※)
Aomori,青森県,津軽ダム,2026-09-12T23:10,195.81,6.28,14.52,,,,,,管理者名 | 河川名 | 局名 | 所在地 | 最新観測時刻 | 流入量 | 全放流量 | 貯水位 | 平常時最高水位 | 洪水貯留準備水位 | 洪水量(※)
Aomori,青森県,浅瀬石川ダム,2026-09-12T23:10,184.64,5.51,11.85,,,,,,管理者名 | 河川名 | 局名 | 所在地 | 最新観測時刻 | 流入量 | 全放流量 | 貯水位 | 平常時最高水位 | 洪水貯留準備水位 | 洪水量(※)
Aomori,青森県,浅虫ダム,2026-09-12T23:10,13.98,0.04,0.04,,,,,,管理者名 | 河川名 | 局名 | 所在地 | 最新観測時刻 | 流入量 | 全放流量 | 貯水位 | 平常時最高水位 | 洪水貯留準備水位 | 洪水量(※)
Aomori,青森県,清水目ダム,2026-09-12T23:10,108.03,0.4,0.5,,,,,,管理者名 | 河川名 | 局名 | 所在地 | 最新観測時刻 | 流入量 | 全放流量 | 貯水位 | 平常時最高水位 | 洪水貯留準備水位 | 洪水量(※)
Aomori,青森県,遠部ダム,2026-09-12T23:10,214.98,0.17,0.17,,,,,,管理者名 | 河川名 | 局名 | 所在地 | 最新観測時刻 | 流入量 | 全放流量 | 貯水位 | 平常時最高水位 | 洪水貯留準備水位 | 洪水量(※)
Aomori,青森県,飯詰ダム,2026-09-12T23:10,70.56,0.22,0.22,,,,,,管理者名 | 河川名 | 局名 | 所在地 | 最新観測時刻 | 流入量 | 全放流量 | 貯水位 | 平常時最高水位 | 洪水貯留準備水位 | 洪水量(※)
Fukui,福井県,九頭竜ダム,2026-09-12T23:10,541.83,15.72,0.01,,,,,33.5,局名 | 所在地 | 最新観測時刻 | 貯水率(利水容量) | 貯水位 | 有効貯水量 | 流入量 | 放流量 | 管理者名
Fukui,福井県,二ツ屋ダム,2026-09-12T23:10,349.76,1.66,1.66,,0.214,,,100.9,局名 | 所在地 | 最新観測時刻 | 貯水率(利水容量) | 貯水位 | 有効貯水量 | 流入量 | 放流量 | 管理者名
Fukui,福井県,吉野瀬川ダム,2026-09-12T23:10,100.0,0.56,0.95,,1.201,,,100.0,局名 | 所在地 | 最新観測時刻 | 貯水率(利水容量) | 貯水位 | 有効貯水量 | 流入量 | 放流量 | 管理者名
Fukui,福井県,大津呂ダム,2026-09-12T23:10,84.51,0.03,0.03,,0.116,,,42.8,局名 | 所在地 | 最新観測時刻 | 貯水率(利水容量) | 貯水位 | 有効貯水量 | 流入量 | 放流量 | 管理者名
Fukui,福井県,広野ダム,2026-09-12T23:10,294.55,1.6,1.61,,1.408,,,35.2,局名 | 所在地 | 最新観測時刻 | 貯水率(利水容量) | 貯水位 | 有効貯水量 | 流入量 | 放流量 | 管理者名
Fukui,福井県,桝谷ダム,2026-09-12T23:10,299.35,0.76,0.12,,3.532,,,17.7,局名 | 所在地 | 最新観測時刻 | 貯水率(利水容量) | 貯水位 | 有効貯水量 | 流入量 | 放流量 | 管理者名
Fukui,福井県,永平寺ダム,2026-09-12T23:10,319.84,0.3,0.3,,0.441,,,100.23,局名 | 所在地 | 最新観測時刻 | 貯水率(利水容量) | 貯水位 | 有効貯水量 | 流入量 | 放流量 | 管理者名
Fukui,福井県,河内川ダム,2026-09-12T23:10,184.21,0.51,0.31,,3.01,,,64.7,局名 | 所在地 | 最新観測時刻 | 貯水率(利水容量) | 貯水位 | 有効貯水量 | 流入量 | 放流量 | 管理者名
Fukui,福井県,浄土寺川ダム,2026-09-12T23:10,344.52,0.634,0.589,,0.769,,,100.0,局名 | 所在地 | 最新観測時刻 | 貯水率(利水容量) | 貯水位 | 有効貯水量 | 流入量 | 放流量 | 管理者名
Fukui,福井県,真名川ダム,2026-09-12T23:10,336.69,6.41,3.49,,,,,87.9,局名 | 所在地 | 最新観測時刻 | 貯水率(利水容量) | 貯水位 | 有効貯水量 | 流入量 | 放流量 | 管理者名
Fukui,福井県,笹生川ダム,2026-09-12T23:10,515.33,3.02,3.03,,24.155,,,58.97,局名 | 所在地 | 最新観測時刻 | 貯水率(利水容量) | 貯水位 | 有効貯水量 | 流入量 | 放流量 | 管理者名
Fukui,福井県,開谷ダム,2026-09-12T23:10,120.67,,,,0.062,,,61.4,局名 | 所在地 | 最新観測時刻 | 貯水率(利水容量) | 貯水位 | 有効貯水量 | 流入量 | 放流量 | 管理者名
Fukui,福井県,龍ヶ鼻ダム,2026-09-12T23:10,172.72,1.52,2.99,,3.943,,,83.5,局名 | 所在地 | 最新観測時刻 | 貯水率(利水容量) | 貯水位 | 有効貯水量 | 流入量 | 放流量 | 管理者名
Miyazaki,宮崎県,岩瀬ダム,2026-09-12T23:10,111.54,17.11,0.0,,,,,,河川名 | 局名 | 所在地 | 状態 | 最新観測時刻 | 貯水位 | 流入量 | 全放流量
Miyazaki,宮崎県,広渡ダム,2026-09-12T23:10,259.41,6.13,6.11,,,,,,河川名 | 局名 | 所在地 | 状態 | 最新観測時刻 | 貯水位 | 流入量 | 全放流量
Miyazaki,宮崎県,日南ダム,2026-09-12T23:00,107.35,4.2,4.21,,,,,,河川名 | 局名 | 所在地 | 状態 | 最新観測時刻 | 貯水位 | 流入量 | 全放流量
Miyazaki,宮崎県,松尾ダム,2026-09-12T23:10,195.84,17.61,17.61,,,,,,河川名 | 局名 | 所在地 | 状態 | 最新観測時刻 | 貯水位 | 流入量 | 全放流量
Miyazaki,宮崎県,沖田ダム,2026-09-12T23:10,48.11,0.41,0.38,,,,,,河川名 | 局名 | 所在地 | 状態 | 最新観測時刻 | 貯水位 | 流入量 | 全放流量
Miyazaki,宮崎県,渡川ダム,2026-09-12T23:10,290.03,7.2,7.22,,,,,,河川名 | 局名 | 所在地 | 状態 | 最新観測時刻 | 貯水位 | 流入量 | 全放流量
Miyazaki,宮崎県,瓜田ダム,2026-09-12T23:00,38.59,0.1,0.1,,,,,,河川名 | 局名 | 所在地 | 状態 | 最新観測時刻 | 貯水位 | 流入量 | 全放流量
Miyazaki,宮崎県,田代八重ダム,2026-09-12T23:00,324.04,7.36,0.0,,,,,,河川名 | 局名 | 所在地 | 状態 | 最新観測時刻 | 貯水位 | 流入量 | 全放流量
Miyazaki,宮崎県,祝子ダム,2026-09-12T23:10,303.4,3.34,3.34,,,,,,河川名 | 局名 | 所在地 | 状態 | 最新観測時刻 | 貯水位 | 流入量 | 全放流量
Miyazaki,宮崎県,立花ダム,2026-09-12T23:10,250.28,2.83,0.0,,,,,,河川名 | 局名 | 所在地 | 状態 | 最新観測時刻 | 貯水位 | 流入量 | 全放流量
Miyazaki,宮崎県,綾北ダム,2026-09-12T23:10,280.63,4.94,0.2,,,,,,河川名 | 局名 | 所在地 | 状態 | 最新観測時刻 | 貯水位 | 流入量 | 全放流量
Miyazaki,宮崎県,綾南ダム,2026-09-12T23:10,337.78,3.32,10.27,,,,,,河川名 | 局名 | 所在地 | 状態 | 最新観測時刻 | 貯水位 | 流入量 | 全放流量
Miyazaki,宮崎県,長谷ダム,2026-09-12T23:10,108.72,3.46,3.41,,,,,,河川名 | 局名 | 所在地 | 状態 | 最新観測時刻 | 貯水位 | 流入量 | 全放流量
Nara,奈良県,初瀬ダム,2026-09-12T23:10,221.25,0.54,0.23,,,,,,管理者名 | 河川名 | 局名 | 所在地 | 最新観測時刻 | 貯水位 | 貯水容量 | 空容量 | 全流入量 | 放流量
Nara,奈良県,大門ダム,2026-09-12T23:10,262.67,0.0,0.0,,,,,,管理者名 | 河川名 | 局名 | 所在地 | 最新観測時刻 | 貯水位 | 貯水容量 | 空容量 | 全流入量 | 放流量
Nara,奈良県,天理ダム,2026-09-12T23:10,253.35,0.26,0.26,,,,,,管理者名 | 河川名 | 局名 | 所在地 | 最新観測時刻 | 貯水位 | 貯水容量 | 空容量 | 全流入量 | 放流量
Nara,奈良県,岩井川ダム,2026-09-12T23:10,240.66,0.07,0.07,,,,,,管理者名 | 河川名 | 局名 | 所在地 | 最新観測時刻 | 貯水位 | 貯水容量 | 空容量 | 全流入量 | 放流量
Nara,奈良県,白川ダム,2026-09-12T23:10,111.31,0.0,0.0,,,,,,管理者名 | 河川名 | 局名 | 所在地 | 最新観測時刻 | 貯水位 | 貯水容量 | 空容量 | 全流入量 | 放流量
Niigata,新潟県,三面ダム,2026-09-12T23:10,116.04,0.0,15.49,,,,93.5,,観測所名 | 最新観測時刻 | 平常時最高貯水位(常時満水位)[m] | 貯水位[m] | 洪水時最高水位(サーチャージ水位)[m] | 貯水率[%] | 洪水流入量[m3/s] | 流入量[m3/s] | 計画高水流量[m3/s] | 全放流量[m3/s]
Niigata,新潟県,下条川ダム,2026-09-12T23:10,31.24,0.22,0.39,,,,,,観測所名 | 最新観測時刻 | 平常時最高貯水位(常時満水位)[m] | 貯水位[m] | 洪水時最高水位(サーチャージ水位)[m] | 貯水率[%] | 洪水流入量[m3/s] | 流入量[m3/s] | 計画高水流量[m3/s] | 全放流量[m3/s]
Niigata,新潟県,久知川ダム,2026-09-12T23:10,123.88,0.23,0.21,,,,100.0,,観測所名 | 最新観測時刻 | 平常時最高貯水位(常時満水位)[m] | 貯水位[m] | 洪水時最高水位(サーチャージ水位)[m] | 貯水率[%] | 洪水流入量[m3/s] | 流入量[m3/s] | 計画高水流量[m3/s] | 全放流量[m3/s]
Niigata,新潟県,内の倉ダム,2026-09-12T23:10,147.89,2.48,2.48,,,,41.2,,観測所名 | 最新観測時刻 | 平常時最高貯水位(常時満水位)[m] | 貯水位[m] | 洪水時最高水位(サーチャージ水位)[m] | 貯水率[%] | 洪水流入量[m3/s] | 流入量[m3/s] | 計画高水流量[m3/s] | 全放流量[m3/s]
Niigata,新潟県,刈谷田川ダム,2026-09-12T23:10,239.34,0.99,1.21,,,,98.2,,観測所名 | 最新観測時刻 | 平常時最高貯水位(常時満水位)[m] | 貯水位[m] | 洪水時最高水位(サーチャージ水位)[m] | 貯水率[%] | 洪水流入量[m3/s] | 流入量[m3/s] | 計画高水流量[m3/s] | 全放流量[m3/s]
Niigata,新潟県,加治川治水ダム,2026-09-12T23:10,272.37,5.42,3.5,,,,,,観測所名 | 最新観測時刻 | 平常時最高貯水位(常時満水位)[m] | 貯水位[m] | 洪水時最高水位(サーチャージ水位)[m] | 貯水率[%] | 洪水流入量[m3/s] | 流入量[m3/s] | 計画高水流量[m3/s] | 全放流量[m3/s]
Niigata,新潟県,城川ダム,2026-09-12T23:10,271.54,0.26,0.24,,,,100.0,,観測所名 | 最新観測時刻 | 平常時最高貯水位(常時満水位)[m] | 貯水位[m] | 洪水時最高水位(サーチャージ水位)[m] | 貯水率[%] | 洪水流入量[m3/s] | 流入量[m3/s] | 計画高水流量[m3/s] | 全放流量[m3/s]
Niigata,新潟県,大谷ダム,2026-09-12T23:10,191.51,0.99,1.23,,,,100.0,,観測所名 | 最新観測時刻 | 平常時最高貯水位(常時満水位)[m] | 貯水位[m] | 洪水時最高水位(サーチャージ水位)[m] | 貯水率[%] | 洪水流入量[m3/s] | 流入量[m3/s] | 計画高水流量[m3/s] | 全放流量[m3/s]
Niigata,新潟県,大野川ダム,2026-09-12T23:10,142.33,0.2,0.41,,,,96.5,,観測所名 | 最新観測時刻 | 平常時最高貯水位(常時満水位)[m] | 貯水位[m] | 洪水時最高水位(サーチャージ水位)[m] | 貯水率[%] | 洪水流入量[m3/s] | 流入量[m3/s] | 計画高水流量[m3/s] | 全放流量[m3/s]
Niigata,新潟県,奥三面ダム,2026-09-12T23:10,211.24,0.71,0.72,,,,78.1,,観測所名 | 最新観測時刻 | 平常時最高貯水位(常時満水位)[m] | 貯水位[m] | 洪水時最高水位(サーチャージ水位)[m] | 貯水率[%] | 洪水流入量[m3/s] | 流入量[m3/s] | 計画高水流量[m3/s] | 全放流量[m3/s]
Niigata,新潟県,奥胎内ダム,2026-09-12T23:10,384.0,2.07,2.01,,,,,,観測所名 | 最新観測時刻 | 平常時最高貯水位(常時満水位)[m] | 貯水位[m] | 洪水時最高水位(サーチャージ水位)[m] | 貯水率[%] | 洪水流入量[m3/s] | 流入量[m3/s] | 計画高水流量[m3/s] | 全放流量[m3/s]
Niigata,新潟県,広神ダム,2026-09-12T23:10,213.86,1.68,2.05,,,,100.0,,観測所名 | 最新観測時刻 | 平常時最高貯水位(常時満水位)[m] | 貯水位[m] | 洪水時最高水位(サーチャージ水位)[m] | 貯水率[%] | 洪水流入量[m3/s] | 流入量[m3/s] | 計画高水流量[m3/s] | 全放流量[m3/s]
Niigata,新潟県,新保川ダム,2026-09-12T23:10,160.39,0.27,0.27,,,,100.0,,観測所名 | 最新観測時刻 | 平常時最高貯水位(常時満水位)[m] | 貯水位[m] | 洪水時最高水位(サーチャージ水位)[m] | 貯水率[%] | 洪水流入量[m3/s] | 流入量[m3/s] | 計画高水流量[m3/s] | 全放流量[m3/s]
Niigata,新潟県,早出川ダム,2026-09-12T23:10,163.73,2.57,2.58,,,,76.4,,観測所名 | 最新観測時刻 | 平常時最高貯水位(常時満水位)[m] | 貯水位[m] | 洪水時最高水位(サーチャージ水位)[m] | 貯水率[%] | 洪水流入量[m3/s] | 流入量[m3/s] | 計画高水流量[m3/s] | 全放流量[m3/s]
Niigata,新潟県,柿崎川ダム,2026-09-12T23:10,120.8,0.61,0.61,,,,100.0,,観測所名 | 最新観測時刻 | 平常時最高貯水位(常時満水位)[m] | 貯水位[m] | 洪水時最高水位(サーチャージ水位)[m] | 貯水率[%] | 洪水流入量[m3/s] | 流入量[m3/s] | 計画高水流量[m3/s] | 全放流量[m3/s]
Niigata,新潟県,正善寺ダム,2026-09-12T23:10,86.2,0.58,0.22,,,,83.2,,観測所名 | 最新観測時刻 | 平常時最高貯水位(常時満水位)[m] | 貯水位[m] | 洪水時最高水位(サーチャージ水位)[m] | 貯水率[%] | 洪水流入量[m3/s] | 流入量[m3/s] | 計画高水流量[m3/s] | 全放流量[m3/s]
Niigata,新潟県,破間川ダム,2026-09-12T23:10,429.94,3.19,6.24,,,,65.4,,観測所名 | 最新観測時刻 | 平常時最高貯水位(常時満水位)[m] | 貯水位[m] | 洪水時最高水位(サーチャージ水位)[m] | 貯水率[%] | 洪水流入量[m3/s] | 流入量[m3/s] | 計画高水流量[m3/s] | 全放流量[m3/s]
Niigata,新潟県,笠堀ダム,2026-09-12T23:10,193.12,4.71,3.3,,,,89.4,,観測所名 | 最新観測時刻 | 平常時最高貯水位(常時満水位)[m] | 貯水位[m] | 洪水時最高水位(サーチャージ水位)[m] | 貯水率[%] | 洪水流入量[m3/s] | 流入量[m3/s] | 計画高水流量[m3/s] | 全放流量[m3/s]
Niigata,新潟県,胎内川ダム,2026-09-12T23:10,287.36,5.24,5.24,,,,92.4,,観測所名 | 最新観測時刻 | 平常時最高貯水位(常時満水位)[m] | 貯水位[m] | 洪水時最高水位(サーチャージ水位)[m] | 貯水率[%] | 洪水流入量[m3/s] | 流入量[m3/s] | 計画高水流量[m3/s] | 全放流量[m3/s]
Niigata,新潟県,鯖石川ダム,2026-09-12T23:10,134.82,3.5,1.88,,,,93.3,,観測所名 | 最新観測時刻 | 平常時最高貯水位(常時満水位)[m] | 貯水位[m] | 洪水時最高水位(サーチャージ水位)[m] | 貯水率[%] | 洪水流入量[m3/s] | 流入量[m3/s] | 計画高水流量[m3/s] | 全放流量[m3/s]
Oita,大分県,北川ダム,2026-09-12T23:10,148.46,3.51,23.84,,,,38.7,,管理者名 | 河川名 | 局名 | 所在地 | 最新観測時刻 | 貯水位 | 流入量 | 貯水量 | 貯水率 | 放流量
Oita,大分県,安岐ダム,2026-09-12T23:10,153.75,0.22,0.25,0.608,,,100.0,,管理者名 | 河川名 | 局名 | 所在地 | 最新観測時刻 | 貯水位 | 流入量 | 貯水量 | 貯水率 | 放流量
Oita,大分県,床木ダム,2026-09-12T23:10,88.67,0.3,0.29,0.904,,,100.0,,管理者名 | 河川名 | 局名 | 所在地 | 最新観測時刻 | 貯水位 | 流入量 | 貯水量 | 貯水率 | 放流量
Oita,大分県,玉来ダム,2026-09-12T23:10,350.75,5.25,5.25,,,,0.1,,管理者名 | 河川名 | 局名 | 所在地 | 最新観測時刻 | 貯水位 | 流入量 | 貯水量 | 貯水率 | 放流量
Oita,大分県,稲葉ダム,2026-09-12T23:10,437.83,2.258,2.051,,,,100.9,,管理者名 | 河川名 | 局名 | 所在地 | 最新観測時刻 | 貯水位 | 流入量 | 貯水量 | 貯水率 | 放流量
Oita,大分県,芹川ダム,2026-09-12T23:10,328.6,4.24,4.8,,,,55.7,,管理者名 | 河川名 | 局名 | 所在地 | 最新観測時刻 | 貯水位 | 流入量 | 貯水量 | 貯水率 | 放流量
Oita,大分県,行入ダム,2026-09-12T23:10,122.53,0.01,0.1,0.48,,,47.3,,管理者名 | 河川名 | 局名 | 所在地 | 最新観測時刻 | 貯水位 | 流入量 | 貯水量 | 貯水率 | 放流量
Oita,大分県,野津ダム,2026-09-12T23:10,238.07,0.07,0.07,,,,100.8,,管理者名 | 河川名 | 局名 | 所在地 | 最新観測時刻 | 貯水位 | 流入量 | 貯水量 | 貯水率 | 放流量
Oita,大分県,青江ダム,2026-09-12T23:10,64.13,0.061,0.069,0.458,,,100.0,,管理者名 | 河川名 | 局名 | 所在地 | 最新観測時刻 | 貯水位 | 流入量 | 貯水量 | 貯水率 | 放流量
Oita,大分県,黒沢ダム,2026-09-12T23:10,95.44,0.72,0.69,1.155,,,100.0,,管理者名 | 河川名 | 局名 | 所在地 | 最新観測時刻 | 貯水位 | 流入量 | 貯水量 | 貯水率 | 放流量
Tokushima,徳島県,宮川内ダム,2026-09-12T23:10,129.57,0.47,0.47,,,0.604,78.44,,管理者名 | 河川名 | 局名 | 所在地 | 最新観測時刻 | 貯水位 | 総貯水量 | 全流入量 | 全放流量 | 貯水率
Tokushima,徳島県,川口ダム,2026-09-12T23:10,94.66,74.8,69.7,,,,,,管理者名 | 河川名 | 局名 | 所在地 | 最新観測時刻 | 貯水位 | 総貯水量 | 全流入量 | 全放流量 | 貯水率
Tokushima,徳島県,棚野ダム,2026-09-12T23:10,,,15.2,,,,,,管理者名 | 河川名 | 局名 | 所在地 | 最新観測時刻 | 貯水位 | 総貯水量 | 全流入量 | 全放流量 | 貯水率
Tokushima,徳島県,正木ダム,2026-09-12T23:10,167.57,11.3,10.3,,,5.507,80.35,,管理者名 | 河川名 | 局名 | 所在地 | 最新観測時刻 | 貯水位 | 総貯水量 | 全流入量 | 全放流量 | 貯水率
Tokushima,徳島県,池田ダム,2026-09-12T23:10,88.68,44.72,44.42,,,,,,管理者名 | 河川名 | 局名 | 所在地 | 最新観測時刻 | 貯水位 | 総貯水量 | 全流入量 | 全放流量 | 貯水率
Tokushima,徳島県,福井ダム,2026-09-12T23:10,43.77,0.88,0.88,,,1.337,100.0,,管理者名 | 河川名 | 局名 | 所在地 | 最新観測時刻 | 貯水位 | 総貯水量 | 全流入量 | 全放流量 | 貯水率
Tokushima,徳島県,長安口ダム,2026-09-12T23:10,222.36,71.27,59.73,,,,,,管理者名 | 河川名 | 局名 | 所在地 | 最新観測時刻 | 貯水位 | 総貯水量 | 全流入量 | 全放流量 | 貯水率
Yamagata,山形県,前川ダム,2026-09-12T23:10,257.39,0.1,0.1,1.551,,,91.2,,管理者名 | 河川名 | 局名 | 所在地 | 最新観測時刻 | 流入量 | 全放流量 | 貯水位 | 貯水量 | 貯水率
Yamagata,山形県,寒河江ダム,2026-09-12T23:10,385.53,7.61,0.86,51.735,,,93.4,,管理者名 | 河川名 | 局名 | 所在地 | 最新観測時刻 | 流入量 | 全放流量 | 貯水位 | 貯水量 | 貯水率
Yamagata,山形県,最上小国川流水型ダム,2026-09-12T23:10,277.06,3.55,3.55,0.002,,,0.0,,管理者名 | 河川名 | 局名 | 所在地 | 最新観測時刻 | 流入量 | 全放流量 | 貯水位 | 貯水量 | 貯水率
Yamagata,山形県,月光川ダム,2026-09-12T23:10,169.32,4.26,4.26,0.007,,,0.2,,管理者名 | 河川名 | 局名 | 所在地 | 最新観測時刻 | 流入量 | 全放流量 | 貯水位 | 貯水量 | 貯水率
Yamagata,山形県,月山ダム,2026-09-12T23:10,236.77,2.93,4.0,16.312,,,91.0,,管理者名 | 河川名 | 局名 | 所在地 | 最新観測時刻 | 流入量 | 全放流量 | 貯水位 | 貯水量 | 貯水率
Yamagata,山形県,木地山ダム,2026-09-12T23:10,469.55,4.18,4.8,0.866,,,16.3,,管理者名 | 河川名 | 局名 | 所在地 | 最新観測時刻 | 流入量 | 全放流量 | 貯水位 | 貯水量 | 貯水率
Yamagata,山形県,温海川ダム,2026-09-12T23:10,142.42,0.95,0.95,0.434,,,97.4,,管理者名 | 河川名 | 局名 | 所在地 | 最新観測時刻 | 流入量 | 全放流量 | 貯水位 | 貯水量 | 貯水率
Yamagata,山形県,田沢川ダム,2026-09-12T23:10,126.74,0.48,1.13,3.891,,,78.6,,管理者名 | 河川名 | 局名 | 所在地 | 最新観測時刻 | 流入量 | 全放流量 | 貯水位 | 貯水量 | 貯水率
Yamagata,山形県,留山川ダム,2026-09-12T23:10,300.09,0.25,0.25,0.345,,,100.0,,管理者名 | 河川名 | 局名 | 所在地 | 最新観測時刻 | 流入量 | 全放流量 | 貯水位 | 貯水量 | 貯水率
Yamagata,山形県,白川ダム,2026-09-12T23:10,319.59,8.52,11.51,6.566,,,66.3,,管理者名 | 河川名 | 局名 | 所在地 | 最新観測時刻 | 流入量 | 全放流量 | 貯水位 | 貯水量 | 貯水率
Yamagata,山形県,白水川ダム,2026-09-12T23:10,357.56,0.43,0.45,2.513,,,96.7,,管理者名 | 河川名 | 局名 | 所在地 | 最新観測時刻 | 流入量 | 全放流量 | 貯水位 | 貯水量 | 貯水率
Yamagata,山形県,神室ダム,2026-09-12T23:10,380.88,1.0,1.0,2.452,,,74.9,,管理者名 | 河川名 | 局名 | 所在地 | 最新観測時刻 | 流入量 | 全放流量 | 貯水位 | 貯水量 | 貯水率
Yamagata,山形県,綱木川ダム,2026-09-12T23:10,456.31,2.42,2.64,3.576,,,100.0,,管理者名 | 河川名 | 局名 | 所在地 | 最新観測時刻 | 流入量 | 全放流量 | 貯水位 | 貯水量 | 貯水率
Yamagata,山形県,荒沢ダム,2026-09-12T23:10,236.38,7.31,13.25,4.779,,,27.7,,管理者名 | 河川名 | 局名 | 所在地 | 最新観測時刻 | 流入量 | 全放流量 | 貯水位 | 貯水量 | 貯水率
Yamagata,山形県,蔵王ダム,2026-09-12T23:10,593.14,1.6,1.6,1.912,,,90.2,,管理者名 | 河川名 | 局名 | 所在地 | 最新観測時刻 | 流入量 | 全放流量 | 貯水位 | 貯水量 | 貯水率
Yamagata,山形県,長井ダム,2026-09-12T23:10,365.6,5.97,5.99,20.671,,,93.6,,管理者名 | 河川名 | 局名 | 所在地 | 最新観測時刻 | 流入量 | 全放流量 | 貯水位 | 貯水量 | 貯水率
Yamagata,山形県,高坂ダム,2026-09-12T23:10,180.99,3.78,5.06,0.304,,,9.2,,管理者名 | 河川名 | 局名 | 所在地 | 最新観測時刻 | 流入量 | 全放流量 | 貯水位 | 貯水量 | 貯水率
Aomori,青森県,下湯ダム,2026-09-13T02:10,263.61,1.45,1.46,,,,,,管理者名 | 河川名 | 局名 | 所在地 | 最新観測時刻 | 流入量 | 全放流量 | 貯水位 | 平常時最高水位 | 洪水貯留準備水位 | 洪水量(※)
Aomori,青森県,世増ダム,2026-09-13T02:20,94.66,7.91,7.93,,,,,,管理者名 | 河川名 | 局名 | 所在地 | 最新観測時刻 | 流入量 | 全放流量 | 貯水位 | 平常時最高水位 | 洪水貯留準備水位 | 洪水量(※)
Aomori,青森県,久吉ダム,2026-09-13T02:20,276.61,0.71,0.71,,,,,,管理者名 | 河川名 | 局名 | 所在地 | 最新観測時刻 | 流入量 | 全放流量 | 貯水位 | 平常時最高水位 | 洪水貯留準備水位 | 洪水量(※)
Aomori,青森県,小泊ダム,2026-09-13T02:20,67.58,0.04,0.04,,,,,,管理者名 | 河川名 | 局名 | 所在地 | 最新観測時刻 | 流入量 | 全放流量 | 貯水位 | 平常時最高水位 | 洪水貯留準備水位 | 洪水量(※)
Aomori,青森県,川内ダム,2026-09-13T02:20,178.62,0.0,1.32,,,,,,管理者名 | 河川名 | 局名 | 所在地 | 最新観測時刻 | 流入量 | 全放流量 | 貯水位 | 平常時最高水位 | 洪水貯留準備水位 | 洪水量(※)
Aomori,青森県,津軽ダム,2026-09-13T02:20,195.77,1.82,14.58,,,,,,管理者名 | 河川名 | 局名 | 所在地 | 最新観測時刻 | 流入量 | 全放流量 | 貯水位 | 平常時最高水位 | 洪水貯留準備水位 | 洪水量(※)
Aomori,青森県,浅瀬石川ダム,2026-09-13T02:20,184.6,8.37,11.92,,,,,,管理者名 | 河川名 | 局名 | 所在地 | 最新観測時刻 | 流入量 | 全放流量 | 貯水位 | 平常時最高水位 | 洪水貯留準備水位 | 洪水量(※)
Aomori,青森県,浅虫ダム,2026-09-13T02:20,13.98,0.04,0.04,,,,,,管理者名 | 河川名 | 局名 | 所在地 | 最新観測時刻 | 流入量 | 全放流量 | 貯水位 | 平常時最高水位 | 洪水貯留準備水位 | 洪水量(※)
Aomori,青森県,清水目ダム,2026-09-13T02:20,108.03,0.4,0.5,,,,,,管理者名 | 河川名 | 局名 | 所在地 | 最新観測時刻 | 流入量 | 全放流量 | 貯水位 | 平常時最高水位 | 洪水貯留準備水位 | 洪水量(※)
Aomori,青森県,遠部ダム,2026-09-13T02:20,214.98,0.17,0.17,,,,,,管理者名 | 河川名 | 局名 | 所在地 | 最新観測時刻 | 流入量 | 全放流量 | 貯水位 | 平常時最高水位 | 洪水貯留準備水位 | 洪水量(※)
Aomori,青森県,飯詰ダム,2026-09-13T02:20,70.56,0.22,0.22,,,,,,管理者名 | 河川名 | 局名 | 所在地 | 最新観測時刻 | 流入量 | 全放流量 | 貯水位 | 平常時最高水位 | 洪水貯留準備水位 | 洪水量(※)
Fukui,福井県,九頭竜ダム,2026-09-13T02:10,541.86,15.72,0.01,,,,,33.6,局名 | 所在地 | 最新観測時刻 | 貯水率(利水容量) | 貯水位 | 有効貯水量 | 流入量 | 放流量 | 管理者名
Fukui,福井県,二ツ屋ダム,2026-09-13T02:20,349.76,1.66,1.66,,0.214,,,100.9,局名 | 所在地 | 最新観測時刻 | 貯水率(利水容量) | 貯水位 | 有効貯水量 | 流入量 | 放流量 | 管理者名
Fukui,福井県,吉野瀬川ダム,2026-09-13T02:10,99.98,0.62,0.92,,1.196,,,100.0,局名 | 所在地 | 最新観測時刻 | 貯水率(利水容量) | 貯水位 | 有効貯水量 | 流入量 | 放流量 | 管理者名
Fukui,福井県,大津呂ダム,2026-09-13T02:20,84.51,0.03,0.03,,0.116,,,42.8,局名 | 所在地 | 最新観測時刻 | 貯水率(利水容量) | 貯水位 | 有効貯水量 | 流入量 | 放流量 | 管理者名
Fukui,福井県,広野ダム,2026-09-13T02:10,294.54,0.98,1.6,,1.406,,,35.2,局名 | 所在地 | 最新観測時刻 | 貯水率(利水容量) | 貯水位 | 有効貯水量 | 流入量 | 放流量 | 管理者名
Fukui,福井県,桝谷ダム,2026-09-13T02:20,299.35,0.12,0.12,,3.532,,,17.7,局名 | 所在地 | 最新観測時刻 | 貯水率(利水容量) | 貯水位 | 有効貯水量 | 流入量 | 放流量 | 管理者名
Fukui,福井県,永平寺ダム,2026-09-13T02:20,319.84,0.3,0.3,,0.441,,,100.23,局名 | 所在地 | 最新観測時刻 | 貯水率(利水容量) | 貯水位 | 有効貯水量 | 流入量 | 放流量 | 管理者名
Fukui,福井県,河内川ダム,2026-09-13T02:20,184.22,0.51,0.31,,3.012,,,64.8,局名 | 所在地 | 最新観測時刻 | 貯水率(利水容量) | 貯水位 | 有効貯水量 | 流入量 | 放流量 | 管理者名
Fukui,福井県,浄土寺川ダム,2026-09-13T02:20,344.57,0.646,0.529,,0.772,,,100.0,局名 | 所在地 | 最新観測時刻 | 貯水率(利水容量) | 貯水位 | 有効貯水量 | 流入量 | 放流量 | 管理者名
Fukui,福井県,真名川ダム,2026-09-13T02:10,336.71,6.41,3.49,,,,,88.3,局名 | 所在地 | 最新観測時刻 | 貯水率(利水容量) | 貯水位 | 有効貯水量 | 流入量 | 放流量 | 管理者名
Fukui,福井県,笹生川ダム,2026-09-13T02:20,515.33,3.03,3.03,,24.155,,,58.97,局名 | 所在地 | 最新観測時刻 | 貯水率(利水容量) | 貯水位 | 有効貯水量 | 流入量 | 放流量 | 管理者名
Fukui,福井県,開谷ダム,2026-09-13T02:20,120.68,,,,0.062,,,61.4,局名 | 所在地 | 最新観測時刻 | 貯水率(利水容量) | 貯水位 | 有効貯水量 | 流入量 | 放流量 | 管理者名
Fukui,福井県,龍ヶ鼻ダム,2026-09-13T02:10,172.67,1.51,2.98,,3.929,,,83.21,局名 | 所在地 | 最新観測時刻 | 貯水率(利水容量) | 貯水位 | 有効貯水量 | 流入量 | 放流量 | 管理者名
Miyazaki,宮崎県,岩瀬ダム,2026-09-13T02:10,111.62,8.14,35.69,,,,,,河川名 | 局名 | 所在地 | 状態 | 最新観測時刻 | 貯水位 | 流入量 | 全放流量
Miyazaki,宮崎県,広渡ダム,2026-09-13T02:10,259.4,6.03,5.99,,,,,,河川名 | 局名 | 所在地 | 状態 | 最新観測時刻 | 貯水位 | 流入量 | 全放流量
Miyazaki,宮崎県,日南ダム,2026-09-13T02:00,107.34,4.15,3.89,,,,,,河川名 | 局名 | 所在地 | 状態 | 最新観測時刻 | 貯水位 | 流入量 | 全放流量
Miyazaki,宮崎県,松尾ダム,2026-09-13T02:10,195.83,17.61,17.61,,,,,,河川名 | 局名 | 所在地 | 状態 | 最新観測時刻 | 貯水位 | 流入量 | 全放流量
Miyazaki,宮崎県,沖田ダム,2026-09-13T02:10,48.11,0.41,0.38,,,,,,河川名 | 局名 | 所在地 | 状態 | 最新観測時刻 | 貯水位 | 流入量 | 全放流量
Miyazaki,宮崎県,渡川ダム,2026-09-13T02:10,290.04,12.4,7.22,,,,,,河川名 | 局名 | 所在地 | 状態 | 最新観測時刻 | 貯水位 | 流入量 | 全放流量
Miyazaki,宮崎県,瓜田ダム,2026-09-13T02:00,38.58,0.0,0.09,,,,,,河川名 | 局名 | 所在地 | 状態 | 最新観測時刻 | 貯水位 | 流入量 | 全放流量
Miyazaki,宮崎県,田代八重ダム,2026-09-13T02:00,324.18,6.75,0.0,,,,,,河川名 | 局名 | 所在地 | 状態 | 最新観測時刻 | 貯水位 | 流入量 | 全放流量
Miyazaki,宮崎県,祝子ダム,2026-09-13T02:10,303.4,3.34,3.34,,,,,,河川名 | 局名 | 所在地 | 状態 | 最新観測時刻 | 貯水位 | 流入量 | 全放流量
Miyazaki,宮崎県,立花ダム,2026-09-13T02:10,250.45,2.55,0.0,,,,,,河川名 | 局名 | 所在地 | 状態 | 最新観測時刻 | 貯水位 | 流入量 | 全放流量
Miyazaki,宮崎県,綾北ダム,2026-09-13T02:20,280.5,1.94,10.95,,,,,,河川名 | 局名 | 所在地 | 状態 | 最新観測時刻 | 貯水位 | 流入量 | 全放流量
Miyazaki,宮崎県,綾南ダム,2026-09-13T02:20,337.71,3.54,10.09,,,,,,河川名 | 局名 | 所在地 | 状態 | 最新観測時刻 | 貯水位 | 流入量 | 全放流量
Miyazaki,宮崎県,長谷ダム,2026-09-13T02:20,108.71,3.4,3.35,,,,,,河川名 | 局名 | 所在地 | 状態 | 最新観測時刻 | 貯水位 | 流入量 | 全放流量
Nara,奈良県,初瀬ダム,2026-09-13T02:20,221.27,0.56,0.23,,,,,,管理者名 | 河川名 | 局名 | 所在地 | 最新観測時刻 | 貯水位 | 貯水容量 | 空容量 | 全流入量 | 放流量
Nara,奈良県,大門ダム,2026-09-13T02:20,262.67,0.0,0.0,,,,,,管理者名 | 河川名 | 局名 | 所在地 | 最新観測時刻 | 貯水位 | 貯水容量 | 空容量 | 全流入量 | 放流量
Nara,奈良県,天理ダム,2026-09-13T02:20,253.33,0.12,0.26,,,,,,管理者名 | 河川名 | 局名 | 所在地 | 最新観測時刻 | 貯水位 | 貯水容量 | 空容量 | 全流入量 | 放流量
Nara,奈良県,岩井川ダム,2026-09-13T02:20,240.65,0.07,0.07,,,,,,管理者名 | 河川名 | 局名 | 所在地 | 最新観測時刻 | 貯水位 | 貯水容量 | 空容量 | 全流入量 | 放流量
Nara,奈良県,白川ダム,2026-09-13T02:20,111.31,0.0,0.0,,,,,,管理者名 | 河川名 | 局名 | 所在地 | 最新観測時刻 | 貯水位 | 貯水容量 | 空容量 | 全流入量 | 放流量
Niigata,新潟県,三面ダム,2026-09-13T02:10,115.95,0.72,15.55,,,,92.9,,観測所名 | 最新観測時刻 | 平常時最高貯水位(常時満水位)[m] | 貯水位[m] | 洪水時最高水位(サーチャージ水位)[m] | 貯水率[%] | 洪水流入量[m3/s] | 流入量[m3/s] | 計画高水流量[m3/s] | 全放流量[m3/s]
Niigata,新潟県,下条川ダム,2026-09-13T02:10,31.21,0.2,0.13,,,,,,観測所名 | 最新観測時刻 | 平常時最高貯水位(常時満水位)[m] | 貯水位[m] | 洪水時最高水位(サーチャージ水位)[m] | 貯水率[%] | 洪水流入量[m3/s] | 流入量[m3/s] | 計画高水流量[m3/s] | 全放流量[m3/s]
Niigata,新潟県,久知川ダム,2026-09-13T02:10,123.88,0.21,0.21,,,,100.0,,観測所名 | 最新観測時刻 | 平常時最高貯水位(常時満水位)[m] | 貯水位[m] | 洪水時最高水位(サーチャージ水位)[m] | 貯水率[%] | 洪水流入量[m3/s] | 流入量[m3/s] | 計画高水流量[m3/s] | 全放流量[m3/s]
Niigata,新潟県,内の倉ダム,2026-09-13T02:10,147.89,2.48,2.49,,,,41.2,,観測所名 | 最新観測時刻 | 平常時最高貯水位(常時満水位)[m] | 貯水位[m] | 洪水時最高水位(サーチャージ水位)[m] | 貯水率[%] | 洪水流入量[m3/s] | 流入量[m3/s] | 計画高水流量[m3/s] | 全放流量[m3/s]
Niigata,新潟県,刈谷田川ダム,2026-09-13T02:10,239.34,1.02,1.29,,,,98.2,,観測所名 | 最新観測時刻 | 平常時最高貯水位(常時満水位)[m] | 貯水位[m] | 洪水時最高水位(サーチャージ水位)[m] | 貯水率[%] | 洪水流入量[m3/s] | 流入量[m3/s] | 計画高水流量[m3/s] | 全放流量[m3/s]
Niigata,新潟県,加治川治水ダム,2026-09-13T02:10,272.21,3.98,6.27,,,,,,観測所名 | 最新観測時刻 | 平常時最高貯水位(常時満水位)[m] | 貯水位[m] | 洪水時最高水位(サーチャージ水位)[m] | 貯水率[%] | 洪水流入量[m3/s] | 流入量[m3/s] | 計画高水流量[m3/s] | 全放流量[m3/s]
Niigata,新潟県,城川ダム,2026-09-13T02:10,271.54,0.24,0.24,,,,100.0,,観測所名 | 最新観測時刻 | 平常時最高貯水位(常時満水位)[m] | 貯水位[m] | 洪水時最高水位(サーチャージ水位)[m] | 貯水率[%] | 洪水流入量[m3/s] | 流入量[m3/s] | 計画高水流量[m3/s] | 全放流量[m3/s]
Niigata,新潟県,大谷ダム,2026-09-13T02:10,191.5,0.12,1.21,,,,100.0,,観測所名 | 最新観測時刻 | 平常時最高貯水位(常時満水位)[m] | 貯水位[m] | 洪水時最高水位(サーチャージ水位)[m] | 貯水率[%] | 洪水流入量[m3/s] | 流入量[m3/s] | 計画高水流量[m3/s] | 全放流量[m3/s]
Niigata,新潟県,大野川ダム,2026-09-13T02:10,142.29,0.2,0.41,,,,95.7,,観測所名 | 最新観測時刻 | 平常時最高貯水位(常時満水位)[m] | 貯水位[m] | 洪水時最高水位(サーチャージ水位)[m] | 貯水率[%] | 洪水流入量[m3/s] | 流入量[m3/s] | 計画高水流量[m3/s] | 全放流量[m3/s]
Niigata,新潟県,奥三面ダム,2026-09-13T02:10,211.27,7.86,0.71,,,,78.2,,観測所名 | 最新観測時刻 | 平常時最高貯水位(常時満水位)[m] | 貯水位[m] | 洪水時最高水位(サーチャージ水位)[m] | 貯水率[%] | 洪水流入量[m3/s] | 流入量[m3/s] | 計画高水流量[m3/s] | 全放流量[m3/s]
Niigata,新潟県,奥胎内ダム,2026-09-13T02:10,383.99,1.68,1.34,,,,,,観測所名 | 最新観測時刻 | 平常時最高貯水位(常時満水位)[m] | 貯水位[m] | 洪水時最高水位(サーチャージ水位)[m] | 貯水率[%] | 洪水流入量[m3/s] | 流入量[m3/s] | 計画高水流量[m3/s] | 全放流量[m3/s]
Niigata,新潟県,広神ダム,2026-09-13T02:20,213.84,1.66,2.0,,,,100.0,,観測所名 | 最新観測時刻 | 平常時最高貯水位(常時満水位)[m] | 貯水位[m] | 洪水時最高水位(サーチャージ水位)[m] | 貯水率[%] | 洪水流入量[m3/s] | 流入量[m3/s] | 計画高水流量[m3/s] | 全放流量[m3/s]
Niigata,新潟県,新保川ダム,2026-09-13T02:10,160.38,0.25,0.25,,,,100.0,,観測所名 | 最新観測時刻 | 平常時最高貯水位(常時満水位)[m] | 貯水位[m] | 洪水時最高水位(サーチャージ水位)[m] | 貯水率[%] | 洪水流入量[m3/s] | 流入量[m3/s] | 計画高水流量[m3/s] | 全放流量[m3/s]
Niigata,新潟県,早出川ダム,2026-09-13T02:10,163.72,2.57,2.58,,,,76.2,,観測所名 | 最新観測時刻 | 平常時最高貯水位(常時満水位)[m] | 貯水位[m] | 洪水時最高水位(サーチャージ水位)[m] | 貯水率[%] | 洪水流入量[m3/s] | 流入量[m3/s] | 計画高水流量[m3/s] | 全放流量[m3/s]
Niigata,新潟県,柿崎川ダム,2026-09-13T02:10,120.8,0.59,0.61,,,,100.0,,観測所名 | 最新観測時刻 | 平常時最高貯水位(常時満水位)[m] | 貯水位[m] | 洪水時最高水位(サーチャージ水位)[m] | 貯水率[%] | 洪水流入量[m3/s] | 流入量[m3/s] | 計画高水流量[m3/s] | 全放流量[m3/s]
Niigata,新潟県,正善寺ダム,2026-09-13T02:10,86.2,0.58,0.2,,,,83.2,,観測所名 | 最新観測時刻 | 平常時最高貯水位(常時満水位)[m] | 貯水位[m] | 洪水時最高水位(サーチャージ水位)[m] | 貯水率[%] | 洪水流入量[m3/s] | 流入量[m3/s] | 計画高水流量[m3/s] | 全放流量[m3/s]
Niigata,新潟県,破間川ダム,2026-09-13T02:20,429.8,3.25,5.79,,,,61.1,,観測所名 | 最新観測時刻 | 平常時最高貯水位(常時満水位)[m] | 貯水位[m] | 洪水時最高水位(サーチャージ水位)[m] | 貯水率[%] | 洪水流入量[m3/s] | 流入量[m3/s] | 計画高水流量[m3/s] | 全放流量[m3/s]
Niigata,新潟県,笠堀ダム,2026-09-13T02:10,193.14,4.7,3.32,,,,89.5,,観測所名 | 最新観測時刻 | 平常時最高貯水位(常時満水位)[m] | 貯水位[m] | 洪水時最高水位(サーチャージ水位)[m] | 貯水率[%] | 洪水流入量[m3/s] | 流入量[m3/s] | 計画高水流量[m3/s] | 全放流量[m3/s]
Niigata,新潟県,胎内川ダム,2026-09-13T02:10,287.35,5.24,5.24,,,,92.3,,観測所名 | 最新観測時刻 | 平常時最高貯水位(常時満水位)[m] | 貯水位[m] | 洪水時最高水位(サーチャージ水位)[m] | 貯水率[%] | 洪水流入量[m3/s] | 流入量[m3/s] | 計画高水流量[m3/s] | 全放流量[m3/s]
Niigata,新潟県,鯖石川ダム,2026-09-13T02:10,134.82,3.36,1.88,,,,93.3,,観測所名 | 最新観測時刻 | 平常時最高貯水位(常時満水位)[m] | 貯水位[m] | 洪水時最高水位(サーチャージ水位)[m] | 貯水率[%] | 洪水流入量[m3/s] | 流入量[m3/s] | 計画高水流量[m3/s] | 全放流量[m3/s]
Oita,大分県,北川ダム,2026-09-13T02:20,148.38,6.28,0.6,,,,38.4,,管理者名 | 河川名 | 局名 | 所在地 | 最新観測時刻 | 貯水位 | 流入量 | 貯水量 | 貯水率 | 放流量
Oita,大分県,安岐ダム,2026-09-13T02:20,153.75,0.22,0.25,0.608,,,100.0,,管理者名 | 河川名 | 局名 | 所在地 | 最新観測時刻 | 貯水位 | 流入量 | 貯水量 | 貯水率 | 放流量
Oita,大分県,床木ダム,2026-09-13T02:10,88.67,0.3,0.29,0.904,,,100.0,,管理者名 | 河川名 | 局名 | 所在地 | 最新観測時刻 | 貯水位 | 流入量 | 貯水量 | 貯水率 | 放流量
Oita,大分県,玉来ダム,2026-09-13T02:10,350.75,5.25,5.25,,,,0.1,,管理者名 | 河川名 | 局名 | 所在地 | 最新観測時刻 | 貯水位 | 流入量 | 貯水量 | 貯水率 | 放流量
Oita,大分県,稲葉ダム,2026-09-13T02:20,437.83,2.258,2.062,,,,100.9,,管理者名 | 河川名 | 局名 | 所在地 | 最新観測時刻 | 貯水位 | 流入量 | 貯水量 | 貯水率 | 放流量
Oita,大分県,芹川ダム,2026-09-13T02:20,328.59,4.45,4.8,,,,55.6,,管理者名 | 河川名 | 局名 | 所在地 | 最新観測時刻 | 貯水位 | 流入量 | 貯水量 | 貯水率 | 放流量
Oita,大分県,行入ダム,2026-09-13T02:20,122.51,0.0,0.1,0.479,,,47.2,,管理者名 | 河川名 | 局名 | 所在地 | 最新観測時刻 | 貯水位 | 流入量 | 貯水量 | 貯水率 | 放流量
Oita,大分県,野津ダム,2026-09-13T02:20,238.07,0.07,0.07,,,,100.8,,管理者名 | 河川名 | 局名 | 所在地 | 最新観測時刻 | 貯水位 | 流入量 | 貯水量 | 貯水率 | 放流量
Oita,大分県,青江ダム,2026-09-13T02:20,64.12,0.061,0.061,0.457,,,100.0,,管理者名 | 河川名 | 局名 | 所在地 | 最新観測時刻 | 貯水位 | 流入量 | 貯水量 | 貯水率 | 放流量
Oita,大分県,黒沢ダム,2026-09-13T02:20,95.45,0.72,0.74,1.156,,,100.0,,管理者名 | 河川名 | 局名 | 所在地 | 最新観測時刻 | 貯水位 | 流入量 | 貯水量 | 貯水率 | 放流量
Tokushima,徳島県,宮川内ダム,2026-09-13T02:10,129.59,0.47,0.47,,,0.606,78.7,,管理者名 | 河川名 | 局名 | 所在地 | 最新観測時刻 | 貯水位 | 総貯水量 | 全流入量 | 全放流量 | 貯水率
Tokushima,徳島県,川口ダム,2026-09-13T02:10,94.74,73.0,69.6,,,,,,管理者名 | 河川名 | 局名 | 所在地 | 最新観測時刻 | 貯水位 | 総貯水量 | 全流入量 | 全放流量 | 貯水率
Tokushima,徳島県,棚野ダム,2026-09-13T02:10,,,15.2,,,,,,管理者名 | 河川名 | 局名 | 所在地 | 最新観測時刻 | 貯水位 | 総貯水量 | 全流入量 | 全放流量 | 貯水率
Tokushima,徳島県,正木ダム,2026-09-13T02:10,167.58,10.2,10.2,,,5.511,80.46,,管理者名 | 河川名 | 局名 | 所在地 | 最新観測時刻 | 貯水位 | 総貯水量 | 全流入量 | 全放流量 | 貯水率
Tokushima,徳島県,池田ダム,2026-09-13T02:10,88.69,42.24,38.01,,,,,,管理者名 | 河川名 | 局名 | 所在地 | 最新観測時刻 | 貯水位 | 総貯水量 | 全流入量 | 全放流量 | 貯水率
Tokushima,徳島県,福井ダム,2026-09-13T02:10,43.76,0.84,0.84,,,1.335,100.0,,管理者名 | 河川名 | 局名 | 所在地 | 最新観測時刻 | 貯水位 | 総貯水量 | 全流入量 | 全放流量 | 貯水率
Tokushima,徳島県,長安口ダム,2026-09-13T02:10,222.4,65.54,59.76,,,,,,管理者名 | 河川名 | 局名 | 所在地 | 最新観測時刻 | 貯水位 | 総貯水量 | 全流入量 | 全放流量 | 貯水率
Yamagata,山形県,前川ダム,2026-09-13T02:20,257.39,0.1,0.1,1.551,,,91.2,,管理者名 | 河川名 | 局名 | 所在地 | 最新観測時刻 | 流入量 | 全放流量 | 貯水位 | 貯水量 | 貯水率
Yamagata,山形県,寒河江ダム,2026-09-13T02:20,385.52,10.76,27.63,51.71,,,93.4,,管理者名 | 河川名 | 局名 | 所在地 | 最新観測時刻 | 流入量 | 全放流量 | 貯水位 | 貯水量 | 貯水率
Yamagata,山形県,最上小国川流水型ダム,2026-09-13T02:20,277.06,3.55,3.55,0.002,,,0.0,,管理者名 | 河川名 | 局名 | 所在地 | 最新観測時刻 | 流入量 | 全放流量 | 貯水位 | 貯水量 | 貯水率
Yamagata,山形県,月光川ダム,2026-09-13T02:20,169.32,4.26,4.26,0.007,,,0.2,,管理者名 | 河川名 | 局名 | 所在地 | 最新観測時刻 | 流入量 | 全放流量 | 貯水位 | 貯水量 | 貯水率
Yamagata,山形県,月山ダム,2026-09-13T02:10,236.75,3.01,3.9,16.294,,,90.9,,管理者名 | 河川名 | 局名 | 所在地 | 最新観測時刻 | 流入量 | 全放流量 | 貯水位 | 貯水量 | 貯水率
Yamagata,山形県,木地山ダム,2026-09-13T02:10,469.52,4.18,4.8,0.859,,,16.2,,管理者名 | 河川名 | 局名 | 所在地 | 最新観測時刻 | 流入量 | 全放流量 | 貯水位 | 貯水量 | 貯水率
Yamagata,山形県,温海川ダム,2026-09-13T02:20,142.42,0.84,0.84,0.434,,,97.4,,管理者名 | 河川名 | 局名 | 所在地 | 最新観測時刻 | 流入量 | 全放流量 | 貯水位 | 貯水量 | 貯水率
Yamagata,山形県,田沢川ダム,2026-09-13T02:10,126.71,0.38,1.13,3.883,,,78.5,,管理者名 | 河川名 | 局名 | 所在地 | 最新観測時刻 | 流入量 | 全放流量 | 貯水位 | 貯水量 | 貯水率
Yamagata,山形県,留山川ダム,2026-09-13T02:20,300.09,0.25,0.25,0.345,,,100.0,,管理者名 | 河川名 | 局名 | 所在地 | 最新観測時刻 | 流入量 | 全放流量 | 貯水位 | 貯水量 | 貯水率
Yamagata,山形県,白川ダム,2026-09-13T02:20,319.59,9.46,9.47,6.566,,,66.3,,管理者名 | 河川名 | 局名 | 所在地 | 最新観測時刻 | 流入量 | 全放流量 | 貯水位 | 貯水量 | 貯水率
Yamagata,山形県,白水川ダム,2026-09-13T02:10,357.56,0.45,0.45,2.513,,,96.7,,管理者名 | 河川名 | 局名 | 所在地 | 最新観測時刻 | 流入量 | 全放流量 | 貯水位 | 貯水量 | 貯水率
Yamagata,山形県,神室ダム,2026-09-13T02:10,380.86,1.0,1.0,2.447,,,74.7,,管理者名 | 河川名 | 局名 | 所在地 | 最新観測時刻 | 流入量 | 全放流量 | 貯水位 | 貯水量 | 貯水率
Yamagata,山形県,綱木川ダム,2026-09-13T02:10,456.31,2.42,2.64,3.576,,,100.0,,管理者名 | 河川名 | 局名 | 所在地 | 最新観測時刻 | 流入量 | 全放流量 | 貯水位 | 貯水量 | 貯水率
Yamagata,山形県,荒沢ダム,2026-09-13T02:10,236.31,6.8,13.22,4.712,,,27.3,,管理者名 | 河川名 | 局名 | 所在地 | 最新観測時刻 | 流入量 | 全放流量 | 貯水位 | 貯水量 | 貯水率
Yamagata,山形県,蔵王ダム,2026-09-13T02:10,593.15,1.6,1.6,1.914,,,90.3,,管理者名 | 河川名 | 局名 | 所在地 | 最新観測時刻 | 流入量 | 全放流量 | 貯水位 | 貯水量 | 貯水率
Yamagata,山形県,長井ダム,2026-09-13T02:20,365.62,10.17,5.89,20.687,,,93.7,,管理者名 | 河川名 | 局名 | 所在地 | 最新観測時刻 | 流入量 | 全放流量 | 貯水位 | 貯水量 | 貯水率
Yamagata,山形県,高坂ダム,2026-09-13T02:20,180.95,3.36,5.07,0.292,,,8.8,,管理者名 | 河川名 | 局名 | 所在地 | 最新観測時刻 | 流入量 | 全放流量 | 貯水位 | 貯水量 | 貯水率
Aomori,青森県,下湯ダム,2026-09-13T04:30,263.61,1.46,1.45,,,,,,管理者名 | 河川名 | 局名 | 所在地 | 最新観測時刻 | 流入量 | 全放流量 | 貯水位 | 平常時最高水位 | 洪水貯留準備水位 | 洪水量(※)
Aomori,青森県,世増ダム,2026-09-13T04:30,94.65,5.38,7.8,,,,,,管理者名 | 河川名 | 局名 | 所在地 | 最新観測時刻 | 流入量 | 全放流量 | 貯水位 | 平常時最高水位 | 洪水貯留準備水位 | 洪水量(※)
Aomori,青森県,久吉ダム,2026-09-13T04:30,276.6,0.14,0.69,,,,,,管理者名 | 河川名 | 局名 | 所在地 | 最新観測時刻 | 流入量 | 全放流量 | 貯水位 | 平常時最高水位 | 洪水貯留準備水位 | 洪水量(※)
Aomori,青森県,小泊ダム,2026-09-13T04:30,67.57,0.03,0.03,,,,,,管理者名 | 河川名 | 局名 | 所在地 | 最新観測時刻 | 流入量 | 全放流量 | 貯水位 | 平常時最高水位 | 洪水貯留準備水位 | 洪水量(※)
Aomori,青森県,川内ダム,2026-09-13T04:30,178.62,1.32,1.32,,,,,,管理者名 | 河川名 | 局名 | 所在地 | 最新観測時刻 | 流入量 | 全放流量 | 貯水位 | 平常時最高水位 | 洪水貯留準備水位 | 洪水量(※)
Aomori,青森県,津軽ダム,2026-09-13T04:30,195.75,7.08,14.54,,,,,,管理者名 | 河川名 | 局名 | 所在地 | 最新観測時刻 | 流入量 | 全放流量 | 貯水位 | 平常時最高水位 | 洪水貯留準備水位 | 洪水量(※)
Aomori,青森県,浅瀬石川ダム,2026-09-13T04:30,184.56,8.0,11.95,,,,,,管理者名 | 河川名 | 局名 | 所在地 | 最新観測時刻 | 流入量 | 全放流量 | 貯水位 | 平常時最高水位 | 洪水貯留準備水位 | 洪水量(※)
Aomori,青森県,浅虫ダム,2026-09-13T04:30,13.98,0.04,0.04,,,,,,管理者名 | 河川名 | 局名 | 所在地 | 最新観測時刻 | 流入量 | 全放流量 | 貯水位 | 平常時最高水位 | 洪水貯留準備水位 | 洪水量(※)
Aomori,青森県,清水目ダム,2026-09-13T04:30,108.03,0.4,0.5,,,,,,管理者名 | 河川名 | 局名 | 所在地 | 最新観測時刻 | 流入量 | 全放流量 | 貯水位 | 平常時最高水位 | 洪水貯留準備水位 | 洪水量(※)
Aomori,青森県,遠部ダム,2026-09-13T04:30,214.98,0.17,0.17,,,,,,管理者名 | 河川名 | 局名 | 所在地 | 最新観測時刻 | 流入量 | 全放流量 | 貯水位 | 平常時最高水位 | 洪水貯留準備水位 | 洪水量(※)
Aomori,青森県,飯詰ダム,2026-09-13T04:30,70.56,0.22,0.22,,,,,,管理者名 | 河川名 | 局名 | 所在地 | 最新観測時刻 | 流入量 | 全放流量 | 貯水位 | 平常時最高水位 | 洪水貯留準備水位 | 洪水量(※)
Fukui,福井県,九頭竜ダム,2026-09-13T04:30,541.89,17.29,0.01,,,,,33.7,局名 | 所在地 | 最新観測時刻 | 貯水率(利水容量) | 貯水位 | 有効貯水量 | 流入量 | 放流量 | 管理者名
Fukui,福井県,二ツ屋ダム,2026-09-13T04:30,349.76,1.66,1.66,,0.214,,,100.9,局名 | 所在地 | 最新観測時刻 | 貯水率(利水容量) | 貯水位 | 有効貯水量 | 流入量 | 放流量 | 管理者名
Fukui,福井県,吉野瀬川ダム,2026-09-13T04:30,99.97,0.6,0.9,,1.194,,,100.0,局名 | 所在地 | 最新観測時刻 | 貯水率(利水容量) | 貯水位 | 有効貯水量 | 流入量 | 放流量 | 管理者名
Fukui,福井県,大津呂ダム,2026-09-13T04:30,84.51,0.03,0.03,,0.116,,,42.8,局名 | 所在地 | 最新観測時刻 | 貯水率(利水容量) | 貯水位 | 有効貯水量 | 流入量 | 放流量 | 管理者名
Fukui,福井県,広野ダム,2026-09-13T04:30,294.54,1.6,1.59,,1.406,,,35.2,局名 | 所在地 | 最新観測時刻 | 貯水率(利水容量) | 貯水位 | 有効貯水量 | 流入量 | 放流量 | 管理者名
Fukui,福井県,桝谷ダム,2026-09-13T04:30,299.36,0.76,0.12,,3.534,,,17.7,局名 | 所在地 | 最新観測時刻 | 貯水率(利水容量) | 貯水位 | 有効貯水量 | 流入量 | 放流量 | 管理者名
Fukui,福井県,永平寺ダム,2026-09-13T04:30,319.84,0.3,0.3,,0.441,,,100.23,局名 | 所在地 | 最新観測時刻 | 貯水率(利水容量) | 貯水位 | 有効貯水量 | 流入量 | 放流量 | 管理者名
Fukui,福井県,河内川ダム,2026-09-13T04:30,184.23,0.49,0.31,,3.014,,,64.8,局名 | 所在地 | 最新観測時刻 | 貯水率(利水容量) | 貯水位 | 有効貯水量 | 流入量 | 放流量 | 管理者名
Fukui,福井県,浄土寺川ダム,2026-09-13T04:30,344.57,0.75,1.132,,0.772,,,100.0,局名 | 所在地 | 最新観測時刻 | 貯水率(利水容量) | 貯水位 | 有効貯水量 | 流入量 | 放流量 | 管理者名
Fukui,福井県,真名川ダム,2026-09-13T04:30,336.72,6.41,3.49,,,,,88.4,局名 | 所在地 | 最新観測時刻 | 貯水率(利水容量) | 貯水位 | 有効貯水量 | 流入量 | 放流量 | 管理者名
Fukui,福井県,笹生川ダム,2026-09-13T04:30,515.33,3.04,3.04,,24.155,,,58.97,局名 | 所在地 | 最新観測時刻 | 貯水率(利水容量) | 貯水位 | 有効貯水量 | 流入量 | 放流量 | 管理者名
Fukui,福井県,開谷ダム,2026-09-13T04:30,120.69,,,,0.062,,,61.4,局名 | 所在地 | 最新観測時刻 | 貯水率(利水容量) | 貯水位 | 有効貯水量 | 流入量 | 放流量 | 管理者名
Fukui,福井県,龍ヶ鼻ダム,2026-09-13T04:30,172.63,1.51,3.02,,3.918,,,82.97,局名 | 所在地 | 最新観測時刻 | 貯水率(利水容量) | 貯水位 | 有効貯水量 | 流入量 | 放流量 | 管理者名
Miyazaki,宮崎県,岩瀬ダム,2026-09-13T04:30,111.51,22.81,36.14,,,,,,河川名 | 局名 | 所在地 | 状態 | 最新観測時刻 | 貯水位 | 流入量 | 全放流量
Miyazaki,宮崎県,広渡ダム,2026-09-13T04:30,259.4,6.03,5.99,,,,,,河川名 | 局名 | 所在地 | 状態 | 最新観測時刻 | 貯水位 | 流入量 | 全放流量
Miyazaki,宮崎県,日南ダム,2026-09-13T04:00,107.34,4.15,3.9,,,,,,河川名 | 局名 | 所在地 | 状態 | 最新観測時刻 | 貯水位 | 流入量 | 全放流量
Miyazaki,宮崎県,松尾ダム,2026-09-13T04:30,195.82,17.61,17.61,,,,,,河川名 | 局名 | 所在地 | 状態 | 最新観測時刻 | 貯水位 | 流入量 | 全放流量
Miyazaki,宮崎県,沖田ダム,2026-09-13T04:30,48.11,0.41,0.38,,,,,,河川名 | 局名 | 所在地 | 状態 | 最新観測時刻 | 貯水位 | 流入量 | 全放流量
Miyazaki,宮崎県,渡川ダム,2026-09-13T04:30,290.04,7.2,7.22,,,,,,河川名 | 局名 | 所在地 | 状態 | 最新観測時刻 | 貯水位 | 流入量 | 全放流量
Miyazaki,宮崎県,瓜田ダム,2026-09-13T04:30,38.58,0.09,0.09,,,,,,河川名 | 局名 | 所在地 | 状態 | 最新観測時刻 | 貯水位 | 流入量 | 全放流量
Miyazaki,宮崎県,田代八重ダム,2026-09-13T04:30,324.19,5.9,14.0,,,,,,河川名 | 局名 | 所在地 | 状態 | 最新観測時刻 | 貯水位 | 流入量 | 全放流量
Miyazaki,宮崎県,祝子ダム,2026-09-13T04:20,303.39,3.34,3.34,,,,,,河川名 | 局名 | 所在地 | 状態 | 最新観測時刻 | 貯水位 | 流入量 | 全放流量
Miyazaki,宮崎県,立花ダム,2026-09-13T04:30,250.46,2.99,12.46,,,,,,河川名 | 局名 | 所在地 | 状態 | 最新観測時刻 | 貯水位 | 流入量 | 全放流量
Miyazaki,宮崎県,綾北ダム,2026-09-13T04:30,280.51,17.57,0.2,,,,,,河川名 | 局名 | 所在地 | 状態 | 最新観測時刻 | 貯水位 | 流入量 | 全放流量
Miyazaki,宮崎県,綾南ダム,2026-09-13T04:30,337.66,3.24,10.09,,,,,,河川名 | 局名 | 所在地 | 状態 | 最新観測時刻 | 貯水位 | 流入量 | 全放流量
Miyazaki,宮崎県,長谷ダム,2026-09-13T04:30,108.71,3.4,3.35,,,,,,河川名 | 局名 | 所在地 | 状態 | 最新観測時刻 | 貯水位 | 流入量 | 全放流量
Nara,奈良県,初瀬ダム,2026-09-13T04:30,221.28,0.37,0.23,,,,,,管理者名 | 河川名 | 局名 | 所在地 | 最新観測時刻 | 貯水位 | 貯水容量 | 空容量 | 全流入量 | 放流量
Nara,奈良県,大門ダム,2026-09-13T04:30,262.66,0.0,0.0,,,,,,管理者名 | 河川名 | 局名 | 所在地 | 最新観測時刻 | 貯水位 | 貯水容量 | 空容量 | 全流入量 | 放流量
Nara,奈良県,天理ダム,2026-09-13T04:30,253.33,0.26,0.26,,,,,,管理者名 | 河川名 | 局名 | 所在地 | 最新観測時刻 | 貯水位 | 貯水容量 | 空容量 | 全流入量 | 放流量
Nara,奈良県,岩井川ダム,2026-09-13T04:30,240.64,0.07,0.07,,,,,,管理者名 | 河川名 | 局名 | 所在地 | 最新観測時刻 | 貯水位 | 貯水容量 | 空容量 | 全流入量 | 放流量
Nara,奈良県,白川ダム,2026-09-13T04:30,111.32,0.15,0.0,,,,,,管理者名 | 河川名 | 局名 | 所在地 | 最新観測時刻 | 貯水位 | 貯水容量 | 空容量 | 全流入量 | 放流量
Niigata,新潟県,三面ダム,2026-09-13T04:20,115.87,1.95,15.45,,,,92.3,,観測所名 | 最新観測時刻 | 平常時最高貯水位(常時満水位)[m] | 貯水位[m] | 洪水時最高水位(サーチャージ水位)[m] | 貯水率[%] | 洪水流入量[m3/s] | 流入量[m3/s] | 計画高水流量[m3/s] | 全放流量[m3/s]
Niigata,新潟県,下条川ダム,2026-09-13T04:30,31.22,0.2,0.13,,,,,,観測所名 | 最新観測時刻 | 平常時最高貯水位(常時満水位)[m] | 貯水位[m] | 洪水時最高水位(サーチャージ水位)[m] | 貯水率[%] | 洪水流入量[m3/s] | 流入量[m3/s] | 計画高水流量[m3/s] | 全放流量[m3/s]
Niigata,新潟県,久知川ダム,2026-09-13T04:20,123.88,0.21,0.25,,,,100.0,,観測所名 | 最新観測時刻 | 平常時最高貯水位(常時満水位)[m] | 貯水位[m] | 洪水時最高水位(サーチャージ水位)[m] | 貯水率[%] | 洪水流入量[m3/s] | 流入量[m3/s] | 計画高水流量[m3/s] | 全放流量[m3/s]
Niigata,新潟県,内の倉ダム,2026-09-13T04:20,147.88,2.49,2.47,,,,41.2,,観測所名 | 最新観測時刻 | 平常時最高貯水位(常時満水位)[m] | 貯水位[m] | 洪水時最高水位(サーチャージ水位)[m] | 貯水率[%] | 洪水流入量[m3/s] | 流入量[m3/s] | 計画高水流量[m3/s] | 全放流量[m3/s]
Niigata,新潟県,刈谷田川ダム,2026-09-13T04:20,239.34,1.23,1.15,,,,98.2,,観測所名 | 最新観測時刻 | 平常時最高貯水位(常時満水位)[m] | 貯水位[m] | 洪水時最高水位(サーチャージ水位)[m] | 貯水率[%] | 洪水流入量[m3/s] | 流入量[m3/s] | 計画高水流量[m3/s] | 全放流量[m3/s]
Niigata,新潟県,加治川治水ダム,2026-09-13T04:20,272.0,1.66,6.26,,,,,,観測所名 | 最新観測時刻 | 平常時最高貯水位(常時満水位)[m] | 貯水位[m] | 洪水時最高水位(サーチャージ水位)[m] | 貯水率[%] | 洪水流入量[m3/s] | 流入量[m3/s] | 計画高水流量[m3/s] | 全放流量[m3/s]
Niigata,新潟県,城川ダム,2026-09-13T04:20,271.53,0.55,0.22,,,,100.0,,観測所名 | 最新観測時刻 | 平常時最高貯水位(常時満水位)[m] | 貯水位[m] | 洪水時最高水位(サーチャージ水位)[m] | 貯水率[%] | 洪水流入量[m3/s] | 流入量[m3/s] | 計画高水流量[m3/s] | 全放流量[m3/s]
Niigata,新潟県,大谷ダム,2026-09-13T04:30,191.49,0.0,1.2,,,,100.0,,観測所名 | 最新観測時刻 | 平常時最高貯水位(常時満水位)[m] | 貯水位[m] | 洪水時最高水位(サーチャージ水位)[m] | 貯水率[%] | 洪水流入量[m3/s] | 流入量[m3/s] | 計画高水流量[m3/s] | 全放流量[m3/s]
Niigata,新潟県,大野川ダム,2026-09-13T04:20,142.26,0.18,0.41,,,,95.2,,観測所名 | 最新観測時刻 | 平常時最高貯水位(常時満水位)[m] | 貯水位[m] | 洪水時最高水位(サーチャージ水位)[m] | 貯水率[%] | 洪水流入量[m3/s] | 流入量[m3/s] | 計画高水流量[m3/s] | 全放流量[m3/s]
Niigata,新潟県,奥三面ダム,2026-09-13T04:20,211.29,7.86,0.71,,,,78.3,,観測所名 | 最新観測時刻 | 平常時最高貯水位(常時満水位)[m] | 貯水位[m] | 洪水時最高水位(サーチャージ水位)[m] | 貯水率[%] | 洪水流入量[m3/s] | 流入量[m3/s] | 計画高水流量[m3/s] | 全放流量[m3/s]
Niigata,新潟県,奥胎内ダム,2026-09-13T04:20,383.99,2.39,1.77,,,,,,観測所名 | 最新観測時刻 | 平常時最高貯水位(常時満水位)[m] | 貯水位[m] | 洪水時最高水位(サーチャージ水位)[m] | 貯水率[%] | 洪水流入量[m3/s] | 流入量[m3/s] | 計画高水流量[m3/s] | 全放流量[m3/s]
Niigata,新潟県,広神ダム,2026-09-13T04:30,213.82,1.63,1.95,,,,100.0,,観測所名 | 最新観測時刻 | 平常時最高貯水位(常時満水位)[m] | 貯水位[m] | 洪水時最高水位(サーチャージ水位)[m] | 貯水率[%] | 洪水流入量[m3/s] | 流入量[m3/s] | 計画高水流量[m3/s] | 全放流量[m3/s]
Niigata,新潟県,新保川ダム,2026-09-13T04:20,160.38,0.25,0.25,,,,100.0,,観測所名 | 最新観測時刻 | 平常時最高貯水位(常時満水位)[m] | 貯水位[m] | 洪水時最高水位(サーチャージ水位)[m] | 貯水率[%] | 洪水流入量[m3/s] | 流入量[m3/s] | 計画高水流量[m3/s] | 全放流量[m3/s]
Niigata,新潟県,早出川ダム,2026-09-13T04:20,163.7,1.27,2.56,,,,76.0,,観測所名 | 最新観測時刻 | 平常時最高貯水位(常時満水位)[m] | 貯水位[m] | 洪水時最高水位(サーチャージ水位)[m] | 貯水率[%] | 洪水流入量[m3/s] | 流入量[m3/s] | 計画高水流量[m3/s] | 全放流量[m3/s]
Niigata,新潟県,柿崎川ダム,2026-09-13T04:20,120.79,0.59,0.59,,,,100.0,,観測所名 | 最新観測時刻 | 平常時最高貯水位(常時満水位)[m] | 貯水位[m] | 洪水時最高水位(サーチャージ水位)[m] | 貯水率[%] | 洪水流入量[m3/s] | 流入量[m3/s] | 計画高水流量[m3/s] | 全放流量[m3/s]
Niigata,新潟県,正善寺ダム,2026-09-13T04:20,86.21,0.28,0.18,,,,83.3,,観測所名 | 最新観測時刻 | 平常時最高貯水位(常時満水位)[m] | 貯水位[m] | 洪水時最高水位(サーチャージ水位)[m] | 貯水率[%] | 洪水流入量[m3/s] | 流入量[m3/s] | 計画高水流量[m3/s] | 全放流量[m3/s]
Niigata,新潟県,破間川ダム,2026-09-13T04:30,429.7,3.19,5.83,,,,58.0,,観測所名 | 最新観測時刻 | 平常時最高貯水位(常時満水位)[m] | 貯水位[m] | 洪水時最高水位(サーチャージ水位)[m] | 貯水率[%] | 洪水流入量[m3/s] | 流入量[m3/s] | 計画高水流量[m3/s] | 全放流量[m3/s]
Niigata,新潟県,笠堀ダム,2026-09-13T04:30,193.15,4.21,3.33,,,,89.6,,観測所名 | 最新観測時刻 | 平常時最高貯水位(常時満水位)[m] | 貯水位[m] | 洪水時最高水位(サーチャージ水位)[m] | 貯水率[%] | 洪水流入量[m3/s] | 流入量[m3/s] | 計画高水流量[m3/s] | 全放流量[m3/s]
Niigata,新潟県,胎内川ダム,2026-09-13T04:20,287.33,4.09,5.23,,,,92.1,,観測所名 | 最新観測時刻 | 平常時最高貯水位(常時満水位)[m] | 貯水位[m] | 洪水時最高水位(サーチャージ水位)[m] | 貯水率[%] | 洪水流入量[m3/s] | 流入量[m3/s] | 計画高水流量[m3/s] | 全放流量[m3/s]
Niigata,新潟県,鯖石川ダム,2026-09-13T04:20,134.82,0.81,1.21,,,,93.3,,観測所名 | 最新観測時刻 | 平常時最高貯水位(常時満水位)[m] | 貯水位[m] | 洪水時最高水位(サーチャージ水位)[m] | 貯水率[%] | 洪水流入量[m3/s] | 流入量[m3/s] | 計画高水流量[m3/s] | 全放流量[m3/s]
Oita,大分県,北川ダム,2026-09-13T04:30,148.39,4.86,23.71,,,,38.5,,管理者名 | 河川名 | 局名 | 所在地 | 最新観測時刻 | 貯水位 | 流入量 | 貯水量 | 貯水率 | 放流量
Oita,大分県,安岐ダム,2026-09-13T04:30,153.75,0.22,0.25,0.608,,,100.0,,管理者名 | 河川名 | 局名 | 所在地 | 最新観測時刻 | 貯水位 | 流入量 | 貯水量 | 貯水率 | 放流量
Oita,大分県,床木ダム,2026-09-13T04:30,88.67,0.3,0.29,0.904,,,100.0,,管理者名 | 河川名 | 局名 | 所在地 | 最新観測時刻 | 貯水位 | 流入量 | 貯水量 | 貯水率 | 放流量
Oita,大分県,玉来ダム,2026-09-13T04:30,350.75,5.25,5.25,,,,0.1,,管理者名 | 河川名 | 局名 | 所在地 | 最新観測時刻 | 貯水位 | 流入量 | 貯水量 | 貯水率 | 放流量
Oita,大分県,稲葉ダム,2026-09-13T04:30,437.83,2.258,2.07,,,,100.9,,管理者名 | 河川名 | 局名 | 所在地 | 最新観測時刻 | 貯水位 | 流入量 | 貯水量 | 貯水率 | 放流量
Oita,大分県,芹川ダム,2026-09-13T04:30,328.59,4.45,4.81,,,,55.6,,管理者名 | 河川名 | 局名 | 所在地 | 最新観測時刻 | 貯水位 | 流入量 | 貯水量 | 貯水率 | 放流量
Oita,大分県,行入ダム,2026-09-13T04:30,122.5,0.01,0.1,0.478,,,47.0,,管理者名 | 河川名 | 局名 | 所在地 | 最新観測時刻 | 貯水位 | 流入量 | 貯水量 | 貯水率 | 放流量
Oita,大分県,野津ダム,2026-09-13T04:30,238.07,0.07,0.07,,,,100.8,,管理者名 | 河川名 | 局名 | 所在地 | 最新観測時刻 | 貯水位 | 流入量 | 貯水量 | 貯水率 | 放流量
Oita,大分県,青江ダム,2026-09-13T04:30,64.12,0.061,0.061,0.457,,,100.0,,管理者名 | 河川名 | 局名 | 所在地 | 最新観測時刻 | 貯水位 | 流入量 | 貯水量 | 貯水率 | 放流量
Oita,大分県,黒沢ダム,2026-09-13T04:30,95.46,0.73,0.79,1.158,,,100.0,,管理者名 | 河川名 | 局名 | 所在地 | 最新観測時刻 | 貯水位 | 流入量 | 貯水量 | 貯水率 | 放流量
Tokushima,徳島県,宮川内ダム,2026-09-13T04:20,129.6,0.47,0.47,,,0.607,78.83,,管理者名 | 河川名 | 局名 | 所在地 | 最新観測時刻 | 貯水位 | 総貯水量 | 全流入量 | 全放流量 | 貯水率
Tokushima,徳島県,川口ダム,2026-09-13T04:20,94.8,73.0,69.6,,,,,,管理者名 | 河川名 | 局名 | 所在地 | 最新観測時刻 | 貯水位 | 総貯水量 | 全流入量 | 全放流量 | 貯水率
Tokushima,徳島県,棚野ダム,2026-09-13T04:20,,,15.2,,,,,,管理者名 | 河川名 | 局名 | 所在地 | 最新観測時刻 | 貯水位 | 総貯水量 | 全流入量 | 全放流量 | 貯水率
Tokushima,徳島県,正木ダム,2026-09-13T04:20,167.58,10.2,10.2,,,5.511,80.46,,管理者名 | 河川名 | 局名 | 所在地 | 最新観測時刻 | 貯水位 | 総貯水量 | 全流入量 | 全放流量 | 貯水率
Tokushima,徳島県,池田ダム,2026-09-13T04:20,88.7,41.87,42.14,,,,,,管理者名 | 河川名 | 局名 | 所在地 | 最新観測時刻 | 貯水位 | 総貯水量 | 全流入量 | 全放流量 | 貯水率
Tokushima,徳島県,福井ダム,2026-09-13T04:20,43.75,0.8,0.8,,,1.334,100.0,,管理者名 | 河川名 | 局名 | 所在地 | 最新観測時刻 | 貯水位 | 総貯水量 | 全流入量 | 全放流量 | 貯水率
Tokushima,徳島県,長安口ダム,2026-09-13T04:20,222.43,71.33,59.77,,,,,,管理者名 | 河川名 | 局名 | 所在地 | 最新観測時刻 | 貯水位 | 総貯水量 | 全流入量 | 全放流量 | 貯水率
Yamagata,山形県,前川ダム,2026-09-13T04:30,257.38,0.0,0.1,1.548,,,91.1,,管理者名 | 河川名 | 局名 | 所在地 | 最新観測時刻 | 流入量 | 全放流量 | 貯水位 | 貯水量 | 貯水率
Yamagata,山形県,寒河江ダム,2026-09-13T04:30,385.46,12.76,27.66,51.565,,,93.1,,管理者名 | 河川名 | 局名 | 所在地 | 最新観測時刻 | 流入量 | 全放流量 | 貯水位 | 貯水量 | 貯水率
Yamagata,山形県,最上小国川流水型ダム,2026-09-13T04:30,277.05,3.39,3.39,0.002,,,0.0,,管理者名 | 河川名 | 局名 | 所在地 | 最新観測時刻 | 流入量 | 全放流量 | 貯水位 | 貯水量 | 貯水率
Yamagata,山形県,月光川ダム,2026-09-13T04:30,169.32,4.26,4.26,0.007,,,0.2,,管理者名 | 河川名 | 局名 | 所在地 | 最新観測時刻 | 流入量 | 全放流量 | 貯水位 | 貯水量 | 貯水率
Yamagata,山形県,月山ダム,2026-09-13T04:30,236.74,2.92,4.0,16.285,,,90.8,,管理者名 | 河川名 | 局名 | 所在地 | 最新観測時刻 | 流入量 | 全放流量 | 貯水位 | 貯水量 | 貯水率
Yamagata,山形県,木地山ダム,2026-09-13T04:30,469.49,3.63,4.8,0.852,,,16.1,,管理者名 | 河川名 | 局名 | 所在地 | 最新観測時刻 | 流入量 | 全放流量 | 貯水位 | 貯水量 | 貯水率
Yamagata,山形県,温海川ダム,2026-09-13T04:30,142.41,1.04,1.04,0.432,,,97.1,,管理者名 | 河川名 | 局名 | 所在地 | 最新観測時刻 | 流入量 | 全放流量 | 貯水位 | 貯水量 | 貯水率
Yamagata,山形県,田沢川ダム,2026-09-13T04:30,126.68,0.45,1.1,3.876,,,78.3,,管理者名 | 河川名 | 局名 | 所在地 | 最新観測時刻 | 流入量 | 全放流量 | 貯水位 | 貯水量 | 貯水率
Yamagata,山形県,留山川ダム,2026-09-13T04:30,300.08,0.23,0.23,0.344,,,100.0,,管理者名 | 河川名 | 局名 | 所在地 | 最新観測時刻 | 流入量 | 全放流量 | 貯水位 | 貯水量 | 貯水率
Yamagata,山形県,白川ダム,2026-09-13T04:30,319.59,9.47,9.44,6.566,,,66.3,,管理者名 | 河川名 | 局名 | 所在地 | 最新観測時刻 | 流入量 | 全放流量 | 貯水位 | 貯水量 | 貯水率
Yamagata,山形県,白水川ダム,2026-09-13T04:30,357.55,0.45,0.45,2.511,,,96.6,,管理者名 | 河川名 | 局名 | 所在地 | 最新観測時刻 | 流入量 | 全放流量 | 貯水位 | 貯水量 | 貯水率
Yamagata,山形県,神室ダム,2026-09-13T04:30,380.84,0.28,1.0,2.442,,,74.6,,管理者名 | 河川名 | 局名 | 所在地 | 最新観測時刻 | 流入量 | 全放流量 | 貯水位 | 貯水量 | 貯水率
Yamagata,山形県,綱木川ダム,2026-09-13T04:30,456.3,2.39,2.58,3.573,,,100.0,,管理者名 | 河川名 | 局名 | 所在地 | 最新観測時刻 | 流入量 | 全放流量 | 貯水位 | 貯水量 | 貯水率
Yamagata,山形県,荒沢ダム,2026-09-13T04:30,236.26,6.78,13.2,4.664,,,27.0,,管理者名 | 河川名 | 局名 | 所在地 | 最新観測時刻 | 流入量 | 全放流量 | 貯水位 | 貯水量 | 貯水率
Yamagata,山形県,蔵王ダム,2026-09-13T04:20,593.15,1.6,1.6,1.914,,,90.3,,管理者名 | 河川名 | 局名 | 所在地 | 最新観測時刻 | 流入量 | 全放流量 | 貯水位 | 貯水量 | 貯水率
Yamagata,山形県,長井ダム,2026-09-13T04:30,365.62,5.98,5.99,20.687,,,93.7,,管理者名 | 河川名 | 局名 | 所在地 | 最新観測時刻 | 流入量 | 全放流量 | 貯水位 | 貯水量 | 貯水率
Yamagata,山形県,高坂ダム,2026-09-13T04:30,180.92,3.36,5.07,0.282,,,8.5,,管理者名 | 河川名 | 局名 | 所在地 | 最新観測時刻 | 流入量 | 全放流量 | 貯水位 | 貯水量 | 貯水率
Aomori,青森県,下湯ダム,2026-09-13T06:50,263.61,1.46,1.45,,,,,,管理者名 | 河川名 | 局名 | 所在地 | 最新観測時刻 | 流入量 | 全放流量 | 貯水位 | 平常時最高水位 | 洪水貯留準備水位 | 洪水量(※)
Aomori,青森県,世増ダム,2026-09-13T06:50,94.65,7.79,7.82,,,,,,管理者名 | 河川名 | 局名 | 所在地 | 最新観測時刻 | 流入量 | 全放流量 | 貯水位 | 平常時最高水位 | 洪水貯留準備水位 | 洪水量(※)
Aomori,青森県,久吉ダム,2026-09-13T06:50,276.6,0.68,0.69,,,,,,管理者名 | 河川名 | 局名 | 所在地 | 最新観測時刻 | 流入量 | 全放流量 | 貯水位 | 平常時最高水位 | 洪水貯留準備水位 | 洪水量(※)
Aomori,青森県,小泊ダム,2026-09-13T06:50,67.57,0.03,0.03,,,,,,管理者名 | 河川名 | 局名 | 所在地 | 最新観測時刻 | 流入量 | 全放流量 | 貯水位 | 平常時最高水位 | 洪水貯留準備水位 | 洪水量(※)
Aomori,青森県,川内ダム,2026-09-13T06:50,178.61,1.32,1.32,,,,,,管理者名 | 河川名 | 局名 | 所在地 | 最新観測時刻 | 流入量 | 全放流量 | 貯水位 | 平常時最高水位 | 洪水貯留準備水位 | 洪水量(※)
Aomori,青森県,津軽ダム,2026-09-13T06:50,195.72,7.07,14.57,,,,,,管理者名 | 河川名 | 局名 | 所在地 | 最新観測時刻 | 流入量 | 全放流量 | 貯水位 | 平常時最高水位 | 洪水貯留準備水位 | 洪水量(※)
Aomori,青森県,浅瀬石川ダム,2026-09-13T06:50,184.53,4.78,11.94,,,,,,管理者名 | 河川名 | 局名 | 所在地 | 最新観測時刻 | 流入量 | 全放流量 | 貯水位 | 平常時最高水位 | 洪水貯留準備水位 | 洪水量(※)
Aomori,青森県,浅虫ダム,2026-09-13T06:50,13.98,0.04,0.04,,,,,,管理者名 | 河川名 | 局名 | 所在地 | 最新観測時刻 | 流入量 | 全放流量 | 貯水位 | 平常時最高水位 | 洪水貯留準備水位 | 洪水量(※)
Aomori,青森県,清水目ダム,2026-09-13T06:50,108.02,0.4,0.4,,,,,,管理者名 | 河川名 | 局名 | 所在地 | 最新観測時刻 | 流入量 | 全放流量 | 貯水位 | 平常時最高水位 | 洪水貯留準備水位 | 洪水量(※)
Aomori,青森県,遠部ダム,2026-09-13T06:50,214.98,0.17,0.17,,,,,,管理者名 | 河川名 | 局名 | 所在地 | 最新観測時刻 | 流入量 | 全放流量 | 貯水位 | 平常時最高水位 | 洪水貯留準備水位 | 洪水量(※)
Aomori,青森県,飯詰ダム,2026-09-13T06:50,70.56,0.22,0.22,,,,,,管理者名 | 河川名 | 局名 | 所在地 | 最新観測時刻 | 流入量 | 全放流量 | 貯水位 | 平常時最高水位 | 洪水貯留準備水位 | 洪水量(※)
Fukui,福井県,九頭竜ダム,2026-09-13T06:50,541.91,15.72,0.01,,,,,33.7,局名 | 所在地 | 最新観測時刻 | 貯水率(利水容量) | 貯水位 | 有効貯水量 | 流入量 | 放流量 | 管理者名
Fukui,福井県,二ツ屋ダム,2026-09-13T06:50,349.76,1.66,1.66,,0.214,,,100.9,局名 | 所在地 | 最新観測時刻 | 貯水率(利水容量) | 貯水位 | 有効貯水量 | 流入量 | 放流量 | 管理者名
Fukui,福井県,吉野瀬川ダム,2026-09-13T06:50,99.96,0.62,0.89,,1.192,,,100.0,局名 | 所在地 | 最新観測時刻 | 貯水率(利水容量) | 貯水位 | 有効貯水量 | 流入量 | 放流量 | 管理者名
Fukui,福井県,大津呂ダム,2026-09-13T06:50,84.52,0.04,0.02,,0.116,,,42.8,局名 | 所在地 | 最新観測時刻 | 貯水率(利水容量) | 貯水位 | 有効貯水量 | 流入量 | 放流量 | 管理者名
Fukui,福井県,広野ダム,2026-09-13T06:50,294.53,1.6,1.56,,1.404,,,35.1,局名 | 所在地 | 最新観測時刻 | 貯水率(利水容量) | 貯水位 | 有効貯水量 | 流入量 | 放流量 | 管理者名
Fukui,福井県,桝谷ダム,2026-09-13T06:50,299.36,0.12,0.12,,3.534,,,17.7,局名 | 所在地 | 最新観測時刻 | 貯水率(利水容量) | 貯水位 | 有効貯水量 | 流入量 | 放流量 | 管理者名
Fukui,福井県,永平寺ダム,2026-09-13T06:50,319.83,0.25,0.28,,0.441,,,100.23,局名 | 所在地 | 最新観測時刻 | 貯水率(利水容量) | 貯水位 | 有効貯水量 | 流入量 | 放流量 | 管理者名
Fukui,福井県,河内川ダム,2026-09-13T06:50,184.23,0.49,0.31,,3.014,,,64.8,局名 | 所在地 | 最新観測時刻 | 貯水率(利水容量) | 貯水位 | 有効貯水量 | 流入量 | 放流量 | 管理者名
Fukui,福井県,浄土寺川ダム,2026-09-13T06:50,344.52,0.654,0.635,,0.769,,,100.0,局名 | 所在地 | 最新観測時刻 | 貯水率(利水容量) | 貯水位 | 有効貯水量 | 流入量 | 放流量 | 管理者名
Fukui,福井県,真名川ダム,2026-09-13T06:50,336.73,3.5,3.49,,,,,88.6,局名 | 所在地 | 最新観測時刻 | 貯水率(利水容量) | 貯水位 | 有効貯水量 | 流入量 | 放流量 | 管理者名
Fukui,福井県,笹生川ダム,2026-09-13T06:50,515.33,3.08,3.09,,24.155,,,58.97,局名 | 所在地 | 最新観測時刻 | 貯水率(利水容量) | 貯水位 | 有効貯水量 | 流入量 | 放流量 | 管理者名
Fukui,福井県,開谷ダム,2026-09-13T06:50,120.7,,,,0.062,,,61.4,局名 | 所在地 | 最新観測時刻 | 貯水率(利水容量) | 貯水位 | 有効貯水量 | 流入量 | 放流量 | 管理者名
Fukui,福井県,龍ヶ鼻ダム,2026-09-13T06:50,172.59,1.74,3.01,,3.908,,,82.76,局名 | 所在地 | 最新観測時刻 | 貯水率(利水容量) | 貯水位 | 有効貯水量 | 流入量 | 放流量 | 管理者名
Miyazaki,宮崎県,岩瀬ダム,2026-09-13T06:50,111.4,17.58,35.93,,,,,,河川名 | 局名 | 所在地 | 状態 | 最新観測時刻 | 貯水位 | 流入量 | 全放流量
Miyazaki,宮崎県,広渡ダム,2026-09-13T06:50,259.39,5.91,5.88,,,,,,河川名 | 局名 | 所在地 | 状態 | 最新観測時刻 | 貯水位 | 流入量 | 全放流量
Miyazaki,宮崎県,日南ダム,2026-09-13T06:00,107.34,4.15,3.9,,,,,,河川名 | 局名 | 所在地 | 状態 | 最新観測時刻 | 貯水位 | 流入量 | 全放流量
Miyazaki,宮崎県,松尾ダム,2026-09-13T06:50,195.81,17.59,17.61,,,,,,河川名 | 局名 | 所在地 | 状態 | 最新観測時刻 | 貯水位 | 流入量 | 全放流量
Miyazaki,宮崎県,沖田ダム,2026-09-13T06:50,48.11,0.41,0.38,,,,,,河川名 | 局名 | 所在地 | 状態 | 最新観測時刻 | 貯水位 | 流入量 | 全放流量
Miyazaki,宮崎県,渡川ダム,2026-09-13T06:50,290.04,7.2,7.22,,,,,,河川名 | 局名 | 所在地 | 状態 | 最新観測時刻 | 貯水位 | 流入量 | 全放流量
Miyazaki,宮崎県,瓜田ダム,2026-09-13T06:30,38.58,0.09,0.09,,,,,,河川名 | 局名 | 所在地 | 状態 | 最新観測時刻 | 貯水位 | 流入量 | 全放流量
Miyazaki,宮崎県,田代八重ダム,2026-09-13T06:30,324.05,0.0,14.0,,,,,,河川名 | 局名 | 所在地 | 状態 | 最新観測時刻 | 貯水位 | 流入量 | 全放流量
Miyazaki,宮崎県,祝子ダム,2026-09-13T06:50,303.38,3.18,3.34,,,,,,河川名 | 局名 | 所在地 | 状態 | 最新観測時刻 | 貯水位 | 流入量 | 全放流量
Miyazaki,宮崎県,立花ダム,2026-09-13T06:50,250.19,2.83,0.0,,,,,,河川名 | 局名 | 所在地 | 状態 | 最新観測時刻 | 貯水位 | 流入量 | 全放流量
Miyazaki,宮崎県,綾北ダム,2026-09-13T06:50,280.72,18.22,0.2,,,,,,河川名 | 局名 | 所在地 | 状態 | 最新観測時刻 | 貯水位 | 流入量 | 全放流量
Miyazaki,宮崎県,綾南ダム,2026-09-13T06:50,337.61,3.28,10.1,,,,,,河川名 | 局名 | 所在地 | 状態 | 最新観測時刻 | 貯水位 | 流入量 | 全放流量
Miyazaki,宮崎県,長谷ダム,2026-09-13T06:50,108.71,3.4,3.35,,,,,,河川名 | 局名 | 所在地 | 状態 | 最新観測時刻 | 貯水位 | 流入量 | 全放流量
Nara,奈良県,初瀬ダム,2026-09-13T06:50,221.3,0.41,0.23,,,,,,管理者名 | 河川名 | 局名 | 所在地 | 最新観測時刻 | 貯水位 | 貯水容量 | 空容量 | 全流入量 | 放流量
Nara,奈良県,大門ダム,2026-09-13T06:50,262.66,0.0,0.0,,,,,,管理者名 | 河川名 | 局名 | 所在地 | 最新観測時刻 | 貯水位 | 貯水容量 | 空容量 | 全流入量 | 放流量
Nara,奈良県,天理ダム,2026-09-13T06:50,253.32,0.26,0.26,,,,,,管理者名 | 河川名 | 局名 | 所在地 | 最新観測時刻 | 貯水位 | 貯水容量 | 空容量 | 全流入量 | 放流量
Nara,奈良県,岩井川ダム,2026-09-13T06:50,240.63,0.04,0.07,,,,,,管理者名 | 河川名 | 局名 | 所在地 | 最新観測時刻 | 貯水位 | 貯水容量 | 空容量 | 全流入量 | 放流量
Nara,奈良県,白川ダム,2026-09-13T06:50,111.32,0.0,0.0,,,,,,管理者名 | 河川名 | 局名 | 所在地 | 最新観測時刻 | 貯水位 | 貯水容量 | 空容量 | 全流入量 | 放流量
Niigata,新潟県,三面ダム,2026-09-13T06:50,115.8,3.17,15.66,,,,91.9,,観測所名 | 最新観測時刻 | 平常時最高貯水位(常時満水位)[m] | 貯水位[m] | 洪水時最高水位(サーチャージ水位)[m] | 貯水率[%] | 洪水流入量[m3/s] | 流入量[m3/s] | 計画高水流量[m3/s] | 全放流量[m3/s]
Niigata,新潟県,下条川ダム,2026-09-13T06:50,31.23,0.2,0.13,,,,,,観測所名 | 最新観測時刻 | 平常時最高貯水位(常時満水位)[m] | 貯水位[m] | 洪水時最高水位(サーチャージ水位)[m] | 貯水率[%] | 洪水流入量[m3/s] | 流入量[m3/s] | 計画高水流量[m3/s] | 全放流量[m3/s]
Niigata,新潟県,久知川ダム,2026-09-13T06:50,123.87,0.24,0.19,,,,100.0,,観測所名 | 最新観測時刻 | 平常時最高貯水位(常時満水位)[m] | 貯水位[m] | 洪水時最高水位(サーチャージ水位)[m] | 貯水率[%] | 洪水流入量[m3/s] | 流入量[m3/s] | 計画高水流量[m3/s] | 全放流量[m3/s]
Niigata,新潟県,内の倉ダム,2026-09-13T06:50,147.88,2.48,2.47,,,,41.2,,観測所名 | 最新観測時刻 | 平常時最高貯水位(常時満水位)[m] | 貯水位[m] | 洪水時最高水位(サーチャージ水位)[m] | 貯水率[%] | 洪水流入量[m3/s] | 流入量[m3/s] | 計画高水流量[m3/s] | 全放流量[m3/s]
Niigata,新潟県,刈谷田川ダム,2026-09-13T06:50,239.35,1.41,1.31,,,,98.2,,観測所名 | 最新観測時刻 | 平常時最高貯水位(常時満水位)[m] | 貯水位[m] | 洪水時最高水位(サーチャージ水位)[m] | 貯水率[%] | 洪水流入量[m3/s] | 流入量[m3/s] | 計画高水流量[m3/s] | 全放流量[m3/s]
Niigata,新潟県,加治川治水ダム,2026-09-13T06:50,272.1,5.8,3.5,,,,,,観測所名 | 最新観測時刻 | 平常時最高貯水位(常時満水位)[m] | 貯水位[m] | 洪水時最高水位(サーチャージ水位)[m] | 貯水率[%] | 洪水流入量[m3/s] | 流入量[m3/s] | 計画高水流量[m3/s] | 全放流量[m3/s]
Niigata,新潟県,城川ダム,2026-09-13T06:50,271.53,0.55,0.22,,,,100.0,,観測所名 | 最新観測時刻 | 平常時最高貯水位(常時満水位)[m] | 貯水位[m] | 洪水時最高水位(サーチャージ水位)[m] | 貯水率[%] | 洪水流入量[m3/s] | 流入量[m3/s] | 計画高水流量[m3/s] | 全放流量[m3/s]
Niigata,新潟県,大谷ダム,2026-09-13T06:50,191.49,1.2,1.19,,,,100.0,,観測所名 | 最新観測時刻 | 平常時最高貯水位(常時満水位)[m] | 貯水位[m] | 洪水時最高水位(サーチャージ水位)[m] | 貯水率[%] | 洪水流入量[m3/s] | 流入量[m3/s] | 計画高水流量[m3/s] | 全放流量[m3/s]
Niigata,新潟県,大野川ダム,2026-09-13T06:50,142.23,0.2,0.41,,,,94.6,,観測所名 | 最新観測時刻 | 平常時最高貯水位(常時満水位)[m] | 貯水位[m] | 洪水時最高水位(サーチャージ水位)[m] | 貯水率[%] | 洪水流入量[m3/s] | 流入量[m3/s] | 計画高水流量[m3/s] | 全放流量[m3/s]
Niigata,新潟県,奥三面ダム,2026-09-13T06:50,211.31,7.86,0.71,,,,78.4,,観測所名 | 最新観測時刻 | 平常時最高貯水位(常時満水位)[m] | 貯水位[m] | 洪水時最高水位(サーチャージ水位)[m] | 貯水率[%] | 洪水流入量[m3/s] | 流入量[m3/s] | 計画高水流量[m3/s] | 全放流量[m3/s]
Niigata,新潟県,奥胎内ダム,2026-09-13T06:50,384.0,2.06,2.07,,,,,,観測所名 | 最新観測時刻 | 平常時最高貯水位(常時満水位)[m] | 貯水位[m] | 洪水時最高水位(サーチャージ水位)[m] | 貯水率[%] | 洪水流入量[m3/s] | 流入量[m3/s] | 計画高水流量[m3/s] | 全放流量[m3/s]
Niigata,新潟県,広神ダム,2026-09-13T06:50,213.81,1.63,1.92,,,,100.0,,観測所名 | 最新観測時刻 | 平常時最高貯水位(常時満水位)[m] | 貯水位[m] | 洪水時最高水位(サーチャージ水位)[m] | 貯水率[%] | 洪水流入量[m3/s] | 流入量[m3/s] | 計画高水流量[m3/s] | 全放流量[m3/s]
Niigata,新潟県,新保川ダム,2026-09-13T06:50,160.38,0.25,0.25,,,,100.0,,観測所名 | 最新観測時刻 | 平常時最高貯水位(常時満水位)[m] | 貯水位[m] | 洪水時最高水位(サーチャージ水位)[m] | 貯水率[%] | 洪水流入量[m3/s] | 流入量[m3/s] | 計画高水流量[m3/s] | 全放流量[m3/s]
Niigata,新潟県,早出川ダム,2026-09-13T06:50,163.68,2.31,2.57,,,,75.7,,観測所名 | 最新観測時刻 | 平常時最高貯水位(常時満水位)[m] | 貯水位[m] | 洪水時最高水位(サーチャージ水位)[m] | 貯水率[%] | 洪水流入量[m3/s] | 流入量[m3/s] | 計画高水流量[m3/s] | 全放流量[m3/s]
Niigata,新潟県,柿崎川ダム,2026-09-13T06:50,120.79,0.61,0.62,,,,100.0,,観測所名 | 最新観測時刻 | 平常時最高貯水位(常時満水位)[m] | 貯水位[m] | 洪水時最高水位(サーチャージ水位)[m] | 貯水率[%] | 洪水流入量[m3/s] | 流入量[m3/s] | 計画高水流量[m3/s] | 全放流量[m3/s]
Niigata,新潟県,正善寺ダム,2026-09-13T06:50,86.21,0.28,0.14,,,,83.3,,観測所名 | 最新観測時刻 | 平常時最高貯水位(常時満水位)[m] | 貯水位[m] | 洪水時最高水位(サーチャージ水位)[m] | 貯水率[%] | 洪水流入量[m3/s] | 流入量[m3/s] | 計画高水流量[m3/s] | 全放流量[m3/s]
Niigata,新潟県,破間川ダム,2026-09-13T06:50,429.6,3.15,5.87,,,,55.0,,観測所名 | 最新観測時刻 | 平常時最高貯水位(常時満水位)[m] | 貯水位[m] | 洪水時最高水位(サーチャージ水位)[m] | 貯水率[%] | 洪水流入量[m3/s] | 流入量[m3/s] | 計画高水流量[m3/s] | 全放流量[m3/s]
Niigata,新潟県,笠堀ダム,2026-09-13T06:50,193.16,3.32,3.3,,,,89.7,,観測所名 | 最新観測時刻 | 平常時最高貯水位(常時満水位)[m] | 貯水位[m] | 洪水時最高水位(サーチャージ水位)[m] | 貯水率[%] | 洪水流入量[m3/s] | 流入量[m3/s] | 計画高水流量[m3/s] | 全放流量[m3/s]
Niigata,新潟県,胎内川ダム,2026-09-13T06:50,287.33,5.23,5.23,,,,92.1,,観測所名 | 最新観測時刻 | 平常時最高貯水位(常時満水位)[m] | 貯水位[m] | 洪水時最高水位(サーチャージ水位)[m] | 貯水率[%] | 洪水流入量[m3/s] | 流入量[m3/s] | 計画高水流量[m3/s] | 全放流量[m3/s]
Niigata,新潟県,鯖石川ダム,2026-09-13T06:50,134.82,0.62,1.28,,,,93.3,,観測所名 | 最新観測時刻 | 平常時最高貯水位(常時満水位)[m] | 貯水位[m] | 洪水時最高水位(サーチャージ水位)[m] | 貯水率[%] | 洪水流入量[m3/s] | 流入量[m3/s] | 計画高水流量[m3/s] | 全放流量[m3/s]
Oita,大分県,北川ダム,2026-09-13T06:50,148.28,10.93,23.76,,,,38.1,,管理者名 | 河川名 | 局名 | 所在地 | 最新観測時刻 | 貯水位 | 流入量 | 貯水量 | 貯水率 | 放流量
Oita,大分県,安岐ダム,2026-09-13T06:50,153.74,0.23,0.22,0.606,,,100.0,,管理者名 | 河川名 | 局名 | 所在地 | 最新観測時刻 | 貯水位 | 流入量 | 貯水量 | 貯水率 | 放流量
Oita,大分県,床木ダム,2026-09-13T06:50,88.67,0.3,0.29,0.904,,,100.0,,管理者名 | 河川名 | 局名 | 所在地 | 最新観測時刻 | 貯水位 | 流入量 | 貯水量 | 貯水率 | 放流量
Oita,大分県,玉来ダム,2026-09-13T06:50,350.75,5.25,5.25,,,,0.1,,管理者名 | 河川名 | 局名 | 所在地 | 最新観測時刻 | 貯水位 | 流入量 | 貯水量 | 貯水率 | 放流量
Oita,大分県,稲葉ダム,2026-09-13T06:50,437.84,2.123,2.48,,,,101.2,,管理者名 | 河川名 | 局名 | 所在地 | 最新観測時刻 | 貯水位 | 流入量 | 貯水量 | 貯水率 | 放流量
Oita,大分県,芹川ダム,2026-09-13T06:50,328.58,4.27,4.8,,,,55.6,,管理者名 | 河川名 | 局名 | 所在地 | 最新観測時刻 | 貯水位 | 流入量 | 貯水量 | 貯水率 | 放流量
Oita,大分県,行入ダム,2026-09-13T06:50,122.49,0.02,0.1,0.477,,,46.9,,管理者名 | 河川名 | 局名 | 所在地 | 最新観測時刻 | 貯水位 | 流入量 | 貯水量 | 貯水率 | 放流量
Oita,大分県,野津ダム,2026-09-13T06:50,238.07,0.07,0.07,,,,100.8,,管理者名 | 河川名 | 局名 | 所在地 | 最新観測時刻 | 貯水位 | 流入量 | 貯水量 | 貯水率 | 放流量
Oita,大分県,青江ダム,2026-09-13T06:50,64.12,0.061,0.061,0.457,,,100.0,,管理者名 | 河川名 | 局名 | 所在地 | 最新観測時刻 | 貯水位 | 流入量 | 貯水量 | 貯水率 | 放流量
Oita,大分県,黒沢ダム,2026-09-13T06:50,95.46,0.73,0.79,1.158,,,100.0,,管理者名 | 河川名 | 局名 | 所在地 | 最新観測時刻 | 貯水位 | 流入量 | 貯水量 | 貯水率 | 放流量
Tokushima,徳島県,宮川内ダム,2026-09-13T06:50,129.61,0.47,0.47,,,0.607,78.83,,管理者名 | 河川名 | 局名 | 所在地 | 最新観測時刻 | 貯水位 | 総貯水量 | 全流入量 | 全放流量 | 貯水率
Tokushima,徳島県,川口ダム,2026-09-13T06:50,94.84,69.7,69.7,,,,,,管理者名 | 河川名 | 局名 | 所在地 | 最新観測時刻 | 貯水位 | 総貯水量 | 全流入量 | 全放流量 | 貯水率
Tokushima,徳島県,棚野ダム,2026-09-13T06:50,,,15.2,,,,,,管理者名 | 河川名 | 局名 | 所在地 | 最新観測時刻 | 貯水位 | 総貯水量 | 全流入量 | 全放流量 | 貯水率
Tokushima,徳島県,正木ダム,2026-09-13T06:50,167.58,10.2,10.2,,,5.511,80.46,,管理者名 | 河川名 | 局名 | 所在地 | 最新観測時刻 | 貯水位 | 総貯水量 | 全流入量 | 全放流量 | 貯水率
Tokushima,徳島県,池田ダム,2026-09-13T06:50,88.7,40.52,40.17,,,,,,管理者名 | 河川名 | 局名 | 所在地 | 最新観測時刻 | 貯水位 | 総貯水量 | 全流入量 | 全放流量 | 貯水率
Tokushima,徳島県,福井ダム,2026-09-13T06:50,43.75,0.8,0.8,,,1.334,100.0,,管理者名 | 河川名 | 局名 | 所在地 | 最新観測時刻 | 貯水位 | 総貯水量 | 全流入量 | 全放流量 | 貯水率
Tokushima,徳島県,長安口ダム,2026-09-13T06:50,222.46,62.65,51.08,,,,,,管理者名 | 河川名 | 局名 | 所在地 | 最新観測時刻 | 貯水位 | 総貯水量 | 全流入量 | 全放流量 | 貯水率
Yamagata,山形県,前川ダム,2026-09-13T06:50,257.38,0.1,0.1,1.548,,,91.1,,管理者名 | 河川名 | 局名 | 所在地 | 最新観測時刻 | 流入量 | 全放流量 | 貯水位 | 貯水量 | 貯水率
Yamagata,山形県,寒河江ダム,2026-09-13T06:50,385.4,7.75,28.23,51.419,,,92.8,,管理者名 | 河川名 | 局名 | 所在地 | 最新観測時刻 | 流入量 | 全放流量 | 貯水位 | 貯水量 | 貯水率
Yamagata,山形県,最上小国川流水型ダム,2026-09-13T06:50,277.05,3.39,3.39,0.002,,,0.0,,管理者名 | 河川名 | 局名 | 所在地 | 最新観測時刻 | 流入量 | 全放流量 | 貯水位 | 貯水量 | 貯水率
Yamagata,山形県,月光川ダム,2026-09-13T06:50,169.32,4.26,4.26,0.007,,,0.2,,管理者名 | 河川名 | 局名 | 所在地 | 最新観測時刻 | 流入量 | 全放流量 | 貯水位 | 貯水量 | 貯水率
Yamagata,山形県,月山ダム,2026-09-13T06:50,236.73,2.38,4.0,16.276,,,90.8,,管理者名 | 河川名 | 局名 | 所在地 | 最新観測時刻 | 流入量 | 全放流量 | 貯水位 | 貯水量 | 貯水率
Yamagata,山形県,木地山ダム,2026-09-13T06:50,469.47,4.18,4.8,0.848,,,16.0,,管理者名 | 河川名 | 局名 | 所在地 | 最新観測時刻 | 流入量 | 全放流量 | 貯水位 | 貯水量 | 貯水率
Yamagata,山形県,温海川ダム,2026-09-13T06:50,142.42,0.84,0.84,0.434,,,97.4,,管理者名 | 河川名 | 局名 | 所在地 | 最新観測時刻 | 流入量 | 全放流量 | 貯水位 | 貯水量 | 貯水率
Yamagata,山形県,田沢川ダム,2026-09-13T06:50,126.66,0.39,1.11,3.871,,,78.2,,管理者名 | 河川名 | 局名 | 所在地 | 最新観測時刻 | 流入量 | 全放流量 | 貯水位 | 貯水量 | 貯水率
Yamagata,山形県,留山川ダム,2026-09-13T06:50,300.08,0.23,0.23,0.344,,,100.0,,管理者名 | 河川名 | 局名 | 所在地 | 最新観測時刻 | 流入量 | 全放流量 | 貯水位 | 貯水量 | 貯水率
Yamagata,山形県,白川ダム,2026-09-13T06:50,319.59,9.47,9.46,6.566,,,66.3,,管理者名 | 河川名 | 局名 | 所在地 | 最新観測時刻 | 流入量 | 全放流量 | 貯水位 | 貯水量 | 貯水率
Yamagata,山形県,白水川ダム,2026-09-13T06:50,357.55,0.45,0.45,2.511,,,96.6,,管理者名 | 河川名 | 局名 | 所在地 | 最新観測時刻 | 流入量 | 全放流量 | 貯水位 | 貯水量 | 貯水率
Yamagata,山形県,神室ダム,2026-09-13T06:50,380.82,0.28,1.0,2.436,,,74.4,,管理者名 | 河川名 | 局名 | 所在地 | 最新観測時刻 | 流入量 | 全放流量 | 貯水位 | 貯水量 | 貯水率
Yamagata,山形県,綱木川ダム,2026-09-13T06:50,456.29,2.34,2.53,3.57,,,100.0,,管理者名 | 河川名 | 局名 | 所在地 | 最新観測時刻 | 流入量 | 全放流量 | 貯水位 | 貯水量 | 貯水率
Yamagata,山形県,荒沢ダム,2026-09-13T06:50,236.2,6.75,13.18,4.606,,,26.7,,管理者名 | 河川名 | 局名 | 所在地 | 最新観測時刻 | 流入量 | 全放流量 | 貯水位 | 貯水量 | 貯水率
Yamagata,山形県,蔵王ダム,2026-09-13T06:50,593.16,1.6,1.6,1.915,,,90.4,,管理者名 | 河川名 | 局名 | 所在地 | 最新観測時刻 | 流入量 | 全放流量 | 貯水位 | 貯水量 | 貯水率
Yamagata,山形県,長井ダム,2026-09-13T06:50,365.63,5.99,5.99,20.695,,,93.8,,管理者名 | 河川名 | 局名 | 所在地 | 最新観測時刻 | 流入量 | 全放流量 | 貯水位 | 貯水量 | 貯水率
Yamagata,山形県,高坂ダム,2026-09-13T06:50,180.89,4.22,5.07,0.273,,,8.3,,管理者名 | 河川名 | 局名 | 所在地 | 最新観測時刻 | 流入量 | 全放流量 | 貯水位 | 貯水量 | 貯水率
Aomori,青森県,下湯ダム,2026-09-13T08:50,263.61,1.45,1.45,,,,,,管理者名 | 河川名 | 局名 | 所在地 | 最新観測時刻 | 流入量 | 全放流量 | 貯水位 | 平常時最高水位 | 洪水貯留準備水位 | 洪水量(※)
Aomori,青森県,世増ダム,2026-09-13T08:50,94.64,6.69,7.62,,,,,,管理者名 | 河川名 | 局名 | 所在地 | 最新観測時刻 | 流入量 | 全放流量 | 貯水位 | 平常時最高水位 | 洪水貯留準備水位 | 洪水量(※)
Aomori,青森県,久吉ダム,2026-09-13T08:50,276.6,0.69,0.69,,,,,,管理者名 | 河川名 | 局名 | 所在地 | 最新観測時刻 | 流入量 | 全放流量 | 貯水位 | 平常時最高水位 | 洪水貯留準備水位 | 洪水量(※)
Aomori,青森県,小泊ダム,2026-09-13T08:50,67.57,0.03,0.03,,,,,,管理者名 | 河川名 | 局名 | 所在地 | 最新観測時刻 | 流入量 | 全放流量 | 貯水位 | 平常時最高水位 | 洪水貯留準備水位 | 洪水量(※)
Aomori,青森県,川内ダム,2026-09-13T08:50,178.6,1.13,1.32,,,,,,管理者名 | 河川名 | 局名 | 所在地 | 最新観測時刻 | 流入量 | 全放流量 | 貯水位 | 平常時最高水位 | 洪水貯留準備水位 | 洪水量(※)
Aomori,青森県,津軽ダム,2026-09-13T08:50,195.69,7.18,14.71,,,,,,管理者名 | 河川名 | 局名 | 所在地 | 最新観測時刻 | 流入量 | 全放流量 | 貯水位 | 平常時最高水位 | 洪水貯留準備水位 | 洪水量(※)
Aomori,青森県,浅瀬石川ダム,2026-09-13T08:50,184.51,6.01,6.84,,,,,,管理者名 | 河川名 | 局名 | 所在地 | 最新観測時刻 | 流入量 | 全放流量 | 貯水位 | 平常時最高水位 | 洪水貯留準備水位 | 洪水量(※)
Aomori,青森県,浅虫ダム,2026-09-13T08:50,13.98,0.04,0.04,,,,,,管理者名 | 河川名 | 局名 | 所在地 | 最新観測時刻 | 流入量 | 全放流量 | 貯水位 | 平常時最高水位 | 洪水貯留準備水位 | 洪水量(※)
Aomori,青森県,清水目ダム,2026-09-13T08:50,108.02,0.4,0.4,,,,,,管理者名 | 河川名 | 局名 | 所在地 | 最新観測時刻 | 流入量 | 全放流量 | 貯水位 | 平常時最高水位 | 洪水貯留準備水位 | 洪水量(※)
Aomori,青森県,遠部ダム,2026-09-13T08:50,214.99,0.19,0.19,,,,,,管理者名 | 河川名 | 局名 | 所在地 | 最新観測時刻 | 流入量 | 全放流量 | 貯水位 | 平常時最高水位 | 洪水貯留準備水位 | 洪水量(※)
Aomori,青森県,飯詰ダム,2026-09-13T08:50,70.56,0.22,0.22,,,,,,管理者名 | 河川名 | 局名 | 所在地 | 最新観測時刻 | 流入量 | 全放流量 | 貯水位 | 平常時最高水位 | 洪水貯留準備水位 | 洪水量(※)
Fukui,福井県,九頭竜ダム,2026-09-13T08:50,541.93,15.72,0.01,,,,,33.8,局名 | 所在地 | 最新観測時刻 | 貯水率(利水容量) | 貯水位 | 有効貯水量 | 流入量 | 放流量 | 管理者名
Fukui,福井県,二ツ屋ダム,2026-09-13T08:50,349.76,1.66,1.66,,0.214,,,100.9,局名 | 所在地 | 最新観測時刻 | 貯水率(利水容量) | 貯水位 | 有効貯水量 | 流入量 | 放流量 | 管理者名
Fukui,福井県,吉野瀬川ダム,2026-09-13T08:40,99.95,0.61,0.87,,1.19,,,100.0,局名 | 所在地 | 最新観測時刻 | 貯水率(利水容量) | 貯水位 | 有効貯水量 | 流入量 | 放流量 | 管理者名
Fukui,福井県,大津呂ダム,2026-09-13T08:50,84.52,0.02,0.02,,0.116,,,42.8,局名 | 所在地 | 最新観測時刻 | 貯水率(利水容量) | 貯水位 | 有効貯水量 | 流入量 | 放流量 | 管理者名
Fukui,福井県,広野ダム,2026-09-13T08:40,294.52,0.98,1.59,,1.402,,,35.1,局名 | 所在地 | 最新観測時刻 | 貯水率(利水容量) | 貯水位 | 有効貯水量 | 流入量 | 放流量 | 管理者名
Fukui,福井県,桝谷ダム,2026-09-13T08:50,299.37,0.4,0.12,,3.537,,,17.7,局名 | 所在地 | 最新観測時刻 | 貯水率(利水容量) | 貯水位 | 有効貯水量 | 流入量 | 放流量 | 管理者名
Fukui,福井県,永平寺ダム,2026-09-13T08:50,319.83,0.28,0.28,,0.441,,,100.23,局名 | 所在地 | 最新観測時刻 | 貯水率(利水容量) | 貯水位 | 有効貯水量 | 流入量 | 放流量 | 管理者名
Fukui,福井県,河内川ダム,2026-09-13T08:50,184.24,0.5,0.31,,3.016,,,64.9,局名 | 所在地 | 最新観測時刻 | 貯水率(利水容量) | 貯水位 | 有効貯水量 | 流入量 | 放流量 | 管理者名
Fukui,福井県,浄土寺川ダム,2026-09-13T08:50,344.53,0.565,0.193,,0.77,,,100.0,局名 | 所在地 | 最新観測時刻 | 貯水率(利水容量) | 貯水位 | 有効貯水量 | 流入量 | 放流量 | 管理者名
Fukui,福井県,真名川ダム,2026-09-13T08:50,336.74,4.37,3.49,,,,,88.8,局名 | 所在地 | 最新観測時刻 | 貯水率(利水容量) | 貯水位 | 有効貯水量 | 流入量 | 放流量 | 管理者名
Fukui,福井県,笹生川ダム,2026-09-13T08:50,515.33,3.13,3.13,,24.155,,,58.97,局名 | 所在地 | 最新観測時刻 | 貯水率(利水容量) | 貯水位 | 有効貯水量 | 流入量 | 放流量 | 管理者名
Fukui,福井県,開谷ダム,2026-09-13T08:50,120.7,,,,0.062,,,61.4,局名 | 所在地 | 最新観測時刻 | 貯水率(利水容量) | 貯水位 | 有効貯水量 | 流入量 | 放流量 | 管理者名
Fukui,福井県,龍ヶ鼻ダム,2026-09-13T08:40,172.55,1.51,3.03,,3.897,,,82.53,局名 | 所在地 | 最新観測時刻 | 貯水率(利水容量) | 貯水位 | 有効貯水量 | 流入量 | 放流量 | 管理者名
Miyazaki,宮崎県,岩瀬ダム,2026-09-13T08:40,111.46,20.89,0.0,,,,,,河川名 | 局名 | 所在地 | 状態 | 最新観測時刻 | 貯水位 | 流入量 | 全放流量
Miyazaki,宮崎県,広渡ダム,2026-09-13T08:50,259.39,5.91,5.88,,,,,,河川名 | 局名 | 所在地 | 状態 | 最新観測時刻 | 貯水位 | 流入量 | 全放流量
Miyazaki,宮崎県,日南ダム,2026-09-13T08:00,107.34,3.9,3.9,,,,,,河川名 | 局名 | 所在地 | 状態 | 最新観測時刻 | 貯水位 | 流入量 | 全放流量
Miyazaki,宮崎県,松尾ダム,2026-09-13T08:40,195.8,13.25,17.61,,,,,,河川名 | 局名 | 所在地 | 状態 | 最新観測時刻 | 貯水位 | 流入量 | 全放流量
Miyazaki,宮崎県,沖田ダム,2026-09-13T08:50,48.11,0.41,0.38,,,,,,河川名 | 局名 | 所在地 | 状態 | 最新観測時刻 | 貯水位 | 流入量 | 全放流量
Miyazaki,宮崎県,渡川ダム,2026-09-13T08:40,290.04,7.2,7.22,,,,,,河川名 | 局名 | 所在地 | 状態 | 最新観測時刻 | 貯水位 | 流入量 | 全放流量
Miyazaki,宮崎県,瓜田ダム,2026-09-13T08:30,38.58,0.09,0.09,,,,,,河川名 | 局名 | 所在地 | 状態 | 最新観測時刻 | 貯水位 | 流入量 | 全放流量
Miyazaki,宮崎県,田代八重ダム,2026-09-13T08:30,323.91,5.92,14.0,,,,,,河川名 | 局名 | 所在地 | 状態 | 最新観測時刻 | 貯水位 | 流入量 | 全放流量
Miyazaki,宮崎県,祝子ダム,2026-09-13T08:40,303.37,3.2,3.34,,,,,,河川名 | 局名 | 所在地 | 状態 | 最新観測時刻 | 貯水位 | 流入量 | 全放流量
Miyazaki,宮崎県,立花ダム,2026-09-13T08:40,250.28,2.83,0.0,,,,,,河川名 | 局名 | 所在地 | 状態 | 最新観測時刻 | 貯水位 | 流入量 | 全放流量
Miyazaki,宮崎県,綾北ダム,2026-09-13T08:50,280.91,9.21,0.2,,,,,,河川名 | 局名 | 所在地 | 状態 | 最新観測時刻 | 貯水位 | 流入量 | 全放流量
Miyazaki,宮崎県,綾南ダム,2026-09-13T08:50,337.57,3.52,10.1,,,,,,河川名 | 局名 | 所在地 | 状態 | 最新観測時刻 | 貯水位 | 流入量 | 全放流量
Miyazaki,宮崎県,長谷ダム,2026-09-13T08:50,108.71,3.4,3.35,,,,,,河川名 | 局名 | 所在地 | 状態 | 最新観測時刻 | 貯水位 | 流入量 | 全放流量
Nara,奈良県,初瀬ダム,2026-09-13T08:50,221.31,0.43,0.23,,,,,,管理者名 | 河川名 | 局名 | 所在地 | 最新観測時刻 | 貯水位 | 貯水容量 | 空容量 | 全流入量 | 放流量
Nara,奈良県,大門ダム,2026-09-13T08:50,262.66,0.0,0.0,,,,,,管理者名 | 河川名 | 局名 | 所在地 | 最新観測時刻 | 貯水位 | 貯水容量 | 空容量 | 全流入量 | 放流量
Nara,奈良県,天理ダム,2026-09-13T08:50,253.32,0.26,0.26,,,,,,管理者名 | 河川名 | 局名 | 所在地 | 最新観測時刻 | 貯水位 | 貯水容量 | 空容量 | 全流入量 | 放流量
Nara,奈良県,岩井川ダム,2026-09-13T08:50,240.62,0.02,0.07,,,,,,管理者名 | 河川名 | 局名 | 所在地 | 最新観測時刻 | 貯水位 | 貯水容量 | 空容量 | 全流入量 | 放流量
Nara,奈良県,白川ダム,2026-09-13T08:50,111.32,0.0,0.0,,,,,,管理者名 | 河川名 | 局名 | 所在地 | 最新観測時刻 | 貯水位 | 貯水容量 | 空容量 | 全流入量 | 放流量
Niigata,新潟県,三面ダム,2026-09-13T08:40,115.74,3.15,15.52,,,,91.5,,観測所名 | 最新観測時刻 | 平常時最高貯水位(常時満水位)[m] | 貯水位[m] | 洪水時最高水位(サーチャージ水位)[m] | 貯水率[%] | 洪水流入量[m3/s] | 流入量[m3/s] | 計画高水流量[m3/s] | 全放流量[m3/s]
Niigata,新潟県,下条川ダム,2026-09-13T08:50,31.23,0.2,0.13,,,,,,観測所名 | 最新観測時刻 | 平常時最高貯水位(常時満水位)[m] | 貯水位[m] | 洪水時最高水位(サーチャージ水位)[m] | 貯水率[%] | 洪水流入量[m3/s] | 流入量[m3/s] | 計画高水流量[m3/s] | 全放流量[m3/s]
Niigata,新潟県,久知川ダム,2026-09-13T08:40,123.87,0.22,0.24,,,,100.0,,観測所名 | 最新観測時刻 | 平常時最高貯水位(常時満水位)[m] | 貯水位[m] | 洪水時最高水位(サーチャージ水位)[m] | 貯水率[%] | 洪水流入量[m3/s] | 流入量[m3/s] | 計画高水流量[m3/s] | 全放流量[m3/s]
Niigata,新潟県,内の倉ダム,2026-09-13T08:40,147.88,2.48,2.48,,,,41.2,,観測所名 | 最新観測時刻 | 平常時最高貯水位(常時満水位)[m] | 貯水位[m] | 洪水時最高水位(サーチャージ水位)[m] | 貯水率[%] | 洪水流入量[m3/s] | 流入量[m3/s] | 計画高水流量[m3/s] | 全放流量[m3/s]
Niigata,新潟県,刈谷田川ダム,2026-09-13T08:40,239.34,1.13,1.27,,,,98.2,,観測所名 | 最新観測時刻 | 平常時最高貯水位(常時満水位)[m] | 貯水位[m] | 洪水時最高水位(サーチャージ水位)[m] | 貯水率[%] | 洪水流入量[m3/s] | 流入量[m3/s] | 計画高水流量[m3/s] | 全放流量[m3/s]
Niigata,新潟県,加治川治水ダム,2026-09-13T08:40,272.19,5.27,3.5,,,,,,観測所名 | 最新観測時刻 | 平常時最高貯水位(常時満水位)[m] | 貯水位[m] | 洪水時最高水位(サーチャージ水位)[m] | 貯水率[%] | 洪水流入量[m3/s] | 流入量[m3/s] | 計画高水流量[m3/s] | 全放流量[m3/s]
Niigata,新潟県,城川ダム,2026-09-13T08:40,271.53,0.55,0.22,,,,100.0,,観測所名 | 最新観測時刻 | 平常時最高貯水位(常時満水位)[m] | 貯水位[m] | 洪水時最高水位(サーチャージ水位)[m] | 貯水率[%] | 洪水流入量[m3/s] | 流入量[m3/s] | 計画高水流量[m3/s] | 全放流量[m3/s]
Niigata,新潟県,大谷ダム,2026-09-13T08:50,191.48,0.0,1.17,,,,100.0,,観測所名 | 最新観測時刻 | 平常時最高貯水位(常時満水位)[m] | 貯水位[m] | 洪水時最高水位(サーチャージ水位)[m] | 貯水率[%] | 洪水流入量[m3/s] | 流入量[m3/s] | 計画高水流量[m3/s] | 全放流量[m3/s]
Niigata,新潟県,大野川ダム,2026-09-13T08:40,142.2,0.05,0.4,,,,94.1,,観測所名 | 最新観測時刻 | 平常時最高貯水位(常時満水位)[m] | 貯水位[m] | 洪水時最高水位(サーチャージ水位)[m] | 貯水率[%] | 洪水流入量[m3/s] | 流入量[m3/s] | 計画高水流量[m3/s] | 全放流量[m3/s]
Niigata,新潟県,奥三面ダム,2026-09-13T08:40,211.34,7.86,0.71,,,,78.6,,観測所名 | 最新観測時刻 | 平常時最高貯水位(常時満水位)[m] | 貯水位[m] | 洪水時最高水位(サーチャージ水位)[m] | 貯水率[%] | 洪水流入量[m3/s] | 流入量[m3/s] | 計画高水流量[m3/s] | 全放流量[m3/s]
Niigata,新潟県,奥胎内ダム,2026-09-13T08:40,384.0,2.62,2.7,,,,,,観測所名 | 最新観測時刻 | 平常時最高貯水位(常時満水位)[m] | 貯水位[m] | 洪水時最高水位(サーチャージ水位)[m] | 貯水率[%] | 洪水流入量[m3/s] | 流入量[m3/s] | 計画高水流量[m3/s] | 全放流量[m3/s]
Niigata,新潟県,広神ダム,2026-09-13T08:50,213.8,1.6,1.91,,,,100.0,,観測所名 | 最新観測時刻 | 平常時最高貯水位(常時満水位)[m] | 貯水位[m] | 洪水時最高水位(サーチャージ水位)[m] | 貯水率[%] | 洪水流入量[m3/s] | 流入量[m3/s] | 計画高水流量[m3/s] | 全放流量[m3/s]
Niigata,新潟県,新保川ダム,2026-09-13T08:40,160.38,0.25,0.25,,,,100.0,,観測所名 | 最新観測時刻 | 平常時最高貯水位(常時満水位)[m] | 貯水位[m] | 洪水時最高水位(サーチャージ水位)[m] | 貯水率[%] | 洪水流入量[m3/s] | 流入量[m3/s] | 計画高水流量[m3/s] | 全放流量[m3/s]
Niigata,新潟県,早出川ダム,2026-09-13T08:40,163.68,2.26,2.26,,,,75.7,,観測所名 | 最新観測時刻 | 平常時最高貯水位(常時満水位)[m] | 貯水位[m] | 洪水時最高水位(サーチャージ水位)[m] | 貯水率[%] | 洪水流入量[m3/s] | 流入量[m3/s] | 計画高水流量[m3/s] | 全放流量[m3/s]
Niigata,新潟県,柿崎川ダム,2026-09-13T08:40,120.78,0.6,0.6,,,,100.0,,観測所名 | 最新観測時刻 | 平常時最高貯水位(常時満水位)[m] | 貯水位[m] | 洪水時最高水位(サーチャージ水位)[m] | 貯水率[%] | 洪水流入量[m3/s] | 流入量[m3/s] | 計画高水流量[m3/s] | 全放流量[m3/s]
Niigata,新潟県,正善寺ダム,2026-09-13T08:40,86.21,0.28,0.17,,,,83.3,,観測所名 | 最新観測時刻 | 平常時最高貯水位(常時満水位)[m] | 貯水位[m] | 洪水時最高水位(サーチャージ水位)[m] | 貯水率[%] | 洪水流入量[m3/s] | 流入量[m3/s] | 計画高水流量[m3/s] | 全放流量[m3/s]
Niigata,新潟県,破間川ダム,2026-09-13T08:50,429.71,4.5,0.05,,,,58.4,,観測所名 | 最新観測時刻 | 平常時最高貯水位(常時満水位)[m] | 貯水位[m] | 洪水時最高水位(サーチャージ水位)[m] | 貯水率[%] | 洪水流入量[m3/s] | 流入量[m3/s] | 計画高水流量[m3/s] | 全放流量[m3/s]
Niigata,新潟県,笠堀ダム,2026-09-13T08:50,193.17,4.71,3.33,,,,89.7,,観測所名 | 最新観測時刻 | 平常時最高貯水位(常時満水位)[m] | 貯水位[m] | 洪水時最高水位(サーチャージ水位)[m] | 貯水率[%] | 洪水流入量[m3/s] | 流入量[m3/s] | 計画高水流量[m3/s] | 全放流量[m3/s]
Niigata,新潟県,胎内川ダム,2026-09-13T08:40,287.33,5.23,5.23,,,,92.1,,観測所名 | 最新観測時刻 | 平常時最高貯水位(常時満水位)[m] | 貯水位[m] | 洪水時最高水位(サーチャージ水位)[m] | 貯水率[%] | 洪水流入量[m3/s] | 流入量[m3/s] | 計画高水流量[m3/s] | 全放流量[m3/s]
Niigata,新潟県,鯖石川ダム,2026-09-13T08:40,134.82,2.16,1.88,,,,93.3,,観測所名 | 最新観測時刻 | 平常時最高貯水位(常時満水位)[m] | 貯水位[m] | 洪水時最高水位(サーチャージ水位)[m] | 貯水率[%] | 洪水流入量[m3/s] | 流入量[m3/s] | 計画高水流量[m3/s] | 全放流量[m3/s]
Oita,大分県,北川ダム,2026-09-13T08:50,148.28,6.21,0.6,,,,38.1,,管理者名 | 河川名 | 局名 | 所在地 | 最新観測時刻 | 貯水位 | 流入量 | 貯水量 | 貯水率 | 放流量
Oita,大分県,安岐ダム,2026-09-13T08:50,153.73,0.1,0.19,0.605,,,100.0,,管理者名 | 河川名 | 局名 | 所在地 | 最新観測時刻 | 貯水位 | 流入量 | 貯水量 | 貯水率 | 放流量
Oita,大分県,床木ダム,2026-09-13T08:40,88.67,0.3,0.29,0.904,,,100.0,,管理者名 | 河川名 | 局名 | 所在地 | 最新観測時刻 | 貯水位 | 流入量 | 貯水量 | 貯水率 | 放流量
Oita,大分県,玉来ダム,2026-09-13T08:40,350.75,5.25,5.25,,,,0.1,,管理者名 | 河川名 | 局名 | 所在地 | 最新観測時刻 | 貯水位 | 流入量 | 貯水量 | 貯水率 | 放流量
Oita,大分県,稲葉ダム,2026-09-13T08:50,437.84,2.123,2.479,,,,101.2,,管理者名 | 河川名 | 局名 | 所在地 | 最新観測時刻 | 貯水位 | 流入量 | 貯水量 | 貯水率 | 放流量
Oita,大分県,芹川ダム,2026-09-13T08:50,328.58,4.27,4.8,,,,55.6,,管理者名 | 河川名 | 局名 | 所在地 | 最新観測時刻 | 貯水位 | 流入量 | 貯水量 | 貯水率 | 放流量
Oita,大分県,行入ダム,2026-09-13T08:50,122.47,0.0,0.1,0.476,,,46.8,,管理者名 | 河川名 | 局名 | 所在地 | 最新観測時刻 | 貯水位 | 流入量 | 貯水量 | 貯水率 | 放流量
Oita,大分県,野津ダム,2026-09-13T08:50,238.07,0.07,0.07,,,,100.8,,管理者名 | 河川名 | 局名 | 所在地 | 最新観測時刻 | 貯水位 | 流入量 | 貯水量 | 貯水率 | 放流量
Oita,大分県,青江ダム,2026-09-13T08:50,64.12,0.061,0.061,0.457,,,100.0,,管理者名 | 河川名 | 局名 | 所在地 | 最新観測時刻 | 貯水位 | 流入量 | 貯水量 | 貯水率 | 放流量
Oita,大分県,黒沢ダム,2026-09-13T08:50,95.45,0.73,0.74,1.156,,,100.0,,管理者名 | 河川名 | 局名 | 所在地 | 最新観測時刻 | 貯水位 | 流入量 | 貯水量 | 貯水率 | 放流量
Tokushima,徳島県,宮川内ダム,2026-09-13T08:40,129.62,0.47,0.47,,,0.608,78.96,,管理者名 | 河川名 | 局名 | 所在地 | 最新観測時刻 | 貯水位 | 総貯水量 | 全流入量 | 全放流量 | 貯水率
Tokushima,徳島県,川口ダム,2026-09-13T08:40,94.69,56.0,69.6,,,,,,管理者名 | 河川名 | 局名 | 所在地 | 最新観測時刻 | 貯水位 | 総貯水量 | 全流入量 | 全放流量 | 貯水率
Tokushima,徳島県,棚野ダム,2026-09-13T08:40,,,14.8,,,,,,管理者名 | 河川名 | 局名 | 所在地 | 最新観測時刻 | 貯水位 | 総貯水量 | 全流入量 | 全放流量 | 貯水率
Tokushima,徳島県,正木ダム,2026-09-13T08:40,167.58,10.2,10.2,,,5.511,80.46,,管理者名 | 河川名 | 局名 | 所在地 | 最新観測時刻 | 貯水位 | 総貯水量 | 全流入量 | 全放流量 | 貯水率
Tokushima,徳島県,池田ダム,2026-09-13T08:40,88.7,38.22,38.12,,,,,,管理者名 | 河川名 | 局名 | 所在地 | 最新観測時刻 | 貯水位 | 総貯水量 | 全流入量 | 全放流量 | 貯水率
Tokushima,徳島県,福井ダム,2026-09-13T08:40,43.74,0.75,0.75,,,1.332,100.0,,管理者名 | 河川名 | 局名 | 所在地 | 最新観測時刻 | 貯水位 | 総貯水量 | 全流入量 | 全放流量 | 貯水率
Tokushima,徳島県,長安口ダム,2026-09-13T08:40,222.53,62.34,39.17,,,,,,管理者名 | 河川名 | 局名 | 所在地 | 最新観測時刻 | 貯水位 | 総貯水量 | 全流入量 | 全放流量 | 貯水率
Yamagata,山形県,前川ダム,2026-09-13T08:50,257.38,0.1,0.1,1.548,,,91.1,,管理者名 | 河川名 | 局名 | 所在地 | 最新観測時刻 | 流入量 | 全放流量 | 貯水位 | 貯水量 | 貯水率
Yamagata,山形県,寒河江ダム,2026-09-13T08:50,385.42,14.36,0.86,51.467,,,92.9,,管理者名 | 河川名 | 局名 | 所在地 | 最新観測時刻 | 流入量 | 全放流量 | 貯水位 | 貯水量 | 貯水率
Yamagata,山形県,最上小国川流水型ダム,2026-09-13T08:50,277.05,3.39,3.39,0.002,,,0.0,,管理者名 | 河川名 | 局名 | 所在地 | 最新観測時刻 | 流入量 | 全放流量 | 貯水位 | 貯水量 | 貯水率
Yamagata,山形県,月光川ダム,2026-09-13T08:50,169.32,4.26,4.26,0.007,,,0.2,,管理者名 | 河川名 | 局名 | 所在地 | 最新観測時刻 | 流入量 | 全放流量 | 貯水位 | 貯水量 | 貯水率
Yamagata,山形県,月山ダム,2026-09-13T08:50,236.72,2.7,3.9,16.266,,,90.7,,管理者名 | 河川名 | 局名 | 所在地 | 最新観測時刻 | 流入量 | 全放流量 | 貯水位 | 貯水量 | 貯水率
Yamagata,山形県,木地山ダム,2026-09-13T08:50,469.45,4.18,4.8,0.844,,,15.9,,管理者名 | 河川名 | 局名 | 所在地 | 最新観測時刻 | 流入量 | 全放流量 | 貯水位 | 貯水量 | 貯水率
Yamagata,山形県,温海川ダム,2026-09-13T08:50,142.41,0.9,0.9,0.432,,,97.1,,管理者名 | 河川名 | 局名 | 所在地 | 最新観測時刻 | 流入量 | 全放流量 | 貯水位 | 貯水量 | 貯水率
Yamagata,山形県,田沢川ダム,2026-09-13T08:50,126.63,0.34,1.14,3.864,,,78.1,,管理者名 | 河川名 | 局名 | 所在地 | 最新観測時刻 | 流入量 | 全放流量 | 貯水位 | 貯水量 | 貯水率
Yamagata,山形県,留山川ダム,2026-09-13T08:50,300.08,0.23,0.23,0.344,,,100.0,,管理者名 | 河川名 | 局名 | 所在地 | 最新観測時刻 | 流入量 | 全放流量 | 貯水位 | 貯水量 | 貯水率
Yamagata,山形県,白川ダム,2026-09-13T08:50,319.6,12.45,9.45,6.577,,,66.4,,管理者名 | 河川名 | 局名 | 所在地 | 最新観測時刻 | 流入量 | 全放流量 | 貯水位 | 貯水量 | 貯水率
Yamagata,山形県,白水川ダム,2026-09-13T08:40,357.54,0.45,0.45,2.509,,,96.5,,管理者名 | 河川名 | 局名 | 所在地 | 最新観測時刻 | 流入量 | 全放流量 | 貯水位 | 貯水量 | 貯水率
Yamagata,山形県,神室ダム,2026-09-13T08:50,380.81,0.28,1.0,2.434,,,74.3,,管理者名 | 河川名 | 局名 | 所在地 | 最新観測時刻 | 流入量 | 全放流量 | 貯水位 | 貯水量 | 貯水率
Yamagata,山形県,綱木川ダム,2026-09-13T08:50,456.29,2.34,2.53,3.57,,,100.0,,管理者名 | 河川名 | 局名 | 所在地 | 最新観測時刻 | 流入量 | 全放流量 | 貯水位 | 貯水量 | 貯水率
Yamagata,山形県,荒沢ダム,2026-09-13T08:50,236.16,6.74,13.16,4.567,,,26.5,,管理者名 | 河川名 | 局名 | 所在地 | 最新観測時刻 | 流入量 | 全放流量 | 貯水位 | 貯水量 | 貯水率
Yamagata,山形県,蔵王ダム,2026-09-13T08:40,593.16,1.6,1.6,1.915,,,90.4,,管理者名 | 河川名 | 局名 | 所在地 | 最新観測時刻 | 流入量 | 全放流量 | 貯水位 | 貯水量 | 貯水率
Yamagata,山形県,長井ダム,2026-09-13T08:50,365.64,5.99,5.99,20.703,,,93.8,,管理者名 | 河川名 | 局名 | 所在地 | 最新観測時刻 | 流入量 | 全放流量 | 貯水位 | 貯水量 | 貯水率
Yamagata,山形県,高坂ダム,2026-09-13T08:50,180.86,4.22,5.08,0.264,,,8.0,,管理者名 | 河川名 | 局名 | 所在地 | 最新観測時刻 | 流入量 | 全放流量 | 貯水位 | 貯水量 | 貯水率
Aomori,青森県,下湯ダム,2026-09-13T12:20,263.6,1.43,1.44,,,,,,管理者名 | 河川名 | 局名 | 所在地 | 最新観測時刻 | 流入量 | 全放流量 | 貯水位 | 平常時最高水位 | 洪水貯留準備水位 | 洪水量(※)
Aomori,青森県,世増ダム,2026-09-13T12:20,94.63,5.56,7.47,,,,,,管理者名 | 河川名 | 局名 | 所在地 | 最新観測時刻 | 流入量 | 全放流量 | 貯水位 | 平常時最高水位 | 洪水貯留準備水位 | 洪水量(※)
Aomori,青森県,久吉ダム,2026-09-13T12:20,276.6,0.69,0.69,,,,,,管理者名 | 河川名 | 局名 | 所在地 | 最新観測時刻 | 流入量 | 全放流量 | 貯水位 | 平常時最高水位 | 洪水貯留準備水位 | 洪水量(※)
Aomori,青森県,小泊ダム,2026-09-13T12:20,67.57,0.03,0.03,,,,,,管理者名 | 河川名 | 局名 | 所在地 | 最新観測時刻 | 流入量 | 全放流量 | 貯水位 | 平常時最高水位 | 洪水貯留準備水位 | 洪水量(※)
Aomori,青森県,川内ダム,2026-09-13T12:20,178.59,1.32,1.32,,,,,,管理者名 | 河川名 | 局名 | 所在地 | 最新観測時刻 | 流入量 | 全放流量 | 貯水位 | 平常時最高水位 | 洪水貯留準備水位 | 洪水量(※)
Aomori,青森県,津軽ダム,2026-09-13T12:20,195.64,7.2,14.75,,,,,,管理者名 | 河川名 | 局名 | 所在地 | 最新観測時刻 | 流入量 | 全放流量 | 貯水位 | 平常時最高水位 | 洪水貯留準備水位 | 洪水量(※)
Aomori,青森県,浅瀬石川ダム,2026-09-13T12:20,184.52,9.54,5.96,,,,,,管理者名 | 河川名 | 局名 | 所在地 | 最新観測時刻 | 流入量 | 全放流量 | 貯水位 | 平常時最高水位 | 洪水貯留準備水位 | 洪水量(※)
Aomori,青森県,浅虫ダム,2026-09-13T12:20,13.98,0.04,0.04,,,,,,管理者名 | 河川名 | 局名 | 所在地 | 最新観測時刻 | 流入量 | 全放流量 | 貯水位 | 平常時最高水位 | 洪水貯留準備水位 | 洪水量(※)
Aomori,青森県,清水目ダム,2026-09-13T12:20,108.02,0.4,0.4,,,,,,管理者名 | 河川名 | 局名 | 所在地 | 最新観測時刻 | 流入量 | 全放流量 | 貯水位 | 平常時最高水位 | 洪水貯留準備水位 | 洪水量(※)
Aomori,青森県,遠部ダム,2026-09-13T12:20,214.99,0.19,0.19,,,,,,管理者名 | 河川名 | 局名 | 所在地 | 最新観測時刻 | 流入量 | 全放流量 | 貯水位 | 平常時最高水位 | 洪水貯留準備水位 | 洪水量(※)
Aomori,青森県,飯詰ダム,2026-09-13T12:20,70.56,0.22,0.22,,,,,,管理者名 | 河川名 | 局名 | 所在地 | 最新観測時刻 | 流入量 | 全放流量 | 貯水位 | 平常時最高水位 | 洪水貯留準備水位 | 洪水量(※)
Fukui,福井県,九頭竜ダム,2026-09-13T12:20,541.97,12.58,0.01,,,,,33.9,局名 | 所在地 | 最新観測時刻 | 貯水率(利水容量) | 貯水位 | 有効貯水量 | 流入量 | 放流量 | 管理者名
Fukui,福井県,二ツ屋ダム,2026-09-13T12:20,349.76,1.66,1.66,,0.214,,,100.9,局名 | 所在地 | 最新観測時刻 | 貯水率(利水容量) | 貯水位 | 有効貯水量 | 流入量 | 放流量 | 管理者名
Fukui,福井県,吉野瀬川ダム,2026-09-13T12:20,99.93,0.52,0.84,,1.185,,,100.0,局名 | 所在地 | 最新観測時刻 | 貯水率(利水容量) | 貯水位 | 有効貯水量 | 流入量 | 放流量 | 管理者名
Fukui,福井県,大津呂ダム,2026-09-13T12:20,84.53,0.02,0.02,,0.116,,,42.9,局名 | 所在地 | 最新観測時刻 | 貯水率(利水容量) | 貯水位 | 有効貯水量 | 流入量 | 放流量 | 管理者名
Fukui,福井県,広野ダム,2026-09-13T12:20,294.51,1.6,1.59,,1.399,,,35.0,局名 | 所在地 | 最新観測時刻 | 貯水率(利水容量) | 貯水位 | 有効貯水量 | 流入量 | 放流量 | 管理者名
Fukui,福井県,桝谷ダム,2026-09-13T12:20,299.38,0.4,0.12,,3.539,,,17.8,局名 | 所在地 | 最新観測時刻 | 貯水率(利水容量) | 貯水位 | 有効貯水量 | 流入量 | 放流量 | 管理者名
Fukui,福井県,永平寺ダム,2026-09-13T12:20,319.83,0.28,0.28,,0.441,,,100.23,局名 | 所在地 | 最新観測時刻 | 貯水率(利水容量) | 貯水位 | 有効貯水量 | 流入量 | 放流量 | 管理者名
Fukui,福井県,河内川ダム,2026-09-13T12:20,184.25,0.47,0.31,,3.019,,,64.9,局名 | 所在地 | 最新観測時刻 | 貯水率(利水容量) | 貯水位 | 有効貯水量 | 流入量 | 放流量 | 管理者名
Fukui,福井県,浄土寺川ダム,2026-09-13T12:20,344.57,0.656,1.024,,0.772,,,100.0,局名 | 所在地 | 最新観測時刻 | 貯水率(利水容量) | 貯水位 | 有効貯水量 | 流入量 | 放流量 | 管理者名
Fukui,福井県,真名川ダム,2026-09-13T12:20,336.76,3.49,3.49,,,,,89.1,局名 | 所在地 | 最新観測時刻 | 貯水率(利水容量) | 貯水位 | 有効貯水量 | 流入量 | 放流量 | 管理者名
Fukui,福井県,笹生川ダム,2026-09-13T12:20,515.33,3.19,3.21,,24.155,,,58.97,局名 | 所在地 | 最新観測時刻 | 貯水率(利水容量) | 貯水位 | 有効貯水量 | 流入量 | 放流量 | 管理者名
Fukui,福井県,開谷ダム,2026-09-13T12:20,120.72,,,,0.062,,,61.4,局名 | 所在地 | 最新観測時刻 | 貯水率(利水容量) | 貯水位 | 有効貯水量 | 流入量 | 放流量 | 管理者名
Fukui,福井県,龍ヶ鼻ダム,2026-09-13T12:20,172.48,1.51,2.99,,3.878,,,82.13,局名 | 所在地 | 最新観測時刻 | 貯水率(利水容量) | 貯水位 | 有効貯水量 | 流入量 | 放流量 | 管理者名
Miyazaki,宮崎県,岩瀬ダム,2026-09-13T12:20,111.58,12.38,0.0,,,,,,河川名 | 局名 | 所在地 | 状態 | 最新観測時刻 | 貯水位 | 流入量 | 全放流量
Miyazaki,宮崎県,広渡ダム,2026-09-13T12:20,259.38,5.81,5.77,,,,,,河川名 | 局名 | 所在地 | 状態 | 最新観測時刻 | 貯水位 | 流入量 | 全放流量
Miyazaki,宮崎県,日南ダム,2026-09-13T12:00,107.34,3.9,3.89,,,,,,河川名 | 局名 | 所在地 | 状態 | 最新観測時刻 | 貯水位 | 流入量 | 全放流量
Miyazaki,宮崎県,松尾ダム,2026-09-13T12:20,195.71,0.28,17.63,,,,,,河川名 | 局名 | 所在地 | 状態 | 最新観測時刻 | 貯水位 | 流入量 | 全放流量
Miyazaki,宮崎県,沖田ダム,2026-09-13T12:20,48.11,0.41,0.38,,,,,,河川名 | 局名 | 所在地 | 状態 | 最新観測時刻 | 貯水位 | 流入量 | 全放流量
Miyazaki,宮崎県,渡川ダム,2026-09-13T12:20,290.14,7.99,0.12,,,,,,河川名 | 局名 | 所在地 | 状態 | 最新観測時刻 | 貯水位 | 流入量 | 全放流量
Miyazaki,宮崎県,瓜田ダム,2026-09-13T12:00,38.58,0.09,0.09,,,,,,河川名 | 局名 | 所在地 | 状態 | 最新観測時刻 | 貯水位 | 流入量 | 全放流量
Miyazaki,宮崎県,田代八重ダム,2026-09-13T12:00,323.88,6.74,0.0,,,,,,河川名 | 局名 | 所在地 | 状態 | 最新観測時刻 | 貯水位 | 流入量 | 全放流量
Miyazaki,宮崎県,祝子ダム,2026-09-13T12:20,303.34,3.15,3.34,,,,,,河川名 | 局名 | 所在地 | 状態 | 最新観測時刻 | 貯水位 | 流入量 | 全放流量
Miyazaki,宮崎県,立花ダム,2026-09-13T12:20,250.48,2.55,0.0,,,,,,河川名 | 局名 | 所在地 | 状態 | 最新観測時刻 | 貯水位 | 流入量 | 全放流量
Miyazaki,宮崎県,綾北ダム,2026-09-13T12:20,281.06,1.42,0.2,,,,,,河川名 | 局名 | 所在地 | 状態 | 最新観測時刻 | 貯水位 | 流入量 | 全放流量
Miyazaki,宮崎県,綾南ダム,2026-09-13T12:20,337.49,2.75,10.21,,,,,,河川名 | 局名 | 所在地 | 状態 | 最新観測時刻 | 貯水位 | 流入量 | 全放流量
Miyazaki,宮崎県,長谷ダム,2026-09-13T12:20,108.71,3.4,3.35,,,,,,河川名 | 局名 | 所在地 | 状態 | 最新観測時刻 | 貯水位 | 流入量 | 全放流量
Nara,奈良県,初瀬ダム,2026-09-13T12:20,221.36,0.71,0.23,,,,,,管理者名 | 河川名 | 局名 | 所在地 | 最新観測時刻 | 貯水位 | 貯水容量 | 空容量 | 全流入量 | 放流量
Nara,奈良県,大門ダム,2026-09-13T12:20,262.66,0.0,0.0,,,,,,管理者名 | 河川名 | 局名 | 所在地 | 最新観測時刻 | 貯水位 | 貯水容量 | 空容量 | 全流入量 | 放流量
Nara,奈良県,天理ダム,2026-09-13T12:20,253.31,0.26,0.26,,,,,,管理者名 | 河川名 | 局名 | 所在地 | 最新観測時刻 | 貯水位 | 貯水容量 | 空容量 | 全流入量 | 放流量
Nara,奈良県,岩井川ダム,2026-09-13T12:20,240.61,0.0,0.07,,,,,,管理者名 | 河川名 | 局名 | 所在地 | 最新観測時刻 | 貯水位 | 貯水容量 | 空容量 | 全流入量 | 放流量
Nara,奈良県,白川ダム,2026-09-13T12:20,111.32,0.0,0.0,,,,,,管理者名 | 河川名 | 局名 | 所在地 | 最新観測時刻 | 貯水位 | 貯水容量 | 空容量 | 全流入量 | 放流量
Niigata,新潟県,三面ダム,2026-09-13T12:20,115.62,0.67,15.89,,,,90.7,,観測所名 | 最新観測時刻 | 平常時最高貯水位(常時満水位)[m] | 貯水位[m] | 洪水時最高水位(サーチャージ水位)[m] | 貯水率[%] | 洪水流入量[m3/s] | 流入量[m3/s] | 計画高水流量[m3/s] | 全放流量[m3/s]
Niigata,新潟県,下条川ダム,2026-09-13T12:20,31.21,0.17,0.13,,,,,,観測所名 | 最新観測時刻 | 平常時最高貯水位(常時満水位)[m] | 貯水位[m] | 洪水時最高水位(サーチャージ水位)[m] | 貯水率[%] | 洪水流入量[m3/s] | 流入量[m3/s] | 計画高水流量[m3/s] | 全放流量[m3/s]
Niigata,新潟県,久知川ダム,2026-09-13T12:20,123.87,0.21,0.24,,,,100.0,,観測所名 | 最新観測時刻 | 平常時最高貯水位(常時満水位)[m] | 貯水位[m] | 洪水時最高水位(サーチャージ水位)[m] | 貯水率[%] | 洪水流入量[m3/s] | 流入量[m3/s] | 計画高水流量[m3/s] | 全放流量[m3/s]
Niigata,新潟県,内の倉ダム,2026-09-13T12:20,147.88,2.49,2.49,,,,41.2,,観測所名 | 最新観測時刻 | 平常時最高貯水位(常時満水位)[m] | 貯水位[m] | 洪水時最高水位(サーチャージ水位)[m] | 貯水率[%] | 洪水流入量[m3/s] | 流入量[m3/s] | 計画高水流量[m3/s] | 全放流量[m3/s]
Niigata,新潟県,刈谷田川ダム,2026-09-13T12:20,239.34,1.28,1.31,,,,98.2,,観測所名 | 最新観測時刻 | 平常時最高貯水位(常時満水位)[m] | 貯水位[m] | 洪水時最高水位(サーチャージ水位)[m] | 貯水率[%] | 洪水流入量[m3/s] | 流入量[m3/s] | 計画高水流量[m3/s] | 全放流量[m3/s]
Niigata,新潟県,加治川治水ダム,2026-09-13T12:20,272.39,5.8,3.5,,,,,,観測所名 | 最新観測時刻 | 平常時最高貯水位(常時満水位)[m] | 貯水位[m] | 洪水時最高水位(サーチャージ水位)[m] | 貯水率[%] | 洪水流入量[m3/s] | 流入量[m3/s] | 計画高水流量[m3/s] | 全放流量[m3/s]
Niigata,新潟県,城川ダム,2026-09-13T12:20,271.53,0.55,0.22,,,,100.0,,観測所名 | 最新観測時刻 | 平常時最高貯水位(常時満水位)[m] | 貯水位[m] | 洪水時最高水位(サーチャージ水位)[m] | 貯水率[%] | 洪水流入量[m3/s] | 流入量[m3/s] | 計画高水流量[m3/s] | 全放流量[m3/s]
Niigata,新潟県,大谷ダム,2026-09-13T12:20,191.47,0.0,1.15,,,,100.0,,観測所名 | 最新観測時刻 | 平常時最高貯水位(常時満水位)[m] | 貯水位[m] | 洪水時最高水位(サーチャージ水位)[m] | 貯水率[%] | 洪水流入量[m3/s] | 流入量[m3/s] | 計画高水流量[m3/s] | 全放流量[m3/s]
Niigata,新潟県,大野川ダム,2026-09-13T12:20,142.15,0.07,0.4,,,,93.0,,観測所名 | 最新観測時刻 | 平常時最高貯水位(常時満水位)[m] | 貯水位[m] | 洪水時最高水位(サーチャージ水位)[m] | 貯水率[%] | 洪水流入量[m3/s] | 流入量[m3/s] | 計画高水流量[m3/s] | 全放流量[m3/s]
Niigata,新潟県,奥三面ダム,2026-09-13T12:20,211.37,7.86,0.71,,,,78.7,,観測所名 | 最新観測時刻 | 平常時最高貯水位(常時満水位)[m] | 貯水位[m] | 洪水時最高水位(サーチャージ水位)[m] | 貯水率[%] | 洪水流入量[m3/s] | 流入量[m3/s] | 計画高水流量[m3/s] | 全放流量[m3/s]
Niigata,新潟県,奥胎内ダム,2026-09-13T12:20,383.99,2.18,1.69,,,,,,観測所名 | 最新観測時刻 | 平常時最高貯水位(常時満水位)[m] | 貯水位[m] | 洪水時最高水位(サーチャージ水位)[m] | 貯水率[%] | 洪水流入量[m3/s] | 流入量[m3/s] | 計画高水流量[m3/s] | 全放流量[m3/s]
Niigata,新潟県,広神ダム,2026-09-13T12:20,213.78,1.59,1.86,,,,100.0,,観測所名 | 最新観測時刻 | 平常時最高貯水位(常時満水位)[m] | 貯水位[m] | 洪水時最高水位(サーチャージ水位)[m] | 貯水率[%] | 洪水流入量[m3/s] | 流入量[m3/s] | 計画高水流量[m3/s] | 全放流量[m3/s]
Niigata,新潟県,新保川ダム,2026-09-13T12:20,160.38,0.25,0.25,,,,100.0,,観測所名 | 最新観測時刻 | 平常時最高貯水位(常時満水位)[m] | 貯水位[m] | 洪水時最高水位(サーチャージ水位)[m] | 貯水率[%] | 洪水流入量[m3/s] | 流入量[m3/s] | 計画高水流量[m3/s] | 全放流量[m3/s]
Niigata,新潟県,早出川ダム,2026-09-13T12:20,163.68,2.28,2.3,,,,75.7,,観測所名 | 最新観測時刻 | 平常時最高貯水位(常時満水位)[m] | 貯水位[m] | 洪水時最高水位(サーチャージ水位)[m] | 貯水率[%] | 洪水流入量[m3/s] | 流入量[m3/s] | 計画高水流量[m3/s] | 全放流量[m3/s]
Niigata,新潟県,柿崎川ダム,2026-09-13T12:20,120.78,0.6,0.6,,,,100.0,,観測所名 | 最新観測時刻 | 平常時最高貯水位(常時満水位)[m] | 貯水位[m] | 洪水時最高水位(サーチャージ水位)[m] | 貯水率[%] | 洪水流入量[m3/s] | 流入量[m3/s] | 計画高水流量[m3/s] | 全放流量[m3/s]
Niigata,新潟県,正善寺ダム,2026-09-13T12:20,86.22,0.31,0.25,,,,83.4,,観測所名 | 最新観測時刻 | 平常時最高貯水位(常時満水位)[m] | 貯水位[m] | 洪水時最高水位(サーチャージ水位)[m] | 貯水率[%] | 洪水流入量[m3/s] | 流入量[m3/s] | 計画高水流量[m3/s] | 全放流量[m3/s]
Niigata,新潟県,破間川ダム,2026-09-13T12:20,429.96,4.16,0.05,,,,66.0,,観測所名 | 最新観測時刻 | 平常時最高貯水位(常時満水位)[m] | 貯水位[m] | 洪水時最高水位(サーチャージ水位)[m] | 貯水率[%] | 洪水流入量[m3/s] | 流入量[m3/s] | 計画高水流量[m3/s] | 全放流量[m3/s]
Niigata,新潟県,笠堀ダム,2026-09-13T12:20,193.18,3.32,3.3,,,,89.8,,観測所名 | 最新観測時刻 | 平常時最高貯水位(常時満水位)[m] | 貯水位[m] | 洪水時最高水位(サーチャージ水位)[m] | 貯水率[%] | 洪水流入量[m3/s] | 流入量[m3/s] | 計画高水流量[m3/s] | 全放流量[m3/s]
Niigata,新潟県,胎内川ダム,2026-09-13T12:20,287.35,5.24,5.24,,,,92.3,,観測所名 | 最新観測時刻 | 平常時最高貯水位(常時満水位)[m] | 貯水位[m] | 洪水時最高水位(サーチャージ水位)[m] | 貯水率[%] | 洪水流入量[m3/s] | 流入量[m3/s] | 計画高水流量[m3/s] | 全放流量[m3/s]
Niigata,新潟県,鯖石川ダム,2026-09-13T12:20,134.82,0.32,1.59,,,,93.3,,観測所名 | 最新観測時刻 | 平常時最高貯水位(常時満水位)[m] | 貯水位[m] | 洪水時最高水位(サーチャージ水位)[m] | 貯水率[%] | 洪水流入量[m3/s] | 流入量[m3/s] | 計画高水流量[m3/s] | 全放流量[m3/s]
Oita,大分県,北川ダム,2026-09-13T12:20,148.26,4.57,23.88,,,,38.0,,管理者名 | 河川名 | 局名 | 所在地 | 最新観測時刻 | 貯水位 | 流入量 | 貯水量 | 貯水率 | 放流量
Oita,大分県,安岐ダム,2026-09-13T12:20,153.75,0.49,0.25,0.608,,,100.0,,管理者名 | 河川名 | 局名 | 所在地 | 最新観測時刻 | 貯水位 | 流入量 | 貯水量 | 貯水率 | 放流量
Oita,大分県,床木ダム,2026-09-13T12:20,88.67,0.3,0.29,0.904,,,100.0,,管理者名 | 河川名 | 局名 | 所在地 | 最新観測時刻 | 貯水位 | 流入量 | 貯水量 | 貯水率 | 放流量
Oita,大分県,玉来ダム,2026-09-13T12:20,350.75,5.25,5.25,,,,0.1,,管理者名 | 河川名 | 局名 | 所在地 | 最新観測時刻 | 貯水位 | 流入量 | 貯水量 | 貯水率 | 放流量
Oita,大分県,稲葉ダム,2026-09-13T12:20,437.83,2.252,2.064,,,,100.9,,管理者名 | 河川名 | 局名 | 所在地 | 最新観測時刻 | 貯水位 | 流入量 | 貯水量 | 貯水率 | 放流量
Oita,大分県,芹川ダム,2026-09-13T12:20,328.57,4.23,4.8,,,,55.5,,管理者名 | 河川名 | 局名 | 所在地 | 最新観測時刻 | 貯水位 | 流入量 | 貯水量 | 貯水率 | 放流量
Oita,大分県,行入ダム,2026-09-13T12:20,122.46,0.0,0.1,0.476,,,46.8,,管理者名 | 河川名 | 局名 | 所在地 | 最新観測時刻 | 貯水位 | 流入量 | 貯水量 | 貯水率 | 放流量
Oita,大分県,野津ダム,2026-09-13T12:20,238.07,0.07,0.07,,,,100.8,,管理者名 | 河川名 | 局名 | 所在地 | 最新観測時刻 | 貯水位 | 流入量 | 貯水量 | 貯水率 | 放流量
Oita,大分県,青江ダム,2026-09-13T12:20,64.12,0.061,0.061,0.457,,,100.0,,管理者名 | 河川名 | 局名 | 所在地 | 最新観測時刻 | 貯水位 | 流入量 | 貯水量 | 貯水率 | 放流量
Oita,大分県,黒沢ダム,2026-09-13T12:20,95.44,0.67,0.69,1.155,,,100.0,,管理者名 | 河川名 | 局名 | 所在地 | 最新観測時刻 | 貯水位 | 流入量 | 貯水量 | 貯水率 | 放流量
Tokushima,徳島県,宮川内ダム,2026-09-13T12:20,129.63,0.47,0.47,,,0.609,79.09,,管理者名 | 河川名 | 局名 | 所在地 | 最新観測時刻 | 貯水位 | 総貯水量 | 全流入量 | 全放流量 | 貯水率
Tokushima,徳島県,川口ダム,2026-09-13T12:20,94.65,73.1,69.7,,,,,,管理者名 | 河川名 | 局名 | 所在地 | 最新観測時刻 | 貯水位 | 総貯水量 | 全流入量 | 全放流量 | 貯水率
Tokushima,徳島県,棚野ダム,2026-09-13T12:20,,,14.8,,,,,,管理者名 | 河川名 | 局名 | 所在地 | 最新観測時刻 | 貯水位 | 総貯水量 | 全流入量 | 全放流量 | 貯水率
Tokushima,徳島県,正木ダム,2026-09-13T12:20,167.56,10.2,10.2,,,5.503,80.23,,管理者名 | 河川名 | 局名 | 所在地 | 最新観測時刻 | 貯水位 | 総貯水量 | 全流入量 | 全放流量 | 貯水率
Tokushima,徳島県,池田ダム,2026-09-13T12:20,88.7,38.18,38.12,,,,,,管理者名 | 河川名 | 局名 | 所在地 | 最新観測時刻 | 貯水位 | 総貯水量 | 全流入量 | 全放流量 | 貯水率
Tokushima,徳島県,福井ダム,2026-09-13T12:20,43.74,0.75,0.75,,,1.332,100.0,,管理者名 | 河川名 | 局名 | 所在地 | 最新観測時刻 | 貯水位 | 総貯水量 | 全流入量 | 全放流量 | 貯水率
Tokushima,徳島県,長安口ダム,2026-09-13T12:20,222.58,65.11,59.31,,,,,,管理者名 | 河川名 | 局名 | 所在地 | 最新観測時刻 | 貯水位 | 総貯水量 | 全流入量 | 全放流量 | 貯水率
Yamagata,山形県,前川ダム,2026-09-13T12:20,257.38,0.1,0.1,1.548,,,91.1,,管理者名 | 河川名 | 局名 | 所在地 | 最新観測時刻 | 流入量 | 全放流量 | 貯水位 | 貯水量 | 貯水率
Yamagata,山形県,寒河江ダム,2026-09-13T12:20,385.47,13.01,0.86,51.589,,,93.1,,管理者名 | 河川名 | 局名 | 所在地 | 最新観測時刻 | 流入量 | 全放流量 | 貯水位 | 貯水量 | 貯水率
Yamagata,山形県,最上小国川流水型ダム,2026-09-13T12:20,277.05,3.39,3.39,0.002,,,0.0,,管理者名 | 河川名 | 局名 | 所在地 | 最新観測時刻 | 流入量 | 全放流量 | 貯水位 | 貯水量 | 貯水率
Yamagata,山形県,月光川ダム,2026-09-13T12:20,169.32,4.26,4.26,0.007,,,0.2,,管理者名 | 河川名 | 局名 | 所在地 | 最新観測時刻 | 流入量 | 全放流量 | 貯水位 | 貯水量 | 貯水率
Yamagata,山形県,月山ダム,2026-09-13T12:20,236.71,2.69,4.0,16.257,,,90.7,,管理者名 | 河川名 | 局名 | 所在地 | 最新観測時刻 | 流入量 | 全放流量 | 貯水位 | 貯水量 | 貯水率
Yamagata,山形県,木地山ダム,2026-09-13T12:20,469.42,4.19,4.8,0.837,,,15.8,,管理者名 | 河川名 | 局名 | 所在地 | 最新観測時刻 | 流入量 | 全放流量 | 貯水位 | 貯水量 | 貯水率
Yamagata,山形県,温海川ダム,2026-09-13T12:20,142.41,0.94,0.94,0.432,,,97.1,,管理者名 | 河川名 | 局名 | 所在地 | 最新観測時刻 | 流入量 | 全放流量 | 貯水位 | 貯水量 | 貯水率
Yamagata,山形県,田沢川ダム,2026-09-13T12:20,126.59,0.33,1.12,3.855,,,77.9,,管理者名 | 河川名 | 局名 | 所在地 | 最新観測時刻 | 流入量 | 全放流量 | 貯水位 | 貯水量 | 貯水率
Yamagata,山形県,留山川ダム,2026-09-13T12:20,300.08,0.23,0.23,0.344,,,100.0,,管理者名 | 河川名 | 局名 | 所在地 | 最新観測時刻 | 流入量 | 全放流量 | 貯水位 | 貯水量 | 貯水率
Yamagata,山形県,白川ダム,2026-09-13T12:20,319.6,9.46,9.46,6.577,,,66.4,,管理者名 | 河川名 | 局名 | 所在地 | 最新観測時刻 | 流入量 | 全放流量 | 貯水位 | 貯水量 | 貯水率
Yamagata,山形県,白水川ダム,2026-09-13T12:20,357.53,0.0,0.45,2.507,,,96.4,,管理者名 | 河川名 | 局名 | 所在地 | 最新観測時刻 | 流入量 | 全放流量 | 貯水位 | 貯水量 | 貯水率
Yamagata,山形県,神室ダム,2026-09-13T12:20,380.79,1.0,1.0,2.429,,,74.2,,管理者名 | 河川名 | 局名 | 所在地 | 最新観測時刻 | 流入量 | 全放流量 | 貯水位 | 貯水量 | 貯水率
Yamagata,山形県,綱木川ダム,2026-09-13T12:20,456.28,2.3,2.47,3.566,,,100.0,,管理者名 | 河川名 | 局名 | 所在地 | 最新観測時刻 | 流入量 | 全放流量 | 貯水位 | 貯水量 | 貯水率
Yamagata,山形県,荒沢ダム,2026-09-13T12:20,236.07,6.44,13.13,4.48,,,26.0,,管理者名 | 河川名 | 局名 | 所在地 | 最新観測時刻 | 流入量 | 全放流量 | 貯水位 | 貯水量 | 貯水率
Yamagata,山形県,蔵王ダム,2026-09-13T12:20,593.17,1.6,1.6,1.917,,,90.4,,管理者名 | 河川名 | 局名 | 所在地 | 最新観測時刻 | 流入量 | 全放流量 | 貯水位 | 貯水量 | 貯水率
Yamagata,山形県,長井ダム,2026-09-13T12:20,365.66,9.43,5.99,20.719,,,93.9,,管理者名 | 河川名 | 局名 | 所在地 | 最新観測時刻 | 流入量 | 全放流量 | 貯水位 | 貯水量 | 貯水率
Yamagata,山形県,高坂ダム,2026-09-13T12:20,180.8,3.47,5.09,0.246,,,7.4,,管理者名 | 河川名 | 局名 | 所在地 | 最新観測時刻 | 流入量 | 全放流量 | 貯水位 | 貯水量 | 貯水率
Aomori,青森県,下湯ダム,2026-09-13T17:20,263.6,1.43,1.44,,,,,,管理者名 | 河川名 | 局名 | 所在地 | 最新観測時刻 | 流入量 | 全放流量 | 貯水位 | 平常時最高水位 | 洪水貯留準備水位 | 洪水量(※)
Aomori,青森県,世増ダム,2026-09-13T17:20,94.62,4.78,7.38,,,,,,管理者名 | 河川名 | 局名 | 所在地 | 最新観測時刻 | 流入量 | 全放流量 | 貯水位 | 平常時最高水位 | 洪水貯留準備水位 | 洪水量(※)
Aomori,青森県,久吉ダム,2026-09-13T17:30,276.59,0.67,0.67,,,,,,管理者名 | 河川名 | 局名 | 所在地 | 最新観測時刻 | 流入量 | 全放流量 | 貯水位 | 平常時最高水位 | 洪水貯留準備水位 | 洪水量(※)
Aomori,青森県,小泊ダム,2026-09-13T17:30,67.57,0.03,0.03,,,,,,管理者名 | 河川名 | 局名 | 所在地 | 最新観測時刻 | 流入量 | 全放流量 | 貯水位 | 平常時最高水位 | 洪水貯留準備水位 | 洪水量(※)
Aomori,青森県,川内ダム,2026-09-13T17:30,178.58,1.31,1.31,,,,,,管理者名 | 河川名 | 局名 | 所在地 | 最新観測時刻 | 流入量 | 全放流量 | 貯水位 | 平常時最高水位 | 洪水貯留準備水位 | 洪水量(※)
Aomori,青森県,津軽ダム,2026-09-13T17:20,195.57,1.25,14.73,,,,,,管理者名 | 河川名 | 局名 | 所在地 | 最新観測時刻 | 流入量 | 全放流量 | 貯水位 | 平常時最高水位 | 洪水貯留準備水位 | 洪水量(※)
Aomori,青森県,浅瀬石川ダム,2026-09-13T17:30,184.54,5.95,5.96,,,,,,管理者名 | 河川名 | 局名 | 所在地 | 最新観測時刻 | 流入量 | 全放流量 | 貯水位 | 平常時最高水位 | 洪水貯留準備水位 | 洪水量(※)
Aomori,青森県,浅虫ダム,2026-09-13T17:30,13.98,0.04,0.04,,,,,,管理者名 | 河川名 | 局名 | 所在地 | 最新観測時刻 | 流入量 | 全放流量 | 貯水位 | 平常時最高水位 | 洪水貯留準備水位 | 洪水量(※)
Aomori,青森県,清水目ダム,2026-09-13T17:20,108.02,0.4,0.4,,,,,,管理者名 | 河川名 | 局名 | 所在地 | 最新観測時刻 | 流入量 | 全放流量 | 貯水位 | 平常時最高水位 | 洪水貯留準備水位 | 洪水量(※)
Aomori,青森県,遠部ダム,2026-09-13T17:30,214.98,0.17,0.17,,,,,,管理者名 | 河川名 | 局名 | 所在地 | 最新観測時刻 | 流入量 | 全放流量 | 貯水位 | 平常時最高水位 | 洪水貯留準備水位 | 洪水量(※)
Aomori,青森県,飯詰ダム,2026-09-13T17:30,70.55,0.21,0.21,,,,,,管理者名 | 河川名 | 局名 | 所在地 | 最新観測時刻 | 流入量 | 全放流量 | 貯水位 | 平常時最高水位 | 洪水貯留準備水位 | 洪水量(※)
Fukui,福井県,九頭竜ダム,2026-09-13T17:20,542.02,20.9,0.01,,,,,34.1,局名 | 所在地 | 最新観測時刻 | 貯水率(利水容量) | 貯水位 | 有効貯水量 | 流入量 | 放流量 | 管理者名
Fukui,福井県,二ツ屋ダム,2026-09-13T17:30,349.76,1.66,1.66,,0.214,,,100.9,局名 | 所在地 | 最新観測時刻 | 貯水率(利水容量) | 貯水位 | 有効貯水量 | 流入量 | 放流量 | 管理者名
Fukui,福井県,吉野瀬川ダム,2026-09-13T17:20,99.91,0.6,0.8,,1.181,,,100.0,局名 | 所在地 | 最新観測時刻 | 貯水率(利水容量) | 貯水位 | 有効貯水量 | 流入量 | 放流量 | 管理者名
Fukui,福井県,大津呂ダム,2026-09-13T17:30,84.55,0.05,0.02,,0.116,,,43.0,局名 | 所在地 | 最新観測時刻 | 貯水率(利水容量) | 貯水位 | 有効貯水量 | 流入量 | 放流量 | 管理者名
Fukui,福井県,広野ダム,2026-09-13T17:20,294.49,1.6,1.59,,1.395,,,34.9,局名 | 所在地 | 最新観測時刻 | 貯水率(利水容量) | 貯水位 | 有効貯水量 | 流入量 | 放流量 | 管理者名
Fukui,福井県,桝谷ダム,2026-09-13T17:30,299.38,0.12,0.12,,3.539,,,17.8,局名 | 所在地 | 最新観測時刻 | 貯水率(利水容量) | 貯水位 | 有効貯水量 | 流入量 | 放流量 | 管理者名
Fukui,福井県,永平寺ダム,2026-09-13T17:30,319.82,0.23,0.27,,0.441,,,100.23,局名 | 所在地 | 最新観測時刻 | 貯水率(利水容量) | 貯水位 | 有効貯水量 | 流入量 | 放流量 | 管理者名
Fukui,福井県,河内川ダム,2026-09-13T17:30,184.26,0.48,0.31,,3.021,,,65.0,局名 | 所在地 | 最新観測時刻 | 貯水率(利水容量) | 貯水位 | 有効貯水量 | 流入量 | 放流量 | 管理者名
Fukui,福井県,浄土寺川ダム,2026-09-13T17:30,344.53,0.59,0.193,,0.77,,,100.0,局名 | 所在地 | 最新観測時刻 | 貯水率(利水容量) | 貯水位 | 有効貯水量 | 流入量 | 放流量 | 管理者名
Fukui,福井県,真名川ダム,2026-09-13T17:20,336.78,3.49,3.5,,,,,89.4,局名 | 所在地 | 最新観測時刻 | 貯水率(利水容量) | 貯水位 | 有効貯水量 | 流入量 | 放流量 | 管理者名
Fukui,福井県,笹生川ダム,2026-09-13T17:20,515.33,3.36,3.36,,24.155,,,58.97,局名 | 所在地 | 最新観測時刻 | 貯水率(利水容量) | 貯水位 | 有効貯水量 | 流入量 | 放流量 | 管理者名
Fukui,福井県,開谷ダム,2026-09-13T17:30,120.73,,,,0.063,,,62.4,局名 | 所在地 | 最新観測時刻 | 貯水率(利水容量) | 貯水位 | 有効貯水量 | 流入量 | 放流量 | 管理者名
Fukui,福井県,龍ヶ鼻ダム,2026-09-13T17:20,172.38,1.58,2.96,,3.851,,,81.55,局名 | 所在地 | 最新観測時刻 | 貯水率(利水容量) | 貯水位 | 有効貯水量 | 流入量 | 放流量 | 管理者名
Miyazaki,宮崎県,岩瀬ダム,2026-09-13T17:20,111.65,24.29,35.99,,,,,,河川名 | 局名 | 所在地 | 状態 | 最新観測時刻 | 貯水位 | 流入量 | 全放流量
Miyazaki,宮崎県,広渡ダム,2026-09-13T17:20,259.37,5.69,5.66,,,,,,河川名 | 局名 | 所在地 | 状態 | 最新観測時刻 | 貯水位 | 流入量 | 全放流量
Miyazaki,宮崎県,日南ダム,2026-09-13T17:00,107.34,3.9,3.91,,,,,,河川名 | 局名 | 所在地 | 状態 | 最新観測時刻 | 貯水位 | 流入量 | 全放流量
Miyazaki,宮崎県,松尾ダム,2026-09-13T17:20,195.59,17.63,17.66,,,,,,河川名 | 局名 | 所在地 | 状態 | 最新観測時刻 | 貯水位 | 流入量 | 全放流量
Miyazaki,宮崎県,沖田ダム,2026-09-13T17:20,48.11,0.41,0.38,,,,,,河川名 | 局名 | 所在地 | 状態 | 最新観測時刻 | 貯水位 | 流入量 | 全放流量
Miyazaki,宮崎県,渡川ダム,2026-09-13T17:20,290.22,7.2,7.2,,,,,,河川名 | 局名 | 所在地 | 状態 | 最新観測時刻 | 貯水位 | 流入量 | 全放流量
Miyazaki,宮崎県,瓜田ダム,2026-09-13T17:00,38.58,0.09,0.09,,,,,,河川名 | 局名 | 所在地 | 状態 | 最新観測時刻 | 貯水位 | 流入量 | 全放流量
Miyazaki,宮崎県,田代八重ダム,2026-09-13T17:00,324.13,7.37,8.82,,,,,,河川名 | 局名 | 所在地 | 状態 | 最新観測時刻 | 貯水位 | 流入量 | 全放流量
Miyazaki,宮崎県,祝子ダム,2026-09-13T17:20,303.37,3.73,3.34,,,,,,河川名 | 局名 | 所在地 | 状態 | 最新観測時刻 | 貯水位 | 流入量 | 全放流量
Miyazaki,宮崎県,立花ダム,2026-09-13T17:20,250.66,4.09,12.28,,,,,,河川名 | 局名 | 所在地 | 状態 | 最新観測時刻 | 貯水位 | 流入量 | 全放流量
Miyazaki,宮崎県,綾北ダム,2026-09-13T17:20,281.07,1.64,10.86,,,,,,河川名 | 局名 | 所在地 | 状態 | 最新観測時刻 | 貯水位 | 流入量 | 全放流量
Miyazaki,宮崎県,綾南ダム,2026-09-13T17:20,337.38,3.34,10.22,,,,,,河川名 | 局名 | 所在地 | 状態 | 最新観測時刻 | 貯水位 | 流入量 | 全放流量
Miyazaki,宮崎県,長谷ダム,2026-09-13T17:20,108.7,3.34,3.29,,,,,,河川名 | 局名 | 所在地 | 状態 | 最新観測時刻 | 貯水位 | 流入量 | 全放流量
Nara,奈良県,初瀬ダム,2026-09-13T17:20,221.42,0.6,0.23,,,,,,管理者名 | 河川名 | 局名 | 所在地 | 最新観測時刻 | 貯水位 | 貯水容量 | 空容量 | 全流入量 | 放流量
Nara,奈良県,大門ダム,2026-09-13T17:30,262.66,0.0,0.0,,,,,,管理者名 | 河川名 | 局名 | 所在地 | 最新観測時刻 | 貯水位 | 貯水容量 | 空容量 | 全流入量 | 放流量
Nara,奈良県,天理ダム,2026-09-13T17:30,253.31,0.26,0.26,,,,,,管理者名 | 河川名 | 局名 | 所在地 | 最新観測時刻 | 貯水位 | 貯水容量 | 空容量 | 全流入量 | 放流量
Nara,奈良県,岩井川ダム,2026-09-13T17:30,240.59,0.0,0.07,,,,,,管理者名 | 河川名 | 局名 | 所在地 | 最新観測時刻 | 貯水位 | 貯水容量 | 空容量 | 全流入量 | 放流量
Nara,奈良県,白川ダム,2026-09-13T17:30,111.32,0.0,0.0,,,,,,管理者名 | 河川名 | 局名 | 所在地 | 最新観測時刻 | 貯水位 | 貯水容量 | 空容量 | 全流入量 | 放流量
Niigata,新潟県,三面ダム,2026-09-13T17:20,115.75,56.49,15.84,,,,91.5,,観測所名 | 最新観測時刻 | 平常時最高貯水位(常時満水位)[m] | 貯水位[m] | 洪水時最高水位(サーチャージ水位)[m] | 貯水率[%] | 洪水流入量[m3/s] | 流入量[m3/s] | 計画高水流量[m3/s] | 全放流量[m3/s]
Niigata,新潟県,下条川ダム,2026-09-13T17:20,31.22,0.17,0.13,,,,,,観測所名 | 最新観測時刻 | 平常時最高貯水位(常時満水位)[m] | 貯水位[m] | 洪水時最高水位(サーチャージ水位)[m] | 貯水率[%] | 洪水流入量[m3/s] | 流入量[m3/s] | 計画高水流量[m3/s] | 全放流量[m3/s]
Niigata,新潟県,久知川ダム,2026-09-13T17:20,123.86,0.19,0.18,,,,100.0,,観測所名 | 最新観測時刻 | 平常時最高貯水位(常時満水位)[m] | 貯水位[m] | 洪水時最高水位(サーチャージ水位)[m] | 貯水率[%] | 洪水流入量[m3/s] | 流入量[m3/s] | 計画高水流量[m3/s] | 全放流量[m3/s]
Niigata,新潟県,内の倉ダム,2026-09-13T17:20,147.88,2.49,2.48,,,,41.2,,観測所名 | 最新観測時刻 | 平常時最高貯水位(常時満水位)[m] | 貯水位[m] | 洪水時最高水位(サーチャージ水位)[m] | 貯水率[%] | 洪水流入量[m3/s] | 流入量[m3/s] | 計画高水流量[m3/s] | 全放流量[m3/s]
Niigata,新潟県,刈谷田川ダム,2026-09-13T17:20,239.35,1.19,1.13,,,,98.2,,観測所名 | 最新観測時刻 | 平常時最高貯水位(常時満水位)[m] | 貯水位[m] | 洪水時最高水位(サーチャージ水位)[m] | 貯水率[%] | 洪水流入量[m3/s] | 流入量[m3/s] | 計画高水流量[m3/s] | 全放流量[m3/s]
Niigata,新潟県,加治川治水ダム,2026-09-13T17:20,271.99,2.17,3.5,,,,,,観測所名 | 最新観測時刻 | 平常時最高貯水位(常時満水位)[m] | 貯水位[m] | 洪水時最高水位(サーチャージ水位)[m] | 貯水率[%] | 洪水流入量[m3/s] | 流入量[m3/s] | 計画高水流量[m3/s] | 全放流量[m3/s]
Niigata,新潟県,城川ダム,2026-09-13T17:20,271.52,0.2,0.19,,,,100.0,,観測所名 | 最新観測時刻 | 平常時最高貯水位(常時満水位)[m] | 貯水位[m] | 洪水時最高水位(サーチャージ水位)[m] | 貯水率[%] | 洪水流入量[m3/s] | 流入量[m3/s] | 計画高水流量[m3/s] | 全放流量[m3/s]
Niigata,新潟県,大谷ダム,2026-09-13T17:20,191.46,1.14,1.13,,,,100.0,,観測所名 | 最新観測時刻 | 平常時最高貯水位(常時満水位)[m] | 貯水位[m] | 洪水時最高水位(サーチャージ水位)[m] | 貯水率[%] | 洪水流入量[m3/s] | 流入量[m3/s] | 計画高水流量[m3/s] | 全放流量[m3/s]
Niigata,新潟県,大野川ダム,2026-09-13T17:20,142.08,0.0,0.41,,,,91.4,,観測所名 | 最新観測時刻 | 平常時最高貯水位(常時満水位)[m] | 貯水位[m] | 洪水時最高水位(サーチャージ水位)[m] | 貯水率[%] | 洪水流入量[m3/s] | 流入量[m3/s] | 計画高水流量[m3/s] | 全放流量[m3/s]
Niigata,新潟県,奥三面ダム,2026-09-13T17:20,211.31,10.06,38.64,,,,78.4,,観測所名 | 最新観測時刻 | 平常時最高貯水位(常時満水位)[m] | 貯水位[m] | 洪水時最高水位(サーチャージ水位)[m] | 貯水率[%] | 洪水流入量[m3/s] | 流入量[m3/s] | 計画高水流量[m3/s] | 全放流量[m3/s]
Niigata,新潟県,奥胎内ダム,2026-09-13T17:20,384.0,2.1,2.1,,,,,,観測所名 | 最新観測時刻 | 平常時最高貯水位(常時満水位)[m] | 貯水位[m] | 洪水時最高水位(サーチャージ水位)[m] | 貯水率[%] | 洪水流入量[m3/s] | 流入量[m3/s] | 計画高水流量[m3/s] | 全放流量[m3/s]
Niigata,新潟県,広神ダム,2026-09-13T17:20,213.75,1.48,1.8,,,,100.0,,観測所名 | 最新観測時刻 | 平常時最高貯水位(常時満水位)[m] | 貯水位[m] | 洪水時最高水位(サーチャージ水位)[m] | 貯水率[%] | 洪水流入量[m3/s] | 流入量[m3/s] | 計画高水流量[m3/s] | 全放流量[m3/s]
Niigata,新潟県,新保川ダム,2026-09-13T17:20,160.38,0.25,0.25,,,,100.0,,観測所名 | 最新観測時刻 | 平常時最高貯水位(常時満水位)[m] | 貯水位[m] | 洪水時最高水位(サーチャージ水位)[m] | 貯水率[%] | 洪水流入量[m3/s] | 流入量[m3/s] | 計画高水流量[m3/s] | 全放流量[m3/s]
Niigata,新潟県,早出川ダム,2026-09-13T17:20,163.67,2.2,2.2,,,,75.6,,観測所名 | 最新観測時刻 | 平常時最高貯水位(常時満水位)[m] | 貯水位[m] | 洪水時最高水位(サーチャージ水位)[m] | 貯水率[%] | 洪水流入量[m3/s] | 流入量[m3/s] | 計画高水流量[m3/s] | 全放流量[m3/s]
Niigata,新潟県,柿崎川ダム,2026-09-13T17:20,120.76,0.57,0.57,,,,100.0,,観測所名 | 最新観測時刻 | 平常時最高貯水位(常時満水位)[m] | 貯水位[m] | 洪水時最高水位(サーチャージ水位)[m] | 貯水率[%] | 洪水流入量[m3/s] | 流入量[m3/s] | 計画高水流量[m3/s] | 全放流量[m3/s]
Niigata,新潟県,正善寺ダム,2026-09-13T17:20,86.23,0.3,0.27,,,,83.5,,観測所名 | 最新観測時刻 | 平常時最高貯水位(常時満水位)[m] | 貯水位[m] | 洪水時最高水位(サーチャージ水位)[m] | 貯水率[%] | 洪水流入量[m3/s] | 流入量[m3/s] | 計画高水流量[m3/s] | 全放流量[m3/s]
Niigata,新潟県,破間川ダム,2026-09-13T17:20,430.15,3.96,5.76,,,,72.1,,観測所名 | 最新観測時刻 | 平常時最高貯水位(常時満水位)[m] | 貯水位[m] | 洪水時最高水位(サーチャージ水位)[m] | 貯水率[%] | 洪水流入量[m3/s] | 流入量[m3/s] | 計画高水流量[m3/s] | 全放流量[m3/s]
Niigata,新潟県,笠堀ダム,2026-09-13T17:20,193.19,3.32,3.3,,,,89.9,,観測所名 | 最新観測時刻 | 平常時最高貯水位(常時満水位)[m] | 貯水位[m] | 洪水時最高水位(サーチャージ水位)[m] | 貯水率[%] | 洪水流入量[m3/s] | 流入量[m3/s] | 計画高水流量[m3/s] | 全放流量[m3/s]
Niigata,新潟県,胎内川ダム,2026-09-13T17:20,287.34,4.56,5.23,,,,92.2,,観測所名 | 最新観測時刻 | 平常時最高貯水位(常時満水位)[m] | 貯水位[m] | 洪水時最高水位(サーチャージ水位)[m] | 貯水率[%] | 洪水流入量[m3/s] | 流入量[m3/s] | 計画高水流量[m3/s] | 全放流量[m3/s]
Niigata,新潟県,鯖石川ダム,2026-09-13T17:20,134.82,0.53,1.59,,,,93.3,,観測所名 | 最新観測時刻 | 平常時最高貯水位(常時満水位)[m] | 貯水位[m] | 洪水時最高水位(サーチャージ水位)[m] | 貯水率[%] | 洪水流入量[m3/s] | 流入量[m3/s] | 計画高水流量[m3/s] | 全放流量[m3/s]
Oita,大分県,北川ダム,2026-09-13T17:20,148.26,5.78,24.09,,,,38.0,,管理者名 | 河川名 | 局名 | 所在地 | 最新観測時刻 | 貯水位 | 流入量 | 貯水量 | 貯水率 | 放流量
Oita,大分県,安岐ダム,2026-09-13T17:30,153.74,0.0,0.22,0.606,,,100.0,,管理者名 | 河川名 | 局名 | 所在地 | 最新観測時刻 | 貯水位 | 流入量 | 貯水量 | 貯水率 | 放流量
Oita,大分県,床木ダム,2026-09-13T17:20,88.67,0.3,0.29,0.904,,,100.0,,管理者名 | 河川名 | 局名 | 所在地 | 最新観測時刻 | 貯水位 | 流入量 | 貯水量 | 貯水率 | 放流量
Oita,大分県,玉来ダム,2026-09-13T17:20,350.78,5.63,5.63,,,,0.1,,管理者名 | 河川名 | 局名 | 所在地 | 最新観測時刻 | 貯水位 | 流入量 | 貯水量 | 貯水率 | 放流量
Oita,大分県,稲葉ダム,2026-09-13T17:30,437.85,2.953,2.873,,,,101.5,,管理者名 | 河川名 | 局名 | 所在地 | 最新観測時刻 | 貯水位 | 流入量 | 貯水量 | 貯水率 | 放流量
Oita,大分県,芹川ダム,2026-09-13T17:30,328.59,5.77,4.81,,,,55.6,,管理者名 | 河川名 | 局名 | 所在地 | 最新観測時刻 | 貯水位 | 流入量 | 貯水量 | 貯水率 | 放流量
Oita,大分県,行入ダム,2026-09-13T17:30,122.43,0.0,0.1,0.474,,,46.5,,管理者名 | 河川名 | 局名 | 所在地 | 最新観測時刻 | 貯水位 | 流入量 | 貯水量 | 貯水率 | 放流量
Oita,大分県,野津ダム,2026-09-13T17:30,238.06,0.06,0.06,,,,100.8,,管理者名 | 河川名 | 局名 | 所在地 | 最新観測時刻 | 貯水位 | 流入量 | 貯水量 | 貯水率 | 放流量
Oita,大分県,青江ダム,2026-09-13T17:30,64.12,0.061,0.061,0.457,,,100.0,,管理者名 | 河川名 | 局名 | 所在地 | 最新観測時刻 | 貯水位 | 流入量 | 貯水量 | 貯水率 | 放流量
Oita,大分県,黒沢ダム,2026-09-13T17:20,95.44,0.67,0.69,1.155,,,100.0,,管理者名 | 河川名 | 局名 | 所在地 | 最新観測時刻 | 貯水位 | 流入量 | 貯水量 | 貯水率 | 放流量
Tokushima,徳島県,宮川内ダム,2026-09-13T17:20,129.64,0.47,0.47,,,0.61,79.22,,管理者名 | 河川名 | 局名 | 所在地 | 最新観測時刻 | 貯水位 | 総貯水量 | 全流入量 | 全放流量 | 貯水率
Tokushima,徳島県,川口ダム,2026-09-13T17:20,94.67,73.0,69.6,,,,,,管理者名 | 河川名 | 局名 | 所在地 | 最新観測時刻 | 貯水位 | 総貯水量 | 全流入量 | 全放流量 | 貯水率
Tokushima,徳島県,棚野ダム,2026-09-13T17:20,,,13.9,,,,,,管理者名 | 河川名 | 局名 | 所在地 | 最新観測時刻 | 貯水位 | 総貯水量 | 全流入量 | 全放流量 | 貯水率
Tokushima,徳島県,正木ダム,2026-09-13T17:20,167.52,9.3,9.2,,,5.488,79.81,,管理者名 | 河川名 | 局名 | 所在地 | 最新観測時刻 | 貯水位 | 総貯水量 | 全流入量 | 全放流量 | 貯水率
Tokushima,徳島県,池田ダム,2026-09-13T17:20,88.67,35.28,42.49,,,,,,管理者名 | 河川名 | 局名 | 所在地 | 最新観測時刻 | 貯水位 | 総貯水量 | 全流入量 | 全放流量 | 貯水率
Tokushima,徳島県,福井ダム,2026-09-13T17:20,43.73,0.71,0.71,,,1.33,100.0,,管理者名 | 河川名 | 局名 | 所在地 | 最新観測時刻 | 貯水位 | 総貯水量 | 全流入量 | 全放流量 | 貯水率
Tokushima,徳島県,長安口ダム,2026-09-13T17:20,222.61,65.31,59.51,,,,,,管理者名 | 河川名 | 局名 | 所在地 | 最新観測時刻 | 貯水位 | 総貯水量 | 全流入量 | 全放流量 | 貯水率
Yamagata,山形県,前川ダム,2026-09-13T17:30,257.38,0.1,0.1,1.548,,,91.1,,管理者名 | 河川名 | 局名 | 所在地 | 最新観測時刻 | 流入量 | 全放流量 | 貯水位 | 貯水量 | 貯水率
Yamagata,山形県,寒河江ダム,2026-09-13T17:30,385.48,7.35,27.57,51.613,,,93.2,,管理者名 | 河川名 | 局名 | 所在地 | 最新観測時刻 | 流入量 | 全放流量 | 貯水位 | 貯水量 | 貯水率
Yamagata,山形県,最上小国川流水型ダム,2026-09-13T17:30,277.04,3.22,3.22,0.002,,,0.0,,管理者名 | 河川名 | 局名 | 所在地 | 最新観測時刻 | 流入量 | 全放流量 | 貯水位 | 貯水量 | 貯水率
Yamagata,山形県,月光川ダム,2026-09-13T17:30,169.31,4.13,4.13,0.007,,,0.2,,管理者名 | 河川名 | 局名 | 所在地 | 最新観測時刻 | 流入量 | 全放流量 | 貯水位 | 貯水量 | 貯水率
Yamagata,山形県,月山ダム,2026-09-13T17:20,236.68,2.85,4.0,16.23,,,90.5,,管理者名 | 河川名 | 局名 | 所在地 | 最新観測時刻 | 流入量 | 全放流量 | 貯水位 | 貯水量 | 貯水率
Yamagata,山形県,木地山ダム,2026-09-13T17:20,469.39,3.91,4.1,0.83,,,15.6,,管理者名 | 河川名 | 局名 | 所在地 | 最新観測時刻 | 流入量 | 全放流量 | 貯水位 | 貯水量 | 貯水率
Yamagata,山形県,温海川ダム,2026-09-13T17:30,142.42,0.87,0.87,0.434,,,97.4,,管理者名 | 河川名 | 局名 | 所在地 | 最新観測時刻 | 流入量 | 全放流量 | 貯水位 | 貯水量 | 貯水率
Yamagata,山形県,田沢川ダム,2026-09-13T17:30,126.54,0.36,1.13,3.843,,,77.7,,管理者名 | 河川名 | 局名 | 所在地 | 最新観測時刻 | 流入量 | 全放流量 | 貯水位 | 貯水量 | 貯水率
Yamagata,山形県,留山川ダム,2026-09-13T17:20,300.07,0.23,0.21,0.343,,,100.0,,管理者名 | 河川名 | 局名 | 所在地 | 最新観測時刻 | 流入量 | 全放流量 | 貯水位 | 貯水量 | 貯水率
Yamagata,山形県,白川ダム,2026-09-13T17:30,319.59,9.46,9.46,6.566,,,66.3,,管理者名 | 河川名 | 局名 | 所在地 | 最新観測時刻 | 流入量 | 全放流量 | 貯水位 | 貯水量 | 貯水率
Yamagata,山形県,白水川ダム,2026-09-13T17:20,357.52,0.45,0.45,2.505,,,96.3,,管理者名 | 河川名 | 局名 | 所在地 | 最新観測時刻 | 流入量 | 全放流量 | 貯水位 | 貯水量 | 貯水率
Yamagata,山形県,神室ダム,2026-09-13T17:20,380.75,0.28,1.0,2.418,,,73.8,,管理者名 | 河川名 | 局名 | 所在地 | 最新観測時刻 | 流入量 | 全放流量 | 貯水位 | 貯水量 | 貯水率
Yamagata,山形県,綱木川ダム,2026-09-13T17:20,456.27,2.27,2.42,3.563,,,100.0,,管理者名 | 河川名 | 局名 | 所在地 | 最新観測時刻 | 流入量 | 全放流量 | 貯水位 | 貯水量 | 貯水率
Yamagata,山形県,荒沢ダム,2026-09-13T17:20,235.95,6.8,13.08,4.368,,,25.3,,管理者名 | 河川名 | 局名 | 所在地 | 最新観測時刻 | 流入量 | 全放流量 | 貯水位 | 貯水量 | 貯水率
Yamagata,山形県,蔵王ダム,2026-09-13T17:20,593.17,1.6,1.6,1.917,,,90.4,,管理者名 | 河川名 | 局名 | 所在地 | 最新観測時刻 | 流入量 | 全放流量 | 貯水位 | 貯水量 | 貯水率
Yamagata,山形県,長井ダム,2026-09-13T17:30,365.68,7.33,5.19,20.736,,,93.9,,管理者名 | 河川名 | 局名 | 所在地 | 最新観測時刻 | 流入量 | 全放流量 | 貯水位 | 貯水量 | 貯水率
Yamagata,山形県,高坂ダム,2026-09-13T17:30,180.71,3.4,5.1,0.218,,,6.6,,管理者名 | 河川名 | 局名 | 所在地 | 最新観測時刻 | 流入量 | 全放流量 | 貯水位 | 貯水量 | 貯水率
Aomori,青森県,下湯ダム,2026-09-13T22:30,263.59,1.42,1.43,,,,,,管理者名 | 河川名 | 局名 | 所在地 | 最新観測時刻 | 流入量 | 全放流量 | 貯水位 | 平常時最高水位 | 洪水貯留準備水位 | 洪水量(※)
Aomori,青森県,世増ダム,2026-09-13T22:40,94.61,5.29,7.22,,,,,,管理者名 | 河川名 | 局名 | 所在地 | 最新観測時刻 | 流入量 | 全放流量 | 貯水位 | 平常時最高水位 | 洪水貯留準備水位 | 洪水量(※)
Aomori,青森県,久吉ダム,2026-09-13T22:40,276.58,0.16,0.65,,,,,,管理者名 | 河川名 | 局名 | 所在地 | 最新観測時刻 | 流入量 | 全放流量 | 貯水位 | 平常時最高水位 | 洪水貯留準備水位 | 洪水量(※)
Aomori,青森県,小泊ダム,2026-09-13T22:40,67.56,0.03,0.03,,,,,,管理者名 | 河川名 | 局名 | 所在地 | 最新観測時刻 | 流入量 | 全放流量 | 貯水位 | 平常時最高水位 | 洪水貯留準備水位 | 洪水量(※)
Aomori,青森県,川内ダム,2026-09-13T22:40,178.56,1.31,1.31,,,,,,管理者名 | 河川名 | 局名 | 所在地 | 最新観測時刻 | 流入量 | 全放流量 | 貯水位 | 平常時最高水位 | 洪水貯留準備水位 | 洪水量(※)
Aomori,青森県,津軽ダム,2026-09-13T22:40,195.5,1.17,14.68,,,,,,管理者名 | 河川名 | 局名 | 所在地 | 最新観測時刻 | 流入量 | 全放流量 | 貯水位 | 平常時最高水位 | 洪水貯留準備水位 | 洪水量(※)
Aomori,青森県,浅瀬石川ダム,2026-09-13T22:40,184.57,9.52,5.94,,,,,,管理者名 | 河川名 | 局名 | 所在地 | 最新観測時刻 | 流入量 | 全放流量 | 貯水位 | 平常時最高水位 | 洪水貯留準備水位 | 洪水量(※)
Aomori,青森県,浅虫ダム,2026-09-13T22:40,13.98,0.04,0.04,,,,,,管理者名 | 河川名 | 局名 | 所在地 | 最新観測時刻 | 流入量 | 全放流量 | 貯水位 | 平常時最高水位 | 洪水貯留準備水位 | 洪水量(※)
Aomori,青森県,清水目ダム,2026-09-13T22:40,108.02,0.4,0.4,,,,,,管理者名 | 河川名 | 局名 | 所在地 | 最新観測時刻 | 流入量 | 全放流量 | 貯水位 | 平常時最高水位 | 洪水貯留準備水位 | 洪水量(※)
Aomori,青森県,遠部ダム,2026-09-13T22:40,214.98,0.17,0.17,,,,,,管理者名 | 河川名 | 局名 | 所在地 | 最新観測時刻 | 流入量 | 全放流量 | 貯水位 | 平常時最高水位 | 洪水貯留準備水位 | 洪水量(※)
Aomori,青森県,飯詰ダム,2026-09-13T22:40,70.55,0.21,0.21,,,,,,管理者名 | 河川名 | 局名 | 所在地 | 最新観測時刻 | 流入量 | 全放流量 | 貯水位 | 平常時最高水位 | 洪水貯留準備水位 | 洪水量(※)
Fukui,福井県,九頭竜ダム,2026-09-13T22:30,542.07,16.08,0.01,,,,,34.2,局名 | 所在地 | 最新観測時刻 | 貯水率(利水容量) | 貯水位 | 有効貯水量 | 流入量 | 放流量 | 管理者名
Fukui,福井県,二ツ屋ダム,2026-09-13T22:40,349.76,1.66,1.66,,0.214,,,100.9,局名 | 所在地 | 最新観測時刻 | 貯水率(利水容量) | 貯水位 | 有効貯水量 | 流入量 | 放流量 | 管理者名
Fukui,福井県,吉野瀬川ダム,2026-09-13T22:30,99.89,0.54,0.77,,1.176,,,100.0,局名 | 所在地 | 最新観測時刻 | 貯水率(利水容量) | 貯水位 | 有効貯水量 | 流入量 | 放流量 | 管理者名
Fukui,福井県,大津呂ダム,2026-09-13T22:40,84.56,0.02,0.02,,0.117,,,43.0,局名 | 所在地 | 最新観測時刻 | 貯水率(利水容量) | 貯水位 | 有効貯水量 | 流入量 | 放流量 | 管理者名
Fukui,福井県,広野ダム,2026-09-13T22:30,294.46,1.18,1.59,,1.388,,,34.7,局名 | 所在地 | 最新観測時刻 | 貯水率(利水容量) | 貯水位 | 有効貯水量 | 流入量 | 放流量 | 管理者名
Fukui,福井県,桝谷ダム,2026-09-13T22:40,299.39,0.12,0.12,,3.541,,,17.8,局名 | 所在地 | 最新観測時刻 | 貯水率(利水容量) | 貯水位 | 有効貯水量 | 流入量 | 放流量 | 管理者名
Fukui,福井県,永平寺ダム,2026-09-13T22:40,319.82,0.27,0.27,,0.441,,,100.23,局名 | 所在地 | 最新観測時刻 | 貯水率(利水容量) | 貯水位 | 有効貯水量 | 流入量 | 放流量 | 管理者名
Fukui,福井県,河内川ダム,2026-09-13T22:40,184.27,0.43,0.31,,3.023,,,65.0,局名 | 所在地 | 最新観測時刻 | 貯水率(利水容量) | 貯水位 | 有効貯水量 | 流入量 | 放流量 | 管理者名
Fukui,福井県,浄土寺川ダム,2026-09-13T22:40,344.54,0.607,1.001,,0.77,,,100.0,局名 | 所在地 | 最新観測時刻 | 貯水率(利水容量) | 貯水位 | 有効貯水量 | 流入量 | 放流量 | 管理者名
Fukui,福井県,真名川ダム,2026-09-13T22:30,336.79,4.76,4.76,,,,,89.6,局名 | 所在地 | 最新観測時刻 | 貯水率(利水容量) | 貯水位 | 有効貯水量 | 流入量 | 放流量 | 管理者名
Fukui,福井県,笹生川ダム,2026-09-13T22:30,515.33,2.05,2.07,,24.155,,,58.97,局名 | 所在地 | 最新観測時刻 | 貯水率(利水容量) | 貯水位 | 有効貯水量 | 流入量 | 放流量 | 管理者名
Fukui,福井県,開谷ダム,2026-09-13T22:40,120.74,,,,0.063,,,62.4,局名 | 所在地 | 最新観測時刻 | 貯水率(利水容量) | 貯水位 | 有効貯水量 | 流入量 | 放流量 | 管理者名
Fukui,福井県,龍ヶ鼻ダム,2026-09-13T22:30,172.28,1.5,3.0,,3.824,,,80.98,局名 | 所在地 | 最新観測時刻 | 貯水率(利水容量) | 貯水位 | 有効貯水量 | 流入量 | 放流量 | 管理者名
Miyazaki,宮崎県,岩瀬ダム,2026-09-13T22:30,111.52,11.19,0.0,,,,,,河川名 | 局名 | 所在地 | 状態 | 最新観測時刻 | 貯水位 | 流入量 | 全放流量
Miyazaki,宮崎県,広渡ダム,2026-09-13T22:30,259.36,5.59,5.55,,,,,,河川名 | 局名 | 所在地 | 状態 | 最新観測時刻 | 貯水位 | 流入量 | 全放流量
Miyazaki,宮崎県,日南ダム,2026-09-13T22:00,107.33,3.87,3.71,,,,,,河川名 | 局名 | 所在地 | 状態 | 最新観測時刻 | 貯水位 | 流入量 | 全放流量
Miyazaki,宮崎県,松尾ダム,2026-09-13T22:30,195.56,17.6,17.67,,,,,,河川名 | 局名 | 所在地 | 状態 | 最新観測時刻 | 貯水位 | 流入量 | 全放流量
Miyazaki,宮崎県,沖田ダム,2026-09-13T22:30,48.11,0.38,0.38,,,,,,河川名 | 局名 | 所在地 | 状態 | 最新観測時刻 | 貯水位 | 流入量 | 全放流量
Miyazaki,宮崎県,渡川ダム,2026-09-13T22:30,290.22,7.2,7.2,,,,,,河川名 | 局名 | 所在地 | 状態 | 最新観測時刻 | 貯水位 | 流入量 | 全放流量
Miyazaki,宮崎県,瓜田ダム,2026-09-13T22:30,38.58,0.09,0.09,,,,,,河川名 | 局名 | 所在地 | 状態 | 最新観測時刻 | 貯水位 | 流入量 | 全放流量
Miyazaki,宮崎県,田代八重ダム,2026-09-13T22:30,323.84,2.1,0.0,,,,,,河川名 | 局名 | 所在地 | 状態 | 最新観測時刻 | 貯水位 | 流入量 | 全放流量
Miyazaki,宮崎県,祝子ダム,2026-09-13T22:30,303.37,3.29,3.14,,,,,,河川名 | 局名 | 所在地 | 状態 | 最新観測時刻 | 貯水位 | 流入量 | 全放流量
Miyazaki,宮崎県,立花ダム,2026-09-13T22:30,250.24,2.55,0.0,,,,,,河川名 | 局名 | 所在地 | 状態 | 最新観測時刻 | 貯水位 | 流入量 | 全放流量
Miyazaki,宮崎県,綾北ダム,2026-09-13T22:40,281.28,9.21,0.2,,,,,,河川名 | 局名 | 所在地 | 状態 | 最新観測時刻 | 貯水位 | 流入量 | 全放流量
Miyazaki,宮崎県,綾南ダム,2026-09-13T22:30,337.27,3.28,10.13,,,,,,河川名 | 局名 | 所在地 | 状態 | 最新観測時刻 | 貯水位 | 流入量 | 全放流量
Miyazaki,宮崎県,長谷ダム,2026-09-13T22:30,108.7,3.34,3.29,,,,,,河川名 | 局名 | 所在地 | 状態 | 最新観測時刻 | 貯水位 | 流入量 | 全放流量
Nara,奈良県,初瀬ダム,2026-09-13T22:40,221.46,0.51,0.23,,,,,,管理者名 | 河川名 | 局名 | 所在地 | 最新観測時刻 | 貯水位 | 貯水容量 | 空容量 | 全流入量 | 放流量
Nara,奈良県,大門ダム,2026-09-13T22:40,262.66,0.0,0.0,,,,,,管理者名 | 河川名 | 局名 | 所在地 | 最新観測時刻 | 貯水位 | 貯水容量 | 空容量 | 全流入量 | 放流量
Nara,奈良県,天理ダム,2026-09-13T22:40,253.29,0.26,0.26,,,,,,管理者名 | 河川名 | 局名 | 所在地 | 最新観測時刻 | 貯水位 | 貯水容量 | 空容量 | 全流入量 | 放流量
Nara,奈良県,岩井川ダム,2026-09-13T22:40,240.57,0.07,0.07,,,,,,管理者名 | 河川名 | 局名 | 所在地 | 最新観測時刻 | 貯水位 | 貯水容量 | 空容量 | 全流入量 | 放流量
Nara,奈良県,白川ダム,2026-09-13T22:40,111.32,0.0,0.0,,,,,,管理者名 | 河川名 | 局名 | 所在地 | 最新観測時刻 | 貯水位 | 貯水容量 | 空容量 | 全流入量 | 放流量
Niigata,新潟県,三面ダム,2026-09-13T22:30,116.14,23.69,15.68,,,,94.2,,観測所名 | 最新観測時刻 | 平常時最高貯水位(常時満水位)[m] | 貯水位[m] | 洪水時最高水位(サーチャージ水位)[m] | 貯水率[%] | 洪水流入量[m3/s] | 流入量[m3/s] | 計画高水流量[m3/s] | 全放流量[m3/s]
Niigata,新潟県,下条川ダム,2026-09-13T22:30,31.23,0.18,0.13,,,,,,観測所名 | 最新観測時刻 | 平常時最高貯水位(常時満水位)[m] | 貯水位[m] | 洪水時最高水位(サーチャージ水位)[m] | 貯水率[%] | 洪水流入量[m3/s] | 流入量[m3/s] | 計画高水流量[m3/s] | 全放流量[m3/s]
Niigata,新潟県,久知川ダム,2026-09-13T22:30,123.85,0.1,0.22,,,,100.0,,観測所名 | 最新観測時刻 | 平常時最高貯水位(常時満水位)[m] | 貯水位[m] | 洪水時最高水位(サーチャージ水位)[m] | 貯水率[%] | 洪水流入量[m3/s] | 流入量[m3/s] | 計画高水流量[m3/s] | 全放流量[m3/s]
Niigata,新潟県,内の倉ダム,2026-09-13T22:30,147.87,2.48,2.48,,,,41.2,,観測所名 | 最新観測時刻 | 平常時最高貯水位(常時満水位)[m] | 貯水位[m] | 洪水時最高水位(サーチャージ水位)[m] | 貯水率[%] | 洪水流入量[m3/s] | 流入量[m3/s] | 計画高水流量[m3/s] | 全放流量[m3/s]
Niigata,新潟県,刈谷田川ダム,2026-09-13T22:30,239.35,1.44,1.67,,,,98.2,,観測所名 | 最新観測時刻 | 平常時最高貯水位(常時満水位)[m] | 貯水位[m] | 洪水時最高水位(サーチャージ水位)[m] | 貯水率[%] | 洪水流入量[m3/s] | 流入量[m3/s] | 計画高水流量[m3/s] | 全放流量[m3/s]
Niigata,新潟県,加治川治水ダム,2026-09-13T22:30,272.22,5.03,3.5,,,,,,観測所名 | 最新観測時刻 | 平常時最高貯水位(常時満水位)[m] | 貯水位[m] | 洪水時最高水位(サーチャージ水位)[m] | 貯水率[%] | 洪水流入量[m3/s] | 流入量[m3/s] | 計画高水流量[m3/s] | 全放流量[m3/s]
Niigata,新潟県,城川ダム,2026-09-13T22:30,271.52,0.2,0.19,,,,100.0,,観測所名 | 最新観測時刻 | 平常時最高貯水位(常時満水位)[m] | 貯水位[m] | 洪水時最高水位(サーチャージ水位)[m] | 貯水率[%] | 洪水流入量[m3/s] | 流入量[m3/s] | 計画高水流量[m3/s] | 全放流量[m3/s]
Niigata,新潟県,大谷ダム,2026-09-13T22:30,191.47,1.16,1.15,,,,100.0,,観測所名 | 最新観測時刻 | 平常時最高貯水位(常時満水位)[m] | 貯水位[m] | 洪水時最高水位(サーチャージ水位)[m] | 貯水率[%] | 洪水流入量[m3/s] | 流入量[m3/s] | 計画高水流量[m3/s] | 全放流量[m3/s]
Niigata,新潟県,大野川ダム,2026-09-13T22:30,142.01,0.19,0.4,,,,90.1,,観測所名 | 最新観測時刻 | 平常時最高貯水位(常時満水位)[m] | 貯水位[m] | 洪水時最高水位(サーチャージ水位)[m] | 貯水率[%] | 洪水流入量[m3/s] | 流入量[m3/s] | 計画高水流量[m3/s] | 全放流量[m3/s]
Niigata,新潟県,奥三面ダム,2026-09-13T22:30,211.1,0.0,0.71,,,,77.4,,観測所名 | 最新観測時刻 | 平常時最高貯水位(常時満水位)[m] | 貯水位[m] | 洪水時最高水位(サーチャージ水位)[m] | 貯水率[%] | 洪水流入量[m3/s] | 流入量[m3/s] | 計画高水流量[m3/s] | 全放流量[m3/s]
Niigata,新潟県,奥胎内ダム,2026-09-13T22:30,384.0,2.11,2.11,,,,,,観測所名 | 最新観測時刻 | 平常時最高貯水位(常時満水位)[m] | 貯水位[m] | 洪水時最高水位(サーチャージ水位)[m] | 貯水率[%] | 洪水流入量[m3/s] | 流入量[m3/s] | 計画高水流量[m3/s] | 全放流量[m3/s]
Niigata,新潟県,広神ダム,2026-09-13T22:40,214.11,3.74,2.78,,,,100.0,,観測所名 | 最新観測時刻 | 平常時最高貯水位(常時満水位)[m] | 貯水位[m] | 洪水時最高水位(サーチャージ水位)[m] | 貯水率[%] | 洪水流入量[m3/s] | 流入量[m3/s] | 計画高水流量[m3/s] | 全放流量[m3/s]
Niigata,新潟県,新保川ダム,2026-09-13T22:30,160.38,0.25,0.25,,,,100.0,,観測所名 | 最新観測時刻 | 平常時最高貯水位(常時満水位)[m] | 貯水位[m] | 洪水時最高水位(サーチャージ水位)[m] | 貯水率[%] | 洪水流入量[m3/s] | 流入量[m3/s] | 計画高水流量[m3/s] | 全放流量[m3/s]
Niigata,新潟県,早出川ダム,2026-09-13T22:30,163.65,1.14,2.18,,,,75.3,,観測所名 | 最新観測時刻 | 平常時最高貯水位(常時満水位)[m] | 貯水位[m] | 洪水時最高水位(サーチャージ水位)[m] | 貯水率[%] | 洪水流入量[m3/s] | 流入量[m3/s] | 計画高水流量[m3/s] | 全放流量[m3/s]
Niigata,新潟県,柿崎川ダム,2026-09-13T22:30,120.75,0.17,0.55,,,,100.0,,観測所名 | 最新観測時刻 | 平常時最高貯水位(常時満水位)[m] | 貯水位[m] | 洪水時最高水位(サーチャージ水位)[m] | 貯水率[%] | 洪水流入量[m3/s] | 流入量[m3/s] | 計画高水流量[m3/s] | 全放流量[m3/s]
Niigata,新潟県,正善寺ダム,2026-09-13T22:30,86.23,0.31,0.22,,,,83.5,,観測所名 | 最新観測時刻 | 平常時最高貯水位(常時満水位)[m] | 貯水位[m] | 洪水時最高水位(サーチャージ水位)[m] | 貯水率[%] | 洪水流入量[m3/s] | 流入量[m3/s] | 計画高水流量[m3/s] | 全放流量[m3/s]
Niigata,新潟県,破間川ダム,2026-09-13T22:40,429.9,2.96,5.77,,,,64.1,,観測所名 | 最新観測時刻 | 平常時最高貯水位(常時満水位)[m] | 貯水位[m] | 洪水時最高水位(サーチャージ水位)[m] | 貯水率[%] | 洪水流入量[m3/s] | 流入量[m3/s] | 計画高水流量[m3/s] | 全放流量[m3/s]
Niigata,新潟県,笠堀ダム,2026-09-13T22:30,193.23,4.43,3.31,,,,90.2,,観測所名 | 最新観測時刻 | 平常時最高貯水位(常時満水位)[m] | 貯水位[m] | 洪水時最高水位(サーチャージ水位)[m] | 貯水率[%] | 洪水流入量[m3/s] | 流入量[m3/s] | 計画高水流量[m3/s] | 全放流量[m3/s]
Niigata,新潟県,胎内川ダム,2026-09-13T22:30,287.32,4.09,5.23,,,,91.9,,観測所名 | 最新観測時刻 | 平常時最高貯水位(常時満水位)[m] | 貯水位[m] | 洪水時最高水位(サーチャージ水位)[m] | 貯水率[%] | 洪水流入量[m3/s] | 流入量[m3/s] | 計画高水流量[m3/s] | 全放流量[m3/s]
Niigata,新潟県,鯖石川ダム,2026-09-13T22:30,134.81,0.53,1.59,,,,92.7,,観測所名 | 最新観測時刻 | 平常時最高貯水位(常時満水位)[m] | 貯水位[m] | 洪水時最高水位(サーチャージ水位)[m] | 貯水率[%] | 洪水流入量[m3/s] | 流入量[m3/s] | 計画高水流量[m3/s] | 全放流量[m3/s]
Oita,大分県,北川ダム,2026-09-13T22:30,148.21,5.92,0.6,,,,37.9,,管理者名 | 河川名 | 局名 | 所在地 | 最新観測時刻 | 貯水位 | 流入量 | 貯水量 | 貯水率 | 放流量
Oita,大分県,安岐ダム,2026-09-13T22:40,153.74,0.0,0.22,0.606,,,100.0,,管理者名 | 河川名 | 局名 | 所在地 | 最新観測時刻 | 貯水位 | 流入量 | 貯水量 | 貯水率 | 放流量
Oita,大分県,床木ダム,2026-09-13T22:30,88.66,0.28,0.27,0.904,,,100.0,,管理者名 | 河川名 | 局名 | 所在地 | 最新観測時刻 | 貯水位 | 流入量 | 貯水量 | 貯水率 | 放流量
Oita,大分県,玉来ダム,2026-09-13T22:30,350.77,5.5,5.5,,,,0.1,,管理者名 | 河川名 | 局名 | 所在地 | 最新観測時刻 | 貯水位 | 流入量 | 貯水量 | 貯水率 | 放流量
Oita,大分県,稲葉ダム,2026-09-13T22:40,437.84,2.671,2.49,,,,101.2,,管理者名 | 河川名 | 局名 | 所在地 | 最新観測時刻 | 貯水位 | 流入量 | 貯水量 | 貯水率 | 放流量
Oita,大分県,芹川ダム,2026-09-13T22:40,328.7,9.94,6.11,,,,56.1,,管理者名 | 河川名 | 局名 | 所在地 | 最新観測時刻 | 貯水位 | 流入量 | 貯水量 | 貯水率 | 放流量
Oita,大分県,行入ダム,2026-09-13T22:40,122.4,0.0,0.1,0.472,,,46.3,,管理者名 | 河川名 | 局名 | 所在地 | 最新観測時刻 | 貯水位 | 流入量 | 貯水量 | 貯水率 | 放流量
Oita,大分県,野津ダム,2026-09-13T22:40,238.06,0.06,0.06,,,,100.8,,管理者名 | 河川名 | 局名 | 所在地 | 最新観測時刻 | 貯水位 | 流入量 | 貯水量 | 貯水率 | 放流量
Oita,大分県,青江ダム,2026-09-13T22:40,64.11,0.055,0.053,0.457,,,100.0,,管理者名 | 河川名 | 局名 | 所在地 | 最新観測時刻 | 貯水位 | 流入量 | 貯水量 | 貯水率 | 放流量
Oita,大分県,黒沢ダム,2026-09-13T22:30,95.43,0.64,0.65,1.154,,,100.0,,管理者名 | 河川名 | 局名 | 所在地 | 最新観測時刻 | 貯水位 | 流入量 | 貯水量 | 貯水率 | 放流量
Tokushima,徳島県,宮川内ダム,2026-09-13T22:30,129.64,0.47,0.47,,,0.61,79.22,,管理者名 | 河川名 | 局名 | 所在地 | 最新観測時刻 | 貯水位 | 総貯水量 | 全流入量 | 全放流量 | 貯水率
Tokushima,徳島県,川口ダム,2026-09-13T22:30,94.74,71.4,69.7,,,,,,管理者名 | 河川名 | 局名 | 所在地 | 最新観測時刻 | 貯水位 | 総貯水量 | 全流入量 | 全放流量 | 貯水率
Tokushima,徳島県,棚野ダム,2026-09-13T22:30,,,13.1,,,,,,管理者名 | 河川名 | 局名 | 所在地 | 最新観測時刻 | 貯水位 | 総貯水量 | 全流入量 | 全放流量 | 貯水率
Tokushima,徳島県,正木ダム,2026-09-13T22:30,167.5,8.5,8.3,,,5.48,79.58,,管理者名 | 河川名 | 局名 | 所在地 | 最新観測時刻 | 貯水位 | 総貯水量 | 全流入量 | 全放流量 | 貯水率
Tokushima,徳島県,池田ダム,2026-09-13T22:30,88.7,38.25,38.18,,,,,,管理者名 | 河川名 | 局名 | 所在地 | 最新観測時刻 | 貯水位 | 総貯水量 | 全流入量 | 全放流量 | 貯水率
Tokushima,徳島県,福井ダム,2026-09-13T22:30,43.72,0.67,0.67,,,1.328,100.0,,管理者名 | 河川名 | 局名 | 所在地 | 最新観測時刻 | 貯水位 | 総貯水量 | 全流入量 | 全放流量 | 貯水率
Tokushima,徳島県,長安口ダム,2026-09-13T22:30,222.58,47.91,59.51,,,,,,管理者名 | 河川名 | 局名 | 所在地 | 最新観測時刻 | 貯水位 | 総貯水量 | 全流入量 | 全放流量 | 貯水率
Yamagata,山形県,前川ダム,2026-09-13T22:40,257.38,0.1,0.1,1.548,,,91.1,,管理者名 | 河川名 | 局名 | 所在地 | 最新観測時刻 | 流入量 | 全放流量 | 貯水位 | 貯水量 | 貯水率
Yamagata,山形県,寒河江ダム,2026-09-13T22:40,385.37,16.95,0.86,51.346,,,92.7,,管理者名 | 河川名 | 局名 | 所在地 | 最新観測時刻 | 流入量 | 全放流量 | 貯水位 | 貯水量 | 貯水率
Yamagata,山形県,最上小国川流水型ダム,2026-09-13T22:40,277.11,4.46,4.37,0.002,,,0.0,,管理者名 | 河川名 | 局名 | 所在地 | 最新観測時刻 | 流入量 | 全放流量 | 貯水位 | 貯水量 | 貯水率
Yamagata,山形県,月光川ダム,2026-09-13T22:40,169.32,4.26,4.26,0.007,,,0.2,,管理者名 | 河川名 | 局名 | 所在地 | 最新観測時刻 | 流入量 | 全放流量 | 貯水位 | 貯水量 | 貯水率
Yamagata,山形県,月山ダム,2026-09-13T22:30,236.67,1.82,4.0,16.221,,,90.5,,管理者名 | 河川名 | 局名 | 所在地 | 最新観測時刻 | 流入量 | 全放流量 | 貯水位 | 貯水量 | 貯水率
Yamagata,山形県,木地山ダム,2026-09-13T22:30,469.39,4.1,4.1,0.83,,,15.6,,管理者名 | 河川名 | 局名 | 所在地 | 最新観測時刻 | 流入量 | 全放流量 | 貯水位 | 貯水量 | 貯水率
Yamagata,山形県,温海川ダム,2026-09-13T22:40,142.45,1.92,2.0,0.438,,,98.4,,管理者名 | 河川名 | 局名 | 所在地 | 最新観測時刻 | 流入量 | 全放流量 | 貯水位 | 貯水量 | 貯水率
Yamagata,山形県,田沢川ダム,2026-09-13T22:30,126.51,0.61,1.11,3.835,,,77.5,,管理者名 | 河川名 | 局名 | 所在地 | 最新観測時刻 | 流入量 | 全放流量 | 貯水位 | 貯水量 | 貯水率
Yamagata,山形県,留山川ダム,2026-09-13T22:30,300.07,0.21,0.21,0.343,,,100.0,,管理者名 | 河川名 | 局名 | 所在地 | 最新観測時刻 | 流入量 | 全放流量 | 貯水位 | 貯水量 | 貯水率
Yamagata,山形県,白川ダム,2026-09-13T22:40,319.58,9.02,8.73,6.555,,,66.2,,管理者名 | 河川名 | 局名 | 所在地 | 最新観測時刻 | 流入量 | 全放流量 | 貯水位 | 貯水量 | 貯水率
Yamagata,山形県,白水川ダム,2026-09-13T22:30,357.51,0.45,0.45,2.503,,,96.3,,管理者名 | 河川名 | 局名 | 所在地 | 最新観測時刻 | 流入量 | 全放流量 | 貯水位 | 貯水量 | 貯水率
Yamagata,山形県,神室ダム,2026-09-13T22:30,380.73,1.0,1.0,2.413,,,73.7,,管理者名 | 河川名 | 局名 | 所在地 | 最新観測時刻 | 流入量 | 全放流量 | 貯水位 | 貯水量 | 貯水率
Yamagata,山形県,綱木川ダム,2026-09-13T22:30,456.25,2.11,2.31,3.557,,,100.0,,管理者名 | 河川名 | 局名 | 所在地 | 最新観測時刻 | 流入量 | 全放流量 | 貯水位 | 貯水量 | 貯水率
Yamagata,山形県,荒沢ダム,2026-09-13T22:30,235.83,6.74,13.02,4.259,,,24.7,,管理者名 | 河川名 | 局名 | 所在地 | 最新観測時刻 | 流入量 | 全放流量 | 貯水位 | 貯水量 | 貯水率
Yamagata,山形県,蔵王ダム,2026-09-13T22:30,593.17,1.6,1.6,1.917,,,90.4,,管理者名 | 河川名 | 局名 | 所在地 | 最新観測時刻 | 流入量 | 全放流量 | 貯水位 | 貯水量 | 貯水率
Yamagata,山形県,長井ダム,2026-09-13T22:40,365.69,5.43,5.39,20.744,,,94.0,,管理者名 | 河川名 | 局名 | 所在地 | 最新観測時刻 | 流入量 | 全放流量 | 貯水位 | 貯水量 | 貯水率
Yamagata,山形県,高坂ダム,2026-09-13T22:40,180.62,4.18,5.12,0.19,,,5.8,,管理者名 | 河川名 | 局名 | 所在地 | 最新観測時刻 | 流入量 | 全放流量 | 貯水位 | 貯水量 | 貯水率
Aomori,青森県,下湯ダム,2026-09-14T02:10,263.59,1.43,1.42,,,,,,管理者名 | 河川名 | 局名 | 所在地 | 最新観測時刻 | 流入量 | 全放流量 | 貯水位 | 平常時最高水位 | 洪水貯留準備水位 | 洪水量(※)
Aomori,青森県,世増ダム,2026-09-14T02:10,94.61,7.24,7.3,,,,,,管理者名 | 河川名 | 局名 | 所在地 | 最新観測時刻 | 流入量 | 全放流量 | 貯水位 | 平常時最高水位 | 洪水貯留準備水位 | 洪水量(※)
Aomori,青森県,久吉ダム,2026-09-14T02:10,276.58,0.65,0.65,,,,,,管理者名 | 河川名 | 局名 | 所在地 | 最新観測時刻 | 流入量 | 全放流量 | 貯水位 | 平常時最高水位 | 洪水貯留準備水位 | 洪水量(※)
Aomori,青森県,小泊ダム,2026-09-14T02:10,67.56,0.03,0.03,,,,,,管理者名 | 河川名 | 局名 | 所在地 | 最新観測時刻 | 流入量 | 全放流量 | 貯水位 | 平常時最高水位 | 洪水貯留準備水位 | 洪水量(※)
Aomori,青森県,川内ダム,2026-09-14T02:10,178.55,1.31,1.31,,,,,,管理者名 | 河川名 | 局名 | 所在地 | 最新観測時刻 | 流入量 | 全放流量 | 貯水位 | 平常時最高水位 | 洪水貯留準備水位 | 洪水量(※)
Aomori,青森県,津軽ダム,2026-09-14T02:10,195.46,7.19,14.68,,,,,,管理者名 | 河川名 | 局名 | 所在地 | 最新観測時刻 | 流入量 | 全放流量 | 貯水位 | 平常時最高水位 | 洪水貯留準備水位 | 洪水量(※)
Aomori,青森県,浅瀬石川ダム,2026-09-14T02:10,184.59,8.08,5.96,,,,,,管理者名 | 河川名 | 局名 | 所在地 | 最新観測時刻 | 流入量 | 全放流量 | 貯水位 | 平常時最高水位 | 洪水貯留準備水位 | 洪水量(※)
Aomori,青森県,浅虫ダム,2026-09-14T02:10,13.98,0.04,0.04,,,,,,管理者名 | 河川名 | 局名 | 所在地 | 最新観測時刻 | 流入量 | 全放流量 | 貯水位 | 平常時最高水位 | 洪水貯留準備水位 | 洪水量(※)
Aomori,青森県,清水目ダム,2026-09-14T02:10,108.02,0.4,0.4,,,,,,管理者名 | 河川名 | 局名 | 所在地 | 最新観測時刻 | 流入量 | 全放流量 | 貯水位 | 平常時最高水位 | 洪水貯留準備水位 | 洪水量(※)
Aomori,青森県,遠部ダム,2026-09-14T02:10,214.98,0.17,0.17,,,,,,管理者名 | 河川名 | 局名 | 所在地 | 最新観測時刻 | 流入量 | 全放流量 | 貯水位 | 平常時最高水位 | 洪水貯留準備水位 | 洪水量(※)
Aomori,青森県,飯詰ダム,2026-09-14T02:10,70.55,0.21,0.21,,,,,,管理者名 | 河川名 | 局名 | 所在地 | 最新観測時刻 | 流入量 | 全放流量 | 貯水位 | 平常時最高水位 | 洪水貯留準備水位 | 洪水量(※)
Fukui,福井県,九頭竜ダム,2026-09-14T02:10,542.1,16.08,0.01,,,,,34.3,局名 | 所在地 | 最新観測時刻 | 貯水率(利水容量) | 貯水位 | 有効貯水量 | 流入量 | 放流量 | 管理者名
Fukui,福井県,二ツ屋ダム,2026-09-14T02:10,349.76,1.66,1.66,,0.214,,,100.9,局名 | 所在地 | 最新観測時刻 | 貯水率(利水容量) | 貯水位 | 有効貯水量 | 流入量 | 放流量 | 管理者名
Fukui,福井県,吉野瀬川ダム,2026-09-14T02:10,99.88,0.56,0.76,,1.174,,,100.0,局名 | 所在地 | 最新観測時刻 | 貯水率(利水容量) | 貯水位 | 有効貯水量 | 流入量 | 放流量 | 管理者名
Fukui,福井県,大津呂ダム,2026-09-14T02:10,84.57,0.05,0.03,,0.117,,,43.0,局名 | 所在地 | 最新観測時刻 | 貯水率(利水容量) | 貯水位 | 有効貯水量 | 流入量 | 放流量 | 管理者名
Fukui,福井県,広野ダム,2026-09-14T02:10,294.44,1.39,1.62,,1.384,,,34.6,局名 | 所在地 | 最新観測時刻 | 貯水率(利水容量) | 貯水位 | 有効貯水量 | 流入量 | 放流量 | 管理者名
Fukui,福井県,桝谷ダム,2026-09-14T02:10,299.39,0.12,0.12,,3.541,,,17.8,局名 | 所在地 | 最新観測時刻 | 貯水率(利水容量) | 貯水位 | 有効貯水量 | 流入量 | 放流量 | 管理者名
Fukui,福井県,永平寺ダム,2026-09-14T02:10,319.82,0.27,0.27,,0.441,,,100.23,局名 | 所在地 | 最新観測時刻 | 貯水率(利水容量) | 貯水位 | 有効貯水量 | 流入量 | 放流量 | 管理者名
Fukui,福井県,河内川ダム,2026-09-14T02:10,184.28,0.45,0.31,,3.026,,,65.1,局名 | 所在地 | 最新観測時刻 | 貯水率(利水容量) | 貯水位 | 有効貯水量 | 流入量 | 放流量 | 管理者名
Fukui,福井県,浄土寺川ダム,2026-09-14T02:10,344.54,0.541,0.203,,0.77,,,100.0,局名 | 所在地 | 最新観測時刻 | 貯水率(利水容量) | 貯水位 | 有効貯水量 | 流入量 | 放流量 | 管理者名
Fukui,福井県,真名川ダム,2026-09-14T02:10,336.79,4.76,4.76,,,,,89.6,局名 | 所在地 | 最新観測時刻 | 貯水率(利水容量) | 貯水位 | 有効貯水量 | 流入量 | 放流量 | 管理者名
Fukui,福井県,笹生川ダム,2026-09-14T02:10,515.33,2.09,2.13,,24.155,,,58.97,局名 | 所在地 | 最新観測時刻 | 貯水率(利水容量) | 貯水位 | 有効貯水量 | 流入量 | 放流量 | 管理者名
Fukui,福井県,開谷ダム,2026-09-14T02:10,120.75,,,,0.063,,,62.4,局名 | 所在地 | 最新観測時刻 | 貯水率(利水容量) | 貯水位 | 有効貯水量 | 流入量 | 放流量 | 管理者名
Fukui,福井県,龍ヶ鼻ダム,2026-09-14T02:10,172.2,1.5,2.99,,3.802,,,80.52,局名 | 所在地 | 最新観測時刻 | 貯水率(利水容量) | 貯水位 | 有効貯水量 | 流入量 | 放流量 | 管理者名
Miyazaki,宮崎県,岩瀬ダム,2026-09-14T02:10,111.64,10.3,0.0,,,,,,河川名 | 局名 | 所在地 | 状態 | 最新観測時刻 | 貯水位 | 流入量 | 全放流量
Miyazaki,宮崎県,広渡ダム,2026-09-14T02:10,259.36,5.55,5.55,,,,,,河川名 | 局名 | 所在地 | 状態 | 最新観測時刻 | 貯水位 | 流入量 | 全放流量
Miyazaki,宮崎県,日南ダム,2026-09-14T02:00,107.33,3.71,3.71,,,,,,河川名 | 局名 | 所在地 | 状態 | 最新観測時刻 | 貯水位 | 流入量 | 全放流量
Miyazaki,宮崎県,松尾ダム,2026-09-14T02:10,195.53,17.63,17.67,,,,,,河川名 | 局名 | 所在地 | 状態 | 最新観測時刻 | 貯水位 | 流入量 | 全放流量
Miyazaki,宮崎県,沖田ダム,2026-09-14T02:10,48.11,0.38,0.38,,,,,,河川名 | 局名 | 所在地 | 状態 | 最新観測時刻 | 貯水位 | 流入量 | 全放流量
Miyazaki,宮崎県,渡川ダム,2026-09-14T02:10,290.22,7.19,7.2,,,,,,河川名 | 局名 | 所在地 | 状態 | 最新観測時刻 | 貯水位 | 流入量 | 全放流量
Miyazaki,宮崎県,瓜田ダム,2026-09-14T02:00,38.59,0.1,0.1,,,,,,河川名 | 局名 | 所在地 | 状態 | 最新観測時刻 | 貯水位 | 流入量 | 全放流量
Miyazaki,宮崎県,田代八重ダム,2026-09-14T02:00,324.01,6.23,0.0,,,,,,河川名 | 局名 | 所在地 | 状態 | 最新観測時刻 | 貯水位 | 流入量 | 全放流量
Miyazaki,宮崎県,祝子ダム,2026-09-14T02:10,303.37,3.14,3.14,,,,,,河川名 | 局名 | 所在地 | 状態 | 最新観測時刻 | 貯水位 | 流入量 | 全放流量
Miyazaki,宮崎県,立花ダム,2026-09-14T02:10,250.43,2.26,0.0,,,,,,河川名 | 局名 | 所在地 | 状態 | 最新観測時刻 | 貯水位 | 流入量 | 全放流量
Miyazaki,宮崎県,綾北ダム,2026-09-14T02:10,281.3,1.09,0.2,,,,,,河川名 | 局名 | 所在地 | 状態 | 最新観測時刻 | 貯水位 | 流入量 | 全放流量
Miyazaki,宮崎県,綾南ダム,2026-09-14T02:10,337.19,4.53,10.24,,,,,,河川名 | 局名 | 所在地 | 状態 | 最新観測時刻 | 貯水位 | 流入量 | 全放流量
Miyazaki,宮崎県,長谷ダム,2026-09-14T02:10,108.7,3.34,3.29,,,,,,河川名 | 局名 | 所在地 | 状態 | 最新観測時刻 | 貯水位 | 流入量 | 全放流量
Nara,奈良県,初瀬ダム,2026-09-14T02:10,221.48,0.39,0.23,,,,,,管理者名 | 河川名 | 局名 | 所在地 | 最新観測時刻 | 貯水位 | 貯水容量 | 空容量 | 全流入量 | 放流量
Nara,奈良県,大門ダム,2026-09-14T02:10,262.66,0.0,0.0,,,,,,管理者名 | 河川名 | 局名 | 所在地 | 最新観測時刻 | 貯水位 | 貯水容量 | 空容量 | 全流入量 | 放流量
Nara,奈良県,天理ダム,2026-09-14T02:10,253.28,0.26,0.26,,,,,,管理者名 | 河川名 | 局名 | 所在地 | 最新観測時刻 | 貯水位 | 貯水容量 | 空容量 | 全流入量 | 放流量
Nara,奈良県,岩井川ダム,2026-09-14T02:10,240.55,0.0,0.07,,,,,,管理者名 | 河川名 | 局名 | 所在地 | 最新観測時刻 | 貯水位 | 貯水容量 | 空容量 | 全流入量 | 放流量
Nara,奈良県,白川ダム,2026-09-14T02:10,111.32,0.0,0.0,,,,,,管理者名 | 河川名 | 局名 | 所在地 | 最新観測時刻 | 貯水位 | 貯水容量 | 空容量 | 全流入量 | 放流量
Niigata,新潟県,三面ダム,2026-09-14T02:10,116.04,0.0,15.81,,,,93.5,,観測所名 | 最新観測時刻 | 平常時最高貯水位(常時満水位)[m] | 貯水位[m] | 洪水時最高水位(サーチャージ水位)[m] | 貯水率[%] | 洪水流入量[m3/s] | 流入量[m3/s] | 計画高水流量[m3/s] | 全放流量[m3/s]
Niigata,新潟県,下条川ダム,2026-09-14T02:10,31.24,0.18,0.39,,,,,,観測所名 | 最新観測時刻 | 平常時最高貯水位(常時満水位)[m] | 貯水位[m] | 洪水時最高水位(サーチャージ水位)[m] | 貯水率[%] | 洪水流入量[m3/s] | 流入量[m3/s] | 計画高水流量[m3/s] | 全放流量[m3/s]
Niigata,新潟県,久知川ダム,2026-09-14T02:10,123.86,0.18,0.18,,,,100.0,,観測所名 | 最新観測時刻 | 平常時最高貯水位(常時満水位)[m] | 貯水位[m] | 洪水時最高水位(サーチャージ水位)[m] | 貯水率[%] | 洪水流入量[m3/s] | 流入量[m3/s] | 計画高水流量[m3/s] | 全放流量[m3/s]
Niigata,新潟県,内の倉ダム,2026-09-14T02:10,147.86,2.48,2.48,,,,41.1,,観測所名 | 最新観測時刻 | 平常時最高貯水位(常時満水位)[m] | 貯水位[m] | 洪水時最高水位(サーチャージ水位)[m] | 貯水率[%] | 洪水流入量[m3/s] | 流入量[m3/s] | 計画高水流量[m3/s] | 全放流量[m3/s]
Niigata,新潟県,刈谷田川ダム,2026-09-14T02:10,239.37,1.94,1.52,,,,99.1,,観測所名 | 最新観測時刻 | 平常時最高貯水位(常時満水位)[m] | 貯水位[m] | 洪水時最高水位(サーチャージ水位)[m] | 貯水率[%] | 洪水流入量[m3/s] | 流入量[m3/s] | 計画高水流量[m3/s] | 全放流量[m3/s]
Niigata,新潟県,加治川治水ダム,2026-09-14T02:10,272.37,5.14,3.5,,,,,,観測所名 | 最新観測時刻 | 平常時最高貯水位(常時満水位)[m] | 貯水位[m] | 洪水時最高水位(サーチャージ水位)[m] | 貯水率[%] | 洪水流入量[m3/s] | 流入量[m3/s] | 計画高水流量[m3/s] | 全放流量[m3/s]
Niigata,新潟県,城川ダム,2026-09-14T02:10,271.52,0.2,0.19,,,,100.0,,観測所名 | 最新観測時刻 | 平常時最高貯水位(常時満水位)[m] | 貯水位[m] | 洪水時最高水位(サーチャージ水位)[m] | 貯水率[%] | 洪水流入量[m3/s] | 流入量[m3/s] | 計画高水流量[m3/s] | 全放流量[m3/s]
Niigata,新潟県,大谷ダム,2026-09-14T02:10,191.52,5.19,0.79,,,,100.0,,観測所名 | 最新観測時刻 | 平常時最高貯水位(常時満水位)[m] | 貯水位[m] | 洪水時最高水位(サーチャージ水位)[m] | 貯水率[%] | 洪水流入量[m3/s] | 流入量[m3/s] | 計画高水流量[m3/s] | 全放流量[m3/s]
Niigata,新潟県,大野川ダム,2026-09-14T02:10,141.97,0.23,0.4,,,,89.3,,観測所名 | 最新観測時刻 | 平常時最高貯水位(常時満水位)[m] | 貯水位[m] | 洪水時最高水位(サーチャージ水位)[m] | 貯水率[%] | 洪水流入量[m3/s] | 流入量[m3/s] | 計画高水流量[m3/s] | 全放流量[m3/s]
Niigata,新潟県,奥三面ダム,2026-09-14T02:10,211.13,7.86,0.71,,,,77.5,,観測所名 | 最新観測時刻 | 平常時最高貯水位(常時満水位)[m] | 貯水位[m] | 洪水時最高水位(サーチャージ水位)[m] | 貯水率[%] | 洪水流入量[m3/s] | 流入量[m3/s] | 計画高水流量[m3/s] | 全放流量[m3/s]
Niigata,新潟県,奥胎内ダム,2026-09-14T02:10,383.99,1.57,1.25,,,,,,観測所名 | 最新観測時刻 | 平常時最高貯水位(常時満水位)[m] | 貯水位[m] | 洪水時最高水位(サーチャージ水位)[m] | 貯水率[%] | 洪水流入量[m3/s] | 流入量[m3/s] | 計画高水流量[m3/s] | 全放流量[m3/s]
Niigata,新潟県,広神ダム,2026-09-14T02:10,214.12,3.29,2.82,,,,100.0,,観測所名 | 最新観測時刻 | 平常時最高貯水位(常時満水位)[m] | 貯水位[m] | 洪水時最高水位(サーチャージ水位)[m] | 貯水率[%] | 洪水流入量[m3/s] | 流入量[m3/s] | 計画高水流量[m3/s] | 全放流量[m3/s]
Niigata,新潟県,新保川ダム,2026-09-14T02:10,160.4,0.37,0.3,,,,100.0,,観測所名 | 最新観測時刻 | 平常時最高貯水位(常時満水位)[m] | 貯水位[m] | 洪水時最高水位(サーチャージ水位)[m] | 貯水率[%] | 洪水流入量[m3/s] | 流入量[m3/s] | 計画高水流量[m3/s] | 全放流量[m3/s]
Niigata,新潟県,早出川ダム,2026-09-14T02:10,163.64,5.05,6.6,,,,75.2,,観測所名 | 最新観測時刻 | 平常時最高貯水位(常時満水位)[m] | 貯水位[m] | 洪水時最高水位(サーチャージ水位)[m] | 貯水率[%] | 洪水流入量[m3/s] | 流入量[m3/s] | 計画高水流量[m3/s] | 全放流量[m3/s]
Niigata,新潟県,柿崎川ダム,2026-09-14T02:10,120.75,0.53,0.53,,,,100.0,,観測所名 | 最新観測時刻 | 平常時最高貯水位(常時満水位)[m] | 貯水位[m] | 洪水時最高水位(サーチャージ水位)[m] | 貯水率[%] | 洪水流入量[m3/s] | 流入量[m3/s] | 計画高水流量[m3/s] | 全放流量[m3/s]
Niigata,新潟県,正善寺ダム,2026-09-14T02:10,86.23,0.0,0.21,,,,83.5,,観測所名 | 最新観測時刻 | 平常時最高貯水位(常時満水位)[m] | 貯水位[m] | 洪水時最高水位(サーチャージ水位)[m] | 貯水率[%] | 洪水流入量[m3/s] | 流入量[m3/s] | 計画高水流量[m3/s] | 全放流量[m3/s]
Niigata,新潟県,破間川ダム,2026-09-14T02:10,429.84,2.56,2.53,,,,62.4,,観測所名 | 最新観測時刻 | 平常時最高貯水位(常時満水位)[m] | 貯水位[m] | 洪水時最高水位(サーチャージ水位)[m] | 貯水率[%] | 洪水流入量[m3/s] | 流入量[m3/s] | 計画高水流量[m3/s] | 全放流量[m3/s]
Niigata,新潟県,笠堀ダム,2026-09-14T02:10,193.33,14.2,7.95,,,,91.0,,観測所名 | 最新観測時刻 | 平常時最高貯水位(常時満水位)[m] | 貯水位[m] | 洪水時最高水位(サーチャージ水位)[m] | 貯水率[%] | 洪水流入量[m3/s] | 流入量[m3/s] | 計画高水流量[m3/s] | 全放流量[m3/s]
Niigata,新潟県,胎内川ダム,2026-09-14T02:10,287.3,4.09,5.23,,,,91.7,,観測所名 | 最新観測時刻 | 平常時最高貯水位(常時満水位)[m] | 貯水位[m] | 洪水時最高水位(サーチャージ水位)[m] | 貯水率[%] | 洪水流入量[m3/s] | 流入量[m3/s] | 計画高水流量[m3/s] | 全放流量[m3/s]
Niigata,新潟県,鯖石川ダム,2026-09-14T02:10,134.81,1.53,1.21,,,,92.7,,観測所名 | 最新観測時刻 | 平常時最高貯水位(常時満水位)[m] | 貯水位[m] | 洪水時最高水位(サーチャージ水位)[m] | 貯水率[%] | 洪水流入量[m3/s] | 流入量[m3/s] | 計画高水流量[m3/s] | 全放流量[m3/s]
Oita,大分県,北川ダム,2026-09-14T02:10,148.13,7.68,0.6,,,,37.6,,管理者名 | 河川名 | 局名 | 所在地 | 最新観測時刻 | 貯水位 | 流入量 | 貯水量 | 貯水率 | 放流量
Oita,大分県,安岐ダム,2026-09-14T02:10,153.74,0.0,0.22,0.606,,,100.0,,管理者名 | 河川名 | 局名 | 所在地 | 最新観測時刻 | 貯水位 | 流入量 | 貯水量 | 貯水率 | 放流量
Oita,大分県,床木ダム,2026-09-14T02:10,88.66,0.28,0.27,0.904,,,100.0,,管理者名 | 河川名 | 局名 | 所在地 | 最新観測時刻 | 貯水位 | 流入量 | 貯水量 | 貯水率 | 放流量
Oita,大分県,玉来ダム,2026-09-14T02:10,350.77,5.5,5.5,,,,0.1,,管理者名 | 河川名 | 局名 | 所在地 | 最新観測時刻 | 貯水位 | 流入量 | 貯水量 | 貯水率 | 放流量
Oita,大分県,稲葉ダム,2026-09-14T02:10,437.83,2.358,2.075,,,,100.9,,管理者名 | 河川名 | 局名 | 所在地 | 最新観測時刻 | 貯水位 | 流入量 | 貯水量 | 貯水率 | 放流量
Oita,大分県,芹川ダム,2026-09-14T02:10,328.72,7.63,6.11,,,,56.2,,管理者名 | 河川名 | 局名 | 所在地 | 最新観測時刻 | 貯水位 | 流入量 | 貯水量 | 貯水率 | 放流量
Oita,大分県,行入ダム,2026-09-14T02:10,122.38,0.03,0.1,0.471,,,46.1,,管理者名 | 河川名 | 局名 | 所在地 | 最新観測時刻 | 貯水位 | 流入量 | 貯水量 | 貯水率 | 放流量
Oita,大分県,野津ダム,2026-09-14T02:10,238.06,0.06,0.06,,,,100.8,,管理者名 | 河川名 | 局名 | 所在地 | 最新観測時刻 | 貯水位 | 流入量 | 貯水量 | 貯水率 | 放流量
Oita,大分県,青江ダム,2026-09-14T02:10,64.11,0.055,0.053,0.457,,,100.0,,管理者名 | 河川名 | 局名 | 所在地 | 最新観測時刻 | 貯水位 | 流入量 | 貯水量 | 貯水率 | 放流量
Oita,大分県,黒沢ダム,2026-09-14T02:10,95.43,0.64,0.65,1.154,,,100.0,,管理者名 | 河川名 | 局名 | 所在地 | 最新観測時刻 | 貯水位 | 流入量 | 貯水量 | 貯水率 | 放流量
Tokushima,徳島県,宮川内ダム,2026-09-14T02:10,129.64,0.47,0.47,,,0.61,79.22,,管理者名 | 河川名 | 局名 | 所在地 | 最新観測時刻 | 貯水位 | 総貯水量 | 全流入量 | 全放流量 | 貯水率
Tokushima,徳島県,川口ダム,2026-09-14T02:10,94.57,52.6,69.6,,,,,,管理者名 | 河川名 | 局名 | 所在地 | 最新観測時刻 | 貯水位 | 総貯水量 | 全流入量 | 全放流量 | 貯水率
Tokushima,徳島県,棚野ダム,2026-09-14T02:10,,,13.1,,,,,,管理者名 | 河川名 | 局名 | 所在地 | 最新観測時刻 | 貯水位 | 総貯水量 | 全流入量 | 全放流量 | 貯水率
Tokushima,徳島県,正木ダム,2026-09-14T02:10,167.5,8.3,8.3,,,5.48,79.58,,管理者名 | 河川名 | 局名 | 所在地 | 最新観測時刻 | 貯水位 | 総貯水量 | 全流入量 | 全放流量 | 貯水率
Tokushima,徳島県,池田ダム,2026-09-14T02:10,88.69,34.65,38.31,,,,,,管理者名 | 河川名 | 局名 | 所在地 | 最新観測時刻 | 貯水位 | 総貯水量 | 全流入量 | 全放流量 | 貯水率
Tokushima,徳島県,福井ダム,2026-09-14T02:10,43.71,0.62,0.62,,,1.327,100.0,,管理者名 | 河川名 | 局名 | 所在地 | 最新観測時刻 | 貯水位 | 総貯水量 | 全流入量 | 全放流量 | 貯水率
Tokushima,徳島県,長安口ダム,2026-09-14T02:10,222.63,51.01,39.4,,,,,,管理者名 | 河川名 | 局名 | 所在地 | 最新観測時刻 | 貯水位 | 総貯水量 | 全流入量 | 全放流量 | 貯水率
Yamagata,山形県,前川ダム,2026-09-14T02:10,257.38,0.1,0.1,1.548,,,91.1,,管理者名 | 河川名 | 局名 | 所在地 | 最新観測時刻 | 流入量 | 全放流量 | 貯水位 | 貯水量 | 貯水率
Yamagata,山形県,寒河江ダム,2026-09-14T02:10,385.44,34.45,27.79,51.516,,,93.0,,管理者名 | 河川名 | 局名 | 所在地 | 最新観測時刻 | 流入量 | 全放流量 | 貯水位 | 貯水量 | 貯水率
Yamagata,山形県,最上小国川流水型ダム,2026-09-14T02:10,277.85,13.86,13.88,0.003,,,0.0,,管理者名 | 河川名 | 局名 | 所在地 | 最新観測時刻 | 流入量 | 全放流量 | 貯水位 | 貯水量 | 貯水率
Yamagata,山形県,月光川ダム,2026-09-14T02:10,169.75,9.84,10.0,0.012,,,0.5,,管理者名 | 河川名 | 局名 | 所在地 | 最新観測時刻 | 流入量 | 全放流量 | 貯水位 | 貯水量 | 貯水率
Yamagata,山形県,月山ダム,2026-09-14T02:10,236.98,31.85,4.2,16.505,,,92.0,,管理者名 | 河川名 | 局名 | 所在地 | 最新観測時刻 | 流入量 | 全放流量 | 貯水位 | 貯水量 | 貯水率
Yamagata,山形県,木地山ダム,2026-09-14T02:10,469.38,4.1,4.1,0.828,,,15.6,,管理者名 | 河川名 | 局名 | 所在地 | 最新観測時刻 | 流入量 | 全放流量 | 貯水位 | 貯水量 | 貯水率
Yamagata,山形県,温海川ダム,2026-09-14T02:10,142.65,9.13,3.88,0.469,,,100.0,,管理者名 | 河川名 | 局名 | 所在地 | 最新観測時刻 | 流入量 | 全放流量 | 貯水位 | 貯水量 | 貯水率
Yamagata,山形県,田沢川ダム,2026-09-14T02:10,126.53,2.47,1.13,3.84,,,77.6,,管理者名 | 河川名 | 局名 | 所在地 | 最新観測時刻 | 流入量 | 全放流量 | 貯水位 | 貯水量 | 貯水率
Yamagata,山形県,留山川ダム,2026-09-14T02:10,300.07,0.21,0.21,0.343,,,100.0,,管理者名 | 河川名 | 局名 | 所在地 | 最新観測時刻 | 流入量 | 全放流量 | 貯水位 | 貯水量 | 貯水率
Yamagata,山形県,白川ダム,2026-09-14T02:10,319.58,8.75,8.75,6.555,,,66.2,,管理者名 | 河川名 | 局名 | 所在地 | 最新観測時刻 | 流入量 | 全放流量 | 貯水位 | 貯水量 | 貯水率
Yamagata,山形県,白水川ダム,2026-09-14T02:10,357.5,0.45,0.45,2.501,,,96.2,,管理者名 | 河川名 | 局名 | 所在地 | 最新観測時刻 | 流入量 | 全放流量 | 貯水位 | 貯水量 | 貯水率
Yamagata,山形県,神室ダム,2026-09-14T02:10,380.72,1.0,1.0,2.41,,,73.6,,管理者名 | 河川名 | 局名 | 所在地 | 最新観測時刻 | 流入量 | 全放流量 | 貯水位 | 貯水量 | 貯水率
Yamagata,山形県,綱木川ダム,2026-09-14T02:10,456.25,2.11,2.3,3.557,,,100.0,,管理者名 | 河川名 | 局名 | 所在地 | 最新観測時刻 | 流入量 | 全放流量 | 貯水位 | 貯水量 | 貯水率
Yamagata,山形県,荒沢ダム,2026-09-14T02:10,236.01,25.46,13.1,4.423,,,25.6,,管理者名 | 河川名 | 局名 | 所在地 | 最新観測時刻 | 流入量 | 全放流量 | 貯水位 | 貯水量 | 貯水率
Yamagata,山形県,蔵王ダム,2026-09-14T02:10,593.17,1.6,1.6,1.917,,,90.4,,管理者名 | 河川名 | 局名 | 所在地 | 最新観測時刻 | 流入量 | 全放流量 | 貯水位 | 貯水量 | 貯水率
Yamagata,山形県,長井ダム,2026-09-14T02:10,365.71,7.23,5.49,20.76,,,94.0,,管理者名 | 河川名 | 局名 | 所在地 | 最新観測時刻 | 流入量 | 全放流量 | 貯水位 | 貯水量 | 貯水率
Yamagata,山形県,高坂ダム,2026-09-14T02:10,180.55,6.1,7.81,0.169,,,5.1,,管理者名 | 河川名 | 局名 | 所在地 | 最新観測時刻 | 流入量 | 全放流量 | 貯水位 | 貯水量 | 貯水率
Aomori,青森県,下湯ダム,2026-09-14T04:30,263.59,1.42,1.42,,,,,,管理者名 | 河川名 | 局名 | 所在地 | 最新観測時刻 | 流入量 | 全放流量 | 貯水位 | 平常時最高水位 | 洪水貯留準備水位 | 洪水量(※)
Aomori,青森県,世増ダム,2026-09-14T04:30,94.61,7.23,7.26,,,,,,管理者名 | 河川名 | 局名 | 所在地 | 最新観測時刻 | 流入量 | 全放流量 | 貯水位 | 平常時最高水位 | 洪水貯留準備水位 | 洪水量(※)
Aomori,青森県,久吉ダム,2026-09-14T04:30,276.58,0.67,0.64,,,,,,管理者名 | 河川名 | 局名 | 所在地 | 最新観測時刻 | 流入量 | 全放流量 | 貯水位 | 平常時最高水位 | 洪水貯留準備水位 | 洪水量(※)
Aomori,青森県,小泊ダム,2026-09-14T04:30,67.56,0.03,0.03,,,,,,管理者名 | 河川名 | 局名 | 所在地 | 最新観測時刻 | 流入量 | 全放流量 | 貯水位 | 平常時最高水位 | 洪水貯留準備水位 | 洪水量(※)
Aomori,青森県,川内ダム,2026-09-14T04:30,178.54,1.31,1.31,,,,,,管理者名 | 河川名 | 局名 | 所在地 | 最新観測時刻 | 流入量 | 全放流量 | 貯水位 | 平常時最高水位 | 洪水貯留準備水位 | 洪水量(※)
Aomori,青森県,津軽ダム,2026-09-14T04:30,195.42,4.14,14.63,,,,,,管理者名 | 河川名 | 局名 | 所在地 | 最新観測時刻 | 流入量 | 全放流量 | 貯水位 | 平常時最高水位 | 洪水貯留準備水位 | 洪水量(※)
Aomori,青森県,浅瀬石川ダム,2026-09-14T04:30,184.6,9.51,5.92,,,,,,管理者名 | 河川名 | 局名 | 所在地 | 最新観測時刻 | 流入量 | 全放流量 | 貯水位 | 平常時最高水位 | 洪水貯留準備水位 | 洪水量(※)
Aomori,青森県,浅虫ダム,2026-09-14T04:30,13.98,0.04,0.04,,,,,,管理者名 | 河川名 | 局名 | 所在地 | 最新観測時刻 | 流入量 | 全放流量 | 貯水位 | 平常時最高水位 | 洪水貯留準備水位 | 洪水量(※)
Aomori,青森県,清水目ダム,2026-09-14T04:30,108.02,0.4,0.4,,,,,,管理者名 | 河川名 | 局名 | 所在地 | 最新観測時刻 | 流入量 | 全放流量 | 貯水位 | 平常時最高水位 | 洪水貯留準備水位 | 洪水量(※)
Aomori,青森県,遠部ダム,2026-09-14T04:30,214.98,0.17,0.17,,,,,,管理者名 | 河川名 | 局名 | 所在地 | 最新観測時刻 | 流入量 | 全放流量 | 貯水位 | 平常時最高水位 | 洪水貯留準備水位 | 洪水量(※)
Aomori,青森県,飯詰ダム,2026-09-14T04:30,70.55,0.21,0.21,,,,,,管理者名 | 河川名 | 局名 | 所在地 | 最新観測時刻 | 流入量 | 全放流量 | 貯水位 | 平常時最高水位 | 洪水貯留準備水位 | 洪水量(※)
Fukui,福井県,九頭竜ダム,2026-09-14T04:30,542.13,22.51,0.01,,,,,34.4,局名 | 所在地 | 最新観測時刻 | 貯水率(利水容量) | 貯水位 | 有効貯水量 | 流入量 | 放流量 | 管理者名
Fukui,福井県,二ツ屋ダム,2026-09-14T04:30,349.76,1.66,1.66,,0.214,,,100.9,局名 | 所在地 | 最新観測時刻 | 貯水率(利水容量) | 貯水位 | 有効貯水量 | 流入量 | 放流量 | 管理者名
Fukui,福井県,吉野瀬川ダム,2026-09-14T04:30,99.87,0.55,0.74,,1.172,,,100.0,局名 | 所在地 | 最新観測時刻 | 貯水率(利水容量) | 貯水位 | 有効貯水量 | 流入量 | 放流量 | 管理者名
Fukui,福井県,大津呂ダム,2026-09-14T04:30,84.57,0.02,0.03,,0.117,,,43.0,局名 | 所在地 | 最新観測時刻 | 貯水率(利水容量) | 貯水位 | 有効貯水量 | 流入量 | 放流量 | 管理者名
Fukui,福井県,広野ダム,2026-09-14T04:30,294.42,0.98,1.59,,1.379,,,34.5,局名 | 所在地 | 最新観測時刻 | 貯水率(利水容量) | 貯水位 | 有効貯水量 | 流入量 | 放流量 | 管理者名
Fukui,福井県,桝谷ダム,2026-09-14T04:30,299.4,0.12,0.12,,3.544,,,17.8,局名 | 所在地 | 最新観測時刻 | 貯水率(利水容量) | 貯水位 | 有効貯水量 | 流入量 | 放流量 | 管理者名
Fukui,福井県,永平寺ダム,2026-09-14T04:30,319.82,0.27,0.27,,0.441,,,100.23,局名 | 所在地 | 最新観測時刻 | 貯水率(利水容量) | 貯水位 | 有効貯水量 | 流入量 | 放流量 | 管理者名
Fukui,福井県,河内川ダム,2026-09-14T04:30,184.28,0.45,0.31,,3.026,,,65.1,局名 | 所在地 | 最新観測時刻 | 貯水率(利水容量) | 貯水位 | 有効貯水量 | 流入量 | 放流量 | 管理者名
Fukui,福井県,浄土寺川ダム,2026-09-14T04:30,344.57,0.574,0.671,,0.772,,,100.0,局名 | 所在地 | 最新観測時刻 | 貯水率(利水容量) | 貯水位 | 有効貯水量 | 流入量 | 放流量 | 管理者名
Fukui,福井県,真名川ダム,2026-09-14T04:30,336.79,4.76,4.76,,,,,89.6,局名 | 所在地 | 最新観測時刻 | 貯水率(利水容量) | 貯水位 | 有効貯水量 | 流入量 | 放流量 | 管理者名
Fukui,福井県,笹生川ダム,2026-09-14T04:30,515.33,2.13,2.16,,24.155,,,58.97,局名 | 所在地 | 最新観測時刻 | 貯水率(利水容量) | 貯水位 | 有効貯水量 | 流入量 | 放流量 | 管理者名
Fukui,福井県,開谷ダム,2026-09-14T04:30,120.76,,,,0.063,,,62.4,局名 | 所在地 | 最新観測時刻 | 貯水率(利水容量) | 貯水位 | 有効貯水量 | 流入量 | 放流量 | 管理者名
Fukui,福井県,龍ヶ鼻ダム,2026-09-14T04:30,172.15,1.5,3.02,,3.789,,,80.24,局名 | 所在地 | 最新観測時刻 | 貯水率(利水容量) | 貯水位 | 有効貯水量 | 流入量 | 放流量 | 管理者名
Miyazaki,宮崎県,岩瀬ダム,2026-09-14T04:30,111.59,16.32,35.72,,,,,,河川名 | 局名 | 所在地 | 状態 | 最新観測時刻 | 貯水位 | 流入量 | 全放流量
Miyazaki,宮崎県,広渡ダム,2026-09-14T04:30,259.36,5.55,5.55,,,,,,河川名 | 局名 | 所在地 | 状態 | 最新観測時刻 | 貯水位 | 流入量 | 全放流量
Miyazaki,宮崎県,日南ダム,2026-09-14T04:00,107.32,3.65,3.41,,,,,,河川名 | 局名 | 所在地 | 状態 | 最新観測時刻 | 貯水位 | 流入量 | 全放流量
Miyazaki,宮崎県,松尾ダム,2026-09-14T04:30,195.52,17.65,17.68,,,,,,河川名 | 局名 | 所在地 | 状態 | 最新観測時刻 | 貯水位 | 流入量 | 全放流量
Miyazaki,宮崎県,沖田ダム,2026-09-14T04:30,48.11,0.38,0.38,,,,,,河川名 | 局名 | 所在地 | 状態 | 最新観測時刻 | 貯水位 | 流入量 | 全放流量
Miyazaki,宮崎県,渡川ダム,2026-09-14T04:30,290.21,7.18,7.2,,,,,,河川名 | 局名 | 所在地 | 状態 | 最新観測時刻 | 貯水位 | 流入量 | 全放流量
Miyazaki,宮崎県,瓜田ダム,2026-09-14T04:30,38.76,1.01,0.51,,,,,,河川名 | 局名 | 所在地 | 状態 | 最新観測時刻 | 貯水位 | 流入量 | 全放流量
Miyazaki,宮崎県,田代八重ダム,2026-09-14T04:30,324.12,6.75,0.0,,,,,,河川名 | 局名 | 所在地 | 状態 | 最新観測時刻 | 貯水位 | 流入量 | 全放流量
Miyazaki,宮崎県,祝子ダム,2026-09-14T04:30,303.37,3.14,3.14,,,,,,河川名 | 局名 | 所在地 | 状態 | 最新観測時刻 | 貯水位 | 流入量 | 全放流量
Miyazaki,宮崎県,立花ダム,2026-09-14T04:30,250.44,3.73,12.31,,,,,,河川名 | 局名 | 所在地 | 状態 | 最新観測時刻 | 貯水位 | 流入量 | 全放流量
Miyazaki,宮崎県,綾北ダム,2026-09-14T04:30,281.31,0.75,0.2,,,,,,河川名 | 局名 | 所在地 | 状態 | 最新観測時刻 | 貯水位 | 流入量 | 全放流量
Miyazaki,宮崎県,綾南ダム,2026-09-14T04:30,337.14,4.89,10.25,,,,,,河川名 | 局名 | 所在地 | 状態 | 最新観測時刻 | 貯水位 | 流入量 | 全放流量
Miyazaki,宮崎県,長谷ダム,2026-09-14T04:30,108.7,3.34,3.29,,,,,,河川名 | 局名 | 所在地 | 状態 | 最新観測時刻 | 貯水位 | 流入量 | 全放流量
Nara,奈良県,初瀬ダム,2026-09-14T04:30,221.5,0.39,0.23,,,,,,管理者名 | 河川名 | 局名 | 所在地 | 最新観測時刻 | 貯水位 | 貯水容量 | 空容量 | 全流入量 | 放流量
Nara,奈良県,大門ダム,2026-09-14T04:30,262.66,0.0,0.0,,,,,,管理者名 | 河川名 | 局名 | 所在地 | 最新観測時刻 | 貯水位 | 貯水容量 | 空容量 | 全流入量 | 放流量
Nara,奈良県,天理ダム,2026-09-14T04:30,253.26,0.24,0.26,,,,,,管理者名 | 河川名 | 局名 | 所在地 | 最新観測時刻 | 貯水位 | 貯水容量 | 空容量 | 全流入量 | 放流量
Nara,奈良県,岩井川ダム,2026-09-14T04:30,240.54,0.0,0.07,,,,,,管理者名 | 河川名 | 局名 | 所在地 | 最新観測時刻 | 貯水位 | 貯水容量 | 空容量 | 全流入量 | 放流量
Nara,奈良県,白川ダム,2026-09-14T04:30,111.32,0.0,0.01,,,,,,管理者名 | 河川名 | 局名 | 所在地 | 最新観測時刻 | 貯水位 | 貯水容量 | 空容量 | 全流入量 | 放流量
Niigata,新潟県,三面ダム,2026-09-14T04:30,115.97,2.98,15.81,,,,93.0,,観測所名 | 最新観測時刻 | 平常時最高貯水位(常時満水位)[m] | 貯水位[m] | 洪水時最高水位(サーチャージ水位)[m] | 貯水率[%] | 洪水流入量[m3/s] | 流入量[m3/s] | 計画高水流量[m3/s] | 全放流量[m3/s]
Niigata,新潟県,下条川ダム,2026-09-14T04:30,31.26,0.8,0.81,,,,,,観測所名 | 最新観測時刻 | 平常時最高貯水位(常時満水位)[m] | 貯水位[m] | 洪水時最高水位(サーチャージ水位)[m] | 貯水率[%] | 洪水流入量[m3/s] | 流入量[m3/s] | 計画高水流量[m3/s] | 全放流量[m3/s]
Niigata,新潟県,久知川ダム,2026-09-14T04:30,123.87,0.19,0.19,,,,100.0,,観測所名 | 最新観測時刻 | 平常時最高貯水位(常時満水位)[m] | 貯水位[m] | 洪水時最高水位(サーチャージ水位)[m] | 貯水率[%] | 洪水流入量[m3/s] | 流入量[m3/s] | 計画高水流量[m3/s] | 全放流量[m3/s]
Niigata,新潟県,内の倉ダム,2026-09-14T04:30,147.85,1.68,2.47,,,,41.1,,観測所名 | 最新観測時刻 | 平常時最高貯水位(常時満水位)[m] | 貯水位[m] | 洪水時最高水位(サーチャージ水位)[m] | 貯水率[%] | 洪水流入量[m3/s] | 流入量[m3/s] | 計画高水流量[m3/s] | 全放流量[m3/s]
Niigata,新潟県,刈谷田川ダム,2026-09-14T04:30,239.36,1.9,1.91,,,,98.6,,観測所名 | 最新観測時刻 | 平常時最高貯水位(常時満水位)[m] | 貯水位[m] | 洪水時最高水位(サーチャージ水位)[m] | 貯水率[%] | 洪水流入量[m3/s] | 流入量[m3/s] | 計画高水流量[m3/s] | 全放流量[m3/s]
Niigata,新潟県,加治川治水ダム,2026-09-14T04:30,272.26,3.98,6.28,,,,,,観測所名 | 最新観測時刻 | 平常時最高貯水位(常時満水位)[m] | 貯水位[m] | 洪水時最高水位(サーチャージ水位)[m] | 貯水率[%] | 洪水流入量[m3/s] | 流入量[m3/s] | 計画高水流量[m3/s] | 全放流量[m3/s]
Niigata,新潟県,城川ダム,2026-09-14T04:30,271.52,0.19,0.19,,,,100.0,,観測所名 | 最新観測時刻 | 平常時最高貯水位(常時満水位)[m] | 貯水位[m] | 洪水時最高水位(サーチャージ水位)[m] | 貯水率[%] | 洪水流入量[m3/s] | 流入量[m3/s] | 計画高水流量[m3/s] | 全放流量[m3/s]
Niigata,新潟県,大谷ダム,2026-09-14T04:30,191.63,7.42,1.1,,,,100.0,,観測所名 | 最新観測時刻 | 平常時最高貯水位(常時満水位)[m] | 貯水位[m] | 洪水時最高水位(サーチャージ水位)[m] | 貯水率[%] | 洪水流入量[m3/s] | 流入量[m3/s] | 計画高水流量[m3/s] | 全放流量[m3/s]
Niigata,新潟県,大野川ダム,2026-09-14T04:30,141.94,0.06,0.4,,,,89.0,,観測所名 | 最新観測時刻 | 平常時最高貯水位(常時満水位)[m] | 貯水位[m] | 洪水時最高水位(サーチャージ水位)[m] | 貯水率[%] | 洪水流入量[m3/s] | 流入量[m3/s] | 計画高水流量[m3/s] | 全放流量[m3/s]
Niigata,新潟県,奥三面ダム,2026-09-14T04:30,211.15,7.86,0.71,,,,77.6,,観測所名 | 最新観測時刻 | 平常時最高貯水位(常時満水位)[m] | 貯水位[m] | 洪水時最高水位(サーチャージ水位)[m] | 貯水率[%] | 洪水流入量[m3/s] | 流入量[m3/s] | 計画高水流量[m3/s] | 全放流量[m3/s]
Niigata,新潟県,奥胎内ダム,2026-09-14T04:30,384.0,2.21,2.16,,,,,,観測所名 | 最新観測時刻 | 平常時最高貯水位(常時満水位)[m] | 貯水位[m] | 洪水時最高水位(サーチャージ水位)[m] | 貯水率[%] | 洪水流入量[m3/s] | 流入量[m3/s] | 計画高水流量[m3/s] | 全放流量[m3/s]
Niigata,新潟県,広神ダム,2026-09-14T04:30,214.11,3.29,2.79,,,,100.0,,観測所名 | 最新観測時刻 | 平常時最高貯水位(常時満水位)[m] | 貯水位[m] | 洪水時最高水位(サーチャージ水位)[m] | 貯水率[%] | 洪水流入量[m3/s] | 流入量[m3/s] | 計画高水流量[m3/s] | 全放流量[m3/s]
Niigata,新潟県,新保川ダム,2026-09-14T04:30,160.4,0.3,0.3,,,,100.0,,観測所名 | 最新観測時刻 | 平常時最高貯水位(常時満水位)[m] | 貯水位[m] | 洪水時最高水位(サーチャージ水位)[m] | 貯水率[%] | 洪水流入量[m3/s] | 流入量[m3/s] | 計画高水流量[m3/s] | 全放流量[m3/s]
Niigata,新潟県,早出川ダム,2026-09-14T04:30,164.08,23.0,10.24,,,,80.9,,観測所名 | 最新観測時刻 | 平常時最高貯水位(常時満水位)[m] | 貯水位[m] | 洪水時最高水位(サーチャージ水位)[m] | 貯水率[%] | 洪水流入量[m3/s] | 流入量[m3/s] | 計画高水流量[m3/s] | 全放流量[m3/s]
Niigata,新潟県,柿崎川ダム,2026-09-14T04:30,120.74,0.26,0.5,,,,100.0,,観測所名 | 最新観測時刻 | 平常時最高貯水位(常時満水位)[m] | 貯水位[m] | 洪水時最高水位(サーチャージ水位)[m] | 貯水率[%] | 洪水流入量[m3/s] | 流入量[m3/s] | 計画高水流量[m3/s] | 全放流量[m3/s]
Niigata,新潟県,正善寺ダム,2026-09-14T04:30,86.24,0.0,0.25,,,,83.6,,観測所名 | 最新観測時刻 | 平常時最高貯水位(常時満水位)[m] | 貯水位[m] | 洪水時最高水位(サーチャージ水位)[m] | 貯水率[%] | 洪水流入量[m3/s] | 流入量[m3/s] | 計画高水流量[m3/s] | 全放流量[m3/s]
Niigata,新潟県,破間川ダム,2026-09-14T04:30,429.84,2.56,2.53,,,,62.4,,観測所名 | 最新観測時刻 | 平常時最高貯水位(常時満水位)[m] | 貯水位[m] | 洪水時最高水位(サーチャージ水位)[m] | 貯水率[%] | 洪水流入量[m3/s] | 流入量[m3/s] | 計画高水流量[m3/s] | 全放流量[m3/s]
Niigata,新潟県,笠堀ダム,2026-09-14T04:30,193.53,18.73,12.53,,,,92.5,,観測所名 | 最新観測時刻 | 平常時最高貯水位(常時満水位)[m] | 貯水位[m] | 洪水時最高水位(サーチャージ水位)[m] | 貯水率[%] | 洪水流入量[m3/s] | 流入量[m3/s] | 計画高水流量[m3/s] | 全放流量[m3/s]
Niigata,新潟県,胎内川ダム,2026-09-14T04:30,287.29,4.95,5.23,,,,91.6,,観測所名 | 最新観測時刻 | 平常時最高貯水位(常時満水位)[m] | 貯水位[m] | 洪水時最高水位(サーチャージ水位)[m] | 貯水率[%] | 洪水流入量[m3/s] | 流入量[m3/s] | 計画高水流量[m3/s] | 全放流量[m3/s]
Niigata,新潟県,鯖石川ダム,2026-09-14T04:30,134.81,1.78,1.59,,,,92.7,,観測所名 | 最新観測時刻 | 平常時最高貯水位(常時満水位)[m] | 貯水位[m] | 洪水時最高水位(サーチャージ水位)[m] | 貯水率[%] | 洪水流入量[m3/s] | 流入量[m3/s] | 計画高水流量[m3/s] | 全放流量[m3/s]
Oita,大分県,北川ダム,2026-09-14T04:30,148.15,3.62,23.94,,,,37.7,,管理者名 | 河川名 | 局名 | 所在地 | 最新観測時刻 | 貯水位 | 流入量 | 貯水量 | 貯水率 | 放流量
Oita,大分県,安岐ダム,2026-09-14T04:30,153.74,0.0,0.22,0.606,,,100.0,,管理者名 | 河川名 | 局名 | 所在地 | 最新観測時刻 | 貯水位 | 流入量 | 貯水量 | 貯水率 | 放流量
Oita,大分県,床木ダム,2026-09-14T04:30,88.71,2.6,0.4,0.908,,,100.0,,管理者名 | 河川名 | 局名 | 所在地 | 最新観測時刻 | 貯水位 | 流入量 | 貯水量 | 貯水率 | 放流量
Oita,大分県,玉来ダム,2026-09-14T04:30,350.77,5.5,5.5,,,,0.1,,管理者名 | 河川名 | 局名 | 所在地 | 最新観測時刻 | 貯水位 | 流入量 | 貯水量 | 貯水率 | 放流量
Oita,大分県,稲葉ダム,2026-09-14T04:30,437.83,2.358,2.082,,,,100.9,,管理者名 | 河川名 | 局名 | 所在地 | 最新観測時刻 | 貯水位 | 流入量 | 貯水量 | 貯水率 | 放流量
Oita,大分県,芹川ダム,2026-09-14T04:30,328.72,7.63,6.1,,,,56.2,,管理者名 | 河川名 | 局名 | 所在地 | 最新観測時刻 | 貯水位 | 流入量 | 貯水量 | 貯水率 | 放流量
Oita,大分県,行入ダム,2026-09-14T04:30,122.36,0.01,0.1,0.469,,,45.9,,管理者名 | 河川名 | 局名 | 所在地 | 最新観測時刻 | 貯水位 | 流入量 | 貯水量 | 貯水率 | 放流量
Oita,大分県,野津ダム,2026-09-14T04:30,238.06,0.06,0.06,,,,100.8,,管理者名 | 河川名 | 局名 | 所在地 | 最新観測時刻 | 貯水位 | 流入量 | 貯水量 | 貯水率 | 放流量
Oita,大分県,青江ダム,2026-09-14T04:30,64.11,0.055,0.053,0.457,,,100.0,,管理者名 | 河川名 | 局名 | 所在地 | 最新観測時刻 | 貯水位 | 流入量 | 貯水量 | 貯水率 | 放流量
Oita,大分県,黒沢ダム,2026-09-14T04:30,95.46,1.21,0.79,1.158,,,100.0,,管理者名 | 河川名 | 局名 | 所在地 | 最新観測時刻 | 貯水位 | 流入量 | 貯水量 | 貯水率 | 放流量
Tokushima,徳島県,宮川内ダム,2026-09-14T04:30,129.64,0.47,0.47,,,0.61,79.22,,管理者名 | 河川名 | 局名 | 所在地 | 最新観測時刻 | 貯水位 | 総貯水量 | 全流入量 | 全放流量 | 貯水率
Tokushima,徳島県,川口ダム,2026-09-14T04:30,94.36,54.5,69.7,,,,,,管理者名 | 河川名 | 局名 | 所在地 | 最新観測時刻 | 貯水位 | 総貯水量 | 全流入量 | 全放流量 | 貯水率
Tokushima,徳島県,棚野ダム,2026-09-14T04:30,,,13.1,,,,,,管理者名 | 河川名 | 局名 | 所在地 | 最新観測時刻 | 貯水位 | 総貯水量 | 全流入量 | 全放流量 | 貯水率
Tokushima,徳島県,正木ダム,2026-09-14T04:30,167.5,8.4,8.3,,,5.48,79.58,,管理者名 | 河川名 | 局名 | 所在地 | 最新観測時刻 | 貯水位 | 総貯水量 | 全流入量 | 全放流量 | 貯水率
Tokushima,徳島県,池田ダム,2026-09-14T04:30,88.66,34.66,38.28,,,,,,管理者名 | 河川名 | 局名 | 所在地 | 最新観測時刻 | 貯水位 | 総貯水量 | 全流入量 | 全放流量 | 貯水率
Tokushima,徳島県,福井ダム,2026-09-14T04:30,43.71,0.62,0.62,,,1.327,100.0,,管理者名 | 河川名 | 局名 | 所在地 | 最新観測時刻 | 貯水位 | 総貯水量 | 全流入量 | 全放流量 | 貯水率
Tokushima,徳島県,長安口ダム,2026-09-14T04:30,222.69,56.84,39.4,,,,,,管理者名 | 河川名 | 局名 | 所在地 | 最新観測時刻 | 貯水位 | 総貯水量 | 全流入量 | 全放流量 | 貯水率
Yamagata,山形県,前川ダム,2026-09-14T04:30,257.38,0.1,0.1,1.548,,,91.1,,管理者名 | 河川名 | 局名 | 所在地 | 最新観測時刻 | 流入量 | 全放流量 | 貯水位 | 貯水量 | 貯水率
Yamagata,山形県,寒河江ダム,2026-09-14T04:30,385.41,14.9,27.69,51.443,,,92.9,,管理者名 | 河川名 | 局名 | 所在地 | 最新観測時刻 | 流入量 | 全放流量 | 貯水位 | 貯水量 | 貯水率
Yamagata,山形県,最上小国川流水型ダム,2026-09-14T04:30,277.33,8.63,7.96,0.002,,,0.0,,管理者名 | 河川名 | 局名 | 所在地 | 最新観測時刻 | 流入量 | 全放流量 | 貯水位 | 貯水量 | 貯水率
Yamagata,山形県,月光川ダム,2026-09-14T04:30,169.63,8.38,8.46,0.011,,,0.4,,管理者名 | 河川名 | 局名 | 所在地 | 最新観測時刻 | 流入量 | 全放流量 | 貯水位 | 貯水量 | 貯水率
Yamagata,山形県,月山ダム,2026-09-14T04:30,237.12,14.24,3.9,16.634,,,92.8,,管理者名 | 河川名 | 局名 | 所在地 | 最新観測時刻 | 流入量 | 全放流量 | 貯水位 | 貯水量 | 貯水率
Yamagata,山形県,木地山ダム,2026-09-14T04:30,469.4,4.71,4.1,0.833,,,15.7,,管理者名 | 河川名 | 局名 | 所在地 | 最新観測時刻 | 流入量 | 全放流量 | 貯水位 | 貯水量 | 貯水率
Yamagata,山形県,温海川ダム,2026-09-14T04:30,142.72,5.09,4.01,0.48,,,100.0,,管理者名 | 河川名 | 局名 | 所在地 | 最新観測時刻 | 流入量 | 全放流量 | 貯水位 | 貯水量 | 貯水率
Yamagata,山形県,田沢川ダム,2026-09-14T04:30,126.58,2.31,1.12,3.852,,,77.8,,管理者名 | 河川名 | 局名 | 所在地 | 最新観測時刻 | 流入量 | 全放流量 | 貯水位 | 貯水量 | 貯水率
Yamagata,山形県,留山川ダム,2026-09-14T04:30,300.06,0.2,0.18,0.343,,,100.0,,管理者名 | 河川名 | 局名 | 所在地 | 最新観測時刻 | 流入量 | 全放流量 | 貯水位 | 貯水量 | 貯水率
Yamagata,山形県,白川ダム,2026-09-14T04:30,319.58,8.47,8.48,6.555,,,66.2,,管理者名 | 河川名 | 局名 | 所在地 | 最新観測時刻 | 流入量 | 全放流量 | 貯水位 | 貯水量 | 貯水率
Yamagata,山形県,白水川ダム,2026-09-14T04:30,357.5,0.45,0.45,2.501,,,96.2,,管理者名 | 河川名 | 局名 | 所在地 | 最新観測時刻 | 流入量 | 全放流量 | 貯水位 | 貯水量 | 貯水率
Yamagata,山形県,神室ダム,2026-09-14T04:30,380.77,2.44,1.0,2.423,,,74.0,,管理者名 | 河川名 | 局名 | 所在地 | 最新観測時刻 | 流入量 | 全放流量 | 貯水位 | 貯水量 | 貯水率
Yamagata,山形県,綱木川ダム,2026-09-14T04:30,456.24,2.15,2.24,3.554,,,100.0,,管理者名 | 河川名 | 局名 | 所在地 | 最新観測時刻 | 流入量 | 全放流量 | 貯水位 | 貯水量 | 貯水率
Yamagata,山形県,荒沢ダム,2026-09-14T04:30,236.06,18.14,13.12,4.471,,,25.9,,管理者名 | 河川名 | 局名 | 所在地 | 最新観測時刻 | 流入量 | 全放流量 | 貯水位 | 貯水量 | 貯水率
Yamagata,山形県,蔵王ダム,2026-09-14T04:30,593.17,1.6,1.6,1.917,,,90.4,,管理者名 | 河川名 | 局名 | 所在地 | 最新観測時刻 | 流入量 | 全放流量 | 貯水位 | 貯水量 | 貯水率
Yamagata,山形県,長井ダム,2026-09-14T04:30,365.71,6.94,5.39,20.76,,,94.0,,管理者名 | 河川名 | 局名 | 所在地 | 最新観測時刻 | 流入量 | 全放流量 | 貯水位 | 貯水量 | 貯水率
Yamagata,山形県,高坂ダム,2026-09-14T04:30,180.55,7.81,7.82,0.169,,,5.1,,管理者名 | 河川名 | 局名 | 所在地 | 最新観測時刻 | 流入量 | 全放流量 | 貯水位 | 貯水量 | 貯水率
Aomori,青森県,下湯ダム,2026-09-14T07:00,263.58,0.57,1.41,,,,,,管理者名 | 河川名 | 局名 | 所在地 | 最新観測時刻 | 流入量 | 全放流量 | 貯水位 | 平常時最高水位 | 洪水貯留準備水位 | 洪水量(※)
Aomori,青森県,世増ダム,2026-09-14T07:00,94.61,7.24,7.31,,,,,,管理者名 | 河川名 | 局名 | 所在地 | 最新観測時刻 | 流入量 | 全放流量 | 貯水位 | 平常時最高水位 | 洪水貯留準備水位 | 洪水量(※)
Aomori,青森県,久吉ダム,2026-09-14T07:00,276.58,0.65,0.65,,,,,,管理者名 | 河川名 | 局名 | 所在地 | 最新観測時刻 | 流入量 | 全放流量 | 貯水位 | 平常時最高水位 | 洪水貯留準備水位 | 洪水量(※)
Aomori,青森県,小泊ダム,2026-09-14T07:00,67.56,0.03,0.03,,,,,,管理者名 | 河川名 | 局名 | 所在地 | 最新観測時刻 | 流入量 | 全放流量 | 貯水位 | 平常時最高水位 | 洪水貯留準備水位 | 洪水量(※)
Aomori,青森県,川内ダム,2026-09-14T07:00,178.53,0.0,1.31,,,,,,管理者名 | 河川名 | 局名 | 所在地 | 最新観測時刻 | 流入量 | 全放流量 | 貯水位 | 平常時最高水位 | 洪水貯留準備水位 | 洪水量(※)
Aomori,青森県,津軽ダム,2026-09-14T07:00,195.39,6.4,14.65,,,,,,管理者名 | 河川名 | 局名 | 所在地 | 最新観測時刻 | 流入量 | 全放流量 | 貯水位 | 平常時最高水位 | 洪水貯留準備水位 | 洪水量(※)
Aomori,青森県,浅瀬石川ダム,2026-09-14T07:00,184.61,9.5,5.93,,,,,,管理者名 | 河川名 | 局名 | 所在地 | 最新観測時刻 | 流入量 | 全放流量 | 貯水位 | 平常時最高水位 | 洪水貯留準備水位 | 洪水量(※)
Aomori,青森県,浅虫ダム,2026-09-14T07:00,13.98,0.04,0.04,,,,,,管理者名 | 河川名 | 局名 | 所在地 | 最新観測時刻 | 流入量 | 全放流量 | 貯水位 | 平常時最高水位 | 洪水貯留準備水位 | 洪水量(※)
Aomori,青森県,清水目ダム,2026-09-14T07:00,108.02,0.4,0.4,,,,,,管理者名 | 河川名 | 局名 | 所在地 | 最新観測時刻 | 流入量 | 全放流量 | 貯水位 | 平常時最高水位 | 洪水貯留準備水位 | 洪水量(※)
Aomori,青森県,遠部ダム,2026-09-14T07:00,215.0,0.28,0.21,,,,,,管理者名 | 河川名 | 局名 | 所在地 | 最新観測時刻 | 流入量 | 全放流量 | 貯水位 | 平常時最高水位 | 洪水貯留準備水位 | 洪水量(※)
Aomori,青森県,飯詰ダム,2026-09-14T07:00,70.55,0.21,0.21,,,,,,管理者名 | 河川名 | 局名 | 所在地 | 最新観測時刻 | 流入量 | 全放流量 | 貯水位 | 平常時最高水位 | 洪水貯留準備水位 | 洪水量(※)
Fukui,福井県,九頭竜ダム,2026-09-14T07:00,542.15,16.08,0.01,,,,,34.5,局名 | 所在地 | 最新観測時刻 | 貯水率(利水容量) | 貯水位 | 有効貯水量 | 流入量 | 放流量 | 管理者名
Fukui,福井県,二ツ屋ダム,2026-09-14T07:00,349.76,1.66,1.66,,0.214,,,100.9,局名 | 所在地 | 最新観測時刻 | 貯水率(利水容量) | 貯水位 | 有効貯水量 | 流入量 | 放流量 | 管理者名
Fukui,福井県,吉野瀬川ダム,2026-09-14T07:00,99.87,0.55,0.74,,1.172,,,100.0,局名 | 所在地 | 最新観測時刻 | 貯水率(利水容量) | 貯水位 | 有効貯水量 | 流入量 | 放流量 | 管理者名
Fukui,福井県,大津呂ダム,2026-09-14T07:00,84.57,0.02,0.02,,0.117,,,43.0,局名 | 所在地 | 最新観測時刻 | 貯水率(利水容量) | 貯水位 | 有効貯水量 | 流入量 | 放流量 | 管理者名
Fukui,福井県,広野ダム,2026-09-14T07:00,294.41,0.98,1.57,,1.377,,,34.5,局名 | 所在地 | 最新観測時刻 | 貯水率(利水容量) | 貯水位 | 有効貯水量 | 流入量 | 放流量 | 管理者名
Fukui,福井県,桝谷ダム,2026-09-14T07:00,299.4,0.12,0.12,,3.544,,,17.8,局名 | 所在地 | 最新観測時刻 | 貯水率(利水容量) | 貯水位 | 有効貯水量 | 流入量 | 放流量 | 管理者名
Fukui,福井県,永平寺ダム,2026-09-14T07:00,319.82,0.27,0.27,,0.441,,,100.23,局名 | 所在地 | 最新観測時刻 | 貯水率(利水容量) | 貯水位 | 有効貯水量 | 流入量 | 放流量 | 管理者名
Fukui,福井県,河内川ダム,2026-09-14T07:00,184.28,0.45,0.31,,3.026,,,65.1,局名 | 所在地 | 最新観測時刻 | 貯水率(利水容量) | 貯水位 | 有効貯水量 | 流入量 | 放流量 | 管理者名
Fukui,福井県,浄土寺川ダム,2026-09-14T07:00,344.54,0.653,0.904,,0.77,,,100.0,局名 | 所在地 | 最新観測時刻 | 貯水率(利水容量) | 貯水位 | 有効貯水量 | 流入量 | 放流量 | 管理者名
Fukui,福井県,真名川ダム,2026-09-14T07:00,336.79,4.76,4.76,,,,,89.6,局名 | 所在地 | 最新観測時刻 | 貯水率(利水容量) | 貯水位 | 有効貯水量 | 流入量 | 放流量 | 管理者名
Fukui,福井県,笹生川ダム,2026-09-14T07:00,515.33,2.18,2.21,,24.155,,,58.97,局名 | 所在地 | 最新観測時刻 | 貯水率(利水容量) | 貯水位 | 有効貯水量 | 流入量 | 放流量 | 管理者名
Fukui,福井県,開谷ダム,2026-09-14T07:00,120.76,,,,0.063,,,62.4,局名 | 所在地 | 最新観測時刻 | 貯水率(利水容量) | 貯水位 | 有効貯水量 | 流入量 | 放流量 | 管理者名
Fukui,福井県,龍ヶ鼻ダム,2026-09-14T07:00,172.09,1.28,2.99,,3.773,,,79.9,局名 | 所在地 | 最新観測時刻 | 貯水率(利水容量) | 貯水位 | 有効貯水量 | 流入量 | 放流量 | 管理者名
Miyazaki,宮崎県,岩瀬ダム,2026-09-14T07:00,111.47,16.34,35.85,,,,,,河川名 | 局名 | 所在地 | 状態 | 最新観測時刻 | 貯水位 | 流入量 | 全放流量
Miyazaki,宮崎県,広渡ダム,2026-09-14T07:00,259.36,5.55,5.55,,,,,,河川名 | 局名 | 所在地 | 状態 | 最新観測時刻 | 貯水位 | 流入量 | 全放流量
Miyazaki,宮崎県,日南ダム,2026-09-14T07:00,107.32,3.65,3.4,,,,,,河川名 | 局名 | 所在地 | 状態 | 最新観測時刻 | 貯水位 | 流入量 | 全放流量
Miyazaki,宮崎県,松尾ダム,2026-09-14T07:00,195.53,39.27,17.49,,,,,,河川名 | 局名 | 所在地 | 状態 | 最新観測時刻 | 貯水位 | 流入量 | 全放流量
Miyazaki,宮崎県,沖田ダム,2026-09-14T07:00,48.11,0.38,0.38,,,,,,河川名 | 局名 | 所在地 | 状態 | 最新観測時刻 | 貯水位 | 流入量 | 全放流量
Miyazaki,宮崎県,渡川ダム,2026-09-14T07:00,290.21,7.17,7.2,,,,,,河川名 | 局名 | 所在地 | 状態 | 最新観測時刻 | 貯水位 | 流入量 | 全放流量
Miyazaki,宮崎県,瓜田ダム,2026-09-14T07:00,38.77,0.54,0.54,,,,,,河川名 | 局名 | 所在地 | 状態 | 最新観測時刻 | 貯水位 | 流入量 | 全放流量
Miyazaki,宮崎県,田代八重ダム,2026-09-14T07:00,324.19,6.75,8.79,,,,,,河川名 | 局名 | 所在地 | 状態 | 最新観測時刻 | 貯水位 | 流入量 | 全放流量
Miyazaki,宮崎県,祝子ダム,2026-09-14T07:00,303.36,3.14,3.14,,,,,,河川名 | 局名 | 所在地 | 状態 | 最新観測時刻 | 貯水位 | 流入量 | 全放流量
Miyazaki,宮崎県,立花ダム,2026-09-14T07:00,250.2,2.83,0.0,,,,,,河川名 | 局名 | 所在地 | 状態 | 最新観測時刻 | 貯水位 | 流入量 | 全放流量
Miyazaki,宮崎県,綾北ダム,2026-09-14T07:00,281.29,3.93,10.95,,,,,,河川名 | 局名 | 所在地 | 状態 | 最新観測時刻 | 貯水位 | 流入量 | 全放流量
Miyazaki,宮崎県,綾南ダム,2026-09-14T07:00,337.09,3.03,10.15,,,,,,河川名 | 局名 | 所在地 | 状態 | 最新観測時刻 | 貯水位 | 流入量 | 全放流量
Miyazaki,宮崎県,長谷ダム,2026-09-14T07:00,108.7,3.34,3.29,,,,,,河川名 | 局名 | 所在地 | 状態 | 最新観測時刻 | 貯水位 | 流入量 | 全放流量
Nara,奈良県,初瀬ダム,2026-09-14T07:00,221.51,0.55,0.23,,,,,,管理者名 | 河川名 | 局名 | 所在地 | 最新観測時刻 | 貯水位 | 貯水容量 | 空容量 | 全流入量 | 放流量
Nara,奈良県,大門ダム,2026-09-14T07:00,262.66,0.0,0.0,,,,,,管理者名 | 河川名 | 局名 | 所在地 | 最新観測時刻 | 貯水位 | 貯水容量 | 空容量 | 全流入量 | 放流量
Nara,奈良県,天理ダム,2026-09-14T07:00,253.26,0.26,0.26,,,,,,管理者名 | 河川名 | 局名 | 所在地 | 最新観測時刻 | 貯水位 | 貯水容量 | 空容量 | 全流入量 | 放流量
Nara,奈良県,岩井川ダム,2026-09-14T07:00,240.53,0.07,0.07,,,,,,管理者名 | 河川名 | 局名 | 所在地 | 最新観測時刻 | 貯水位 | 貯水容量 | 空容量 | 全流入量 | 放流量
Nara,奈良県,白川ダム,2026-09-14T07:00,111.32,0.0,0.01,,,,,,管理者名 | 河川名 | 局名 | 所在地 | 最新観測時刻 | 貯水位 | 貯水容量 | 空容量 | 全流入量 | 放流量
Niigata,新潟県,三面ダム,2026-09-14T07:00,115.89,2.56,15.74,,,,92.5,,観測所名 | 最新観測時刻 | 平常時最高貯水位(常時満水位)[m] | 貯水位[m] | 洪水時最高水位(サーチャージ水位)[m] | 貯水率[%] | 洪水流入量[m3/s] | 流入量[m3/s] | 計画高水流量[m3/s] | 全放流量[m3/s]
Niigata,新潟県,下条川ダム,2026-09-14T07:00,31.23,0.38,0.39,,,,,,観測所名 | 最新観測時刻 | 平常時最高貯水位(常時満水位)[m] | 貯水位[m] | 洪水時最高水位(サーチャージ水位)[m] | 貯水率[%] | 洪水流入量[m3/s] | 流入量[m3/s] | 計画高水流量[m3/s] | 全放流量[m3/s]
Niigata,新潟県,久知川ダム,2026-09-14T07:00,123.87,0.24,0.24,,,,100.0,,観測所名 | 最新観測時刻 | 平常時最高貯水位(常時満水位)[m] | 貯水位[m] | 洪水時最高水位(サーチャージ水位)[m] | 貯水率[%] | 洪水流入量[m3/s] | 流入量[m3/s] | 計画高水流量[m3/s] | 全放流量[m3/s]
Niigata,新潟県,内の倉ダム,2026-09-14T07:00,147.85,2.48,2.48,,,,41.1,,観測所名 | 最新観測時刻 | 平常時最高貯水位(常時満水位)[m] | 貯水位[m] | 洪水時最高水位(サーチャージ水位)[m] | 貯水率[%] | 洪水流入量[m3/s] | 流入量[m3/s] | 計画高水流量[m3/s] | 全放流量[m3/s]
Niigata,新潟県,刈谷田川ダム,2026-09-14T07:00,239.33,1.44,1.33,,,,97.7,,観測所名 | 最新観測時刻 | 平常時最高貯水位(常時満水位)[m] | 貯水位[m] | 洪水時最高水位(サーチャージ水位)[m] | 貯水率[%] | 洪水流入量[m3/s] | 流入量[m3/s] | 計画高水流量[m3/s] | 全放流量[m3/s]
Niigata,新潟県,加治川治水ダム,2026-09-14T07:00,272.27,8.58,6.28,,,,,,観測所名 | 最新観測時刻 | 平常時最高貯水位(常時満水位)[m] | 貯水位[m] | 洪水時最高水位(サーチャージ水位)[m] | 貯水率[%] | 洪水流入量[m3/s] | 流入量[m3/s] | 計画高水流量[m3/s] | 全放流量[m3/s]
Niigata,新潟県,城川ダム,2026-09-14T07:00,271.52,0.19,0.19,,,,100.0,,観測所名 | 最新観測時刻 | 平常時最高貯水位(常時満水位)[m] | 貯水位[m] | 洪水時最高水位(サーチャージ水位)[m] | 貯水率[%] | 洪水流入量[m3/s] | 流入量[m3/s] | 計画高水流量[m3/s] | 全放流量[m3/s]
Niigata,新潟県,大谷ダム,2026-09-14T07:00,191.69,4.06,1.31,,,,100.0,,観測所名 | 最新観測時刻 | 平常時最高貯水位(常時満水位)[m] | 貯水位[m] | 洪水時最高水位(サーチャージ水位)[m] | 貯水率[%] | 洪水流入量[m3/s] | 流入量[m3/s] | 計画高水流量[m3/s] | 全放流量[m3/s]
Niigata,新潟県,大野川ダム,2026-09-14T07:00,141.91,0.15,0.4,,,,88.4,,観測所名 | 最新観測時刻 | 平常時最高貯水位(常時満水位)[m] | 貯水位[m] | 洪水時最高水位(サーチャージ水位)[m] | 貯水率[%] | 洪水流入量[m3/s] | 流入量[m3/s] | 計画高水流量[m3/s] | 全放流量[m3/s]
Niigata,新潟県,奥三面ダム,2026-09-14T07:00,211.18,7.86,0.71,,,,77.8,,観測所名 | 最新観測時刻 | 平常時最高貯水位(常時満水位)[m] | 貯水位[m] | 洪水時最高水位(サーチャージ水位)[m] | 貯水率[%] | 洪水流入量[m3/s] | 流入量[m3/s] | 計画高水流量[m3/s] | 全放流量[m3/s]
Niigata,新潟県,奥胎内ダム,2026-09-14T07:00,384.0,2.16,2.14,,,,,,観測所名 | 最新観測時刻 | 平常時最高貯水位(常時満水位)[m] | 貯水位[m] | 洪水時最高水位(サーチャージ水位)[m] | 貯水率[%] | 洪水流入量[m3/s] | 流入量[m3/s] | 計画高水流量[m3/s] | 全放流量[m3/s]
Niigata,新潟県,広神ダム,2026-09-14T07:00,214.09,2.34,2.7,,,,100.0,,観測所名 | 最新観測時刻 | 平常時最高貯水位(常時満水位)[m] | 貯水位[m] | 洪水時最高水位(サーチャージ水位)[m] | 貯水率[%] | 洪水流入量[m3/s] | 流入量[m3/s] | 計画高水流量[m3/s] | 全放流量[m3/s]
Niigata,新潟県,新保川ダム,2026-09-14T07:00,160.67,2.71,1.35,,,,100.0,,観測所名 | 最新観測時刻 | 平常時最高貯水位(常時満水位)[m] | 貯水位[m] | 洪水時最高水位(サーチャージ水位)[m] | 貯水率[%] | 洪水流入量[m3/s] | 流入量[m3/s] | 計画高水流量[m3/s] | 全放流量[m3/s]
Niigata,新潟県,早出川ダム,2026-09-14T07:00,164.48,12.61,10.32,,,,86.2,,観測所名 | 最新観測時刻 | 平常時最高貯水位(常時満水位)[m] | 貯水位[m] | 洪水時最高水位(サーチャージ水位)[m] | 貯水率[%] | 洪水流入量[m3/s] | 流入量[m3/s] | 計画高水流量[m3/s] | 全放流量[m3/s]
Niigata,新潟県,柿崎川ダム,2026-09-14T07:00,120.74,0.54,0.53,,,,100.0,,観測所名 | 最新観測時刻 | 平常時最高貯水位(常時満水位)[m] | 貯水位[m] | 洪水時最高水位(サーチャージ水位)[m] | 貯水率[%] | 洪水流入量[m3/s] | 流入量[m3/s] | 計画高水流量[m3/s] | 全放流量[m3/s]
Niigata,新潟県,正善寺ダム,2026-09-14T07:00,86.25,0.49,0.22,,,,83.7,,観測所名 | 最新観測時刻 | 平常時最高貯水位(常時満水位)[m] | 貯水位[m] | 洪水時最高水位(サーチャージ水位)[m] | 貯水率[%] | 洪水流入量[m3/s] | 流入量[m3/s] | 計画高水流量[m3/s] | 全放流量[m3/s]
Niigata,新潟県,破間川ダム,2026-09-14T07:00,429.85,2.7,2.56,,,,62.7,,観測所名 | 最新観測時刻 | 平常時最高貯水位(常時満水位)[m] | 貯水位[m] | 洪水時最高水位(サーチャージ水位)[m] | 貯水率[%] | 洪水流入量[m3/s] | 流入量[m3/s] | 計画高水流量[m3/s] | 全放流量[m3/s]
Niigata,新潟県,笠堀ダム,2026-09-14T07:00,193.51,8.91,9.02,,,,92.4,,観測所名 | 最新観測時刻 | 平常時最高貯水位(常時満水位)[m] | 貯水位[m] | 洪水時最高水位(サーチャージ水位)[m] | 貯水率[%] | 洪水流入量[m3/s] | 流入量[m3/s] | 計画高水流量[m3/s] | 全放流量[m3/s]
Niigata,新潟県,胎内川ダム,2026-09-14T07:00,287.28,5.23,5.23,,,,91.5,,観測所名 | 最新観測時刻 | 平常時最高貯水位(常時満水位)[m] | 貯水位[m] | 洪水時最高水位(サーチャージ水位)[m] | 貯水率[%] | 洪水流入量[m3/s] | 流入量[m3/s] | 計画高水流量[m3/s] | 全放流量[m3/s]
Niigata,新潟県,鯖石川ダム,2026-09-14T07:00,134.81,1.28,1.21,,,,92.7,,観測所名 | 最新観測時刻 | 平常時最高貯水位(常時満水位)[m] | 貯水位[m] | 洪水時最高水位(サーチャージ水位)[m] | 貯水率[%] | 洪水流入量[m3/s] | 流入量[m3/s] | 計画高水流量[m3/s] | 全放流量[m3/s]
Oita,大分県,北川ダム,2026-09-14T07:00,148.07,0.0,0.6,,,,37.4,,管理者名 | 河川名 | 局名 | 所在地 | 最新観測時刻 | 貯水位 | 流入量 | 貯水量 | 貯水率 | 放流量
Oita,大分県,安岐ダム,2026-09-14T07:00,153.73,0.0,0.19,0.605,,,100.0,,管理者名 | 河川名 | 局名 | 所在地 | 最新観測時刻 | 貯水位 | 流入量 | 貯水量 | 貯水率 | 放流量
Oita,大分県,床木ダム,2026-09-14T07:00,88.79,0.66,0.66,0.914,,,100.0,,管理者名 | 河川名 | 局名 | 所在地 | 最新観測時刻 | 貯水位 | 流入量 | 貯水量 | 貯水率 | 放流量
Oita,大分県,玉来ダム,2026-09-14T07:00,350.76,5.38,5.38,,,,0.1,,管理者名 | 河川名 | 局名 | 所在地 | 最新観測時刻 | 貯水位 | 流入量 | 貯水量 | 貯水率 | 放流量
Oita,大分県,稲葉ダム,2026-09-14T07:00,437.84,2.195,2.458,,,,101.2,,管理者名 | 河川名 | 局名 | 所在地 | 最新観測時刻 | 貯水位 | 流入量 | 貯水量 | 貯水率 | 放流量
Oita,大分県,芹川ダム,2026-09-14T07:00,328.72,7.63,6.11,,,,56.2,,管理者名 | 河川名 | 局名 | 所在地 | 最新観測時刻 | 貯水位 | 流入量 | 貯水量 | 貯水率 | 放流量
Oita,大分県,行入ダム,2026-09-14T07:00,122.35,0.0,0.1,0.469,,,45.9,,管理者名 | 河川名 | 局名 | 所在地 | 最新観測時刻 | 貯水位 | 流入量 | 貯水量 | 貯水率 | 放流量
Oita,大分県,野津ダム,2026-09-14T07:00,238.06,0.06,0.06,,,,100.8,,管理者名 | 河川名 | 局名 | 所在地 | 最新観測時刻 | 貯水位 | 流入量 | 貯水量 | 貯水率 | 放流量
Oita,大分県,青江ダム,2026-09-14T07:00,64.11,0.055,0.053,0.457,,,100.0,,管理者名 | 河川名 | 局名 | 所在地 | 最新観測時刻 | 貯水位 | 流入量 | 貯水量 | 貯水率 | 放流量
Oita,大分県,黒沢ダム,2026-09-14T07:00,95.49,1.27,0.93,1.161,,,100.0,,管理者名 | 河川名 | 局名 | 所在地 | 最新観測時刻 | 貯水位 | 流入量 | 貯水量 | 貯水率 | 放流量
Tokushima,徳島県,宮川内ダム,2026-09-14T07:00,129.64,0.47,0.47,,,0.61,79.22,,管理者名 | 河川名 | 局名 | 所在地 | 最新観測時刻 | 貯水位 | 総貯水量 | 全流入量 | 全放流量 | 貯水率
Tokushima,徳島県,川口ダム,2026-09-14T07:00,94.25,69.7,69.7,,,,,,管理者名 | 河川名 | 局名 | 所在地 | 最新観測時刻 | 貯水位 | 総貯水量 | 全流入量 | 全放流量 | 貯水率
Tokushima,徳島県,棚野ダム,2026-09-14T07:00,,,13.1,,,,,,管理者名 | 河川名 | 局名 | 所在地 | 最新観測時刻 | 貯水位 | 総貯水量 | 全流入量 | 全放流量 | 貯水率
Tokushima,徳島県,正木ダム,2026-09-14T07:00,167.49,8.1,8.1,,,5.476,79.46,,管理者名 | 河川名 | 局名 | 所在地 | 最新観測時刻 | 貯水位 | 総貯水量 | 全流入量 | 全放流量 | 貯水率
Tokushima,徳島県,池田ダム,2026-09-14T07:00,88.63,34.64,38.36,,,,,,管理者名 | 河川名 | 局名 | 所在地 | 最新観測時刻 | 貯水位 | 総貯水量 | 全流入量 | 全放流量 | 貯水率
Tokushima,徳島県,福井ダム,2026-09-14T07:00,43.7,0.58,0.58,,,1.325,100.0,,管理者名 | 河川名 | 局名 | 所在地 | 最新観測時刻 | 貯水位 | 総貯水量 | 全流入量 | 全放流量 | 貯水率
Tokushima,徳島県,長安口ダム,2026-09-14T07:00,222.7,53.85,59.67,,,,,,管理者名 | 河川名 | 局名 | 所在地 | 最新観測時刻 | 貯水位 | 総貯水量 | 全流入量 | 全放流量 | 貯水率
Yamagata,山形県,前川ダム,2026-09-14T07:00,257.38,0.1,0.1,1.548,,,91.1,,管理者名 | 河川名 | 局名 | 所在地 | 最新観測時刻 | 流入量 | 全放流量 | 貯水位 | 貯水量 | 貯水率
Yamagata,山形県,寒河江ダム,2026-09-14T07:00,385.36,10.99,27.97,51.322,,,92.7,,管理者名 | 河川名 | 局名 | 所在地 | 最新観測時刻 | 流入量 | 全放流量 | 貯水位 | 貯水量 | 貯水率
Yamagata,山形県,最上小国川流水型ダム,2026-09-14T07:00,277.18,5.72,5.51,0.002,,,0.0,,管理者名 | 河川名 | 局名 | 所在地 | 最新観測時刻 | 流入量 | 全放流量 | 貯水位 | 貯水量 | 貯水率
Yamagata,山形県,月光川ダム,2026-09-14T07:00,169.53,7.05,7.05,0.01,,,0.4,,管理者名 | 河川名 | 局名 | 所在地 | 最新観測時刻 | 流入量 | 全放流量 | 貯水位 | 貯水量 | 貯水率
Yamagata,山形県,月山ダム,2026-09-14T07:00,237.18,9.3,5.0,16.689,,,93.1,,管理者名 | 河川名 | 局名 | 所在地 | 最新観測時刻 | 流入量 | 全放流量 | 貯水位 | 貯水量 | 貯水率
Yamagata,山形県,木地山ダム,2026-09-14T07:00,469.41,4.72,4.1,0.835,,,15.7,,管理者名 | 河川名 | 局名 | 所在地 | 最新観測時刻 | 流入量 | 全放流量 | 貯水位 | 貯水量 | 貯水率
Yamagata,山形県,温海川ダム,2026-09-14T07:00,142.71,3.37,4.0,0.479,,,100.0,,管理者名 | 河川名 | 局名 | 所在地 | 最新観測時刻 | 流入量 | 全放流量 | 貯水位 | 貯水量 | 貯水率
Yamagata,山形県,田沢川ダム,2026-09-14T07:00,126.61,1.52,1.13,3.859,,,78.0,,管理者名 | 河川名 | 局名 | 所在地 | 最新観測時刻 | 流入量 | 全放流量 | 貯水位 | 貯水量 | 貯水率
Yamagata,山形県,留山川ダム,2026-09-14T07:00,300.06,0.18,0.18,0.343,,,100.0,,管理者名 | 河川名 | 局名 | 所在地 | 最新観測時刻 | 流入量 | 全放流量 | 貯水位 | 貯水量 | 貯水率
Yamagata,山形県,白川ダム,2026-09-14T07:00,319.58,8.47,8.44,6.555,,,66.2,,管理者名 | 河川名 | 局名 | 所在地 | 最新観測時刻 | 流入量 | 全放流量 | 貯水位 | 貯水量 | 貯水率
Yamagata,山形県,白水川ダム,2026-09-14T07:00,357.49,0.45,0.45,2.499,,,96.1,,管理者名 | 河川名 | 局名 | 所在地 | 最新観測時刻 | 流入量 | 全放流量 | 貯水位 | 貯水量 | 貯水率
Yamagata,山形県,神室ダム,2026-09-14T07:00,380.78,1.0,1.0,2.426,,,74.1,,管理者名 | 河川名 | 局名 | 所在地 | 最新観測時刻 | 流入量 | 全放流量 | 貯水位 | 貯水量 | 貯水率
Yamagata,山形県,綱木川ダム,2026-09-14T07:00,456.24,2.15,2.24,3.554,,,100.0,,管理者名 | 河川名 | 局名 | 所在地 | 最新観測時刻 | 流入量 | 全放流量 | 貯水位 | 貯水量 | 貯水率
Yamagata,山形県,荒沢ダム,2026-09-14T07:00,236.09,15.3,13.14,4.5,,,26.1,,管理者名 | 河川名 | 局名 | 所在地 | 最新観測時刻 | 流入量 | 全放流量 | 貯水位 | 貯水量 | 貯水率
Yamagata,山形県,蔵王ダム,2026-09-14T07:00,593.17,1.6,1.6,1.917,,,90.4,,管理者名 | 河川名 | 局名 | 所在地 | 最新観測時刻 | 流入量 | 全放流量 | 貯水位 | 貯水量 | 貯水率
Yamagata,山形県,長井ダム,2026-09-14T07:00,365.73,7.7,5.39,20.776,,,94.1,,管理者名 | 河川名 | 局名 | 所在地 | 最新観測時刻 | 流入量 | 全放流量 | 貯水位 | 貯水量 | 貯水率
Yamagata,山形県,高坂ダム,2026-09-14T07:00,180.52,6.96,7.81,0.16,,,4.8,,管理者名 | 河川名 | 局名 | 所在地 | 最新観測時刻 | 流入量 | 全放流量 | 貯水位 | 貯水量 | 貯水率
Aomori,青森県,下湯ダム,2026-09-14T09:10,263.58,1.41,1.41,,,,,,管理者名 | 河川名 | 局名 | 所在地 | 最新観測時刻 | 流入量 | 全放流量 | 貯水位 | 平常時最高水位 | 洪水貯留準備水位 | 洪水量(※)
Aomori,青森県,世増ダム,2026-09-14T09:10,94.61,7.25,7.16,,,,,,管理者名 | 河川名 | 局名 | 所在地 | 最新観測時刻 | 流入量 | 全放流量 | 貯水位 | 平常時最高水位 | 洪水貯留準備水位 | 洪水量(※)
Aomori,青森県,久吉ダム,2026-09-14T09:20,276.59,1.24,0.71,,,,,,管理者名 | 河川名 | 局名 | 所在地 | 最新観測時刻 | 流入量 | 全放流量 | 貯水位 | 平常時最高水位 | 洪水貯留準備水位 | 洪水量(※)
Aomori,青森県,小泊ダム,2026-09-14T09:20,67.56,0.03,0.03,,,,,,管理者名 | 河川名 | 局名 | 所在地 | 最新観測時刻 | 流入量 | 全放流量 | 貯水位 | 平常時最高水位 | 洪水貯留準備水位 | 洪水量(※)
Aomori,青森県,川内ダム,2026-09-14T09:20,178.53,1.31,1.31,,,,,,管理者名 | 河川名 | 局名 | 所在地 | 最新観測時刻 | 流入量 | 全放流量 | 貯水位 | 平常時最高水位 | 洪水貯留準備水位 | 洪水量(※)
Aomori,青森県,津軽ダム,2026-09-14T09:10,195.37,10.17,12.34,,,,,,管理者名 | 河川名 | 局名 | 所在地 | 最新観測時刻 | 流入量 | 全放流量 | 貯水位 | 平常時最高水位 | 洪水貯留準備水位 | 洪水量(※)
Aomori,青森県,浅瀬石川ダム,2026-09-14T09:20,184.62,5.94,5.95,,,,,,管理者名 | 河川名 | 局名 | 所在地 | 最新観測時刻 | 流入量 | 全放流量 | 貯水位 | 平常時最高水位 | 洪水貯留準備水位 | 洪水量(※)
Aomori,青森県,浅虫ダム,2026-09-14T09:20,13.98,0.04,0.04,,,,,,管理者名 | 河川名 | 局名 | 所在地 | 最新観測時刻 | 流入量 | 全放流量 | 貯水位 | 平常時最高水位 | 洪水貯留準備水位 | 洪水量(※)
Aomori,青森県,清水目ダム,2026-09-14T09:10,108.02,0.4,0.4,,,,,,管理者名 | 河川名 | 局名 | 所在地 | 最新観測時刻 | 流入量 | 全放流量 | 貯水位 | 平常時最高水位 | 洪水貯留準備水位 | 洪水量(※)
Aomori,青森県,遠部ダム,2026-09-14T09:20,215.03,0.37,0.27,,,,,,管理者名 | 河川名 | 局名 | 所在地 | 最新観測時刻 | 流入量 | 全放流量 | 貯水位 | 平常時最高水位 | 洪水貯留準備水位 | 洪水量(※)
Aomori,青森県,飯詰ダム,2026-09-14T09:20,70.55,0.21,0.21,,,,,,管理者名 | 河川名 | 局名 | 所在地 | 最新観測時刻 | 流入量 | 全放流量 | 貯水位 | 平常時最高水位 | 洪水貯留準備水位 | 洪水量(※)
Fukui,福井県,九頭竜ダム,2026-09-14T09:10,542.17,16.08,0.01,,,,,34.5,局名 | 所在地 | 最新観測時刻 | 貯水率(利水容量) | 貯水位 | 有効貯水量 | 流入量 | 放流量 | 管理者名
Fukui,福井県,二ツ屋ダム,2026-09-14T09:10,349.76,1.66,1.66,,0.214,,,100.9,局名 | 所在地 | 最新観測時刻 | 貯水率(利水容量) | 貯水位 | 有効貯水量 | 流入量 | 放流量 | 管理者名
Fukui,福井県,吉野瀬川ダム,2026-09-14T09:10,99.86,0.55,0.72,,1.17,,,100.0,局名 | 所在地 | 最新観測時刻 | 貯水率(利水容量) | 貯水位 | 有効貯水量 | 流入量 | 放流量 | 管理者名
Fukui,福井県,大津呂ダム,2026-09-14T09:20,84.57,0.02,0.02,,0.117,,,43.0,局名 | 所在地 | 最新観測時刻 | 貯水率(利水容量) | 貯水位 | 有効貯水量 | 流入量 | 放流量 | 管理者名
Fukui,福井県,広野ダム,2026-09-14T09:10,294.4,1.18,1.58,,1.375,,,34.4,局名 | 所在地 | 最新観測時刻 | 貯水率(利水容量) | 貯水位 | 有効貯水量 | 流入量 | 放流量 | 管理者名
Fukui,福井県,桝谷ダム,2026-09-14T09:10,299.41,0.74,0.12,,3.546,,,17.8,局名 | 所在地 | 最新観測時刻 | 貯水率(利水容量) | 貯水位 | 有効貯水量 | 流入量 | 放流量 | 管理者名
Fukui,福井県,永平寺ダム,2026-09-14T09:20,319.82,0.27,0.27,,0.441,,,100.23,局名 | 所在地 | 最新観測時刻 | 貯水率(利水容量) | 貯水位 | 有効貯水量 | 流入量 | 放流量 | 管理者名
Fukui,福井県,河内川ダム,2026-09-14T09:20,184.29,0.41,0.31,,3.028,,,65.1,局名 | 所在地 | 最新観測時刻 | 貯水率(利水容量) | 貯水位 | 有効貯水量 | 流入量 | 放流量 | 管理者名
Fukui,福井県,浄土寺川ダム,2026-09-14T09:20,344.53,0.575,0.193,,0.77,,,100.0,局名 | 所在地 | 最新観測時刻 | 貯水率(利水容量) | 貯水位 | 有効貯水量 | 流入量 | 放流量 | 管理者名
Fukui,福井県,真名川ダム,2026-09-14T09:10,336.79,4.76,4.76,,,,,89.6,局名 | 所在地 | 最新観測時刻 | 貯水率(利水容量) | 貯水位 | 有効貯水量 | 流入量 | 放流量 | 管理者名
Fukui,福井県,笹生川ダム,2026-09-14T09:10,515.33,2.21,2.21,,24.155,,,58.97,局名 | 所在地 | 最新観測時刻 | 貯水率(利水容量) | 貯水位 | 有効貯水量 | 流入量 | 放流量 | 管理者名
Fukui,福井県,開谷ダム,2026-09-14T09:20,120.77,,,,0.063,,,62.4,局名 | 所在地 | 最新観測時刻 | 貯水率(利水容量) | 貯水位 | 有効貯水量 | 流入量 | 放流量 | 管理者名
Fukui,福井県,龍ヶ鼻ダム,2026-09-14T09:10,172.05,1.49,2.99,,3.762,,,79.67,局名 | 所在地 | 最新観測時刻 | 貯水率(利水容量) | 貯水位 | 有効貯水量 | 流入量 | 放流量 | 管理者名
Miyazaki,宮崎県,岩瀬ダム,2026-09-14T09:10,111.54,17.67,0.0,,,,,,河川名 | 局名 | 所在地 | 状態 | 最新観測時刻 | 貯水位 | 流入量 | 全放流量
Miyazaki,宮崎県,広渡ダム,2026-09-14T09:10,259.36,5.55,5.55,,,,,,河川名 | 局名 | 所在地 | 状態 | 最新観測時刻 | 貯水位 | 流入量 | 全放流量
Miyazaki,宮崎県,日南ダム,2026-09-14T09:00,107.32,3.65,3.45,,,,,,河川名 | 局名 | 所在地 | 状態 | 最新観測時刻 | 貯水位 | 流入量 | 全放流量
Miyazaki,宮崎県,松尾ダム,2026-09-14T09:10,195.65,34.83,0.0,,,,,,河川名 | 局名 | 所在地 | 状態 | 最新観測時刻 | 貯水位 | 流入量 | 全放流量
Miyazaki,宮崎県,沖田ダム,2026-09-14T09:10,48.11,0.38,0.38,,,,,,河川名 | 局名 | 所在地 | 状態 | 最新観測時刻 | 貯水位 | 流入量 | 全放流量
Miyazaki,宮崎県,渡川ダム,2026-09-14T09:10,290.21,7.19,7.2,,,,,,河川名 | 局名 | 所在地 | 状態 | 最新観測時刻 | 貯水位 | 流入量 | 全放流量
Miyazaki,宮崎県,瓜田ダム,2026-09-14T09:00,38.75,0.41,0.48,,,,,,河川名 | 局名 | 所在地 | 状態 | 最新観測時刻 | 貯水位 | 流入量 | 全放流量
Miyazaki,宮崎県,田代八重ダム,2026-09-14T09:00,324.06,5.9,14.0,,,,,,河川名 | 局名 | 所在地 | 状態 | 最新観測時刻 | 貯水位 | 流入量 | 全放流量
Miyazaki,宮崎県,祝子ダム,2026-09-14T09:10,303.37,3.25,2.94,,,,,,河川名 | 局名 | 所在地 | 状態 | 最新観測時刻 | 貯水位 | 流入量 | 全放流量
Miyazaki,宮崎県,立花ダム,2026-09-14T09:10,250.34,3.11,0.0,,,,,,河川名 | 局名 | 所在地 | 状態 | 最新観測時刻 | 貯水位 | 流入量 | 全放流量
Miyazaki,宮崎県,綾北ダム,2026-09-14T09:10,281.46,9.21,0.2,,,,,,河川名 | 局名 | 所在地 | 状態 | 最新観測時刻 | 貯水位 | 流入量 | 全放流量
Miyazaki,宮崎県,綾南ダム,2026-09-14T09:10,337.04,3.54,10.15,,,,,,河川名 | 局名 | 所在地 | 状態 | 最新観測時刻 | 貯水位 | 流入量 | 全放流量
Miyazaki,宮崎県,長谷ダム,2026-09-14T09:10,108.7,3.34,3.29,,,,,,河川名 | 局名 | 所在地 | 状態 | 最新観測時刻 | 貯水位 | 流入量 | 全放流量
Nara,奈良県,初瀬ダム,2026-09-14T09:10,221.53,0.43,0.23,,,,,,管理者名 | 河川名 | 局名 | 所在地 | 最新観測時刻 | 貯水位 | 貯水容量 | 空容量 | 全流入量 | 放流量
Nara,奈良県,大門ダム,2026-09-14T09:20,262.66,0.0,0.0,,,,,,管理者名 | 河川名 | 局名 | 所在地 | 最新観測時刻 | 貯水位 | 貯水容量 | 空容量 | 全流入量 | 放流量
Nara,奈良県,天理ダム,2026-09-14T09:20,253.25,0.26,0.26,,,,,,管理者名 | 河川名 | 局名 | 所在地 | 最新観測時刻 | 貯水位 | 貯水容量 | 空容量 | 全流入量 | 放流量
Nara,奈良県,岩井川ダム,2026-09-14T09:10,240.52,0.07,0.07,,,,,,管理者名 | 河川名 | 局名 | 所在地 | 最新観測時刻 | 貯水位 | 貯水容量 | 空容量 | 全流入量 | 放流量
Nara,奈良県,白川ダム,2026-09-14T09:10,111.32,0.0,0.0,,,,,,管理者名 | 河川名 | 局名 | 所在地 | 最新観測時刻 | 貯水位 | 貯水容量 | 空容量 | 全流入量 | 放流量
Niigata,新潟県,三面ダム,2026-09-14T09:10,115.83,3.35,15.85,,,,92.1,,観測所名 | 最新観測時刻 | 平常時最高貯水位(常時満水位)[m] | 貯水位[m] | 洪水時最高水位(サーチャージ水位)[m] | 貯水率[%] | 洪水流入量[m3/s] | 流入量[m3/s] | 計画高水流量[m3/s] | 全放流量[m3/s]
Niigata,新潟県,下条川ダム,2026-09-14T09:10,31.23,0.38,0.39,,,,,,観測所名 | 最新観測時刻 | 平常時最高貯水位(常時満水位)[m] | 貯水位[m] | 洪水時最高水位(サーチャージ水位)[m] | 貯水率[%] | 洪水流入量[m3/s] | 流入量[m3/s] | 計画高水流量[m3/s] | 全放流量[m3/s]
Niigata,新潟県,久知川ダム,2026-09-14T09:10,123.89,0.48,0.22,,,,100.0,,観測所名 | 最新観測時刻 | 平常時最高貯水位(常時満水位)[m] | 貯水位[m] | 洪水時最高水位(サーチャージ水位)[m] | 貯水率[%] | 洪水流入量[m3/s] | 流入量[m3/s] | 計画高水流量[m3/s] | 全放流量[m3/s]
Niigata,新潟県,内の倉ダム,2026-09-14T09:10,147.84,2.48,2.48,,,,41.1,,観測所名 | 最新観測時刻 | 平常時最高貯水位(常時満水位)[m] | 貯水位[m] | 洪水時最高水位(サーチャージ水位)[m] | 貯水率[%] | 洪水流入量[m3/s] | 流入量[m3/s] | 計画高水流量[m3/s] | 全放流量[m3/s]
Niigata,新潟県,刈谷田川ダム,2026-09-14T09:10,239.34,1.38,1.24,,,,98.2,,観測所名 | 最新観測時刻 | 平常時最高貯水位(常時満水位)[m] | 貯水位[m] | 洪水時最高水位(サーチャージ水位)[m] | 貯水率[%] | 洪水流入量[m3/s] | 流入量[m3/s] | 計画高水流量[m3/s] | 全放流量[m3/s]
Niigata,新潟県,加治川治水ダム,2026-09-14T09:10,272.21,3.98,6.27,,,,,,観測所名 | 最新観測時刻 | 平常時最高貯水位(常時満水位)[m] | 貯水位[m] | 洪水時最高水位(サーチャージ水位)[m] | 貯水率[%] | 洪水流入量[m3/s] | 流入量[m3/s] | 計画高水流量[m3/s] | 全放流量[m3/s]
Niigata,新潟県,城川ダム,2026-09-14T09:10,271.52,0.19,0.19,,,,100.0,,観測所名 | 最新観測時刻 | 平常時最高貯水位(常時満水位)[m] | 貯水位[m] | 洪水時最高水位(サーチャージ水位)[m] | 貯水率[%] | 洪水流入量[m3/s] | 流入量[m3/s] | 計画高水流量[m3/s] | 全放流量[m3/s]
Niigata,新潟県,大谷ダム,2026-09-14T09:10,191.71,1.66,1.39,,,,100.0,,観測所名 | 最新観測時刻 | 平常時最高貯水位(常時満水位)[m] | 貯水位[m] | 洪水時最高水位(サーチャージ水位)[m] | 貯水率[%] | 洪水流入量[m3/s] | 流入量[m3/s] | 計画高水流量[m3/s] | 全放流量[m3/s]
Niigata,新潟県,大野川ダム,2026-09-14T09:10,141.92,0.57,0.4,,,,88.4,,観測所名 | 最新観測時刻 | 平常時最高貯水位(常時満水位)[m] | 貯水位[m] | 洪水時最高水位(サーチャージ水位)[m] | 貯水率[%] | 洪水流入量[m3/s] | 流入量[m3/s] | 計画高水流量[m3/s] | 全放流量[m3/s]
Niigata,新潟県,奥三面ダム,2026-09-14T09:10,211.21,15.02,0.71,,,,77.9,,観測所名 | 最新観測時刻 | 平常時最高貯水位(常時満水位)[m] | 貯水位[m] | 洪水時最高水位(サーチャージ水位)[m] | 貯水率[%] | 洪水流入量[m3/s] | 流入量[m3/s] | 計画高水流量[m3/s] | 全放流量[m3/s]
Niigata,新潟県,奥胎内ダム,2026-09-14T09:10,383.99,1.99,1.34,,,,,,観測所名 | 最新観測時刻 | 平常時最高貯水位(常時満水位)[m] | 貯水位[m] | 洪水時最高水位(サーチャージ水位)[m] | 貯水率[%] | 洪水流入量[m3/s] | 流入量[m3/s] | 計画高水流量[m3/s] | 全放流量[m3/s]
Niigata,新潟県,広神ダム,2026-09-14T09:10,214.07,2.17,2.65,,,,100.0,,観測所名 | 最新観測時刻 | 平常時最高貯水位(常時満水位)[m] | 貯水位[m] | 洪水時最高水位(サーチャージ水位)[m] | 貯水率[%] | 洪水流入量[m3/s] | 流入量[m3/s] | 計画高水流量[m3/s] | 全放流量[m3/s]
Niigata,新潟県,新保川ダム,2026-09-14T09:10,161.08,4.57,3.64,,,,100.0,,観測所名 | 最新観測時刻 | 平常時最高貯水位(常時満水位)[m] | 貯水位[m] | 洪水時最高水位(サーチャージ水位)[m] | 貯水率[%] | 洪水流入量[m3/s] | 流入量[m3/s] | 計画高水流量[m3/s] | 全放流量[m3/s]
Niigata,新潟県,早出川ダム,2026-09-14T09:10,164.38,4.8,10.32,,,,84.9,,観測所名 | 最新観測時刻 | 平常時最高貯水位(常時満水位)[m] | 貯水位[m] | 洪水時最高水位(サーチャージ水位)[m] | 貯水率[%] | 洪水流入量[m3/s] | 流入量[m3/s] | 計画高水流量[m3/s] | 全放流量[m3/s]
Niigata,新潟県,柿崎川ダム,2026-09-14T09:10,120.73,0.52,0.52,,,,100.0,,観測所名 | 最新観測時刻 | 平常時最高貯水位(常時満水位)[m] | 貯水位[m] | 洪水時最高水位(サーチャージ水位)[m] | 貯水率[%] | 洪水流入量[m3/s] | 流入量[m3/s] | 計画高水流量[m3/s] | 全放流量[m3/s]
Niigata,新潟県,正善寺ダム,2026-09-14T09:10,86.25,0.49,0.21,,,,83.7,,観測所名 | 最新観測時刻 | 平常時最高貯水位(常時満水位)[m] | 貯水位[m] | 洪水時最高水位(サーチャージ水位)[m] | 貯水率[%] | 洪水流入量[m3/s] | 流入量[m3/s] | 計画高水流量[m3/s] | 全放流量[m3/s]
Niigata,新潟県,破間川ダム,2026-09-14T09:10,429.86,2.99,2.51,,,,63.0,,観測所名 | 最新観測時刻 | 平常時最高貯水位(常時満水位)[m] | 貯水位[m] | 洪水時最高水位(サーチャージ水位)[m] | 貯水率[%] | 洪水流入量[m3/s] | 流入量[m3/s] | 計画高水流量[m3/s] | 全放流量[m3/s]
Niigata,新潟県,笠堀ダム,2026-09-14T09:10,193.5,7.91,9.0,,,,92.3,,観測所名 | 最新観測時刻 | 平常時最高貯水位(常時満水位)[m] | 貯水位[m] | 洪水時最高水位(サーチャージ水位)[m] | 貯水率[%] | 洪水流入量[m3/s] | 流入量[m3/s] | 計画高水流量[m3/s] | 全放流量[m3/s]
Niigata,新潟県,胎内川ダム,2026-09-14T09:10,287.27,4.77,5.23,,,,91.4,,観測所名 | 最新観測時刻 | 平常時最高貯水位(常時満水位)[m] | 貯水位[m] | 洪水時最高水位(サーチャージ水位)[m] | 貯水率[%] | 洪水流入量[m3/s] | 流入量[m3/s] | 計画高水流量[m3/s] | 全放流量[m3/s]
Niigata,新潟県,鯖石川ダム,2026-09-14T09:10,134.81,1.69,1.59,,,,92.7,,観測所名 | 最新観測時刻 | 平常時最高貯水位(常時満水位)[m] | 貯水位[m] | 洪水時最高水位(サーチャージ水位)[m] | 貯水率[%] | 洪水流入量[m3/s] | 流入量[m3/s] | 計画高水流量[m3/s] | 全放流量[m3/s]
Oita,大分県,北川ダム,2026-09-14T09:10,148.09,4.71,0.6,,,,37.5,,管理者名 | 河川名 | 局名 | 所在地 | 最新観測時刻 | 貯水位 | 流入量 | 貯水量 | 貯水率 | 放流量
Oita,大分県,安岐ダム,2026-09-14T09:20,153.73,0.0,0.19,0.605,,,100.0,,管理者名 | 河川名 | 局名 | 所在地 | 最新観測時刻 | 貯水位 | 流入量 | 貯水量 | 貯水率 | 放流量
Oita,大分県,床木ダム,2026-09-14T09:10,88.82,0.76,0.76,0.917,,,100.0,,管理者名 | 河川名 | 局名 | 所在地 | 最新観測時刻 | 貯水位 | 流入量 | 貯水量 | 貯水率 | 放流量
Oita,大分県,玉来ダム,2026-09-14T09:10,350.76,5.38,5.38,,,,0.1,,管理者名 | 河川名 | 局名 | 所在地 | 最新観測時刻 | 貯水位 | 流入量 | 貯水量 | 貯水率 | 放流量
Oita,大分県,稲葉ダム,2026-09-14T09:20,437.83,2.291,2.08,,,,100.9,,管理者名 | 河川名 | 局名 | 所在地 | 最新観測時刻 | 貯水位 | 流入量 | 貯水量 | 貯水率 | 放流量
Oita,大分県,芹川ダム,2026-09-14T09:20,328.72,7.63,6.11,,,,56.2,,管理者名 | 河川名 | 局名 | 所在地 | 最新観測時刻 | 貯水位 | 流入量 | 貯水量 | 貯水率 | 放流量
Oita,大分県,行入ダム,2026-09-14T09:20,122.33,0.0,0.1,0.468,,,45.7,,管理者名 | 河川名 | 局名 | 所在地 | 最新観測時刻 | 貯水位 | 流入量 | 貯水量 | 貯水率 | 放流量
Oita,大分県,野津ダム,2026-09-14T09:20,238.06,0.06,0.06,,,,100.8,,管理者名 | 河川名 | 局名 | 所在地 | 最新観測時刻 | 貯水位 | 流入量 | 貯水量 | 貯水率 | 放流量
Oita,大分県,青江ダム,2026-09-14T09:20,64.11,0.055,0.053,0.457,,,100.0,,管理者名 | 河川名 | 局名 | 所在地 | 最新観測時刻 | 貯水位 | 流入量 | 貯水量 | 貯水率 | 放流量
Oita,大分県,黒沢ダム,2026-09-14T09:10,95.5,1.19,0.98,1.163,,,100.0,,管理者名 | 河川名 | 局名 | 所在地 | 最新観測時刻 | 貯水位 | 流入量 | 貯水量 | 貯水率 | 放流量
Tokushima,徳島県,宮川内ダム,2026-09-14T09:10,129.64,0.47,0.47,,,0.61,79.22,,管理者名 | 河川名 | 局名 | 所在地 | 最新観測時刻 | 貯水位 | 総貯水量 | 全流入量 | 全放流量 | 貯水率
Tokushima,徳島県,川口ダム,2026-09-14T09:10,94.28,71.4,69.7,,,,,,管理者名 | 河川名 | 局名 | 所在地 | 最新観測時刻 | 貯水位 | 総貯水量 | 全流入量 | 全放流量 | 貯水率
Tokushima,徳島県,棚野ダム,2026-09-14T09:10,,,13.1,,,,,,管理者名 | 河川名 | 局名 | 所在地 | 最新観測時刻 | 貯水位 | 総貯水量 | 全流入量 | 全放流量 | 貯水率
Tokushima,徳島県,正木ダム,2026-09-14T09:10,167.48,7.3,8.6,,,5.473,79.38,,管理者名 | 河川名 | 局名 | 所在地 | 最新観測時刻 | 貯水位 | 総貯水量 | 全流入量 | 全放流量 | 貯水率
Tokushima,徳島県,池田ダム,2026-09-14T09:10,88.6,,,,,,,,管理者名 | 河川名 | 局名 | 所在地 | 最新観測時刻 | 貯水位 | 総貯水量 | 全流入量 | 全放流量 | 貯水率
Tokushima,徳島県,福井ダム,2026-09-14T09:10,43.7,0.58,0.58,,,1.325,100.0,,管理者名 | 河川名 | 局名 | 所在地 | 最新観測時刻 | 貯水位 | 総貯水量 | 全流入量 | 全放流量 | 貯水率
Tokushima,徳島県,長安口ダム,2026-09-14T09:10,222.68,53.87,59.68,,,,,,管理者名 | 河川名 | 局名 | 所在地 | 最新観測時刻 | 貯水位 | 総貯水量 | 全流入量 | 全放流量 | 貯水率
Yamagata,山形県,前川ダム,2026-09-14T09:10,257.37,0.0,0.1,1.546,,,90.9,,管理者名 | 河川名 | 局名 | 所在地 | 最新観測時刻 | 流入量 | 全放流量 | 貯水位 | 貯水量 | 貯水率
Yamagata,山形県,寒河江ダム,2026-09-14T09:10,385.39,16.39,0.86,51.395,,,92.8,,管理者名 | 河川名 | 局名 | 所在地 | 最新観測時刻 | 流入量 | 全放流量 | 貯水位 | 貯水量 | 貯水率
Yamagata,山形県,月光川ダム,2026-09-14T09:10,170.18,20.87,16.9,0.02,,,0.9,,管理者名 | 河川名 | 局名 | 所在地 | 最新観測時刻 | 流入量 | 全放流量 | 貯水位 | 貯水量 | 貯水率
Yamagata,山形県,月山ダム,2026-09-14T09:10,237.19,8.91,8.8,16.698,,,93.1,,管理者名 | 河川名 | 局名 | 所在地 | 最新観測時刻 | 流入量 | 全放流量 | 貯水位 | 貯水量 | 貯水率
Yamagata,山形県,木地山ダム,2026-09-14T09:10,469.41,4.09,4.1,0.835,,,15.7,,管理者名 | 河川名 | 局名 | 所在地 | 最新観測時刻 | 流入量 | 全放流量 | 貯水位 | 貯水量 | 貯水率
Yamagata,山形県,温海川ダム,2026-09-14T09:10,142.74,6.08,4.06,0.483,,,100.0,,管理者名 | 河川名 | 局名 | 所在地 | 最新観測時刻 | 流入量 | 全放流量 | 貯水位 | 貯水量 | 貯水率
Yamagata,山形県,田沢川ダム,2026-09-14T09:10,127.07,18.04,1.15,3.97,,,80.2,,管理者名 | 河川名 | 局名 | 所在地 | 最新観測時刻 | 流入量 | 全放流量 | 貯水位 | 貯水量 | 貯水率
Yamagata,山形県,留山川ダム,2026-09-14T09:10,300.06,0.18,0.18,0.343,,,100.0,,管理者名 | 河川名 | 局名 | 所在地 | 最新観測時刻 | 流入量 | 全放流量 | 貯水位 | 貯水量 | 貯水率
Yamagata,山形県,白川ダム,2026-09-14T09:10,319.58,8.46,8.47,6.555,,,66.2,,管理者名 | 河川名 | 局名 | 所在地 | 最新観測時刻 | 流入量 | 全放流量 | 貯水位 | 貯水量 | 貯水率
Yamagata,山形県,白水川ダム,2026-09-14T09:10,357.48,0.17,0.45,2.497,,,96.0,,管理者名 | 河川名 | 局名 | 所在地 | 最新観測時刻 | 流入量 | 全放流量 | 貯水位 | 貯水量 | 貯水率
Yamagata,山形県,神室ダム,2026-09-14T09:10,381.14,20.46,1.0,2.521,,,77.0,,管理者名 | 河川名 | 局名 | 所在地 | 最新観測時刻 | 流入量 | 全放流量 | 貯水位 | 貯水量 | 貯水率
Yamagata,山形県,綱木川ダム,2026-09-14T09:10,456.24,2.15,2.23,3.554,,,100.0,,管理者名 | 河川名 | 局名 | 所在地 | 最新観測時刻 | 流入量 | 全放流量 | 貯水位 | 貯水量 | 貯水率
Yamagata,山形県,荒沢ダム,2026-09-14T09:10,236.09,15.3,13.14,4.5,,,26.1,,管理者名 | 河川名 | 局名 | 所在地 | 最新観測時刻 | 流入量 | 全放流量 | 貯水位 | 貯水量 | 貯水率
Yamagata,山形県,蔵王ダム,2026-09-14T09:10,593.17,1.6,1.6,1.917,,,90.4,,管理者名 | 河川名 | 局名 | 所在地 | 最新観測時刻 | 流入量 | 全放流量 | 貯水位 | 貯水量 | 貯水率
Yamagata,山形県,長井ダム,2026-09-14T09:10,365.73,5.44,5.39,20.776,,,94.1,,管理者名 | 河川名 | 局名 | 所在地 | 最新観測時刻 | 流入量 | 全放流量 | 貯水位 | 貯水量 | 貯水率
Yamagata,山形県,高坂ダム,2026-09-14T09:10,180.66,16.41,7.79,0.203,,,6.1,,管理者名 | 河川名 | 局名 | 所在地 | 最新観測時刻 | 流入量 | 全放流量 | 貯水位 | 貯水量 | 貯水率
Aomori,青森県,下湯ダム,2026-09-14T14:10,263.58,1.41,1.4,,,,,,管理者名 | 河川名 | 局名 | 所在地 | 最新観測時刻 | 流入量 | 全放流量 | 貯水位 | 平常時最高水位 | 洪水貯留準備水位 | 洪水量(※)
Aomori,青森県,世増ダム,2026-09-14T14:10,94.61,7.26,7.28,,,,,,管理者名 | 河川名 | 局名 | 所在地 | 最新観測時刻 | 流入量 | 全放流量 | 貯水位 | 平常時最高水位 | 洪水貯留準備水位 | 洪水量(※)
Aomori,青森県,久吉ダム,2026-09-14T14:10,276.66,1.39,0.81,,,,,,管理者名 | 河川名 | 局名 | 所在地 | 最新観測時刻 | 流入量 | 全放流量 | 貯水位 | 平常時最高水位 | 洪水貯留準備水位 | 洪水量(※)
Aomori,青森県,小泊ダム,2026-09-14T14:10,67.56,0.03,0.03,,,,,,管理者名 | 河川名 | 局名 | 所在地 | 最新観測時刻 | 流入量 | 全放流量 | 貯水位 | 平常時最高水位 | 洪水貯留準備水位 | 洪水量(※)
Aomori,青森県,川内ダム,2026-09-14T14:10,178.51,0.0,1.32,,,,,,管理者名 | 河川名 | 局名 | 所在地 | 最新観測時刻 | 流入量 | 全放流量 | 貯水位 | 平常時最高水位 | 洪水貯留準備水位 | 洪水量(※)
Aomori,青森県,津軽ダム,2026-09-14T14:10,195.37,4.43,4.44,,,,,,管理者名 | 河川名 | 局名 | 所在地 | 最新観測時刻 | 流入量 | 全放流量 | 貯水位 | 平常時最高水位 | 洪水貯留準備水位 | 洪水量(※)
Aomori,青森県,浅瀬石川ダム,2026-09-14T14:10,184.68,13.08,5.93,,,,,,管理者名 | 河川名 | 局名 | 所在地 | 最新観測時刻 | 流入量 | 全放流量 | 貯水位 | 平常時最高水位 | 洪水貯留準備水位 | 洪水量(※)
Aomori,青森県,浅虫ダム,2026-09-14T14:10,13.98,0.04,0.04,,,,,,管理者名 | 河川名 | 局名 | 所在地 | 最新観測時刻 | 流入量 | 全放流量 | 貯水位 | 平常時最高水位 | 洪水貯留準備水位 | 洪水量(※)
Aomori,青森県,清水目ダム,2026-09-14T14:10,108.02,0.4,0.4,,,,,,管理者名 | 河川名 | 局名 | 所在地 | 最新観測時刻 | 流入量 | 全放流量 | 貯水位 | 平常時最高水位 | 洪水貯留準備水位 | 洪水量(※)
Aomori,青森県,遠部ダム,2026-09-14T14:10,215.11,0.39,0.45,,,,,,管理者名 | 河川名 | 局名 | 所在地 | 最新観測時刻 | 流入量 | 全放流量 | 貯水位 | 平常時最高水位 | 洪水貯留準備水位 | 洪水量(※)
Aomori,青森県,飯詰ダム,2026-09-14T14:10,70.54,0.21,0.21,,,,,,管理者名 | 河川名 | 局名 | 所在地 | 最新観測時刻 | 流入量 | 全放流量 | 貯水位 | 平常時最高水位 | 洪水貯留準備水位 | 洪水量(※)
Fukui,福井県,九頭竜ダム,2026-09-14T14:10,542.24,49.83,0.01,,,,,34.7,局名 | 所在地 | 最新観測時刻 | 貯水率(利水容量) | 貯水位 | 有効貯水量 | 流入量 | 放流量 | 管理者名
Fukui,福井県,二ツ屋ダム,2026-09-14T14:10,349.76,1.66,1.66,,0.214,,,100.9,局名 | 所在地 | 最新観測時刻 | 貯水率(利水容量) | 貯水位 | 有効貯水量 | 流入量 | 放流量 | 管理者名
Fukui,福井県,吉野瀬川ダム,2026-09-14T14:10,99.84,0.54,0.69,,1.165,,,100.0,局名 | 所在地 | 最新観測時刻 | 貯水率(利水容量) | 貯水位 | 有効貯水量 | 流入量 | 放流量 | 管理者名
Fukui,福井県,大津呂ダム,2026-09-14T14:10,84.58,0.02,0.02,,0.117,,,43.1,局名 | 所在地 | 最新観測時刻 | 貯水率(利水容量) | 貯水位 | 有効貯水量 | 流入量 | 放流量 | 管理者名
Fukui,福井県,広野ダム,2026-09-14T14:10,294.37,1.4,1.62,,1.368,,,34.2,局名 | 所在地 | 最新観測時刻 | 貯水率(利水容量) | 貯水位 | 有効貯水量 | 流入量 | 放流量 | 管理者名
Fukui,福井県,桝谷ダム,2026-09-14T14:10,299.41,0.12,0.12,,3.546,,,17.8,局名 | 所在地 | 最新観測時刻 | 貯水率(利水容量) | 貯水位 | 有効貯水量 | 流入量 | 放流量 | 管理者名
Fukui,福井県,永平寺ダム,2026-09-14T14:10,319.81,0.25,0.25,,0.44,,,100.0,局名 | 所在地 | 最新観測時刻 | 貯水率(利水容量) | 貯水位 | 有効貯水量 | 流入量 | 放流量 | 管理者名
Fukui,福井県,河内川ダム,2026-09-14T14:10,184.3,0.55,0.52,,3.03,,,65.1,局名 | 所在地 | 最新観測時刻 | 貯水率(利水容量) | 貯水位 | 有効貯水量 | 流入量 | 放流量 | 管理者名
Fukui,福井県,浄土寺川ダム,2026-09-14T14:10,344.56,0.64,0.921,,0.772,,,100.0,局名 | 所在地 | 最新観測時刻 | 貯水率(利水容量) | 貯水位 | 有効貯水量 | 流入量 | 放流量 | 管理者名
Fukui,福井県,真名川ダム,2026-09-14T14:10,336.79,4.76,4.76,,,,,89.6,局名 | 所在地 | 最新観測時刻 | 貯水率(利水容量) | 貯水位 | 有効貯水量 | 流入量 | 放流量 | 管理者名
Fukui,福井県,笹生川ダム,2026-09-14T14:10,515.33,2.28,2.28,,24.155,,,58.97,局名 | 所在地 | 最新観測時刻 | 貯水率(利水容量) | 貯水位 | 有効貯水量 | 流入量 | 放流量 | 管理者名
Fukui,福井県,開谷ダム,2026-09-14T14:10,120.78,,,,0.063,,,62.4,局名 | 所在地 | 最新観測時刻 | 貯水率(利水容量) | 貯水位 | 有効貯水量 | 流入量 | 放流量 | 管理者名
Fukui,福井県,龍ヶ鼻ダム,2026-09-14T14:10,171.93,1.02,2.99,,3.73,,,78.99,局名 | 所在地 | 最新観測時刻 | 貯水率(利水容量) | 貯水位 | 有効貯水量 | 流入量 | 放流量 | 管理者名
Miyazaki,宮崎県,岩瀬ダム,2026-09-14T14:10,111.71,13.8,0.0,,,,,,河川名 | 局名 | 所在地 | 状態 | 最新観測時刻 | 貯水位 | 流入量 | 全放流量
Miyazaki,宮崎県,広渡ダム,2026-09-14T14:10,259.34,5.33,5.32,,,,,,河川名 | 局名 | 所在地 | 状態 | 最新観測時刻 | 貯水位 | 流入量 | 全放流量
Miyazaki,宮崎県,日南ダム,2026-09-14T14:00,107.32,3.42,3.41,,,,,,河川名 | 局名 | 所在地 | 状態 | 最新観測時刻 | 貯水位 | 流入量 | 全放流量
Miyazaki,宮崎県,松尾ダム,2026-09-14T14:10,195.92,14.08,15.24,,,,,,河川名 | 局名 | 所在地 | 状態 | 最新観測時刻 | 貯水位 | 流入量 | 全放流量
Miyazaki,宮崎県,沖田ダム,2026-09-14T14:10,48.11,0.38,0.38,,,,,,河川名 | 局名 | 所在地 | 状態 | 最新観測時刻 | 貯水位 | 流入量 | 全放流量
Miyazaki,宮崎県,渡川ダム,2026-09-14T14:10,290.33,8.35,0.12,,,,,,河川名 | 局名 | 所在地 | 状態 | 最新観測時刻 | 貯水位 | 流入量 | 全放流量
Miyazaki,宮崎県,瓜田ダム,2026-09-14T14:00,38.71,0.36,0.37,,,,,,河川名 | 局名 | 所在地 | 状態 | 最新観測時刻 | 貯水位 | 流入量 | 全放流量
Miyazaki,宮崎県,田代八重ダム,2026-09-14T14:00,324.04,5.79,0.0,,,,,,河川名 | 局名 | 所在地 | 状態 | 最新観測時刻 | 貯水位 | 流入量 | 全放流量
Miyazaki,宮崎県,祝子ダム,2026-09-14T14:10,303.42,4.5,2.94,,,,,,河川名 | 局名 | 所在地 | 状態 | 最新観測時刻 | 貯水位 | 流入量 | 全放流量
Miyazaki,宮崎県,立花ダム,2026-09-14T14:10,250.64,2.55,0.0,,,,,,河川名 | 局名 | 所在地 | 状態 | 最新観測時刻 | 貯水位 | 流入量 | 全放流量
Miyazaki,宮崎県,綾北ダム,2026-09-14T14:10,281.67,1.04,0.2,,,,,,河川名 | 局名 | 所在地 | 状態 | 最新観測時刻 | 貯水位 | 流入量 | 全放流量
Miyazaki,宮崎県,綾南ダム,2026-09-14T14:10,336.93,2.97,10.16,,,,,,河川名 | 局名 | 所在地 | 状態 | 最新観測時刻 | 貯水位 | 流入量 | 全放流量
Miyazaki,宮崎県,長谷ダム,2026-09-14T14:10,108.69,3.28,3.23,,,,,,河川名 | 局名 | 所在地 | 状態 | 最新観測時刻 | 貯水位 | 流入量 | 全放流量
Nara,奈良県,初瀬ダム,2026-09-14T14:10,221.55,0.42,0.23,,,,,,管理者名 | 河川名 | 局名 | 所在地 | 最新観測時刻 | 貯水位 | 貯水容量 | 空容量 | 全流入量 | 放流量
Nara,奈良県,大門ダム,2026-09-14T14:10,262.66,0.0,0.0,,,,,,管理者名 | 河川名 | 局名 | 所在地 | 最新観測時刻 | 貯水位 | 貯水容量 | 空容量 | 全流入量 | 放流量
Nara,奈良県,天理ダム,2026-09-14T14:10,253.23,0.09,0.26,,,,,,管理者名 | 河川名 | 局名 | 所在地 | 最新観測時刻 | 貯水位 | 貯水容量 | 空容量 | 全流入量 | 放流量
Nara,奈良県,岩井川ダム,2026-09-14T14:10,240.49,0.0,0.07,,,,,,管理者名 | 河川名 | 局名 | 所在地 | 最新観測時刻 | 貯水位 | 貯水容量 | 空容量 | 全流入量 | 放流量
Nara,奈良県,白川ダム,2026-09-14T14:10,111.32,0.0,0.0,,,,,,管理者名 | 河川名 | 局名 | 所在地 | 最新観測時刻 | 貯水位 | 貯水容量 | 空容量 | 全流入量 | 放流量
Niigata,新潟県,三面ダム,2026-09-14T14:10,115.69,3.33,15.68,,,,91.1,,観測所名 | 最新観測時刻 | 平常時最高貯水位(常時満水位)[m] | 貯水位[m] | 洪水時最高水位(サーチャージ水位)[m] | 貯水率[%] | 洪水流入量[m3/s] | 流入量[m3/s] | 計画高水流量[m3/s] | 全放流量[m3/s]
Niigata,新潟県,下条川ダム,2026-09-14T14:10,31.22,0.28,0.13,,,,,,観測所名 | 最新観測時刻 | 平常時最高貯水位(常時満水位)[m] | 貯水位[m] | 洪水時最高水位(サーチャージ水位)[m] | 貯水率[%] | 洪水流入量[m3/s] | 流入量[m3/s] | 計画高水流量[m3/s] | 全放流量[m3/s]
Niigata,新潟県,久知川ダム,2026-09-14T14:10,123.94,0.44,0.33,,,,100.0,,観測所名 | 最新観測時刻 | 平常時最高貯水位(常時満水位)[m] | 貯水位[m] | 洪水時最高水位(サーチャージ水位)[m] | 貯水率[%] | 洪水流入量[m3/s] | 流入量[m3/s] | 計画高水流量[m3/s] | 全放流量[m3/s]
Niigata,新潟県,内の倉ダム,2026-09-14T14:10,147.83,2.48,2.5,,,,41.0,,観測所名 | 最新観測時刻 | 平常時最高貯水位(常時満水位)[m] | 貯水位[m] | 洪水時最高水位(サーチャージ水位)[m] | 貯水率[%] | 洪水流入量[m3/s] | 流入量[m3/s] | 計画高水流量[m3/s] | 全放流量[m3/s]
Niigata,新潟県,刈谷田川ダム,2026-09-14T14:10,239.34,1.08,1.24,,,,98.2,,観測所名 | 最新観測時刻 | 平常時最高貯水位(常時満水位)[m] | 貯水位[m] | 洪水時最高水位(サーチャージ水位)[m] | 貯水率[%] | 洪水流入量[m3/s] | 流入量[m3/s] | 計画高水流量[m3/s] | 全放流量[m3/s]
Niigata,新潟県,加治川治水ダム,2026-09-14T14:10,272.11,5.59,3.5,,,,,,観測所名 | 最新観測時刻 | 平常時最高貯水位(常時満水位)[m] | 貯水位[m] | 洪水時最高水位(サーチャージ水位)[m] | 貯水率[%] | 洪水流入量[m3/s] | 流入量[m3/s] | 計画高水流量[m3/s] | 全放流量[m3/s]
Niigata,新潟県,城川ダム,2026-09-14T14:10,271.51,0.18,0.17,,,,100.0,,観測所名 | 最新観測時刻 | 平常時最高貯水位(常時満水位)[m] | 貯水位[m] | 洪水時最高水位(サーチャージ水位)[m] | 貯水率[%] | 洪水流入量[m3/s] | 流入量[m3/s] | 計画高水流量[m3/s] | 全放流量[m3/s]
Niigata,新潟県,大谷ダム,2026-09-14T14:10,191.72,1.42,1.43,,,,100.0,,観測所名 | 最新観測時刻 | 平常時最高貯水位(常時満水位)[m] | 貯水位[m] | 洪水時最高水位(サーチャージ水位)[m] | 貯水率[%] | 洪水流入量[m3/s] | 流入量[m3/s] | 計画高水流量[m3/s] | 全放流量[m3/s]
Niigata,新潟県,大野川ダム,2026-09-14T14:10,141.93,0.23,0.4,,,,88.7,,観測所名 | 最新観測時刻 | 平常時最高貯水位(常時満水位)[m] | 貯水位[m] | 洪水時最高水位(サーチャージ水位)[m] | 貯水率[%] | 洪水流入量[m3/s] | 流入量[m3/s] | 計画高水流量[m3/s] | 全放流量[m3/s]
Niigata,新潟県,奥三面ダム,2026-09-14T14:10,211.28,15.03,0.72,,,,78.3,,観測所名 | 最新観測時刻 | 平常時最高貯水位(常時満水位)[m] | 貯水位[m] | 洪水時最高水位(サーチャージ水位)[m] | 貯水率[%] | 洪水流入量[m3/s] | 流入量[m3/s] | 計画高水流量[m3/s] | 全放流量[m3/s]
Niigata,新潟県,奥胎内ダム,2026-09-14T14:10,384.0,2.06,2.05,,,,,,観測所名 | 最新観測時刻 | 平常時最高貯水位(常時満水位)[m] | 貯水位[m] | 洪水時最高水位(サーチャージ水位)[m] | 貯水率[%] | 洪水流入量[m3/s] | 流入量[m3/s] | 計画高水流量[m3/s] | 全放流量[m3/s]
Niigata,新潟県,広神ダム,2026-09-14T14:10,214.02,1.96,2.5,,,,100.0,,観測所名 | 最新観測時刻 | 平常時最高貯水位(常時満水位)[m] | 貯水位[m] | 洪水時最高水位(サーチャージ水位)[m] | 貯水率[%] | 洪水流入量[m3/s] | 流入量[m3/s] | 計画高水流量[m3/s] | 全放流量[m3/s]
Niigata,新潟県,新保川ダム,2026-09-14T14:10,160.98,2.7,3.01,,,,100.0,,観測所名 | 最新観測時刻 | 平常時最高貯水位(常時満水位)[m] | 貯水位[m] | 洪水時最高水位(サーチャージ水位)[m] | 貯水率[%] | 洪水流入量[m3/s] | 流入量[m3/s] | 計画高水流量[m3/s] | 全放流量[m3/s]
Niigata,新潟県,早出川ダム,2026-09-14T14:10,163.77,2.01,8.11,,,,76.9,,観測所名 | 最新観測時刻 | 平常時最高貯水位(常時満水位)[m] | 貯水位[m] | 洪水時最高水位(サーチャージ水位)[m] | 貯水率[%] | 洪水流入量[m3/s] | 流入量[m3/s] | 計画高水流量[m3/s] | 全放流量[m3/s]
Niigata,新潟県,柿崎川ダム,2026-09-14T14:10,120.73,0.52,0.52,,,,100.0,,観測所名 | 最新観測時刻 | 平常時最高貯水位(常時満水位)[m] | 貯水位[m] | 洪水時最高水位(サーチャージ水位)[m] | 貯水率[%] | 洪水流入量[m3/s] | 流入量[m3/s] | 計画高水流量[m3/s] | 全放流量[m3/s]
Niigata,新潟県,正善寺ダム,2026-09-14T14:10,86.25,0.49,0.27,,,,83.7,,観測所名 | 最新観測時刻 | 平常時最高貯水位(常時満水位)[m] | 貯水位[m] | 洪水時最高水位(サーチャージ水位)[m] | 貯水率[%] | 洪水流入量[m3/s] | 流入量[m3/s] | 計画高水流量[m3/s] | 全放流量[m3/s]
Niigata,新潟県,破間川ダム,2026-09-14T14:10,429.87,2.92,2.51,,,,63.3,,観測所名 | 最新観測時刻 | 平常時最高貯水位(常時満水位)[m] | 貯水位[m] | 洪水時最高水位(サーチャージ水位)[m] | 貯水率[%] | 洪水流入量[m3/s] | 流入量[m3/s] | 計画高水流量[m3/s] | 全放流量[m3/s]
Niigata,新潟県,笠堀ダム,2026-09-14T14:10,193.39,6.1,9.0,,,,91.4,,観測所名 | 最新観測時刻 | 平常時最高貯水位(常時満水位)[m] | 貯水位[m] | 洪水時最高水位(サーチャージ水位)[m] | 貯水率[%] | 洪水流入量[m3/s] | 流入量[m3/s] | 計画高水流量[m3/s] | 全放流量[m3/s]
Niigata,新潟県,胎内川ダム,2026-09-14T14:10,287.24,4.09,5.22,,,,91.0,,観測所名 | 最新観測時刻 | 平常時最高貯水位(常時満水位)[m] | 貯水位[m] | 洪水時最高水位(サーチャージ水位)[m] | 貯水率[%] | 洪水流入量[m3/s] | 流入量[m3/s] | 計画高水流量[m3/s] | 全放流量[m3/s]
Niigata,新潟県,鯖石川ダム,2026-09-14T14:10,134.81,1.52,1.59,,,,92.7,,観測所名 | 最新観測時刻 | 平常時最高貯水位(常時満水位)[m] | 貯水位[m] | 洪水時最高水位(サーチャージ水位)[m] | 貯水率[%] | 洪水流入量[m3/s] | 流入量[m3/s] | 計画高水流量[m3/s] | 全放流量[m3/s]
Oita,大分県,北川ダム,2026-09-14T14:10,148.04,5.37,0.6,,,,37.3,,管理者名 | 河川名 | 局名 | 所在地 | 最新観測時刻 | 貯水位 | 流入量 | 貯水量 | 貯水率 | 放流量
Oita,大分県,安岐ダム,2026-09-14T14:10,153.71,0.0,0.13,0.602,,,100.0,,管理者名 | 河川名 | 局名 | 所在地 | 最新観測時刻 | 貯水位 | 流入量 | 貯水量 | 貯水率 | 放流量
Oita,大分県,床木ダム,2026-09-14T14:10,88.83,0.92,0.8,0.918,,,100.0,,管理者名 | 河川名 | 局名 | 所在地 | 最新観測時刻 | 貯水位 | 流入量 | 貯水量 | 貯水率 | 放流量
Oita,大分県,玉来ダム,2026-09-14T14:10,350.8,5.91,5.88,,,,0.1,,管理者名 | 河川名 | 局名 | 所在地 | 最新観測時刻 | 貯水位 | 流入量 | 貯水量 | 貯水率 | 放流量
Oita,大分県,稲葉ダム,2026-09-14T14:10,437.83,2.291,2.078,,,,100.9,,管理者名 | 河川名 | 局名 | 所在地 | 最新観測時刻 | 貯水位 | 流入量 | 貯水量 | 貯水率 | 放流量
Oita,大分県,芹川ダム,2026-09-14T14:10,328.73,5.86,4.0,,,,56.3,,管理者名 | 河川名 | 局名 | 所在地 | 最新観測時刻 | 貯水位 | 流入量 | 貯水量 | 貯水率 | 放流量
Oita,大分県,行入ダム,2026-09-14T14:10,122.31,0.0,0.1,0.466,,,45.5,,管理者名 | 河川名 | 局名 | 所在地 | 最新観測時刻 | 貯水位 | 流入量 | 貯水量 | 貯水率 | 放流量
Oita,大分県,野津ダム,2026-09-14T14:10,238.07,0.07,0.07,,,,100.8,,管理者名 | 河川名 | 局名 | 所在地 | 最新観測時刻 | 貯水位 | 流入量 | 貯水量 | 貯水率 | 放流量
Oita,大分県,青江ダム,2026-09-14T14:10,64.12,0.055,0.061,0.457,,,100.0,,管理者名 | 河川名 | 局名 | 所在地 | 最新観測時刻 | 貯水位 | 流入量 | 貯水量 | 貯水率 | 放流量
Oita,大分県,黒沢ダム,2026-09-14T14:10,95.49,1.19,0.93,1.161,,,100.0,,管理者名 | 河川名 | 局名 | 所在地 | 最新観測時刻 | 貯水位 | 流入量 | 貯水量 | 貯水率 | 放流量
Tokushima,徳島県,宮川内ダム,2026-09-14T14:10,129.63,0.47,0.47,,,0.609,79.09,,管理者名 | 河川名 | 局名 | 所在地 | 最新観測時刻 | 貯水位 | 総貯水量 | 全流入量 | 全放流量 | 貯水率
Tokushima,徳島県,川口ダム,2026-09-14T14:10,94.08,66.4,69.7,,,,,,管理者名 | 河川名 | 局名 | 所在地 | 最新観測時刻 | 貯水位 | 総貯水量 | 全流入量 | 全放流量 | 貯水率
Tokushima,徳島県,棚野ダム,2026-09-14T14:10,,,11.1,,,,,,管理者名 | 河川名 | 局名 | 所在地 | 最新観測時刻 | 貯水位 | 総貯水量 | 全流入量 | 全放流量 | 貯水率
Tokushima,徳島県,正木ダム,2026-09-14T14:10,167.47,8.3,8.3,,,5.469,79.26,,管理者名 | 河川名 | 局名 | 所在地 | 最新観測時刻 | 貯水位 | 総貯水量 | 全流入量 | 全放流量 | 貯水率
Tokushima,徳島県,池田ダム,2026-09-14T14:10,88.54,33.82,37.45,,,,,,管理者名 | 河川名 | 局名 | 所在地 | 最新観測時刻 | 貯水位 | 総貯水量 | 全流入量 | 全放流量 | 貯水率
Tokushima,徳島県,福井ダム,2026-09-14T14:10,43.7,0.58,0.58,,,1.325,100.0,,管理者名 | 河川名 | 局名 | 所在地 | 最新観測時刻 | 貯水位 | 総貯水量 | 全流入量 | 全放流量 | 貯水率
Tokushima,徳島県,長安口ダム,2026-09-14T14:10,222.68,50.69,56.5,,,,,,管理者名 | 河川名 | 局名 | 所在地 | 最新観測時刻 | 貯水位 | 総貯水量 | 全流入量 | 全放流量 | 貯水率
Yamagata,山形県,前川ダム,2026-09-14T14:10,257.37,0.15,0.15,1.546,,,90.9,,管理者名 | 河川名 | 局名 | 所在地 | 最新観測時刻 | 流入量 | 全放流量 | 貯水位 | 貯水量 | 貯水率
Yamagata,山形県,寒河江ダム,2026-09-14T14:10,385.5,15.04,0.86,51.662,,,93.3,,管理者名 | 河川名 | 局名 | 所在地 | 最新観測時刻 | 流入量 | 全放流量 | 貯水位 | 貯水量 | 貯水率
Yamagata,山形県,月光川ダム,2026-09-14T14:10,171.34,46.34,40.04,0.057,,,3.1,,管理者名 | 河川名 | 局名 | 所在地 | 最新観測時刻 | 流入量 | 全放流量 | 貯水位 | 貯水量 | 貯水率
Yamagata,山形県,月山ダム,2026-09-14T14:10,237.2,9.21,9.1,16.708,,,93.2,,管理者名 | 河川名 | 局名 | 所在地 | 最新観測時刻 | 流入量 | 全放流量 | 貯水位 | 貯水量 | 貯水率
Yamagata,山形県,木地山ダム,2026-09-14T14:10,469.45,4.36,4.1,0.844,,,15.9,,管理者名 | 河川名 | 局名 | 所在地 | 最新観測時刻 | 流入量 | 全放流量 | 貯水位 | 貯水量 | 貯水率
Yamagata,山形県,温海川ダム,2026-09-14T14:10,143.76,12.61,9.24,0.655,,,100.0,,管理者名 | 河川名 | 局名 | 所在地 | 最新観測時刻 | 流入量 | 全放流量 | 貯水位 | 貯水量 | 貯水率
Yamagata,山形県,田沢川ダム,2026-09-14T14:10,127.57,7.18,1.15,4.095,,,82.7,,管理者名 | 河川名 | 局名 | 所在地 | 最新観測時刻 | 流入量 | 全放流量 | 貯水位 | 貯水量 | 貯水率
Yamagata,山形県,留山川ダム,2026-09-14T14:10,300.06,0.18,0.18,0.343,,,100.0,,管理者名 | 河川名 | 局名 | 所在地 | 最新観測時刻 | 流入量 | 全放流量 | 貯水位 | 貯水量 | 貯水率
Yamagata,山形県,白川ダム,2026-09-14T14:10,319.59,11.0,8.34,6.566,,,66.3,,管理者名 | 河川名 | 局名 | 所在地 | 最新観測時刻 | 流入量 | 全放流量 | 貯水位 | 貯水量 | 貯水率
Yamagata,山形県,白水川ダム,2026-09-14T14:10,357.47,0.0,0.45,2.495,,,96.0,,管理者名 | 河川名 | 局名 | 所在地 | 最新観測時刻 | 流入量 | 全放流量 | 貯水位 | 貯水量 | 貯水率
Yamagata,山形県,神室ダム,2026-09-14T14:10,381.53,5.75,0.99,2.627,,,80.2,,管理者名 | 河川名 | 局名 | 所在地 | 最新観測時刻 | 流入量 | 全放流量 | 貯水位 | 貯水量 | 貯水率
Yamagata,山形県,綱木川ダム,2026-09-14T14:10,456.23,2.12,2.19,3.551,,,100.0,,管理者名 | 河川名 | 局名 | 所在地 | 最新観測時刻 | 流入量 | 全放流量 | 貯水位 | 貯水量 | 貯水率
Yamagata,山形県,荒沢ダム,2026-09-14T14:10,236.16,22.09,13.16,4.567,,,26.5,,管理者名 | 河川名 | 局名 | 所在地 | 最新観測時刻 | 流入量 | 全放流量 | 貯水位 | 貯水量 | 貯水率
Yamagata,山形県,蔵王ダム,2026-09-14T14:10,593.16,1.6,1.6,1.915,,,90.4,,管理者名 | 河川名 | 局名 | 所在地 | 最新観測時刻 | 流入量 | 全放流量 | 貯水位 | 貯水量 | 貯水率
Yamagata,山形県,長井ダム,2026-09-14T14:10,365.74,4.19,5.39,20.784,,,94.2,,管理者名 | 河川名 | 局名 | 所在地 | 最新観測時刻 | 流入量 | 全放流量 | 貯水位 | 貯水量 | 貯水率
Yamagata,山形県,高坂ダム,2026-09-14T14:10,182.22,71.17,11.34,0.726,,,22.0,,管理者名 | 河川名 | 局名 | 所在地 | 最新観測時刻 | 流入量 | 全放流量 | 貯水位 | 貯水量 | 貯水率
Aomori,青森県,下湯ダム,2026-09-14T19:50,263.59,1.43,1.42,,,,,,管理者名 | 河川名 | 局名 | 所在地 | 最新観測時刻 | 流入量 | 全放流量 | 貯水位 | 平常時最高水位 | 洪水貯留準備水位 | 洪水量(※)
Aomori,青森県,世増ダム,2026-09-14T19:50,94.63,7.73,7.51,,,,,,管理者名 | 河川名 | 局名 | 所在地 | 最新観測時刻 | 流入量 | 全放流量 | 貯水位 | 平常時最高水位 | 洪水貯留準備水位 | 洪水量(※)
Aomori,青森県,久吉ダム,2026-09-14T19:50,276.67,0.84,0.83,,,,,,管理者名 | 河川名 | 局名 | 所在地 | 最新観測時刻 | 流入量 | 全放流量 | 貯水位 | 平常時最高水位 | 洪水貯留準備水位 | 洪水量(※)
Aomori,青森県,小泊ダム,2026-09-14T19:50,67.55,0.03,0.03,,,,,,管理者名 | 河川名 | 局名 | 所在地 | 最新観測時刻 | 流入量 | 全放流量 | 貯水位 | 平常時最高水位 | 洪水貯留準備水位 | 洪水量(※)
Aomori,青森県,川内ダム,2026-09-14T19:50,178.49,0.0,1.32,,,,,,管理者名 | 河川名 | 局名 | 所在地 | 最新観測時刻 | 流入量 | 全放流量 | 貯水位 | 平常時最高水位 | 洪水貯留準備水位 | 洪水量(※)
Aomori,青森県,津軽ダム,2026-09-14T19:50,195.35,4.42,4.43,,,,,,管理者名 | 河川名 | 局名 | 所在地 | 最新観測時刻 | 流入量 | 全放流量 | 貯水位 | 平常時最高水位 | 洪水貯留準備水位 | 洪水量(※)
Aomori,青森県,浅瀬石川ダム,2026-09-14T19:50,184.75,11.37,7.84,,,,,,管理者名 | 河川名 | 局名 | 所在地 | 最新観測時刻 | 流入量 | 全放流量 | 貯水位 | 平常時最高水位 | 洪水貯留準備水位 | 洪水量(※)
Aomori,青森県,浅虫ダム,2026-09-14T19:50,13.97,0.04,0.04,,,,,,管理者名 | 河川名 | 局名 | 所在地 | 最新観測時刻 | 流入量 | 全放流量 | 貯水位 | 平常時最高水位 | 洪水貯留準備水位 | 洪水量(※)
Aomori,青森県,清水目ダム,2026-09-14T19:50,108.02,0.3,0.4,,,,,,管理者名 | 河川名 | 局名 | 所在地 | 最新観測時刻 | 流入量 | 全放流量 | 貯水位 | 平常時最高水位 | 洪水貯留準備水位 | 洪水量(※)
Aomori,青森県,遠部ダム,2026-09-14T19:50,215.04,0.22,0.29,,,,,,管理者名 | 河川名 | 局名 | 所在地 | 最新観測時刻 | 流入量 | 全放流量 | 貯水位 | 平常時最高水位 | 洪水貯留準備水位 | 洪水量(※)
Aomori,青森県,飯詰ダム,2026-09-14T19:50,70.54,0.21,0.21,,,,,,管理者名 | 河川名 | 局名 | 所在地 | 最新観測時刻 | 流入量 | 全放流量 | 貯水位 | 平常時最高水位 | 洪水貯留準備水位 | 洪水量(※)
Fukui,福井県,九頭竜ダム,2026-09-14T19:50,542.39,24.12,0.01,,,,,35.2,局名 | 所在地 | 最新観測時刻 | 貯水率(利水容量) | 貯水位 | 有効貯水量 | 流入量 | 放流量 | 管理者名
Fukui,福井県,二ツ屋ダム,2026-09-14T19:50,349.76,1.66,1.66,,0.214,,,100.9,局名 | 所在地 | 最新観測時刻 | 貯水率(利水容量) | 貯水位 | 有効貯水量 | 流入量 | 放流量 | 管理者名
Fukui,福井県,吉野瀬川ダム,2026-09-14T19:40,99.83,0.54,0.67,,1.163,,,100.0,局名 | 所在地 | 最新観測時刻 | 貯水率(利水容量) | 貯水位 | 有効貯水量 | 流入量 | 放流量 | 管理者名
Fukui,福井県,大津呂ダム,2026-09-14T19:50,84.6,0.05,0.03,,0.117,,,43.2,局名 | 所在地 | 最新観測時刻 | 貯水率(利水容量) | 貯水位 | 有効貯水量 | 流入量 | 放流量 | 管理者名
Fukui,福井県,広野ダム,2026-09-14T19:40,294.34,1.05,1.6,,1.362,,,34.1,局名 | 所在地 | 最新観測時刻 | 貯水率(利水容量) | 貯水位 | 有効貯水量 | 流入量 | 放流量 | 管理者名
Fukui,福井県,桝谷ダム,2026-09-14T19:50,299.42,0.12,0.12,,3.548,,,17.8,局名 | 所在地 | 最新観測時刻 | 貯水率(利水容量) | 貯水位 | 有効貯水量 | 流入量 | 放流量 | 管理者名
Fukui,福井県,永平寺ダム,2026-09-14T19:50,319.81,0.25,0.25,,0.44,,,100.0,局名 | 所在地 | 最新観測時刻 | 貯水率(利水容量) | 貯水位 | 有効貯水量 | 流入量 | 放流量 | 管理者名
Fukui,福井県,河内川ダム,2026-09-14T19:50,184.3,0.55,0.52,,3.03,,,65.1,局名 | 所在地 | 最新観測時刻 | 貯水率(利水容量) | 貯水位 | 有効貯水量 | 流入量 | 放流量 | 管理者名
Fukui,福井県,浄土寺川ダム,2026-09-14T19:50,344.57,0.565,0.628,,0.772,,,100.0,局名 | 所在地 | 最新観測時刻 | 貯水率(利水容量) | 貯水位 | 有効貯水量 | 流入量 | 放流量 | 管理者名
Fukui,福井県,真名川ダム,2026-09-14T19:50,336.79,4.76,4.76,,,,,89.6,局名 | 所在地 | 最新観測時刻 | 貯水率(利水容量) | 貯水位 | 有効貯水量 | 流入量 | 放流量 | 管理者名
Fukui,福井県,笹生川ダム,2026-09-14T19:50,515.43,6.21,1.85,,24.312,,,59.35,局名 | 所在地 | 最新観測時刻 | 貯水率(利水容量) | 貯水位 | 有効貯水量 | 流入量 | 放流量 | 管理者名
Fukui,福井県,開谷ダム,2026-09-14T19:50,120.79,,,,0.063,,,62.4,局名 | 所在地 | 最新観測時刻 | 貯水率(利水容量) | 貯水位 | 有効貯水量 | 流入量 | 放流量 | 管理者名
Fukui,福井県,龍ヶ鼻ダム,2026-09-14T19:40,171.75,1.61,2.99,,3.683,,,78.0,局名 | 所在地 | 最新観測時刻 | 貯水率(利水容量) | 貯水位 | 有効貯水量 | 流入量 | 放流量 | 管理者名
Miyazaki,宮崎県,岩瀬ダム,2026-09-14T19:40,111.59,20.11,35.72,,,,,,河川名 | 局名 | 所在地 | 状態 | 最新観測時刻 | 貯水位 | 流入量 | 全放流量
Miyazaki,宮崎県,広渡ダム,2026-09-14T19:50,259.33,5.24,5.21,,,,,,河川名 | 局名 | 所在地 | 状態 | 最新観測時刻 | 貯水位 | 流入量 | 全放流量
Miyazaki,宮崎県,日南ダム,2026-09-14T19:00,107.32,3.41,3.43,,,,,,河川名 | 局名 | 所在地 | 状態 | 最新観測時刻 | 貯水位 | 流入量 | 全放流量
Miyazaki,宮崎県,松尾ダム,2026-09-14T19:40,195.95,17.41,17.41,,,,,,河川名 | 局名 | 所在地 | 状態 | 最新観測時刻 | 貯水位 | 流入量 | 全放流量
Miyazaki,宮崎県,沖田ダム,2026-09-14T19:50,48.11,0.38,0.38,,,,,,河川名 | 局名 | 所在地 | 状態 | 最新観測時刻 | 貯水位 | 流入量 | 全放流量
Miyazaki,宮崎県,渡川ダム,2026-09-14T19:40,290.36,11.6,7.06,,,,,,河川名 | 局名 | 所在地 | 状態 | 最新観測時刻 | 貯水位 | 流入量 | 全放流量
Miyazaki,宮崎県,瓜田ダム,2026-09-14T19:30,38.67,0.26,0.27,,,,,,河川名 | 局名 | 所在地 | 状態 | 最新観測時刻 | 貯水位 | 流入量 | 全放流量
Miyazaki,宮崎県,田代八重ダム,2026-09-14T19:30,324.05,5.9,14.0,,,,,,河川名 | 局名 | 所在地 | 状態 | 最新観測時刻 | 貯水位 | 流入量 | 全放流量
Miyazaki,宮崎県,祝子ダム,2026-09-14T19:40,303.17,3.58,6.69,,,,,,河川名 | 局名 | 所在地 | 状態 | 最新観測時刻 | 貯水位 | 流入量 | 全放流量
Miyazaki,宮崎県,立花ダム,2026-09-14T19:40,250.27,2.96,12.35,,,,,,河川名 | 局名 | 所在地 | 状態 | 最新観測時刻 | 貯水位 | 流入量 | 全放流量
Miyazaki,宮崎県,綾北ダム,2026-09-14T19:50,281.72,9.67,0.2,,,,,,河川名 | 局名 | 所在地 | 状態 | 最新観測時刻 | 貯水位 | 流入量 | 全放流量
Miyazaki,宮崎県,綾南ダム,2026-09-14T19:50,336.8,3.25,10.18,,,,,,河川名 | 局名 | 所在地 | 状態 | 最新観測時刻 | 貯水位 | 流入量 | 全放流量
Miyazaki,宮崎県,長谷ダム,2026-09-14T19:50,108.73,4.35,3.47,,,,,,河川名 | 局名 | 所在地 | 状態 | 最新観測時刻 | 貯水位 | 流入量 | 全放流量
Nara,奈良県,初瀬ダム,2026-09-14T19:50,221.58,0.35,0.23,,,,,,管理者名 | 河川名 | 局名 | 所在地 | 最新観測時刻 | 貯水位 | 貯水容量 | 空容量 | 全流入量 | 放流量
Nara,奈良県,大門ダム,2026-09-14T19:50,262.66,0.0,0.0,,,,,,管理者名 | 河川名 | 局名 | 所在地 | 最新観測時刻 | 貯水位 | 貯水容量 | 空容量 | 全流入量 | 放流量
Nara,奈良県,天理ダム,2026-09-14T19:50,253.2,0.26,0.26,,,,,,管理者名 | 河川名 | 局名 | 所在地 | 最新観測時刻 | 貯水位 | 貯水容量 | 空容量 | 全流入量 | 放流量
Nara,奈良県,岩井川ダム,2026-09-14T19:50,240.46,0.0,0.07,,,,,,管理者名 | 河川名 | 局名 | 所在地 | 最新観測時刻 | 貯水位 | 貯水容量 | 空容量 | 全流入量 | 放流量
Nara,奈良県,白川ダム,2026-09-14T19:50,111.32,0.0,0.0,,,,,,管理者名 | 河川名 | 局名 | 所在地 | 最新観測時刻 | 貯水位 | 貯水容量 | 空容量 | 全流入量 | 放流量
Niigata,新潟県,三面ダム,2026-09-14T19:40,116.02,56.49,15.77,,,,93.3,,観測所名 | 最新観測時刻 | 平常時最高貯水位(常時満水位)[m] | 貯水位[m] | 洪水時最高水位(サーチャージ水位)[m] | 貯水率[%] | 洪水流入量[m3/s] | 流入量[m3/s] | 計画高水流量[m3/s] | 全放流量[m3/s]
Niigata,新潟県,下条川ダム,2026-09-14T19:50,31.22,0.21,0.39,,,,,,観測所名 | 最新観測時刻 | 平常時最高貯水位(常時満水位)[m] | 貯水位[m] | 洪水時最高水位(サーチャージ水位)[m] | 貯水率[%] | 洪水流入量[m3/s] | 流入量[m3/s] | 計画高水流量[m3/s] | 全放流量[m3/s]
Niigata,新潟県,久知川ダム,2026-09-14T19:40,123.93,0.32,0.32,,,,100.0,,観測所名 | 最新観測時刻 | 平常時最高貯水位(常時満水位)[m] | 貯水位[m] | 洪水時最高水位(サーチャージ水位)[m] | 貯水率[%] | 洪水流入量[m3/s] | 流入量[m3/s] | 計画高水流量[m3/s] | 全放流量[m3/s]
Niigata,新潟県,内の倉ダム,2026-09-14T19:40,147.81,2.48,2.49,,,,41.0,,観測所名 | 最新観測時刻 | 平常時最高貯水位(常時満水位)[m] | 貯水位[m] | 洪水時最高水位(サーチャージ水位)[m] | 貯水率[%] | 洪水流入量[m3/s] | 流入量[m3/s] | 計画高水流量[m3/s] | 全放流量[m3/s]
Niigata,新潟県,刈谷田川ダム,2026-09-14T19:40,239.35,1.4,1.25,,,,98.2,,観測所名 | 最新観測時刻 | 平常時最高貯水位(常時満水位)[m] | 貯水位[m] | 洪水時最高水位(サーチャージ水位)[m] | 貯水率[%] | 洪水流入量[m3/s] | 流入量[m3/s] | 計画高水流量[m3/s] | 全放流量[m3/s]
Niigata,新潟県,加治川治水ダム,2026-09-14T19:40,272.35,5.14,3.5,,,,,,観測所名 | 最新観測時刻 | 平常時最高貯水位(常時満水位)[m] | 貯水位[m] | 洪水時最高水位(サーチャージ水位)[m] | 貯水率[%] | 洪水流入量[m3/s] | 流入量[m3/s] | 計画高水流量[m3/s] | 全放流量[m3/s]
Niigata,新潟県,城川ダム,2026-09-14T19:40,271.52,0.0,0.19,,,,100.0,,観測所名 | 最新観測時刻 | 平常時最高貯水位(常時満水位)[m] | 貯水位[m] | 洪水時最高水位(サーチャージ水位)[m] | 貯水率[%] | 洪水流入量[m3/s] | 流入量[m3/s] | 計画高水流量[m3/s] | 全放流量[m3/s]
Niigata,新潟県,大谷ダム,2026-09-14T19:50,191.72,1.42,1.42,,,,100.0,,観測所名 | 最新観測時刻 | 平常時最高貯水位(常時満水位)[m] | 貯水位[m] | 洪水時最高水位(サーチャージ水位)[m] | 貯水率[%] | 洪水流入量[m3/s] | 流入量[m3/s] | 計画高水流量[m3/s] | 全放流量[m3/s]
Niigata,新潟県,大野川ダム,2026-09-14T19:40,141.89,0.23,0.4,,,,88.2,,観測所名 | 最新観測時刻 | 平常時最高貯水位(常時満水位)[m] | 貯水位[m] | 洪水時最高水位(サーチャージ水位)[m] | 貯水率[%] | 洪水流入量[m3/s] | 流入量[m3/s] | 計画高水流量[m3/s] | 全放流量[m3/s]
Niigata,新潟県,奥三面ダム,2026-09-14T19:40,211.18,10.1,38.74,,,,77.8,,観測所名 | 最新観測時刻 | 平常時最高貯水位(常時満水位)[m] | 貯水位[m] | 洪水時最高水位(サーチャージ水位)[m] | 貯水率[%] | 洪水流入量[m3/s] | 流入量[m3/s] | 計画高水流量[m3/s] | 全放流量[m3/s]
Niigata,新潟県,奥胎内ダム,2026-09-14T19:40,384.0,1.94,1.83,,,,,,観測所名 | 最新観測時刻 | 平常時最高貯水位(常時満水位)[m] | 貯水位[m] | 洪水時最高水位(サーチャージ水位)[m] | 貯水率[%] | 洪水流入量[m3/s] | 流入量[m3/s] | 計画高水流量[m3/s] | 全放流量[m3/s]
Niigata,新潟県,広神ダム,2026-09-14T19:50,213.96,1.82,2.32,,,,100.0,,観測所名 | 最新観測時刻 | 平常時最高貯水位(常時満水位)[m] | 貯水位[m] | 洪水時最高水位(サーチャージ水位)[m] | 貯水率[%] | 洪水流入量[m3/s] | 流入量[m3/s] | 計画高水流量[m3/s] | 全放流量[m3/s]
Niigata,新潟県,新保川ダム,2026-09-14T19:40,160.79,1.73,1.93,,,,100.0,,観測所名 | 最新観測時刻 | 平常時最高貯水位(常時満水位)[m] | 貯水位[m] | 洪水時最高水位(サーチャージ水位)[m] | 貯水率[%] | 洪水流入量[m3/s] | 流入量[m3/s] | 計画高水流量[m3/s] | 全放流量[m3/s]
Niigata,新潟県,早出川ダム,2026-09-14T19:40,163.74,3.79,3.26,,,,76.5,,観測所名 | 最新観測時刻 | 平常時最高貯水位(常時満水位)[m] | 貯水位[m] | 洪水時最高水位(サーチャージ水位)[m] | 貯水率[%] | 洪水流入量[m3/s] | 流入量[m3/s] | 計画高水流量[m3/s] | 全放流量[m3/s]
Niigata,新潟県,柿崎川ダム,2026-09-14T19:40,120.72,0.51,0.51,,,,100.0,,観測所名 | 最新観測時刻 | 平常時最高貯水位(常時満水位)[m] | 貯水位[m] | 洪水時最高水位(サーチャージ水位)[m] | 貯水率[%] | 洪水流入量[m3/s] | 流入量[m3/s] | 計画高水流量[m3/s] | 全放流量[m3/s]
Niigata,新潟県,正善寺ダム,2026-09-14T19:40,86.25,0.95,0.18,,,,83.7,,観測所名 | 最新観測時刻 | 平常時最高貯水位(常時満水位)[m] | 貯水位[m] | 洪水時最高水位(サーチャージ水位)[m] | 貯水率[%] | 洪水流入量[m3/s] | 流入量[m3/s] | 計画高水流量[m3/s] | 全放流量[m3/s]
Niigata,新潟県,破間川ダム,2026-09-14T19:50,429.86,1.94,2.51,,,,63.0,,観測所名 | 最新観測時刻 | 平常時最高貯水位(常時満水位)[m] | 貯水位[m] | 洪水時最高水位(サーチャージ水位)[m] | 貯水率[%] | 洪水流入量[m3/s] | 流入量[m3/s] | 計画高水流量[m3/s] | 全放流量[m3/s]
Niigata,新潟県,笠堀ダム,2026-09-14T19:50,193.21,4.57,9.02,,,,90.0,,観測所名 | 最新観測時刻 | 平常時最高貯水位(常時満水位)[m] | 貯水位[m] | 洪水時最高水位(サーチャージ水位)[m] | 貯水率[%] | 洪水流入量[m3/s] | 流入量[m3/s] | 計画高水流量[m3/s] | 全放流量[m3/s]
Niigata,新潟県,胎内川ダム,2026-09-14T19:40,287.2,4.08,5.22,,,,90.5,,観測所名 | 最新観測時刻 | 平常時最高貯水位(常時満水位)[m] | 貯水位[m] | 洪水時最高水位(サーチャージ水位)[m] | 貯水率[%] | 洪水流入量[m3/s] | 流入量[m3/s] | 計画高水流量[m3/s] | 全放流量[m3/s]
Niigata,新潟県,鯖石川ダム,2026-09-14T19:40,134.81,0.91,1.21,,,,92.7,,観測所名 | 最新観測時刻 | 平常時最高貯水位(常時満水位)[m] | 貯水位[m] | 洪水時最高水位(サーチャージ水位)[m] | 貯水率[%] | 洪水流入量[m3/s] | 流入量[m3/s] | 計画高水流量[m3/s] | 全放流量[m3/s]
Oita,大分県,北川ダム,2026-09-14T19:50,148.07,9.22,24.4,,,,37.4,,管理者名 | 河川名 | 局名 | 所在地 | 最新観測時刻 | 貯水位 | 流入量 | 貯水量 | 貯水率 | 放流量
Oita,大分県,安岐ダム,2026-09-14T19:50,153.73,0.29,0.19,0.605,,,100.0,,管理者名 | 河川名 | 局名 | 所在地 | 最新観測時刻 | 貯水位 | 流入量 | 貯水量 | 貯水率 | 放流量
Oita,大分県,床木ダム,2026-09-14T19:40,88.84,0.84,0.83,0.919,,,100.0,,管理者名 | 河川名 | 局名 | 所在地 | 最新観測時刻 | 貯水位 | 流入量 | 貯水量 | 貯水率 | 放流量
Oita,大分県,玉来ダム,2026-09-14T19:50,350.92,7.39,7.4,,,,0.1,,管理者名 | 河川名 | 局名 | 所在地 | 最新観測時刻 | 貯水位 | 流入量 | 貯水量 | 貯水率 | 放流量
Oita,大分県,稲葉ダム,2026-09-14T19:50,438.0,5.855,4.276,,,,106.1,,管理者名 | 河川名 | 局名 | 所在地 | 最新観測時刻 | 貯水位 | 流入量 | 貯水量 | 貯水率 | 放流量
Oita,大分県,芹川ダム,2026-09-14T19:50,328.78,9.86,4.0,,,,56.5,,管理者名 | 河川名 | 局名 | 所在地 | 最新観測時刻 | 貯水位 | 流入量 | 貯水量 | 貯水率 | 放流量
Oita,大分県,行入ダム,2026-09-14T19:50,122.28,0.01,0.1,0.465,,,45.3,,管理者名 | 河川名 | 局名 | 所在地 | 最新観測時刻 | 貯水位 | 流入量 | 貯水量 | 貯水率 | 放流量
Oita,大分県,野津ダム,2026-09-14T19:50,238.09,0.09,0.09,,,,100.8,,管理者名 | 河川名 | 局名 | 所在地 | 最新観測時刻 | 貯水位 | 流入量 | 貯水量 | 貯水率 | 放流量
Oita,大分県,青江ダム,2026-09-14T19:50,64.11,0.055,0.053,0.457,,,100.0,,管理者名 | 河川名 | 局名 | 所在地 | 最新観測時刻 | 貯水位 | 流入量 | 貯水量 | 貯水率 | 放流量
Oita,大分県,黒沢ダム,2026-09-14T19:50,95.47,0.8,0.83,1.159,,,100.0,,管理者名 | 河川名 | 局名 | 所在地 | 最新観測時刻 | 貯水位 | 流入量 | 貯水量 | 貯水率 | 放流量
Tokushima,徳島県,宮川内ダム,2026-09-14T19:40,129.62,0.3,0.3,,,0.608,78.96,,管理者名 | 河川名 | 局名 | 所在地 | 最新観測時刻 | 貯水位 | 総貯水量 | 全流入量 | 全放流量 | 貯水率
Tokushima,徳島県,川口ダム,2026-09-14T19:40,94.13,71.4,69.7,,,,,,管理者名 | 河川名 | 局名 | 所在地 | 最新観測時刻 | 貯水位 | 総貯水量 | 全流入量 | 全放流量 | 貯水率
Tokushima,徳島県,棚野ダム,2026-09-14T19:40,,,10.9,,,,,,管理者名 | 河川名 | 局名 | 所在地 | 最新観測時刻 | 貯水位 | 総貯水量 | 全流入量 | 全放流量 | 貯水率
Tokushima,徳島県,正木ダム,2026-09-14T19:40,167.44,7.8,8.8,,,5.457,78.92,,管理者名 | 河川名 | 局名 | 所在地 | 最新観測時刻 | 貯水位 | 総貯水量 | 全流入量 | 全放流量 | 貯水率
Tokushima,徳島県,池田ダム,2026-09-14T19:40,88.51,34.6,38.15,,,,,,管理者名 | 河川名 | 局名 | 所在地 | 最新観測時刻 | 貯水位 | 総貯水量 | 全流入量 | 全放流量 | 貯水率
Tokushima,徳島県,福井ダム,2026-09-14T19:40,43.7,0.58,0.58,,,1.325,100.0,,管理者名 | 河川名 | 局名 | 所在地 | 最新観測時刻 | 貯水位 | 総貯水量 | 全流入量 | 全放流量 | 貯水率
Tokushima,徳島県,長安口ダム,2026-09-14T19:40,222.58,47.95,59.55,,,,,,管理者名 | 河川名 | 局名 | 所在地 | 最新観測時刻 | 貯水位 | 総貯水量 | 全流入量 | 全放流量 | 貯水率
Yamagata,山形県,前川ダム,2026-09-14T19:50,257.37,0.15,0.15,1.546,,,90.9,,管理者名 | 河川名 | 局名 | 所在地 | 最新観測時刻 | 流入量 | 全放流量 | 貯水位 | 貯水量 | 貯水率
Yamagata,山形県,寒河江ダム,2026-09-14T19:50,385.48,12.86,25.77,51.613,,,93.2,,管理者名 | 河川名 | 局名 | 所在地 | 最新観測時刻 | 流入量 | 全放流量 | 貯水位 | 貯水量 | 貯水率
Yamagata,山形県,最上小国川流水型ダム,2026-09-14T19:50,276.97,2.43,2.44,0.002,,,0.0,,管理者名 | 河川名 | 局名 | 所在地 | 最新観測時刻 | 流入量 | 全放流量 | 貯水位 | 貯水量 | 貯水率
Yamagata,山形県,月光川ダム,2026-09-14T19:50,170.28,17.1,18.34,0.023,,,1.1,,管理者名 | 河川名 | 局名 | 所在地 | 最新観測時刻 | 流入量 | 全放流量 | 貯水位 | 貯水量 | 貯水率
Yamagata,山形県,月山ダム,2026-09-14T19:50,237.21,10.73,8.9,16.717,,,93.2,,管理者名 | 河川名 | 局名 | 所在地 | 最新観測時刻 | 流入量 | 全放流量 | 貯水位 | 貯水量 | 貯水率
Yamagata,山形県,木地山ダム,2026-09-14T19:50,469.44,4.09,4.1,0.841,,,15.9,,管理者名 | 河川名 | 局名 | 所在地 | 最新観測時刻 | 流入量 | 全放流量 | 貯水位 | 貯水量 | 貯水率
Yamagata,山形県,温海川ダム,2026-09-14T19:50,143.78,7.68,9.35,0.659,,,100.0,,管理者名 | 河川名 | 局名 | 所在地 | 最新観測時刻 | 流入量 | 全放流量 | 貯水位 | 貯水量 | 貯水率
Yamagata,山形県,田沢川ダム,2026-09-14T19:50,128.08,5.88,1.14,4.223,,,85.3,,管理者名 | 河川名 | 局名 | 所在地 | 最新観測時刻 | 流入量 | 全放流量 | 貯水位 | 貯水量 | 貯水率
Yamagata,山形県,留山川ダム,2026-09-14T19:50,300.06,0.18,0.18,0.343,,,100.0,,管理者名 | 河川名 | 局名 | 所在地 | 最新観測時刻 | 流入量 | 全放流量 | 貯水位 | 貯水量 | 貯水率
Yamagata,山形県,白川ダム,2026-09-14T19:50,319.6,8.31,8.29,6.577,,,66.4,,管理者名 | 河川名 | 局名 | 所在地 | 最新観測時刻 | 流入量 | 全放流量 | 貯水位 | 貯水量 | 貯水率
Yamagata,山形県,白水川ダム,2026-09-14T19:40,357.46,0.45,0.45,2.493,,,95.9,,管理者名 | 河川名 | 局名 | 所在地 | 最新観測時刻 | 流入量 | 全放流量 | 貯水位 | 貯水量 | 貯水率
Yamagata,山形県,神室ダム,2026-09-14T19:50,382.32,7.18,1.0,2.845,,,86.9,,管理者名 | 河川名 | 局名 | 所在地 | 最新観測時刻 | 流入量 | 全放流量 | 貯水位 | 貯水量 | 貯水率
Yamagata,山形県,綱木川ダム,2026-09-14T19:50,456.21,1.93,2.08,3.545,,,100.0,,管理者名 | 河川名 | 局名 | 所在地 | 最新観測時刻 | 流入量 | 全放流量 | 貯水位 | 貯水量 | 貯水率
Yamagata,山形県,荒沢ダム,2026-09-14T19:50,236.29,18.95,13.22,4.693,,,27.2,,管理者名 | 河川名 | 局名 | 所在地 | 最新観測時刻 | 流入量 | 全放流量 | 貯水位 | 貯水量 | 貯水率
Yamagata,山形県,蔵王ダム,2026-09-14T19:40,593.14,1.18,1.6,1.912,,,90.2,,管理者名 | 河川名 | 局名 | 所在地 | 最新観測時刻 | 流入量 | 全放流量 | 貯水位 | 貯水量 | 貯水率
Yamagata,山形県,長井ダム,2026-09-14T19:50,365.74,5.39,5.39,20.784,,,94.2,,管理者名 | 河川名 | 局名 | 所在地 | 最新観測時刻 | 流入量 | 全放流量 | 貯水位 | 貯水量 | 貯水率
Yamagata,山形県,高坂ダム,2026-09-14T19:50,183.07,36.36,46.34,1.047,,,31.7,,管理者名 | 河川名 | 局名 | 所在地 | 最新観測時刻 | 流入量 | 全放流量 | 貯水位 | 貯水量 | 貯水率
Aomori,青森県,下湯ダム,2026-09-15T01:40,263.6,1.44,1.44,,,,,,管理者名 | 河川名 | 局名 | 所在地 | 最新観測時刻 | 流入量 | 全放流量 | 貯水位 | 平常時最高水位 | 洪水貯留準備水位 | 洪水量(※)
Aomori,青森県,世増ダム,2026-09-15T01:40,94.65,8.28,7.81,,,,,,管理者名 | 河川名 | 局名 | 所在地 | 最新観測時刻 | 流入量 | 全放流量 | 貯水位 | 平常時最高水位 | 洪水貯留準備水位 | 洪水量(※)
Aomori,青森県,久吉ダム,2026-09-15T01:40,276.67,0.84,0.84,,,,,,管理者名 | 河川名 | 局名 | 所在地 | 最新観測時刻 | 流入量 | 全放流量 | 貯水位 | 平常時最高水位 | 洪水貯留準備水位 | 洪水量(※)
Aomori,青森県,小泊ダム,2026-09-15T01:40,67.55,0.03,0.03,,,,,,管理者名 | 河川名 | 局名 | 所在地 | 最新観測時刻 | 流入量 | 全放流量 | 貯水位 | 平常時最高水位 | 洪水貯留準備水位 | 洪水量(※)
Aomori,青森県,川内ダム,2026-09-15T01:40,178.48,1.32,1.32,,,,,,管理者名 | 河川名 | 局名 | 所在地 | 最新観測時刻 | 流入量 | 全放流量 | 貯水位 | 平常時最高水位 | 洪水貯留準備水位 | 洪水量(※)
Aomori,青森県,津軽ダム,2026-09-15T01:40,195.35,4.43,4.43,,,,,,管理者名 | 河川名 | 局名 | 所在地 | 最新観測時刻 | 流入量 | 全放流量 | 貯水位 | 平常時最高水位 | 洪水貯留準備水位 | 洪水量(※)
Aomori,青森県,浅瀬石川ダム,2026-09-15T01:40,184.77,7.84,7.82,,,,,,管理者名 | 河川名 | 局名 | 所在地 | 最新観測時刻 | 流入量 | 全放流量 | 貯水位 | 平常時最高水位 | 洪水貯留準備水位 | 洪水量(※)
Aomori,青森県,浅虫ダム,2026-09-15T01:40,13.97,0.04,0.04,,,,,,管理者名 | 河川名 | 局名 | 所在地 | 最新観測時刻 | 流入量 | 全放流量 | 貯水位 | 平常時最高水位 | 洪水貯留準備水位 | 洪水量(※)
Aomori,青森県,清水目ダム,2026-09-15T01:40,108.01,0.4,0.4,,,,,,管理者名 | 河川名 | 局名 | 所在地 | 最新観測時刻 | 流入量 | 全放流量 | 貯水位 | 平常時最高水位 | 洪水貯留準備水位 | 洪水量(※)
Aomori,青森県,遠部ダム,2026-09-15T01:40,215.01,0.15,0.23,,,,,,管理者名 | 河川名 | 局名 | 所在地 | 最新観測時刻 | 流入量 | 全放流量 | 貯水位 | 平常時最高水位 | 洪水貯留準備水位 | 洪水量(※)
Aomori,青森県,飯詰ダム,2026-09-15T01:40,70.54,0.21,0.21,,,,,,管理者名 | 河川名 | 局名 | 所在地 | 最新観測時刻 | 流入量 | 全放流量 | 貯水位 | 平常時最高水位 | 洪水貯留準備水位 | 洪水量(※)
Fukui,福井県,九頭竜ダム,2026-09-15T01:40,542.49,19.29,0.01,,,,,35.5,局名 | 所在地 | 最新観測時刻 | 貯水率(利水容量) | 貯水位 | 有効貯水量 | 流入量 | 放流量 | 管理者名
Fukui,福井県,二ツ屋ダム,2026-09-15T01:40,349.76,1.66,1.66,,0.214,,,100.9,局名 | 所在地 | 最新観測時刻 | 貯水率(利水容量) | 貯水位 | 有効貯水量 | 流入量 | 放流量 | 管理者名
Fukui,福井県,吉野瀬川ダム,2026-09-15T01:40,99.84,0.54,0.69,,1.165,,,100.0,局名 | 所在地 | 最新観測時刻 | 貯水率(利水容量) | 貯水位 | 有効貯水量 | 流入量 | 放流量 | 管理者名
Fukui,福井県,大津呂ダム,2026-09-15T01:40,84.67,0.06,0.03,,0.118,,,43.5,局名 | 所在地 | 最新観測時刻 | 貯水率(利水容量) | 貯水位 | 有効貯水量 | 流入量 | 放流量 | 管理者名
Fukui,福井県,広野ダム,2026-09-15T01:40,294.33,1.6,1.57,,1.36,,,34.0,局名 | 所在地 | 最新観測時刻 | 貯水率(利水容量) | 貯水位 | 有効貯水量 | 流入量 | 放流量 | 管理者名
Fukui,福井県,桝谷ダム,2026-09-15T01:40,299.43,0.12,0.12,,3.551,,,17.8,局名 | 所在地 | 最新観測時刻 | 貯水率(利水容量) | 貯水位 | 有効貯水量 | 流入量 | 放流量 | 管理者名
Fukui,福井県,永平寺ダム,2026-09-15T01:40,319.81,0.25,0.25,,0.44,,,100.0,局名 | 所在地 | 最新観測時刻 | 貯水率(利水容量) | 貯水位 | 有効貯水量 | 流入量 | 放流量 | 管理者名
Fukui,福井県,河内川ダム,2026-09-15T01:40,184.32,0.74,0.52,,3.035,,,65.2,局名 | 所在地 | 最新観測時刻 | 貯水率(利水容量) | 貯水位 | 有効貯水量 | 流入量 | 放流量 | 管理者名
Fukui,福井県,浄土寺川ダム,2026-09-15T01:40,344.52,0.797,0.184,,0.769,,,100.0,局名 | 所在地 | 最新観測時刻 | 貯水率(利水容量) | 貯水位 | 有効貯水量 | 流入量 | 放流量 | 管理者名
Fukui,福井県,真名川ダム,2026-09-15T01:40,336.79,4.76,4.76,,,,,89.6,局名 | 所在地 | 最新観測時刻 | 貯水率(利水容量) | 貯水位 | 有効貯水量 | 流入量 | 放流量 | 管理者名
Fukui,福井県,笹生川ダム,2026-09-15T01:40,515.48,6.19,1.79,,24.391,,,59.54,局名 | 所在地 | 最新観測時刻 | 貯水率(利水容量) | 貯水位 | 有効貯水量 | 流入量 | 放流量 | 管理者名
Fukui,福井県,開谷ダム,2026-09-15T01:40,120.82,,,,0.064,,,63.4,局名 | 所在地 | 最新観測時刻 | 貯水率(利水容量) | 貯水位 | 有効貯水量 | 流入量 | 放流量 | 管理者名
Fukui,福井県,龍ヶ鼻ダム,2026-09-15T01:40,171.7,2.27,2.98,,3.67,,,77.72,局名 | 所在地 | 最新観測時刻 | 貯水率(利水容量) | 貯水位 | 有効貯水量 | 流入量 | 放流量 | 管理者名
Miyazaki,宮崎県,岩瀬ダム,2026-09-15T01:40,111.67,13.97,0.0,,,,,,河川名 | 局名 | 所在地 | 状態 | 最新観測時刻 | 貯水位 | 流入量 | 全放流量
Miyazaki,宮崎県,広渡ダム,2026-09-15T01:40,259.32,5.15,5.1,,,,,,河川名 | 局名 | 所在地 | 状態 | 最新観測時刻 | 貯水位 | 流入量 | 全放流量
Miyazaki,宮崎県,日南ダム,2026-09-15T01:00,107.32,3.42,3.4,,,,,,河川名 | 局名 | 所在地 | 状態 | 最新観測時刻 | 貯水位 | 流入量 | 全放流量
Miyazaki,宮崎県,松尾ダム,2026-09-15T01:40,196.01,17.52,17.57,,,,,,河川名 | 局名 | 所在地 | 状態 | 最新観測時刻 | 貯水位 | 流入量 | 全放流量
Miyazaki,宮崎県,沖田ダム,2026-09-15T01:40,48.11,0.38,0.38,,,,,,河川名 | 局名 | 所在地 | 状態 | 最新観測時刻 | 貯水位 | 流入量 | 全放流量
Miyazaki,宮崎県,渡川ダム,2026-09-15T01:40,290.57,12.16,7.16,,,,,,河川名 | 局名 | 所在地 | 状態 | 最新観測時刻 | 貯水位 | 流入量 | 全放流量
Miyazaki,宮崎県,瓜田ダム,2026-09-15T01:30,38.65,0.22,0.22,,,,,,河川名 | 局名 | 所在地 | 状態 | 最新観測時刻 | 貯水位 | 流入量 | 全放流量
Miyazaki,宮崎県,田代八重ダム,2026-09-15T01:30,324.04,7.36,0.0,,,,,,河川名 | 局名 | 所在地 | 状態 | 最新観測時刻 | 貯水位 | 流入量 | 全放流量
Miyazaki,宮崎県,祝子ダム,2026-09-15T01:40,303.21,3.98,3.74,,,,,,河川名 | 局名 | 所在地 | 状態 | 最新観測時刻 | 貯水位 | 流入量 | 全放流量
Miyazaki,宮崎県,立花ダム,2026-09-15T01:40,250.46,2.83,0.0,,,,,,河川名 | 局名 | 所在地 | 状態 | 最新観測時刻 | 貯水位 | 流入量 | 全放流量
Miyazaki,宮崎県,綾北ダム,2026-09-15T01:40,281.95,2.57,0.2,,,,,,河川名 | 局名 | 所在地 | 状態 | 最新観測時刻 | 貯水位 | 流入量 | 全放流量
Miyazaki,宮崎県,綾南ダム,2026-09-15T01:40,336.67,3.52,10.19,,,,,,河川名 | 局名 | 所在地 | 状態 | 最新観測時刻 | 貯水位 | 流入量 | 全放流量
Miyazaki,宮崎県,長谷ダム,2026-09-15T01:40,108.88,4.5,4.33,,,,,,河川名 | 局名 | 所在地 | 状態 | 最新観測時刻 | 貯水位 | 流入量 | 全放流量
Nara,奈良県,初瀬ダム,2026-09-15T01:40,221.6,0.43,0.23,,,,,,管理者名 | 河川名 | 局名 | 所在地 | 最新観測時刻 | 貯水位 | 貯水容量 | 空容量 | 全流入量 | 放流量
Nara,奈良県,大門ダム,2026-09-15T01:40,262.66,0.0,0.0,,,,,,管理者名 | 河川名 | 局名 | 所在地 | 最新観測時刻 | 貯水位 | 貯水容量 | 空容量 | 全流入量 | 放流量
Nara,奈良県,天理ダム,2026-09-15T01:40,253.18,0.26,0.26,,,,,,管理者名 | 河川名 | 局名 | 所在地 | 最新観測時刻 | 貯水位 | 貯水容量 | 空容量 | 全流入量 | 放流量
Nara,奈良県,岩井川ダム,2026-09-15T01:40,240.43,0.04,0.07,,,,,,管理者名 | 河川名 | 局名 | 所在地 | 最新観測時刻 | 貯水位 | 貯水容量 | 空容量 | 全流入量 | 放流量
Nara,奈良県,白川ダム,2026-09-15T01:40,111.32,0.0,0.0,,,,,,管理者名 | 河川名 | 局名 | 所在地 | 最新観測時刻 | 貯水位 | 貯水容量 | 空容量 | 全流入量 | 放流量
Niigata,新潟県,三面ダム,2026-09-15T01:40,116.1,4.87,15.78,,,,93.9,,観測所名 | 最新観測時刻 | 平常時最高貯水位(常時満水位)[m] | 貯水位[m] | 洪水時最高水位(サーチャージ水位)[m] | 貯水率[%] | 洪水流入量[m3/s] | 流入量[m3/s] | 計画高水流量[m3/s] | 全放流量[m3/s]
Niigata,新潟県,下条川ダム,2026-09-15T01:40,31.23,0.23,0.13,,,,,,観測所名 | 最新観測時刻 | 平常時最高貯水位(常時満水位)[m] | 貯水位[m] | 洪水時最高水位(サーチャージ水位)[m] | 貯水率[%] | 洪水流入量[m3/s] | 流入量[m3/s] | 計画高水流量[m3/s] | 全放流量[m3/s]
Niigata,新潟県,久知川ダム,2026-09-15T01:40,124.08,1.12,0.5,,,,100.0,,観測所名 | 最新観測時刻 | 平常時最高貯水位(常時満水位)[m] | 貯水位[m] | 洪水時最高水位(サーチャージ水位)[m] | 貯水率[%] | 洪水流入量[m3/s] | 流入量[m3/s] | 計画高水流量[m3/s] | 全放流量[m3/s]
Niigata,新潟県,内の倉ダム,2026-09-15T01:40,147.8,2.48,2.47,,,,40.9,,観測所名 | 最新観測時刻 | 平常時最高貯水位(常時満水位)[m] | 貯水位[m] | 洪水時最高水位(サーチャージ水位)[m] | 貯水率[%] | 洪水流入量[m3/s] | 流入量[m3/s] | 計画高水流量[m3/s] | 全放流量[m3/s]
Niigata,新潟県,刈谷田川ダム,2026-09-15T01:40,239.35,1.4,1.25,,,,98.2,,観測所名 | 最新観測時刻 | 平常時最高貯水位(常時満水位)[m] | 貯水位[m] | 洪水時最高水位(サーチャージ水位)[m] | 貯水率[%] | 洪水流入量[m3/s] | 流入量[m3/s] | 計画高水流量[m3/s] | 全放流量[m3/s]
Niigata,新潟県,加治川治水ダム,2026-09-15T01:40,272.0,3.28,3.5,,,,,,観測所名 | 最新観測時刻 | 平常時最高貯水位(常時満水位)[m] | 貯水位[m] | 洪水時最高水位(サーチャージ水位)[m] | 貯水率[%] | 洪水流入量[m3/s] | 流入量[m3/s] | 計画高水流量[m3/s] | 全放流量[m3/s]
Niigata,新潟県,城川ダム,2026-09-15T01:40,271.54,0.28,0.24,,,,100.0,,観測所名 | 最新観測時刻 | 平常時最高貯水位(常時満水位)[m] | 貯水位[m] | 洪水時最高水位(サーチャージ水位)[m] | 貯水率[%] | 洪水流入量[m3/s] | 流入量[m3/s] | 計画高水流量[m3/s] | 全放流量[m3/s]
Niigata,新潟県,大谷ダム,2026-09-15T01:40,191.72,1.42,1.42,,,,100.0,,観測所名 | 最新観測時刻 | 平常時最高貯水位(常時満水位)[m] | 貯水位[m] | 洪水時最高水位(サーチャージ水位)[m] | 貯水率[%] | 洪水流入量[m3/s] | 流入量[m3/s] | 計画高水流量[m3/s] | 全放流量[m3/s]
Niigata,新潟県,大野川ダム,2026-09-15T01:40,142.03,1.25,0.4,,,,90.6,,観測所名 | 最新観測時刻 | 平常時最高貯水位(常時満水位)[m] | 貯水位[m] | 洪水時最高水位(サーチャージ水位)[m] | 貯水率[%] | 洪水流入量[m3/s] | 流入量[m3/s] | 計画高水流量[m3/s] | 全放流量[m3/s]
Niigata,新潟県,奥三面ダム,2026-09-15T01:40,211.16,7.86,0.71,,,,77.7,,観測所名 | 最新観測時刻 | 平常時最高貯水位(常時満水位)[m] | 貯水位[m] | 洪水時最高水位(サーチャージ水位)[m] | 貯水率[%] | 洪水流入量[m3/s] | 流入量[m3/s] | 計画高水流量[m3/s] | 全放流量[m3/s]
Niigata,新潟県,奥胎内ダム,2026-09-15T01:40,383.99,1.81,1.42,,,,,,観測所名 | 最新観測時刻 | 平常時最高貯水位(常時満水位)[m] | 貯水位[m] | 洪水時最高水位(サーチャージ水位)[m] | 貯水率[%] | 洪水流入量[m3/s] | 流入量[m3/s] | 計画高水流量[m3/s] | 全放流量[m3/s]
Niigata,新潟県,広神ダム,2026-09-15T01:40,213.93,2.03,2.22,,,,100.0,,観測所名 | 最新観測時刻 | 平常時最高貯水位(常時満水位)[m] | 貯水位[m] | 洪水時最高水位(サーチャージ水位)[m] | 貯水率[%] | 洪水流入量[m3/s] | 流入量[m3/s] | 計画高水流量[m3/s] | 全放流量[m3/s]
Niigata,新潟県,新保川ダム,2026-09-15T01:40,160.81,2.17,2.04,,,,100.0,,観測所名 | 最新観測時刻 | 平常時最高貯水位(常時満水位)[m] | 貯水位[m] | 洪水時最高水位(サーチャージ水位)[m] | 貯水率[%] | 洪水流入量[m3/s] | 流入量[m3/s] | 計画高水流量[m3/s] | 全放流量[m3/s]
Niigata,新潟県,早出川ダム,2026-09-15T01:40,163.85,4.58,3.26,,,,77.9,,観測所名 | 最新観測時刻 | 平常時最高貯水位(常時満水位)[m] | 貯水位[m] | 洪水時最高水位(サーチャージ水位)[m] | 貯水率[%] | 洪水流入量[m3/s] | 流入量[m3/s] | 計画高水流量[m3/s] | 全放流量[m3/s]
Niigata,新潟県,柿崎川ダム,2026-09-15T01:40,120.71,0.48,0.48,,,,100.0,,観測所名 | 最新観測時刻 | 平常時最高貯水位(常時満水位)[m] | 貯水位[m] | 洪水時最高水位(サーチャージ水位)[m] | 貯水率[%] | 洪水流入量[m3/s] | 流入量[m3/s] | 計画高水流量[m3/s] | 全放流量[m3/s]
Niigata,新潟県,正善寺ダム,2026-09-15T01:40,86.24,0.0,0.21,,,,83.6,,観測所名 | 最新観測時刻 | 平常時最高貯水位(常時満水位)[m] | 貯水位[m] | 洪水時最高水位(サーチャージ水位)[m] | 貯水率[%] | 洪水流入量[m3/s] | 流入量[m3/s] | 計画高水流量[m3/s] | 全放流量[m3/s]
Niigata,新潟県,破間川ダム,2026-09-15T01:40,429.86,2.55,2.53,,,,63.0,,観測所名 | 最新観測時刻 | 平常時最高貯水位(常時満水位)[m] | 貯水位[m] | 洪水時最高水位(サーチャージ水位)[m] | 貯水率[%] | 洪水流入量[m3/s] | 流入量[m3/s] | 計画高水流量[m3/s] | 全放流量[m3/s]
Niigata,新潟県,笠堀ダム,2026-09-15T01:40,193.1,5.67,5.14,,,,89.2,,観測所名 | 最新観測時刻 | 平常時最高貯水位(常時満水位)[m] | 貯水位[m] | 洪水時最高水位(サーチャージ水位)[m] | 貯水率[%] | 洪水流入量[m3/s] | 流入量[m3/s] | 計画高水流量[m3/s] | 全放流量[m3/s]
Niigata,新潟県,胎内川ダム,2026-09-15T01:40,287.17,4.42,5.22,,,,90.2,,観測所名 | 最新観測時刻 | 平常時最高貯水位(常時満水位)[m] | 貯水位[m] | 洪水時最高水位(サーチャージ水位)[m] | 貯水率[%] | 洪水流入量[m3/s] | 流入量[m3/s] | 計画高水流量[m3/s] | 全放流量[m3/s]
Niigata,新潟県,鯖石川ダム,2026-09-15T01:40,134.81,1.29,1.21,,,,92.7,,観測所名 | 最新観測時刻 | 平常時最高貯水位(常時満水位)[m] | 貯水位[m] | 洪水時最高水位(サーチャージ水位)[m] | 貯水率[%] | 洪水流入量[m3/s] | 流入量[m3/s] | 計画高水流量[m3/s] | 全放流量[m3/s]
Oita,大分県,北川ダム,2026-09-15T01:40,148.08,6.72,0.6,,,,37.4,,管理者名 | 河川名 | 局名 | 所在地 | 最新観測時刻 | 貯水位 | 流入量 | 貯水量 | 貯水率 | 放流量
Oita,大分県,安岐ダム,2026-09-15T01:40,153.73,0.29,0.19,0.605,,,100.0,,管理者名 | 河川名 | 局名 | 所在地 | 最新観測時刻 | 貯水位 | 流入量 | 貯水量 | 貯水率 | 放流量
Oita,大分県,床木ダム,2026-09-15T01:40,88.83,0.84,0.8,0.918,,,100.0,,管理者名 | 河川名 | 局名 | 所在地 | 最新観測時刻 | 貯水位 | 流入量 | 貯水量 | 貯水率 | 放流量
Oita,大分県,玉来ダム,2026-09-15T01:40,350.78,5.63,5.63,,,,0.1,,管理者名 | 河川名 | 局名 | 所在地 | 最新観測時刻 | 貯水位 | 流入量 | 貯水量 | 貯水率 | 放流量
Oita,大分県,稲葉ダム,2026-09-15T01:40,437.92,2.69,3.6,,,,103.6,,管理者名 | 河川名 | 局名 | 所在地 | 最新観測時刻 | 貯水位 | 流入量 | 貯水量 | 貯水率 | 放流量
Oita,大分県,芹川ダム,2026-09-15T01:40,328.9,8.2,4.1,,,,57.0,,管理者名 | 河川名 | 局名 | 所在地 | 最新観測時刻 | 貯水位 | 流入量 | 貯水量 | 貯水率 | 放流量
Oita,大分県,行入ダム,2026-09-15T01:40,122.26,0.03,0.1,0.463,,,45.1,,管理者名 | 河川名 | 局名 | 所在地 | 最新観測時刻 | 貯水位 | 流入量 | 貯水量 | 貯水率 | 放流量
Oita,大分県,野津ダム,2026-09-15T01:40,238.09,0.09,0.09,,,,100.8,,管理者名 | 河川名 | 局名 | 所在地 | 最新観測時刻 | 貯水位 | 流入量 | 貯水量 | 貯水率 | 放流量
Oita,大分県,青江ダム,2026-09-15T01:40,64.11,0.055,0.053,0.457,,,100.0,,管理者名 | 河川名 | 局名 | 所在地 | 最新観測時刻 | 貯水位 | 流入量 | 貯水量 | 貯水率 | 放流量
Oita,大分県,黒沢ダム,2026-09-15T01:40,95.47,0.8,0.83,1.159,,,100.0,,管理者名 | 河川名 | 局名 | 所在地 | 最新観測時刻 | 貯水位 | 流入量 | 貯水量 | 貯水率 | 放流量
Tokushima,徳島県,宮川内ダム,2026-09-15T01:40,129.63,0.31,0.31,,,0.609,79.09,,管理者名 | 河川名 | 局名 | 所在地 | 最新観測時刻 | 貯水位 | 総貯水量 | 全流入量 | 全放流量 | 貯水率
Tokushima,徳島県,川口ダム,2026-09-15T01:40,94.17,69.7,69.7,,,,,,管理者名 | 河川名 | 局名 | 所在地 | 最新観測時刻 | 貯水位 | 総貯水量 | 全流入量 | 全放流量 | 貯水率
Tokushima,徳島県,棚野ダム,2026-09-15T01:40,,,9.7,,,,,,管理者名 | 河川名 | 局名 | 所在地 | 最新観測時刻 | 貯水位 | 総貯水量 | 全流入量 | 全放流量 | 貯水率
Tokushima,徳島県,正木ダム,2026-09-15T01:40,167.39,7.2,8.3,,,5.438,78.37,,管理者名 | 河川名 | 局名 | 所在地 | 最新観測時刻 | 貯水位 | 総貯水量 | 全流入量 | 全放流量 | 貯水率
Tokushima,徳島県,池田ダム,2026-09-15T01:40,88.48,38.21,38.21,,,,,,管理者名 | 河川名 | 局名 | 所在地 | 最新観測時刻 | 貯水位 | 総貯水量 | 全流入量 | 全放流量 | 貯水率
Tokushima,徳島県,福井ダム,2026-09-15T01:40,43.69,0.55,0.55,,,1.323,100.0,,管理者名 | 河川名 | 局名 | 所在地 | 最新観測時刻 | 貯水位 | 総貯水量 | 全流入量 | 全放流量 | 貯水率
Tokushima,徳島県,長安口ダム,2026-09-15T01:40,222.46,42.16,59.52,,,,,,管理者名 | 河川名 | 局名 | 所在地 | 最新観測時刻 | 貯水位 | 総貯水量 | 全流入量 | 全放流量 | 貯水率
Yamagata,山形県,前川ダム,2026-09-15T01:40,257.36,0.15,0.15,1.543,,,90.8,,管理者名 | 河川名 | 局名 | 所在地 | 最新観測時刻 | 流入量 | 全放流量 | 貯水位 | 貯水量 | 貯水率
Yamagata,山形県,寒河江ダム,2026-09-15T01:40,385.5,14.36,0.86,51.662,,,93.3,,管理者名 | 河川名 | 局名 | 所在地 | 最新観測時刻 | 流入量 | 全放流量 | 貯水位 | 貯水量 | 貯水率
Yamagata,山形県,最上小国川流水型ダム,2026-09-15T01:40,276.96,2.4,2.4,0.002,,,0.0,,管理者名 | 河川名 | 局名 | 所在地 | 最新観測時刻 | 流入量 | 全放流量 | 貯水位 | 貯水量 | 貯水率
Yamagata,山形県,月光川ダム,2026-09-15T01:40,170.01,13.57,14.04,0.015,,,0.7,,管理者名 | 河川名 | 局名 | 所在地 | 最新観測時刻 | 流入量 | 全放流量 | 貯水位 | 貯水量 | 貯水率
Yamagata,山形県,月山ダム,2026-09-15T01:40,237.19,8.38,8.8,16.698,,,93.1,,管理者名 | 河川名 | 局名 | 所在地 | 最新観測時刻 | 流入量 | 全放流量 | 貯水位 | 貯水量 | 貯水率
Yamagata,山形県,木地山ダム,2026-09-15T01:40,469.43,4.08,4.1,0.839,,,15.8,,管理者名 | 河川名 | 局名 | 所在地 | 最新観測時刻 | 流入量 | 全放流量 | 貯水位 | 貯水量 | 貯水率
Yamagata,山形県,温海川ダム,2026-09-15T01:40,143.64,8.52,8.47,0.635,,,100.0,,管理者名 | 河川名 | 局名 | 所在地 | 最新観測時刻 | 流入量 | 全放流量 | 貯水位 | 貯水量 | 貯水率
Yamagata,山形県,田沢川ダム,2026-09-15T01:40,128.43,5.65,1.16,4.313,,,87.1,,管理者名 | 河川名 | 局名 | 所在地 | 最新観測時刻 | 流入量 | 全放流量 | 貯水位 | 貯水量 | 貯水率
Yamagata,山形県,留山川ダム,2026-09-15T01:40,300.06,0.18,0.18,0.343,,,100.0,,管理者名 | 河川名 | 局名 | 所在地 | 最新観測時刻 | 流入量 | 全放流量 | 貯水位 | 貯水量 | 貯水率
Yamagata,山形県,白川ダム,2026-09-15T01:40,319.59,8.32,8.32,6.566,,,66.3,,管理者名 | 河川名 | 局名 | 所在地 | 最新観測時刻 | 流入量 | 全放流量 | 貯水位 | 貯水量 | 貯水率
Yamagata,山形県,白水川ダム,2026-09-15T01:40,357.45,0.45,0.45,2.491,,,95.8,,管理者名 | 河川名 | 局名 | 所在地 | 最新観測時刻 | 流入量 | 全放流量 | 貯水位 | 貯水量 | 貯水率
Yamagata,山形県,神室ダム,2026-09-15T01:40,382.72,6.75,0.78,2.958,,,90.3,,管理者名 | 河川名 | 局名 | 所在地 | 最新観測時刻 | 流入量 | 全放流量 | 貯水位 | 貯水量 | 貯水率
Yamagata,山形県,綱木川ダム,2026-09-15T01:40,456.2,1.92,2.02,3.542,,,100.0,,管理者名 | 河川名 | 局名 | 所在地 | 最新観測時刻 | 流入量 | 全放流量 | 貯水位 | 貯水量 | 貯水率
Yamagata,山形県,荒沢ダム,2026-09-15T01:40,236.36,15.71,13.24,4.76,,,27.6,,管理者名 | 河川名 | 局名 | 所在地 | 最新観測時刻 | 流入量 | 全放流量 | 貯水位 | 貯水量 | 貯水率
Yamagata,山形県,蔵王ダム,2026-09-15T01:40,593.13,1.6,1.6,1.911,,,90.2,,管理者名 | 河川名 | 局名 | 所在地 | 最新観測時刻 | 流入量 | 全放流量 | 貯水位 | 貯水量 | 貯水率
Yamagata,山形県,長井ダム,2026-09-15T01:40,365.75,5.72,5.69,20.792,,,94.2,,管理者名 | 河川名 | 局名 | 所在地 | 最新観測時刻 | 流入量 | 全放流量 | 貯水位 | 貯水量 | 貯水率
Yamagata,山形県,高坂ダム,2026-09-15T01:40,182.55,23.61,30.15,0.849,,,25.7,,管理者名 | 河川名 | 局名 | 所在地 | 最新観測時刻 | 流入量 | 全放流量 | 貯水位 | 貯水量 | 貯水率
Aomori,青森県,下湯ダム,2026-09-15T05:40,263.6,1.44,1.43,,,,,,管理者名 | 河川名 | 局名 | 所在地 | 最新観測時刻 | 流入量 | 全放流量 | 貯水位 | 平常時最高水位 | 洪水貯留準備水位 | 洪水量(※)
Aomori,青森県,世増ダム,2026-09-15T05:40,94.66,7.95,7.93,,,,,,管理者名 | 河川名 | 局名 | 所在地 | 最新観測時刻 | 流入量 | 全放流量 | 貯水位 | 平常時最高水位 | 洪水貯留準備水位 | 洪水量(※)
Aomori,青森県,久吉ダム,2026-09-15T05:40,276.66,0.25,0.82,,,,,,管理者名 | 河川名 | 局名 | 所在地 | 最新観測時刻 | 流入量 | 全放流量 | 貯水位 | 平常時最高水位 | 洪水貯留準備水位 | 洪水量(※)
Aomori,青森県,小泊ダム,2026-09-15T05:40,67.55,0.03,0.03,,,,,,管理者名 | 河川名 | 局名 | 所在地 | 最新観測時刻 | 流入量 | 全放流量 | 貯水位 | 平常時最高水位 | 洪水貯留準備水位 | 洪水量(※)
Aomori,青森県,川内ダム,2026-09-15T05:40,178.46,0.0,1.32,,,,,,管理者名 | 河川名 | 局名 | 所在地 | 最新観測時刻 | 流入量 | 全放流量 | 貯水位 | 平常時最高水位 | 洪水貯留準備水位 | 洪水量(※)
Aomori,青森県,津軽ダム,2026-09-15T05:40,195.35,4.43,4.43,,,,,,管理者名 | 河川名 | 局名 | 所在地 | 最新観測時刻 | 流入量 | 全放流量 | 貯水位 | 平常時最高水位 | 洪水貯留準備水位 | 洪水量(※)
Aomori,青森県,浅瀬石川ダム,2026-09-15T05:40,184.78,7.84,7.83,,,,,,管理者名 | 河川名 | 局名 | 所在地 | 最新観測時刻 | 流入量 | 全放流量 | 貯水位 | 平常時最高水位 | 洪水貯留準備水位 | 洪水量(※)
Aomori,青森県,浅虫ダム,2026-09-15T05:40,13.97,0.04,0.04,,,,,,管理者名 | 河川名 | 局名 | 所在地 | 最新観測時刻 | 流入量 | 全放流量 | 貯水位 | 平常時最高水位 | 洪水貯留準備水位 | 洪水量(※)
Aomori,青森県,清水目ダム,2026-09-15T05:40,108.01,0.4,0.4,,,,,,管理者名 | 河川名 | 局名 | 所在地 | 最新観測時刻 | 流入量 | 全放流量 | 貯水位 | 平常時最高水位 | 洪水貯留準備水位 | 洪水量(※)
Aomori,青森県,遠部ダム,2026-09-15T05:40,215.0,0.14,0.21,,,,,,管理者名 | 河川名 | 局名 | 所在地 | 最新観測時刻 | 流入量 | 全放流量 | 貯水位 | 平常時最高水位 | 洪水貯留準備水位 | 洪水量(※)
Aomori,青森県,飯詰ダム,2026-09-15T05:40,70.53,0.21,0.21,,,,,,管理者名 | 河川名 | 局名 | 所在地 | 最新観測時刻 | 流入量 | 全放流量 | 貯水位 | 平常時最高水位 | 洪水貯留準備水位 | 洪水量(※)
Fukui,福井県,九頭竜ダム,2026-09-15T05:40,542.55,24.12,0.01,,,,,35.7,局名 | 所在地 | 最新観測時刻 | 貯水率(利水容量) | 貯水位 | 有効貯水量 | 流入量 | 放流量 | 管理者名
Fukui,福井県,二ツ屋ダム,2026-09-15T05:40,349.76,1.66,1.66,,0.214,,,100.9,局名 | 所在地 | 最新観測時刻 | 貯水率(利水容量) | 貯水位 | 有効貯水量 | 流入量 | 放流量 | 管理者名
Fukui,福井県,吉野瀬川ダム,2026-09-15T05:40,99.84,0.54,0.69,,1.165,,,100.0,局名 | 所在地 | 最新観測時刻 | 貯水率(利水容量) | 貯水位 | 有効貯水量 | 流入量 | 放流量 | 管理者名
Fukui,福井県,大津呂ダム,2026-09-15T05:40,84.71,0.06,0.03,,0.119,,,43.7,局名 | 所在地 | 最新観測時刻 | 貯水率(利水容量) | 貯水位 | 有効貯水量 | 流入量 | 放流量 | 管理者名
Fukui,福井県,広野ダム,2026-09-15T05:40,294.32,1.6,1.59,,1.357,,,34.0,局名 | 所在地 | 最新観測時刻 | 貯水率(利水容量) | 貯水位 | 有効貯水量 | 流入量 | 放流量 | 管理者名
Fukui,福井県,桝谷ダム,2026-09-15T05:40,299.44,0.12,0.12,,3.553,,,17.8,局名 | 所在地 | 最新観測時刻 | 貯水率(利水容量) | 貯水位 | 有効貯水量 | 流入量 | 放流量 | 管理者名
Fukui,福井県,永平寺ダム,2026-09-15T05:40,319.81,0.25,0.25,,0.44,,,100.0,局名 | 所在地 | 最新観測時刻 | 貯水率(利水容量) | 貯水位 | 有効貯水量 | 流入量 | 放流量 | 管理者名
Fukui,福井県,河内川ダム,2026-09-15T05:40,184.32,0.74,0.52,,3.035,,,65.2,局名 | 所在地 | 最新観測時刻 | 貯水率(利水容量) | 貯水位 | 有効貯水量 | 流入量 | 放流量 | 管理者名
Fukui,福井県,浄土寺川ダム,2026-09-15T05:40,344.57,0.632,0.976,,0.772,,,100.0,局名 | 所在地 | 最新観測時刻 | 貯水率(利水容量) | 貯水位 | 有効貯水量 | 流入量 | 放流量 | 管理者名
Fukui,福井県,真名川ダム,2026-09-15T05:40,336.79,4.76,4.76,,,,,89.6,局名 | 所在地 | 最新観測時刻 | 貯水率(利水容量) | 貯水位 | 有効貯水量 | 流入量 | 放流量 | 管理者名
Fukui,福井県,笹生川ダム,2026-09-15T05:40,515.51,6.27,1.87,,24.438,,,59.66,局名 | 所在地 | 最新観測時刻 | 貯水率(利水容量) | 貯水位 | 有効貯水量 | 流入量 | 放流量 | 管理者名
Fukui,福井県,開谷ダム,2026-09-15T05:40,120.83,,,,0.064,,,63.4,局名 | 所在地 | 最新観測時刻 | 貯水率(利水容量) | 貯水位 | 有効貯水量 | 流入量 | 放流量 | 管理者名
Fukui,福井県,龍ヶ鼻ダム,2026-09-15T05:40,171.63,1.54,2.99,,3.651,,,77.32,局名 | 所在地 | 最新観測時刻 | 貯水率(利水容量) | 貯水位 | 有効貯水量 | 流入量 | 放流量 | 管理者名
Miyazaki,宮崎県,岩瀬ダム,2026-09-15T05:40,111.5,19.45,36.49,,,,,,河川名 | 局名 | 所在地 | 状態 | 最新観測時刻 | 貯水位 | 流入量 | 全放流量
Miyazaki,宮崎県,広渡ダム,2026-09-15T05:40,259.31,5.04,4.99,,,,,,河川名 | 局名 | 所在地 | 状態 | 最新観測時刻 | 貯水位 | 流入量 | 全放流量
Miyazaki,宮崎県,日南ダム,2026-09-15T05:00,107.32,3.37,3.21,,,,,,河川名 | 局名 | 所在地 | 状態 | 最新観測時刻 | 貯水位 | 流入量 | 全放流量
Miyazaki,宮崎県,松尾ダム,2026-09-15T05:40,196.03,17.54,17.56,,,,,,河川名 | 局名 | 所在地 | 状態 | 最新観測時刻 | 貯水位 | 流入量 | 全放流量
Miyazaki,宮崎県,沖田ダム,2026-09-15T05:40,48.11,0.38,0.38,,,,,,河川名 | 局名 | 所在地 | 状態 | 最新観測時刻 | 貯水位 | 流入量 | 全放流量
Miyazaki,宮崎県,渡川ダム,2026-09-15T05:40,290.62,10.92,7.16,,,,,,河川名 | 局名 | 所在地 | 状態 | 最新観測時刻 | 貯水位 | 流入量 | 全放流量
Miyazaki,宮崎県,瓜田ダム,2026-09-15T05:30,38.64,0.2,0.2,,,,,,河川名 | 局名 | 所在地 | 状態 | 最新観測時刻 | 貯水位 | 流入量 | 全放流量
Miyazaki,宮崎県,田代八重ダム,2026-09-15T05:30,323.99,5.9,14.0,,,,,,河川名 | 局名 | 所在地 | 状態 | 最新観測時刻 | 貯水位 | 流入量 | 全放流量
Miyazaki,宮崎県,祝子ダム,2026-09-15T05:40,303.25,3.5,3.14,,,,,,河川名 | 局名 | 所在地 | 状態 | 最新観測時刻 | 貯水位 | 流入量 | 全放流量
Miyazaki,宮崎県,立花ダム,2026-09-15T05:40,250.25,2.85,12.22,,,,,,河川名 | 局名 | 所在地 | 状態 | 最新観測時刻 | 貯水位 | 流入量 | 全放流量
Miyazaki,宮崎県,綾北ダム,2026-09-15T05:40,282.11,17.63,10.86,,,,,,河川名 | 局名 | 所在地 | 状態 | 最新観測時刻 | 貯水位 | 流入量 | 全放流量
Miyazaki,宮崎県,綾南ダム,2026-09-15T05:40,336.58,3.27,10.2,,,,,,河川名 | 局名 | 所在地 | 状態 | 最新観測時刻 | 貯水位 | 流入量 | 全放流量
Miyazaki,宮崎県,長谷ダム,2026-09-15T05:40,108.84,3.99,4.1,,,,,,河川名 | 局名 | 所在地 | 状態 | 最新観測時刻 | 貯水位 | 流入量 | 全放流量
Nara,奈良県,初瀬ダム,2026-09-15T05:40,221.62,0.48,0.24,,,,,,管理者名 | 河川名 | 局名 | 所在地 | 最新観測時刻 | 貯水位 | 貯水容量 | 空容量 | 全流入量 | 放流量
Nara,奈良県,大門ダム,2026-09-15T05:40,262.66,0.0,0.0,,,,,,管理者名 | 河川名 | 局名 | 所在地 | 最新観測時刻 | 貯水位 | 貯水容量 | 空容量 | 全流入量 | 放流量
Nara,奈良県,天理ダム,2026-09-15T05:40,253.16,0.26,0.26,,,,,,管理者名 | 河川名 | 局名 | 所在地 | 最新観測時刻 | 貯水位 | 貯水容量 | 空容量 | 全流入量 | 放流量
Nara,奈良県,岩井川ダム,2026-09-15T05:40,240.41,0.07,0.07,,,,,,管理者名 | 河川名 | 局名 | 所在地 | 最新観測時刻 | 貯水位 | 貯水容量 | 空容量 | 全流入量 | 放流量
Nara,奈良県,白川ダム,2026-09-15T05:40,111.32,0.0,0.0,,,,,,管理者名 | 河川名 | 局名 | 所在地 | 最新観測時刻 | 貯水位 | 貯水容量 | 空容量 | 全流入量 | 放流量
Niigata,新潟県,三面ダム,2026-09-15T05:30,116.03,20.68,15.71,,,,93.4,,観測所名 | 最新観測時刻 | 平常時最高貯水位(常時満水位)[m] | 貯水位[m] | 洪水時最高水位(サーチャージ水位)[m] | 貯水率[%] | 洪水流入量[m3/s] | 流入量[m3/s] | 計画高水流量[m3/s] | 全放流量[m3/s]
Niigata,新潟県,下条川ダム,2026-09-15T05:40,31.21,0.2,0.13,,,,,,観測所名 | 最新観測時刻 | 平常時最高貯水位(常時満水位)[m] | 貯水位[m] | 洪水時最高水位(サーチャージ水位)[m] | 貯水率[%] | 洪水流入量[m3/s] | 流入量[m3/s] | 計画高水流量[m3/s] | 全放流量[m3/s]
Niigata,新潟県,久知川ダム,2026-09-15T05:30,124.14,0.82,0.66,,,,100.0,,観測所名 | 最新観測時刻 | 平常時最高貯水位(常時満水位)[m] | 貯水位[m] | 洪水時最高水位(サーチャージ水位)[m] | 貯水率[%] | 洪水流入量[m3/s] | 流入量[m3/s] | 計画高水流量[m3/s] | 全放流量[m3/s]
Niigata,新潟県,内の倉ダム,2026-09-15T05:40,147.79,2.48,2.5,,,,40.9,,観測所名 | 最新観測時刻 | 平常時最高貯水位(常時満水位)[m] | 貯水位[m] | 洪水時最高水位(サーチャージ水位)[m] | 貯水率[%] | 洪水流入量[m3/s] | 流入量[m3/s] | 計画高水流量[m3/s] | 全放流量[m3/s]
Niigata,新潟県,刈谷田川ダム,2026-09-15T05:40,239.33,0.99,1.17,,,,97.7,,観測所名 | 最新観測時刻 | 平常時最高貯水位(常時満水位)[m] | 貯水位[m] | 洪水時最高水位(サーチャージ水位)[m] | 貯水率[%] | 洪水流入量[m3/s] | 流入量[m3/s] | 計画高水流量[m3/s] | 全放流量[m3/s]
Niigata,新潟県,加治川治水ダム,2026-09-15T05:40,272.23,5.42,3.5,,,,,,観測所名 | 最新観測時刻 | 平常時最高貯水位(常時満水位)[m] | 貯水位[m] | 洪水時最高水位(サーチャージ水位)[m] | 貯水率[%] | 洪水流入量[m3/s] | 流入量[m3/s] | 計画高水流量[m3/s] | 全放流量[m3/s]
Niigata,新潟県,城川ダム,2026-09-15T05:40,271.53,0.22,0.22,,,,100.0,,観測所名 | 最新観測時刻 | 平常時最高貯水位(常時満水位)[m] | 貯水位[m] | 洪水時最高水位(サーチャージ水位)[m] | 貯水率[%] | 洪水流入量[m3/s] | 流入量[m3/s] | 計画高水流量[m3/s] | 全放流量[m3/s]
Niigata,新潟県,大谷ダム,2026-09-15T05:40,191.72,3.08,1.42,,,,100.0,,観測所名 | 最新観測時刻 | 平常時最高貯水位(常時満水位)[m] | 貯水位[m] | 洪水時最高水位(サーチャージ水位)[m] | 貯水率[%] | 洪水流入量[m3/s] | 流入量[m3/s] | 計画高水流量[m3/s] | 全放流量[m3/s]
Niigata,新潟県,大野川ダム,2026-09-15T05:30,142.16,1.04,0.41,,,,93.0,,観測所名 | 最新観測時刻 | 平常時最高貯水位(常時満水位)[m] | 貯水位[m] | 洪水時最高水位(サーチャージ水位)[m] | 貯水率[%] | 洪水流入量[m3/s] | 流入量[m3/s] | 計画高水流量[m3/s] | 全放流量[m3/s]
Niigata,新潟県,奥三面ダム,2026-09-15T05:30,211.19,20.23,38.64,,,,77.8,,観測所名 | 最新観測時刻 | 平常時最高貯水位(常時満水位)[m] | 貯水位[m] | 洪水時最高水位(サーチャージ水位)[m] | 貯水率[%] | 洪水流入量[m3/s] | 流入量[m3/s] | 計画高水流量[m3/s] | 全放流量[m3/s]
Niigata,新潟県,奥胎内ダム,2026-09-15T05:40,384.0,2.13,2.13,,,,,,観測所名 | 最新観測時刻 | 平常時最高貯水位(常時満水位)[m] | 貯水位[m] | 洪水時最高水位(サーチャージ水位)[m] | 貯水率[%] | 洪水流入量[m3/s] | 流入量[m3/s] | 計画高水流量[m3/s] | 全放流量[m3/s]
Niigata,新潟県,広神ダム,2026-09-15T05:40,213.91,1.88,2.16,,,,100.0,,観測所名 | 最新観測時刻 | 平常時最高貯水位(常時満水位)[m] | 貯水位[m] | 洪水時最高水位(サーチャージ水位)[m] | 貯水率[%] | 洪水流入量[m3/s] | 流入量[m3/s] | 計画高水流量[m3/s] | 全放流量[m3/s]
Niigata,新潟県,新保川ダム,2026-09-15T05:30,160.85,2.36,2.25,,,,100.0,,観測所名 | 最新観測時刻 | 平常時最高貯水位(常時満水位)[m] | 貯水位[m] | 洪水時最高水位(サーチャージ水位)[m] | 貯水率[%] | 洪水流入量[m3/s] | 流入量[m3/s] | 計画高水流量[m3/s] | 全放流量[m3/s]
Niigata,新潟県,早出川ダム,2026-09-15T05:40,163.92,4.58,3.28,,,,78.8,,観測所名 | 最新観測時刻 | 平常時最高貯水位(常時満水位)[m] | 貯水位[m] | 洪水時最高水位(サーチャージ水位)[m] | 貯水率[%] | 洪水流入量[m3/s] | 流入量[m3/s] | 計画高水流量[m3/s] | 全放流量[m3/s]
Niigata,新潟県,柿崎川ダム,2026-09-15T05:30,120.7,0.28,0.47,,,,100.0,,観測所名 | 最新観測時刻 | 平常時最高貯水位(常時満水位)[m] | 貯水位[m] | 洪水時最高水位(サーチャージ水位)[m] | 貯水率[%] | 洪水流入量[m3/s] | 流入量[m3/s] | 計画高水流量[m3/s] | 全放流量[m3/s]
Niigata,新潟県,正善寺ダム,2026-09-15T05:30,86.25,0.0,0.24,,,,83.7,,観測所名 | 最新観測時刻 | 平常時最高貯水位(常時満水位)[m] | 貯水位[m] | 洪水時最高水位(サーチャージ水位)[m] | 貯水率[%] | 洪水流入量[m3/s] | 流入量[m3/s] | 計画高水流量[m3/s] | 全放流量[m3/s]
Niigata,新潟県,破間川ダム,2026-09-15T05:40,429.86,2.57,2.56,,,,63.0,,観測所名 | 最新観測時刻 | 平常時最高貯水位(常時満水位)[m] | 貯水位[m] | 洪水時最高水位(サーチャージ水位)[m] | 貯水率[%] | 洪水流入量[m3/s] | 流入量[m3/s] | 計画高水流量[m3/s] | 全放流量[m3/s]
Niigata,新潟県,笠堀ダム,2026-09-15T05:40,193.11,5.09,5.08,,,,89.3,,観測所名 | 最新観測時刻 | 平常時最高貯水位(常時満水位)[m] | 貯水位[m] | 洪水時最高水位(サーチャージ水位)[m] | 貯水率[%] | 洪水流入量[m3/s] | 流入量[m3/s] | 計画高水流量[m3/s] | 全放流量[m3/s]
Niigata,新潟県,胎内川ダム,2026-09-15T05:40,287.15,4.08,5.22,,,,89.9,,観測所名 | 最新観測時刻 | 平常時最高貯水位(常時満水位)[m] | 貯水位[m] | 洪水時最高水位(サーチャージ水位)[m] | 貯水率[%] | 洪水流入量[m3/s] | 流入量[m3/s] | 計画高水流量[m3/s] | 全放流量[m3/s]
Niigata,新潟県,鯖石川ダム,2026-09-15T05:30,134.81,0.97,1.21,,,,92.7,,観測所名 | 最新観測時刻 | 平常時最高貯水位(常時満水位)[m] | 貯水位[m] | 洪水時最高水位(サーチャージ水位)[m] | 貯水率[%] | 洪水流入量[m3/s] | 流入量[m3/s] | 計画高水流量[m3/s] | 全放流量[m3/s]
Oita,大分県,北川ダム,2026-09-15T05:40,148.1,6.35,0.6,,,,37.5,,管理者名 | 河川名 | 局名 | 所在地 | 最新観測時刻 | 貯水位 | 流入量 | 貯水量 | 貯水率 | 放流量
Oita,大分県,安岐ダム,2026-09-15T05:40,153.73,1.26,0.19,0.605,,,100.0,,管理者名 | 河川名 | 局名 | 所在地 | 最新観測時刻 | 貯水位 | 流入量 | 貯水量 | 貯水率 | 放流量
Oita,大分県,床木ダム,2026-09-15T05:40,88.82,0.77,0.76,0.917,,,100.0,,管理者名 | 河川名 | 局名 | 所在地 | 最新観測時刻 | 貯水位 | 流入量 | 貯水量 | 貯水率 | 放流量
Oita,大分県,玉来ダム,2026-09-15T05:40,350.77,5.79,5.5,,,,0.1,,管理者名 | 河川名 | 局名 | 所在地 | 最新観測時刻 | 貯水位 | 流入量 | 貯水量 | 貯水率 | 放流量
Oita,大分県,稲葉ダム,2026-09-15T05:40,437.87,2.524,3.189,,,,102.2,,管理者名 | 河川名 | 局名 | 所在地 | 最新観測時刻 | 貯水位 | 流入量 | 貯水量 | 貯水率 | 放流量
Oita,大分県,芹川ダム,2026-09-15T05:40,328.94,6.79,4.1,,,,57.2,,管理者名 | 河川名 | 局名 | 所在地 | 最新観測時刻 | 貯水位 | 流入量 | 貯水量 | 貯水率 | 放流量
Oita,大分県,行入ダム,2026-09-15T05:40,122.24,0.02,0.1,0.462,,,44.9,,管理者名 | 河川名 | 局名 | 所在地 | 最新観測時刻 | 貯水位 | 流入量 | 貯水量 | 貯水率 | 放流量
Oita,大分県,野津ダム,2026-09-15T05:40,238.08,0.08,0.08,,,,100.8,,管理者名 | 河川名 | 局名 | 所在地 | 最新観測時刻 | 貯水位 | 流入量 | 貯水量 | 貯水率 | 放流量
Oita,大分県,青江ダム,2026-09-15T05:40,64.11,0.055,0.053,0.457,,,100.0,,管理者名 | 河川名 | 局名 | 所在地 | 最新観測時刻 | 貯水位 | 流入量 | 貯水量 | 貯水率 | 放流量
Oita,大分県,黒沢ダム,2026-09-15T05:40,95.47,0.8,0.83,1.159,,,100.0,,管理者名 | 河川名 | 局名 | 所在地 | 最新観測時刻 | 貯水位 | 流入量 | 貯水量 | 貯水率 | 放流量
Tokushima,徳島県,宮川内ダム,2026-09-15T05:40,129.63,0.31,0.31,,,0.609,79.09,,管理者名 | 河川名 | 局名 | 所在地 | 最新観測時刻 | 貯水位 | 総貯水量 | 全流入量 | 全放流量 | 貯水率
Tokushima,徳島県,川口ダム,2026-09-15T05:40,94.19,69.7,69.7,,,,,,管理者名 | 河川名 | 局名 | 所在地 | 最新観測時刻 | 貯水位 | 総貯水量 | 全流入量 | 全放流量 | 貯水率
Tokushima,徳島県,棚野ダム,2026-09-15T05:40,,,9.4,,,,,,管理者名 | 河川名 | 局名 | 所在地 | 最新観測時刻 | 貯水位 | 総貯水量 | 全流入量 | 全放流量 | 貯水率
Tokushima,徳島県,正木ダム,2026-09-15T05:40,167.37,7.2,8.3,,,5.431,78.17,,管理者名 | 河川名 | 局名 | 所在地 | 最新観測時刻 | 貯水位 | 総貯水量 | 全流入量 | 全放流量 | 貯水率
Tokushima,徳島県,池田ダム,2026-09-15T05:40,88.48,38.22,38.36,,,,,,管理者名 | 河川名 | 局名 | 所在地 | 最新観測時刻 | 貯水位 | 総貯水量 | 全流入量 | 全放流量 | 貯水率
Tokushima,徳島県,福井ダム,2026-09-15T05:40,43.69,0.55,0.55,,,1.323,100.0,,管理者名 | 河川名 | 局名 | 所在地 | 最新観測時刻 | 貯水位 | 総貯水量 | 全流入量 | 全放流量 | 貯水率
Tokushima,徳島県,長安口ダム,2026-09-15T05:40,222.36,47.95,59.49,,,,,,管理者名 | 河川名 | 局名 | 所在地 | 最新観測時刻 | 貯水位 | 総貯水量 | 全流入量 | 全放流量 | 貯水率
Yamagata,山形県,前川ダム,2026-09-15T05:40,257.36,0.15,0.15,1.543,,,90.8,,管理者名 | 河川名 | 局名 | 所在地 | 最新観測時刻 | 流入量 | 全放流量 | 貯水位 | 貯水量 | 貯水率
Yamagata,山形県,寒河江ダム,2026-09-15T05:40,385.45,8.4,21.29,51.54,,,93.0,,管理者名 | 河川名 | 局名 | 所在地 | 最新観測時刻 | 流入量 | 全放流量 | 貯水位 | 貯水量 | 貯水率
Yamagata,山形県,最上小国川流水型ダム,2026-09-15T05:40,276.95,2.38,2.36,0.002,,,0.0,,管理者名 | 河川名 | 局名 | 所在地 | 最新観測時刻 | 流入量 | 全放流量 | 貯水位 | 貯水量 | 貯水率
Yamagata,山形県,月光川ダム,2026-09-15T05:40,169.89,12.14,12.14,0.014,,,0.6,,管理者名 | 河川名 | 局名 | 所在地 | 最新観測時刻 | 流入量 | 全放流量 | 貯水位 | 貯水量 | 貯水率
Yamagata,山形県,月山ダム,2026-09-15T05:40,237.16,7.35,9.0,16.671,,,93.0,,管理者名 | 河川名 | 局名 | 所在地 | 最新観測時刻 | 流入量 | 全放流量 | 貯水位 | 貯水量 | 貯水率
Yamagata,山形県,木地山ダム,2026-09-15T05:40,469.42,4.06,4.0,0.837,,,15.8,,管理者名 | 河川名 | 局名 | 所在地 | 最新観測時刻 | 流入量 | 全放流量 | 貯水位 | 貯水量 | 貯水率
Yamagata,山形県,温海川ダム,2026-09-15T05:40,143.53,7.57,7.89,0.616,,,100.0,,管理者名 | 河川名 | 局名 | 所在地 | 最新観測時刻 | 流入量 | 全放流量 | 貯水位 | 貯水量 | 貯水率
Yamagata,山形県,田沢川ダム,2026-09-15T05:40,128.68,5.21,1.13,4.378,,,88.5,,管理者名 | 河川名 | 局名 | 所在地 | 最新観測時刻 | 流入量 | 全放流量 | 貯水位 | 貯水量 | 貯水率
Yamagata,山形県,留山川ダム,2026-09-15T05:40,300.06,0.18,0.18,0.343,,,100.0,,管理者名 | 河川名 | 局名 | 所在地 | 最新観測時刻 | 流入量 | 全放流量 | 貯水位 | 貯水量 | 貯水率
Yamagata,山形県,白川ダム,2026-09-15T05:40,319.59,8.32,8.29,6.566,,,66.3,,管理者名 | 河川名 | 局名 | 所在地 | 最新観測時刻 | 流入量 | 全放流量 | 貯水位 | 貯水量 | 貯水率
Yamagata,山形県,白水川ダム,2026-09-15T05:40,357.45,0.45,0.45,2.491,,,95.8,,管理者名 | 河川名 | 局名 | 所在地 | 最新観測時刻 | 流入量 | 全放流量 | 貯水位 | 貯水量 | 貯水率
Yamagata,山形県,神室ダム,2026-09-15T05:40,382.96,4.79,0.8,3.026,,,92.4,,管理者名 | 河川名 | 局名 | 所在地 | 最新観測時刻 | 流入量 | 全放流量 | 貯水位 | 貯水量 | 貯水率
Yamagata,山形県,綱木川ダム,2026-09-15T05:40,456.2,1.92,2.02,3.542,,,100.0,,管理者名 | 河川名 | 局名 | 所在地 | 最新観測時刻 | 流入量 | 全放流量 | 貯水位 | 貯水量 | 貯水率
Yamagata,山形県,荒沢ダム,2026-09-15T05:40,236.4,15.98,13.26,4.799,,,27.8,,管理者名 | 河川名 | 局名 | 所在地 | 最新観測時刻 | 流入量 | 全放流量 | 貯水位 | 貯水量 | 貯水率
Yamagata,山形県,蔵王ダム,2026-09-15T05:40,593.12,1.6,1.6,1.909,,,90.1,,管理者名 | 河川名 | 局名 | 所在地 | 最新観測時刻 | 流入量 | 全放流量 | 貯水位 | 貯水量 | 貯水率
Yamagata,山形県,長井ダム,2026-09-15T05:40,365.76,5.73,5.79,20.8,,,94.2,,管理者名 | 河川名 | 局名 | 所在地 | 最新観測時刻 | 流入量 | 全放流量 | 貯水位 | 貯水量 | 貯水率
Yamagata,山形県,高坂ダム,2026-09-15T05:40,182.42,18.5,21.46,0.8,,,24.2,,管理者名 | 河川名 | 局名 | 所在地 | 最新観測時刻 | 流入量 | 全放流量 | 貯水位 | 貯水量 | 貯水率
Aomori,青森県,下湯ダム,2026-09-15T08:30,263.6,1.43,1.43,,,,,,管理者名 | 河川名 | 局名 | 所在地 | 最新観測時刻 | 流入量 | 全放流量 | 貯水位 | 平常時最高水位 | 洪水貯留準備水位 | 洪水量(※)
Aomori,青森県,世増ダム,2026-09-15T08:40,94.67,9.2,7.96,,,,,,管理者名 | 河川名 | 局名 | 所在地 | 最新観測時刻 | 流入量 | 全放流量 | 貯水位 | 平常時最高水位 | 洪水貯留準備水位 | 洪水量(※)
Aomori,青森県,久吉ダム,2026-09-15T08:40,276.66,0.82,0.81,,,,,,管理者名 | 河川名 | 局名 | 所在地 | 最新観測時刻 | 流入量 | 全放流量 | 貯水位 | 平常時最高水位 | 洪水貯留準備水位 | 洪水量(※)
Aomori,青森県,小泊ダム,2026-09-15T08:40,67.55,0.03,0.03,,,,,,管理者名 | 河川名 | 局名 | 所在地 | 最新観測時刻 | 流入量 | 全放流量 | 貯水位 | 平常時最高水位 | 洪水貯留準備水位 | 洪水量(※)
Aomori,青森県,川内ダム,2026-09-15T08:40,178.45,1.32,1.31,,,,,,管理者名 | 河川名 | 局名 | 所在地 | 最新観測時刻 | 流入量 | 全放流量 | 貯水位 | 平常時最高水位 | 洪水貯留準備水位 | 洪水量(※)
Aomori,青森県,津軽ダム,2026-09-15T08:40,195.35,4.43,4.44,,,,,,管理者名 | 河川名 | 局名 | 所在地 | 最新観測時刻 | 流入量 | 全放流量 | 貯水位 | 平常時最高水位 | 洪水貯留準備水位 | 洪水量(※)
Aomori,青森県,浅瀬石川ダム,2026-09-15T08:40,184.79,11.41,7.79,,,,,,管理者名 | 河川名 | 局名 | 所在地 | 最新観測時刻 | 流入量 | 全放流量 | 貯水位 | 平常時最高水位 | 洪水貯留準備水位 | 洪水量(※)
Aomori,青森県,浅虫ダム,2026-09-15T08:40,13.97,0.04,0.04,,,,,,管理者名 | 河川名 | 局名 | 所在地 | 最新観測時刻 | 流入量 | 全放流量 | 貯水位 | 平常時最高水位 | 洪水貯留準備水位 | 洪水量(※)
Aomori,青森県,清水目ダム,2026-09-15T08:40,108.01,0.4,0.4,,,,,,管理者名 | 河川名 | 局名 | 所在地 | 最新観測時刻 | 流入量 | 全放流量 | 貯水位 | 平常時最高水位 | 洪水貯留準備水位 | 洪水量(※)
Aomori,青森県,遠部ダム,2026-09-15T08:40,215.0,0.21,0.21,,,,,,管理者名 | 河川名 | 局名 | 所在地 | 最新観測時刻 | 流入量 | 全放流量 | 貯水位 | 平常時最高水位 | 洪水貯留準備水位 | 洪水量(※)
Aomori,青森県,飯詰ダム,2026-09-15T08:40,70.53,0.21,0.21,,,,,,管理者名 | 河川名 | 局名 | 所在地 | 最新観測時刻 | 流入量 | 全放流量 | 貯水位 | 平常時最高水位 | 洪水貯留準備水位 | 洪水量(※)
Fukui,福井県,九頭竜ダム,2026-09-15T08:30,542.59,32.15,0.01,,,,,35.8,局名 | 所在地 | 最新観測時刻 | 貯水率(利水容量) | 貯水位 | 有効貯水量 | 流入量 | 放流量 | 管理者名
Fukui,福井県,二ツ屋ダム,2026-09-15T08:40,349.76,1.66,1.66,,0.214,,,100.9,局名 | 所在地 | 最新観測時刻 | 貯水率(利水容量) | 貯水位 | 有効貯水量 | 流入量 | 放流量 | 管理者名
Fukui,福井県,吉野瀬川ダム,2026-09-15T08:30,99.84,0.54,0.69,,1.165,,,100.0,局名 | 所在地 | 最新観測時刻 | 貯水率(利水容量) | 貯水位 | 有効貯水量 | 流入量 | 放流量 | 管理者名
Fukui,福井県,大津呂ダム,2026-09-15T08:40,84.74,0.05,0.02,,0.119,,,43.9,局名 | 所在地 | 最新観測時刻 | 貯水率(利水容量) | 貯水位 | 有効貯水量 | 流入量 | 放流量 | 管理者名
Fukui,福井県,広野ダム,2026-09-15T08:30,294.32,1.6,1.59,,1.357,,,34.0,局名 | 所在地 | 最新観測時刻 | 貯水率(利水容量) | 貯水位 | 有効貯水量 | 流入量 | 放流量 | 管理者名
Fukui,福井県,桝谷ダム,2026-09-15T08:40,299.44,0.12,0.12,,3.553,,,17.8,局名 | 所在地 | 最新観測時刻 | 貯水率(利水容量) | 貯水位 | 有効貯水量 | 流入量 | 放流量 | 管理者名
Fukui,福井県,永平寺ダム,2026-09-15T08:40,319.81,0.25,0.25,,0.44,,,100.0,局名 | 所在地 | 最新観測時刻 | 貯水率(利水容量) | 貯水位 | 有効貯水量 | 流入量 | 放流量 | 管理者名
Fukui,福井県,河内川ダム,2026-09-15T08:40,184.32,0.74,0.51,,3.035,,,65.2,局名 | 所在地 | 最新観測時刻 | 貯水率(利水容量) | 貯水位 | 有効貯水量 | 流入量 | 放流量 | 管理者名
Fukui,福井県,浄土寺川ダム,2026-09-15T08:40,344.51,0.526,0.439,,0.769,,,100.0,局名 | 所在地 | 最新観測時刻 | 貯水率(利水容量) | 貯水位 | 有効貯水量 | 流入量 | 放流量 | 管理者名
Fukui,福井県,真名川ダム,2026-09-15T08:30,336.79,4.76,4.76,,,,,89.6,局名 | 所在地 | 最新観測時刻 | 貯水率(利水容量) | 貯水位 | 有効貯水量 | 流入量 | 放流量 | 管理者名
Fukui,福井県,笹生川ダム,2026-09-15T08:40,515.52,1.98,2.04,,24.453,,,59.69,局名 | 所在地 | 最新観測時刻 | 貯水率(利水容量) | 貯水位 | 有効貯水量 | 流入量 | 放流量 | 管理者名
Fukui,福井県,開谷ダム,2026-09-15T08:40,120.83,,,,0.064,,,63.4,局名 | 所在地 | 最新観測時刻 | 貯水率(利水容量) | 貯水位 | 有効貯水量 | 流入量 | 放流量 | 管理者名
Fukui,福井県,龍ヶ鼻ダム,2026-09-15T08:30,171.58,1.53,2.94,,3.638,,,77.04,局名 | 所在地 | 最新観測時刻 | 貯水率(利水容量) | 貯水位 | 有効貯水量 | 流入量 | 放流量 | 管理者名
Miyazaki,宮崎県,岩瀬ダム,2026-09-15T08:30,111.41,16.69,0.0,,,,,,河川名 | 局名 | 所在地 | 状態 | 最新観測時刻 | 貯水位 | 流入量 | 全放流量
Miyazaki,宮崎県,広渡ダム,2026-09-15T08:30,259.31,5.04,4.99,,,,,,河川名 | 局名 | 所在地 | 状態 | 最新観測時刻 | 貯水位 | 流入量 | 全放流量
Miyazaki,宮崎県,日南ダム,2026-09-15T08:00,107.32,3.37,3.22,,,,,,河川名 | 局名 | 所在地 | 状態 | 最新観測時刻 | 貯水位 | 流入量 | 全放流量
Miyazaki,宮崎県,松尾ダム,2026-09-15T08:30,196.03,17.56,17.39,,,,,,河川名 | 局名 | 所在地 | 状態 | 最新観測時刻 | 貯水位 | 流入量 | 全放流量
Miyazaki,宮崎県,沖田ダム,2026-09-15T08:30,48.11,0.38,0.38,,,,,,河川名 | 局名 | 所在地 | 状態 | 最新観測時刻 | 貯水位 | 流入量 | 全放流量
Miyazaki,宮崎県,渡川ダム,2026-09-15T08:30,290.64,7.16,7.16,,,,,,河川名 | 局名 | 所在地 | 状態 | 最新観測時刻 | 貯水位 | 流入量 | 全放流量
Miyazaki,宮崎県,瓜田ダム,2026-09-15T08:30,38.63,0.18,0.18,,,,,,河川名 | 局名 | 所在地 | 状態 | 最新観測時刻 | 貯水位 | 流入量 | 全放流量
Miyazaki,宮崎県,田代八重ダム,2026-09-15T08:30,323.76,5.92,14.0,,,,,,河川名 | 局名 | 所在地 | 状態 | 最新観測時刻 | 貯水位 | 流入量 | 全放流量
Miyazaki,宮崎県,祝子ダム,2026-09-15T08:30,303.27,3.39,3.14,,,,,,河川名 | 局名 | 所在地 | 状態 | 最新観測時刻 | 貯水位 | 流入量 | 全放流量
Miyazaki,宮崎県,立花ダム,2026-09-15T08:30,250.28,2.26,0.0,,,,,,河川名 | 局名 | 所在地 | 状態 | 最新観測時刻 | 貯水位 | 流入量 | 全放流量
Miyazaki,宮崎県,綾北ダム,2026-09-15T08:40,282.19,13.68,0.2,,,,,,河川名 | 局名 | 所在地 | 状態 | 最新観測時刻 | 貯水位 | 流入量 | 全放流量
Miyazaki,宮崎県,綾南ダム,2026-09-15T08:30,336.51,3.0,10.21,,,,,,河川名 | 局名 | 所在地 | 状態 | 最新観測時刻 | 貯水位 | 流入量 | 全放流量
Miyazaki,宮崎県,長谷ダム,2026-09-15T08:30,108.81,3.85,3.93,,,,,,河川名 | 局名 | 所在地 | 状態 | 最新観測時刻 | 貯水位 | 流入量 | 全放流量
Nara,奈良県,初瀬ダム,2026-09-15T08:40,221.63,0.6,0.25,,,,,,管理者名 | 河川名 | 局名 | 所在地 | 最新観測時刻 | 貯水位 | 貯水容量 | 空容量 | 全流入量 | 放流量
Nara,奈良県,大門ダム,2026-09-15T08:40,262.66,0.0,0.0,,,,,,管理者名 | 河川名 | 局名 | 所在地 | 最新観測時刻 | 貯水位 | 貯水容量 | 空容量 | 全流入量 | 放流量
Nara,奈良県,天理ダム,2026-09-15T08:40,253.14,0.09,0.26,,,,,,管理者名 | 河川名 | 局名 | 所在地 | 最新観測時刻 | 貯水位 | 貯水容量 | 空容量 | 全流入量 | 放流量
Nara,奈良県,岩井川ダム,2026-09-15T08:40,240.39,0.0,0.07,,,,,,管理者名 | 河川名 | 局名 | 所在地 | 最新観測時刻 | 貯水位 | 貯水容量 | 空容量 | 全流入量 | 放流量
Nara,奈良県,白川ダム,2026-09-15T08:40,111.32,0.0,0.0,,,,,,管理者名 | 河川名 | 局名 | 所在地 | 最新観測時刻 | 貯水位 | 貯水容量 | 空容量 | 全流入量 | 放流量
Niigata,新潟県,三面ダム,2026-09-15T08:30,116.15,42.33,37.02,,,,94.2,,観測所名 | 最新観測時刻 | 平常時最高貯水位(常時満水位)[m] | 貯水位[m] | 洪水時最高水位(サーチャージ水位)[m] | 貯水率[%] | 洪水流入量[m3/s] | 流入量[m3/s] | 計画高水流量[m3/s] | 全放流量[m3/s]
Niigata,新潟県,下条川ダム,2026-09-15T08:30,31.22,0.2,0.13,,,,,,観測所名 | 最新観測時刻 | 平常時最高貯水位(常時満水位)[m] | 貯水位[m] | 洪水時最高水位(サーチャージ水位)[m] | 貯水率[%] | 洪水流入量[m3/s] | 流入量[m3/s] | 計画高水流量[m3/s] | 全放流量[m3/s]
Niigata,新潟県,久知川ダム,2026-09-15T08:30,124.17,0.84,0.67,,,,100.0,,観測所名 | 最新観測時刻 | 平常時最高貯水位(常時満水位)[m] | 貯水位[m] | 洪水時最高水位(サーチャージ水位)[m] | 貯水率[%] | 洪水流入量[m3/s] | 流入量[m3/s] | 計画高水流量[m3/s] | 全放流量[m3/s]
Niigata,新潟県,内の倉ダム,2026-09-15T08:30,147.78,0.87,2.48,,,,40.9,,観測所名 | 最新観測時刻 | 平常時最高貯水位(常時満水位)[m] | 貯水位[m] | 洪水時最高水位(サーチャージ水位)[m] | 貯水率[%] | 洪水流入量[m3/s] | 流入量[m3/s] | 計画高水流量[m3/s] | 全放流量[m3/s]
Niigata,新潟県,刈谷田川ダム,2026-09-15T08:30,239.34,1.25,1.17,,,,98.2,,観測所名 | 最新観測時刻 | 平常時最高貯水位(常時満水位)[m] | 貯水位[m] | 洪水時最高水位(サーチャージ水位)[m] | 貯水率[%] | 洪水流入量[m3/s] | 流入量[m3/s] | 計画高水流量[m3/s] | 全放流量[m3/s]
Niigata,新潟県,加治川治水ダム,2026-09-15T08:30,272.36,5.27,3.5,,,,,,観測所名 | 最新観測時刻 | 平常時最高貯水位(常時満水位)[m] | 貯水位[m] | 洪水時最高水位(サーチャージ水位)[m] | 貯水率[%] | 洪水流入量[m3/s] | 流入量[m3/s] | 計画高水流量[m3/s] | 全放流量[m3/s]
Niigata,新潟県,城川ダム,2026-09-15T08:30,271.52,0.2,0.19,,,,100.0,,観測所名 | 最新観測時刻 | 平常時最高貯水位(常時満水位)[m] | 貯水位[m] | 洪水時最高水位(サーチャージ水位)[m] | 貯水率[%] | 洪水流入量[m3/s] | 流入量[m3/s] | 計画高水流量[m3/s] | 全放流量[m3/s]
Niigata,新潟県,大谷ダム,2026-09-15T08:30,191.72,1.42,1.42,,,,100.0,,観測所名 | 最新観測時刻 | 平常時最高貯水位(常時満水位)[m] | 貯水位[m] | 洪水時最高水位(サーチャージ水位)[m] | 貯水率[%] | 洪水流入量[m3/s] | 流入量[m3/s] | 計画高水流量[m3/s] | 全放流量[m3/s]
Niigata,新潟県,大野川ダム,2026-09-15T08:30,142.25,1.15,0.41,,,,94.9,,観測所名 | 最新観測時刻 | 平常時最高貯水位(常時満水位)[m] | 貯水位[m] | 洪水時最高水位(サーチャージ水位)[m] | 貯水率[%] | 洪水流入量[m3/s] | 流入量[m3/s] | 計画高水流量[m3/s] | 全放流量[m3/s]
Niigata,新潟県,奥三面ダム,2026-09-15T08:30,211.07,10.13,38.73,,,,77.2,,観測所名 | 最新観測時刻 | 平常時最高貯水位(常時満水位)[m] | 貯水位[m] | 洪水時最高水位(サーチャージ水位)[m] | 貯水率[%] | 洪水流入量[m3/s] | 流入量[m3/s] | 計画高水流量[m3/s] | 全放流量[m3/s]
Niigata,新潟県,奥胎内ダム,2026-09-15T08:30,384.0,1.89,1.92,,,,,,観測所名 | 最新観測時刻 | 平常時最高貯水位(常時満水位)[m] | 貯水位[m] | 洪水時最高水位(サーチャージ水位)[m] | 貯水率[%] | 洪水流入量[m3/s] | 流入量[m3/s] | 計画高水流量[m3/s] | 全放流量[m3/s]
Niigata,新潟県,広神ダム,2026-09-15T08:40,213.88,1.74,2.1,,,,100.0,,観測所名 | 最新観測時刻 | 平常時最高貯水位(常時満水位)[m] | 貯水位[m] | 洪水時最高水位(サーチャージ水位)[m] | 貯水率[%] | 洪水流入量[m3/s] | 流入量[m3/s] | 計画高水流量[m3/s] | 全放流量[m3/s]
Niigata,新潟県,新保川ダム,2026-09-15T08:30,160.88,2.44,2.42,,,,100.0,,観測所名 | 最新観測時刻 | 平常時最高貯水位(常時満水位)[m] | 貯水位[m] | 洪水時最高水位(サーチャージ水位)[m] | 貯水率[%] | 洪水流入量[m3/s] | 流入量[m3/s] | 計画高水流量[m3/s] | 全放流量[m3/s]
Niigata,新潟県,早出川ダム,2026-09-15T08:30,163.95,3.28,3.28,,,,79.2,,観測所名 | 最新観測時刻 | 平常時最高貯水位(常時満水位)[m] | 貯水位[m] | 洪水時最高水位(サーチャージ水位)[m] | 貯水率[%] | 洪水流入量[m3/s] | 流入量[m3/s] | 計画高水流量[m3/s] | 全放流量[m3/s]
Niigata,新潟県,柿崎川ダム,2026-09-15T08:30,120.7,0.47,0.47,,,,100.0,,観測所名 | 最新観測時刻 | 平常時最高貯水位(常時満水位)[m] | 貯水位[m] | 洪水時最高水位(サーチャージ水位)[m] | 貯水率[%] | 洪水流入量[m3/s] | 流入量[m3/s] | 計画高水流量[m3/s] | 全放流量[m3/s]
Niigata,新潟県,正善寺ダム,2026-09-15T08:30,86.26,0.47,0.28,,,,83.8,,観測所名 | 最新観測時刻 | 平常時最高貯水位(常時満水位)[m] | 貯水位[m] | 洪水時最高水位(サーチャージ水位)[m] | 貯水率[%] | 洪水流入量[m3/s] | 流入量[m3/s] | 計画高水流量[m3/s] | 全放流量[m3/s]
Niigata,新潟県,破間川ダム,2026-09-15T08:40,429.85,2.53,2.56,,,,62.7,,観測所名 | 最新観測時刻 | 平常時最高貯水位(常時満水位)[m] | 貯水位[m] | 洪水時最高水位(サーチャージ水位)[m] | 貯水率[%] | 洪水流入量[m3/s] | 流入量[m3/s] | 計画高水流量[m3/s] | 全放流量[m3/s]
Niigata,新潟県,笠堀ダム,2026-09-15T08:30,193.09,4.67,7.5,,,,89.1,,観測所名 | 最新観測時刻 | 平常時最高貯水位(常時満水位)[m] | 貯水位[m] | 洪水時最高水位(サーチャージ水位)[m] | 貯水率[%] | 洪水流入量[m3/s] | 流入量[m3/s] | 計画高水流量[m3/s] | 全放流量[m3/s]
Niigata,新潟県,胎内川ダム,2026-09-15T08:30,287.13,4.3,5.21,,,,89.7,,観測所名 | 最新観測時刻 | 平常時最高貯水位(常時満水位)[m] | 貯水位[m] | 洪水時最高水位(サーチャージ水位)[m] | 貯水率[%] | 洪水流入量[m3/s] | 流入量[m3/s] | 計画高水流量[m3/s] | 全放流量[m3/s]
Niigata,新潟県,鯖石川ダム,2026-09-15T08:30,134.81,0.97,1.21,,,,92.7,,観測所名 | 最新観測時刻 | 平常時最高貯水位(常時満水位)[m] | 貯水位[m] | 洪水時最高水位(サーチャージ水位)[m] | 貯水率[%] | 洪水流入量[m3/s] | 流入量[m3/s] | 計画高水流量[m3/s] | 全放流量[m3/s]
Oita,大分県,北川ダム,2026-09-15T08:40,148.14,12.29,23.69,,,,37.6,,管理者名 | 河川名 | 局名 | 所在地 | 最新観測時刻 | 貯水位 | 流入量 | 貯水量 | 貯水率 | 放流量
Oita,大分県,安岐ダム,2026-09-15T08:40,153.72,1.26,0.16,0.603,,,100.0,,管理者名 | 河川名 | 局名 | 所在地 | 最新観測時刻 | 貯水位 | 流入量 | 貯水量 | 貯水率 | 放流量
Oita,大分県,床木ダム,2026-09-15T08:30,88.81,0.69,0.72,0.916,,,100.0,,管理者名 | 河川名 | 局名 | 所在地 | 最新観測時刻 | 貯水位 | 流入量 | 貯水量 | 貯水率 | 放流量
Oita,大分県,玉来ダム,2026-09-15T08:30,350.76,5.38,5.38,,,,0.1,,管理者名 | 河川名 | 局名 | 所在地 | 最新観測時刻 | 貯水位 | 流入量 | 貯水量 | 貯水率 | 放流量
Oita,大分県,稲葉ダム,2026-09-15T08:40,437.84,2.477,2.483,,,,101.2,,管理者名 | 河川名 | 局名 | 所在地 | 最新観測時刻 | 貯水位 | 流入量 | 貯水量 | 貯水率 | 放流量
Oita,大分県,芹川ダム,2026-09-15T08:40,328.96,6.23,4.1,,,,57.3,,管理者名 | 河川名 | 局名 | 所在地 | 最新観測時刻 | 貯水位 | 流入量 | 貯水量 | 貯水率 | 放流量
Oita,大分県,行入ダム,2026-09-15T08:40,122.23,0.01,0.1,0.462,,,44.9,,管理者名 | 河川名 | 局名 | 所在地 | 最新観測時刻 | 貯水位 | 流入量 | 貯水量 | 貯水率 | 放流量
Oita,大分県,野津ダム,2026-09-15T08:40,238.08,0.08,0.08,,,,100.8,,管理者名 | 河川名 | 局名 | 所在地 | 最新観測時刻 | 貯水位 | 流入量 | 貯水量 | 貯水率 | 放流量
Oita,大分県,青江ダム,2026-09-15T08:40,64.11,0.055,0.053,0.457,,,100.0,,管理者名 | 河川名 | 局名 | 所在地 | 最新観測時刻 | 貯水位 | 流入量 | 貯水量 | 貯水率 | 放流量
Oita,大分県,黒沢ダム,2026-09-15T08:40,95.46,0.8,0.79,1.158,,,100.0,,管理者名 | 河川名 | 局名 | 所在地 | 最新観測時刻 | 貯水位 | 流入量 | 貯水量 | 貯水率 | 放流量
Tokushima,徳島県,宮川内ダム,2026-09-15T08:30,129.63,0.31,0.31,,,0.609,79.09,,管理者名 | 河川名 | 局名 | 所在地 | 最新観測時刻 | 貯水位 | 総貯水量 | 全流入量 | 全放流量 | 貯水率
Tokushima,徳島県,川口ダム,2026-09-15T08:30,94.2,69.7,69.7,,,,,,管理者名 | 河川名 | 局名 | 所在地 | 最新観測時刻 | 貯水位 | 総貯水量 | 全流入量 | 全放流量 | 貯水率
Tokushima,徳島県,棚野ダム,2026-09-15T08:30,,,9.6,,,,,,管理者名 | 河川名 | 局名 | 所在地 | 最新観測時刻 | 貯水位 | 総貯水量 | 全流入量 | 全放流量 | 貯水率
Tokushima,徳島県,正木ダム,2026-09-15T08:30,167.34,7.5,8.5,,,5.419,77.83,,管理者名 | 河川名 | 局名 | 所在地 | 最新観測時刻 | 貯水位 | 総貯水量 | 全流入量 | 全放流量 | 貯水率
Tokushima,徳島県,池田ダム,2026-09-15T08:30,88.47,34.73,38.29,,,,,,管理者名 | 河川名 | 局名 | 所在地 | 最新観測時刻 | 貯水位 | 総貯水量 | 全流入量 | 全放流量 | 貯水率
Tokushima,徳島県,福井ダム,2026-09-15T08:30,43.7,0.58,0.58,,,1.325,100.0,,管理者名 | 河川名 | 局名 | 所在地 | 最新観測時刻 | 貯水位 | 総貯水量 | 全流入量 | 全放流量 | 貯水率
Tokushima,徳島県,長安口ダム,2026-09-15T08:30,222.29,42.18,59.47,,,,,,管理者名 | 河川名 | 局名 | 所在地 | 最新観測時刻 | 貯水位 | 総貯水量 | 全流入量 | 全放流量 | 貯水率
Yamagata,山形県,前川ダム,2026-09-15T08:40,257.35,0.15,0.15,1.541,,,90.6,,管理者名 | 河川名 | 局名 | 所在地 | 最新観測時刻 | 流入量 | 全放流量 | 貯水位 | 貯水量 | 貯水率
Yamagata,山形県,寒河江ダム,2026-09-15T08:40,385.46,14.36,0.86,51.565,,,93.1,,管理者名 | 河川名 | 局名 | 所在地 | 最新観測時刻 | 流入量 | 全放流量 | 貯水位 | 貯水量 | 貯水率
Yamagata,山形県,最上小国川流水型ダム,2026-09-15T08:40,276.95,2.36,2.36,0.002,,,0.0,,管理者名 | 河川名 | 局名 | 所在地 | 最新観測時刻 | 流入量 | 全放流量 | 貯水位 | 貯水量 | 貯水率
Yamagata,山形県,月光川ダム,2026-09-15T08:40,169.92,12.61,12.62,0.014,,,0.6,,管理者名 | 河川名 | 局名 | 所在地 | 最新観測時刻 | 流入量 | 全放流量 | 貯水位 | 貯水量 | 貯水率
Yamagata,山形県,月山ダム,2026-09-15T08:30,237.14,6.91,9.1,16.652,,,92.9,,管理者名 | 河川名 | 局名 | 所在地 | 最新観測時刻 | 流入量 | 全放流量 | 貯水位 | 貯水量 | 貯水率
Yamagata,山形県,木地山ダム,2026-09-15T08:30,469.41,4.06,4.1,0.835,,,15.7,,管理者名 | 河川名 | 局名 | 所在地 | 最新観測時刻 | 流入量 | 全放流量 | 貯水位 | 貯水量 | 貯水率
Yamagata,山形県,温海川ダム,2026-09-15T08:40,143.44,5.9,7.36,0.6,,,100.0,,管理者名 | 河川名 | 局名 | 所在地 | 最新観測時刻 | 流入量 | 全放流量 | 貯水位 | 貯水量 | 貯水率
Yamagata,山形県,田沢川ダム,2026-09-15T08:30,128.83,4.83,1.17,4.417,,,89.3,,管理者名 | 河川名 | 局名 | 所在地 | 最新観測時刻 | 流入量 | 全放流量 | 貯水位 | 貯水量 | 貯水率
Yamagata,山形県,留山川ダム,2026-09-15T08:40,300.06,0.18,0.18,0.343,,,100.0,,管理者名 | 河川名 | 局名 | 所在地 | 最新観測時刻 | 流入量 | 全放流量 | 貯水位 | 貯水量 | 貯水率
Yamagata,山形県,白川ダム,2026-09-15T08:40,319.59,8.32,8.34,6.566,,,66.3,,管理者名 | 河川名 | 局名 | 所在地 | 最新観測時刻 | 流入量 | 全放流量 | 貯水位 | 貯水量 | 貯水率
Yamagata,山形県,白水川ダム,2026-09-15T08:30,357.45,0.45,0.45,2.491,,,95.8,,管理者名 | 河川名 | 局名 | 所在地 | 最新観測時刻 | 流入量 | 全放流量 | 貯水位 | 貯水量 | 貯水率
Yamagata,山形県,神室ダム,2026-09-15T08:30,383.1,4.93,0.31,3.067,,,93.6,,管理者名 | 河川名 | 局名 | 所在地 | 最新観測時刻 | 流入量 | 全放流量 | 貯水位 | 貯水量 | 貯水率
Yamagata,山形県,綱木川ダム,2026-09-15T08:30,456.19,1.87,1.99,3.539,,,100.0,,管理者名 | 河川名 | 局名 | 所在地 | 最新観測時刻 | 流入量 | 全放流量 | 貯水位 | 貯水量 | 貯水率
Yamagata,山形県,荒沢ダム,2026-09-15T08:30,236.42,15.35,13.27,4.818,,,27.9,,管理者名 | 河川名 | 局名 | 所在地 | 最新観測時刻 | 流入量 | 全放流量 | 貯水位 | 貯水量 | 貯水率
Yamagata,山形県,蔵王ダム,2026-09-15T08:30,593.13,1.85,1.6,1.911,,,90.2,,管理者名 | 河川名 | 局名 | 所在地 | 最新観測時刻 | 流入量 | 全放流量 | 貯水位 | 貯水量 | 貯水率
Yamagata,山形県,長井ダム,2026-09-15T08:40,365.76,5.71,5.69,20.8,,,94.2,,管理者名 | 河川名 | 局名 | 所在地 | 最新観測時刻 | 流入量 | 全放流量 | 貯水位 | 貯水量 | 貯水率
Yamagata,山形県,高坂ダム,2026-09-15T08:40,182.33,18.21,20.45,0.767,,,23.2,,管理者名 | 河川名 | 局名 | 所在地 | 最新観測時刻 | 流入量 | 全放流量 | 貯水位 | 貯水量 | 貯水率
Aomori,青森県,下湯ダム,2026-09-15T12:30,263.6,1.43,1.44,,,,,,管理者名 | 河川名 | 局名 | 所在地 | 最新観測時刻 | 流入量 | 全放流量 | 貯水位 | 平常時最高水位 | 洪水貯留準備水位 | 洪水量(※)
Aomori,青森県,世増ダム,2026-09-15T12:30,94.67,8.09,8.08,,,,,,管理者名 | 河川名 | 局名 | 所在地 | 最新観測時刻 | 流入量 | 全放流量 | 貯水位 | 平常時最高水位 | 洪水貯留準備水位 | 洪水量(※)
Aomori,青森県,久吉ダム,2026-09-15T12:30,276.65,0.79,0.79,,,,,,管理者名 | 河川名 | 局名 | 所在地 | 最新観測時刻 | 流入量 | 全放流量 | 貯水位 | 平常時最高水位 | 洪水貯留準備水位 | 洪水量(※)
Aomori,青森県,小泊ダム,2026-09-15T12:30,67.55,0.03,0.03,,,,,,管理者名 | 河川名 | 局名 | 所在地 | 最新観測時刻 | 流入量 | 全放流量 | 貯水位 | 平常時最高水位 | 洪水貯留準備水位 | 洪水量(※)
Aomori,青森県,川内ダム,2026-09-15T12:30,178.44,1.32,1.32,,,,,,管理者名 | 河川名 | 局名 | 所在地 | 最新観測時刻 | 流入量 | 全放流量 | 貯水位 | 平常時最高水位 | 洪水貯留準備水位 | 洪水量(※)
Aomori,青森県,津軽ダム,2026-09-15T12:30,195.35,4.43,4.43,,,,,,管理者名 | 河川名 | 局名 | 所在地 | 最新観測時刻 | 流入量 | 全放流量 | 貯水位 | 平常時最高水位 | 洪水貯留準備水位 | 洪水量(※)
Aomori,青森県,浅瀬石川ダム,2026-09-15T12:30,184.79,7.84,7.85,,,,,,管理者名 | 河川名 | 局名 | 所在地 | 最新観測時刻 | 流入量 | 全放流量 | 貯水位 | 平常時最高水位 | 洪水貯留準備水位 | 洪水量(※)
Aomori,青森県,浅虫ダム,2026-09-15T12:30,13.97,0.04,0.04,,,,,,管理者名 | 河川名 | 局名 | 所在地 | 最新観測時刻 | 流入量 | 全放流量 | 貯水位 | 平常時最高水位 | 洪水貯留準備水位 | 洪水量(※)
Aomori,青森県,清水目ダム,2026-09-15T12:30,108.01,0.4,0.4,,,,,,管理者名 | 河川名 | 局名 | 所在地 | 最新観測時刻 | 流入量 | 全放流量 | 貯水位 | 平常時最高水位 | 洪水貯留準備水位 | 洪水量(※)
Aomori,青森県,遠部ダム,2026-09-15T12:30,214.99,0.19,0.19,,,,,,管理者名 | 河川名 | 局名 | 所在地 | 最新観測時刻 | 流入量 | 全放流量 | 貯水位 | 平常時最高水位 | 洪水貯留準備水位 | 洪水量(※)
Aomori,青森県,飯詰ダム,2026-09-15T12:30,70.53,0.21,0.21,,,,,,管理者名 | 河川名 | 局名 | 所在地 | 最新観測時刻 | 流入量 | 全放流量 | 貯水位 | 平常時最高水位 | 洪水貯留準備水位 | 洪水量(※)
Fukui,福井県,九頭竜ダム,2026-09-15T12:30,542.64,16.08,0.01,,,,,36.0,局名 | 所在地 | 最新観測時刻 | 貯水率(利水容量) | 貯水位 | 有効貯水量 | 流入量 | 放流量 | 管理者名
Fukui,福井県,二ツ屋ダム,2026-09-15T12:30,349.76,1.66,1.66,,0.214,,,100.9,局名 | 所在地 | 最新観測時刻 | 貯水率(利水容量) | 貯水位 | 有効貯水量 | 流入量 | 放流量 | 管理者名
Fukui,福井県,吉野瀬川ダム,2026-09-15T12:30,99.84,0.54,0.69,,1.165,,,100.0,局名 | 所在地 | 最新観測時刻 | 貯水率(利水容量) | 貯水位 | 有効貯水量 | 流入量 | 放流量 | 管理者名
Fukui,福井県,大津呂ダム,2026-09-15T12:40,84.78,0.05,0.02,,0.119,,,44.0,局名 | 所在地 | 最新観測時刻 | 貯水率(利水容量) | 貯水位 | 有効貯水量 | 流入量 | 放流量 | 管理者名
Fukui,福井県,広野ダム,2026-09-15T12:30,294.3,0.99,1.61,,1.353,,,33.9,局名 | 所在地 | 最新観測時刻 | 貯水率(利水容量) | 貯水位 | 有効貯水量 | 流入量 | 放流量 | 管理者名
Fukui,福井県,桝谷ダム,2026-09-15T12:30,299.45,0.12,0.12,,3.555,,,17.8,局名 | 所在地 | 最新観測時刻 | 貯水率(利水容量) | 貯水位 | 有効貯水量 | 流入量 | 放流量 | 管理者名
Fukui,福井県,永平寺ダム,2026-09-15T12:40,319.81,0.25,0.25,,0.44,,,100.0,局名 | 所在地 | 最新観測時刻 | 貯水率(利水容量) | 貯水位 | 有効貯水量 | 流入量 | 放流量 | 管理者名
Fukui,福井県,河内川ダム,2026-09-15T12:40,184.32,0.74,0.52,,3.035,,,65.2,局名 | 所在地 | 最新観測時刻 | 貯水率(利水容量) | 貯水位 | 有効貯水量 | 流入量 | 放流量 | 管理者名
Fukui,福井県,浄土寺川ダム,2026-09-15T12:30,344.58,0.803,0.537,,0.773,,,100.0,局名 | 所在地 | 最新観測時刻 | 貯水率(利水容量) | 貯水位 | 有効貯水量 | 流入量 | 放流量 | 管理者名
Fukui,福井県,真名川ダム,2026-09-15T12:30,336.79,4.76,4.76,,,,,89.6,局名 | 所在地 | 最新観測時刻 | 貯水率(利水容量) | 貯水位 | 有効貯水量 | 流入量 | 放流量 | 管理者名
Fukui,福井県,笹生川ダム,2026-09-15T12:30,515.54,6.45,2.01,,24.485,,,59.77,局名 | 所在地 | 最新観測時刻 | 貯水率(利水容量) | 貯水位 | 有効貯水量 | 流入量 | 放流量 | 管理者名
Fukui,福井県,開谷ダム,2026-09-15T12:40,120.84,,,,0.064,,,63.4,局名 | 所在地 | 最新観測時刻 | 貯水率(利水容量) | 貯水位 | 有効貯水量 | 流入量 | 放流量 | 管理者名
Fukui,福井県,龍ヶ鼻ダム,2026-09-15T12:30,171.54,1.72,3.53,,3.628,,,76.83,局名 | 所在地 | 最新観測時刻 | 貯水率(利水容量) | 貯水位 | 有効貯水量 | 流入量 | 放流量 | 管理者名
Miyazaki,宮崎県,岩瀬ダム,2026-09-15T12:30,111.54,16.45,0.0,,,,,,河川名 | 局名 | 所在地 | 状態 | 最新観測時刻 | 貯水位 | 流入量 | 全放流量
Miyazaki,宮崎県,広渡ダム,2026-09-15T12:30,259.3,4.92,4.88,,,,,,河川名 | 局名 | 所在地 | 状態 | 最新観測時刻 | 貯水位 | 流入量 | 全放流量
Miyazaki,宮崎県,日南ダム,2026-09-15T12:00,107.32,3.21,3.2,,,,,,河川名 | 局名 | 所在地 | 状態 | 最新観測時刻 | 貯水位 | 流入量 | 全放流量
Miyazaki,宮崎県,松尾ダム,2026-09-15T12:30,196.05,26.52,31.08,,,,,,河川名 | 局名 | 所在地 | 状態 | 最新観測時刻 | 貯水位 | 流入量 | 全放流量
Miyazaki,宮崎県,沖田ダム,2026-09-15T12:30,48.11,0.38,0.38,,,,,,河川名 | 局名 | 所在地 | 状態 | 最新観測時刻 | 貯水位 | 流入量 | 全放流量
Miyazaki,宮崎県,瓜田ダム,2026-09-15T12:30,38.62,0.08,0.16,,,,,,河川名 | 局名 | 所在地 | 状態 | 最新観測時刻 | 貯水位 | 流入量 | 全放流量
Miyazaki,宮崎県,田代八重ダム,2026-09-15T12:30,323.85,5.77,0.0,,,,,,河川名 | 局名 | 所在地 | 状態 | 最新観測時刻 | 貯水位 | 流入量 | 全放流量
Miyazaki,宮崎県,祝子ダム,2026-09-15T12:30,303.26,3.08,3.34,,,,,,河川名 | 局名 | 所在地 | 状態 | 最新観測時刻 | 貯水位 | 流入量 | 全放流量
Miyazaki,宮崎県,立花ダム,2026-09-15T12:30,250.47,1.98,0.0,,,,,,河川名 | 局名 | 所在地 | 状態 | 最新観測時刻 | 貯水位 | 流入量 | 全放流量
Miyazaki,宮崎県,綾北ダム,2026-09-15T12:30,282.26,1.04,0.2,,,,,,河川名 | 局名 | 所在地 | 状態 | 最新観測時刻 | 貯水位 | 流入量 | 全放流量
Miyazaki,宮崎県,綾南ダム,2026-09-15T12:30,336.51,3.54,0.26,,,,,,河川名 | 局名 | 所在地 | 状態 | 最新観測時刻 | 貯水位 | 流入量 | 全放流量
Miyazaki,宮崎県,長谷ダム,2026-09-15T12:30,108.79,3.76,3.81,,,,,,河川名 | 局名 | 所在地 | 状態 | 最新観測時刻 | 貯水位 | 流入量 | 全放流量
Nara,奈良県,初瀬ダム,2026-09-15T12:30,221.65,0.26,0.26,,,,,,管理者名 | 河川名 | 局名 | 所在地 | 最新観測時刻 | 貯水位 | 貯水容量 | 空容量 | 全流入量 | 放流量
Nara,奈良県,大門ダム,2026-09-15T12:40,262.66,0.0,0.0,,,,,,管理者名 | 河川名 | 局名 | 所在地 | 最新観測時刻 | 貯水位 | 貯水容量 | 空容量 | 全流入量 | 放流量
Nara,奈良県,天理ダム,2026-09-15T12:40,253.12,0.09,0.26,,,,,,管理者名 | 河川名 | 局名 | 所在地 | 最新観測時刻 | 貯水位 | 貯水容量 | 空容量 | 全流入量 | 放流量
Nara,奈良県,岩井川ダム,2026-09-15T12:30,240.37,0.07,0.07,,,,,,管理者名 | 河川名 | 局名 | 所在地 | 最新観測時刻 | 貯水位 | 貯水容量 | 空容量 | 全流入量 | 放流量
Nara,奈良県,白川ダム,2026-09-15T12:30,111.32,0.0,0.0,,,,,,管理者名 | 河川名 | 局名 | 所在地 | 最新観測時刻 | 貯水位 | 貯水容量 | 空容量 | 全流入量 | 放流量
Niigata,新潟県,三面ダム,2026-09-15T12:30,116.22,61.17,52.74,,,,94.7,,観測所名 | 最新観測時刻 | 平常時最高貯水位(常時満水位)[m] | 貯水位[m] | 洪水時最高水位(サーチャージ水位)[m] | 貯水率[%] | 洪水流入量[m3/s] | 流入量[m3/s] | 計画高水流量[m3/s] | 全放流量[m3/s]
Niigata,新潟県,下条川ダム,2026-09-15T12:30,31.24,0.24,0.39,,,,,,観測所名 | 最新観測時刻 | 平常時最高貯水位(常時満水位)[m] | 貯水位[m] | 洪水時最高水位(サーチャージ水位)[m] | 貯水率[%] | 洪水流入量[m3/s] | 流入量[m3/s] | 計画高水流量[m3/s] | 全放流量[m3/s]
Niigata,新潟県,久知川ダム,2026-09-15T12:30,124.22,0.92,0.77,,,,100.0,,観測所名 | 最新観測時刻 | 平常時最高貯水位(常時満水位)[m] | 貯水位[m] | 洪水時最高水位(サーチャージ水位)[m] | 貯水率[%] | 洪水流入量[m3/s] | 流入量[m3/s] | 計画高水流量[m3/s] | 全放流量[m3/s]
Niigata,新潟県,内の倉ダム,2026-09-15T12:30,147.78,2.48,2.48,,,,40.9,,観測所名 | 最新観測時刻 | 平常時最高貯水位(常時満水位)[m] | 貯水位[m] | 洪水時最高水位(サーチャージ水位)[m] | 貯水率[%] | 洪水流入量[m3/s] | 流入量[m3/s] | 計画高水流量[m3/s] | 全放流量[m3/s]
Niigata,新潟県,刈谷田川ダム,2026-09-15T12:30,239.34,1.13,1.08,,,,98.2,,観測所名 | 最新観測時刻 | 平常時最高貯水位(常時満水位)[m] | 貯水位[m] | 洪水時最高水位(サーチャージ水位)[m] | 貯水率[%] | 洪水流入量[m3/s] | 流入量[m3/s] | 計画高水流量[m3/s] | 全放流量[m3/s]
Niigata,新潟県,加治川治水ダム,2026-09-15T12:30,272.12,1.67,6.27,,,,,,観測所名 | 最新観測時刻 | 平常時最高貯水位(常時満水位)[m] | 貯水位[m] | 洪水時最高水位(サーチャージ水位)[m] | 貯水率[%] | 洪水流入量[m3/s] | 流入量[m3/s] | 計画高水流量[m3/s] | 全放流量[m3/s]
Niigata,新潟県,城川ダム,2026-09-15T12:30,271.52,0.2,0.19,,,,100.0,,観測所名 | 最新観測時刻 | 平常時最高貯水位(常時満水位)[m] | 貯水位[m] | 洪水時最高水位(サーチャージ水位)[m] | 貯水率[%] | 洪水流入量[m3/s] | 流入量[m3/s] | 計画高水流量[m3/s] | 全放流量[m3/s]
Niigata,新潟県,大谷ダム,2026-09-15T12:30,191.71,1.38,1.38,,,,100.0,,観測所名 | 最新観測時刻 | 平常時最高貯水位(常時満水位)[m] | 貯水位[m] | 洪水時最高水位(サーチャージ水位)[m] | 貯水率[%] | 洪水流入量[m3/s] | 流入量[m3/s] | 計画高水流量[m3/s] | 全放流量[m3/s]
Niigata,新潟県,大野川ダム,2026-09-15T12:30,142.39,1.13,0.49,,,,97.9,,観測所名 | 最新観測時刻 | 平常時最高貯水位(常時満水位)[m] | 貯水位[m] | 洪水時最高水位(サーチャージ水位)[m] | 貯水率[%] | 洪水流入量[m3/s] | 流入量[m3/s] | 計画高水流量[m3/s] | 全放流量[m3/s]
Niigata,新潟県,奥三面ダム,2026-09-15T12:30,210.93,18.17,38.88,,,,76.5,,観測所名 | 最新観測時刻 | 平常時最高貯水位(常時満水位)[m] | 貯水位[m] | 洪水時最高水位(サーチャージ水位)[m] | 貯水率[%] | 洪水流入量[m3/s] | 流入量[m3/s] | 計画高水流量[m3/s] | 全放流量[m3/s]
Niigata,新潟県,奥胎内ダム,2026-09-15T12:30,384.0,2.85,2.53,,,,,,観測所名 | 最新観測時刻 | 平常時最高貯水位(常時満水位)[m] | 貯水位[m] | 洪水時最高水位(サーチャージ水位)[m] | 貯水率[%] | 洪水流入量[m3/s] | 流入量[m3/s] | 計画高水流量[m3/s] | 全放流量[m3/s]
Niigata,新潟県,広神ダム,2026-09-15T12:30,213.86,1.7,2.06,,,,100.0,,観測所名 | 最新観測時刻 | 平常時最高貯水位(常時満水位)[m] | 貯水位[m] | 洪水時最高水位(サーチャージ水位)[m] | 貯水率[%] | 洪水流入量[m3/s] | 流入量[m3/s] | 計画高水流量[m3/s] | 全放流量[m3/s]
Niigata,新潟県,新保川ダム,2026-09-15T12:30,160.88,2.33,2.42,,,,100.0,,観測所名 | 最新観測時刻 | 平常時最高貯水位(常時満水位)[m] | 貯水位[m] | 洪水時最高水位(サーチャージ水位)[m] | 貯水率[%] | 洪水流入量[m3/s] | 流入量[m3/s] | 計画高水流量[m3/s] | 全放流量[m3/s]
Niigata,新潟県,早出川ダム,2026-09-15T12:30,163.93,2.57,4.66,,,,78.9,,観測所名 | 最新観測時刻 | 平常時最高貯水位(常時満水位)[m] | 貯水位[m] | 洪水時最高水位(サーチャージ水位)[m] | 貯水率[%] | 洪水流入量[m3/s] | 流入量[m3/s] | 計画高水流量[m3/s] | 全放流量[m3/s]
Niigata,新潟県,柿崎川ダム,2026-09-15T12:30,120.7,0.47,0.47,,,,100.0,,観測所名 | 最新観測時刻 | 平常時最高貯水位(常時満水位)[m] | 貯水位[m] | 洪水時最高水位(サーチャージ水位)[m] | 貯水率[%] | 洪水流入量[m3/s] | 流入量[m3/s] | 計画高水流量[m3/s] | 全放流量[m3/s]
Niigata,新潟県,正善寺ダム,2026-09-15T12:30,86.26,0.47,0.17,,,,83.8,,観測所名 | 最新観測時刻 | 平常時最高貯水位(常時満水位)[m] | 貯水位[m] | 洪水時最高水位(サーチャージ水位)[m] | 貯水率[%] | 洪水流入量[m3/s] | 流入量[m3/s] | 計画高水流量[m3/s] | 全放流量[m3/s]
Niigata,新潟県,破間川ダム,2026-09-15T12:30,429.84,2.02,2.56,,,,62.4,,観測所名 | 最新観測時刻 | 平常時最高貯水位(常時満水位)[m] | 貯水位[m] | 洪水時最高水位(サーチャージ水位)[m] | 貯水率[%] | 洪水流入量[m3/s] | 流入量[m3/s] | 計画高水流量[m3/s] | 全放流量[m3/s]
Niigata,新潟県,笠堀ダム,2026-09-15T12:30,192.82,3.4,12.65,,,,87.0,,観測所名 | 最新観測時刻 | 平常時最高貯水位(常時満水位)[m] | 貯水位[m] | 洪水時最高水位(サーチャージ水位)[m] | 貯水率[%] | 洪水流入量[m3/s] | 流入量[m3/s] | 計画高水流量[m3/s] | 全放流量[m3/s]
Niigata,新潟県,胎内川ダム,2026-09-15T12:30,287.12,5.21,5.21,,,,89.6,,観測所名 | 最新観測時刻 | 平常時最高貯水位(常時満水位)[m] | 貯水位[m] | 洪水時最高水位(サーチャージ水位)[m] | 貯水率[%] | 洪水流入量[m3/s] | 流入量[m3/s] | 計画高水流量[m3/s] | 全放流量[m3/s]
Niigata,新潟県,鯖石川ダム,2026-09-15T12:30,134.81,0.97,1.21,,,,92.7,,観測所名 | 最新観測時刻 | 平常時最高貯水位(常時満水位)[m] | 貯水位[m] | 洪水時最高水位(サーチャージ水位)[m] | 貯水率[%] | 洪水流入量[m3/s] | 流入量[m3/s] | 計画高水流量[m3/s] | 全放流量[m3/s]
Oita,大分県,北川ダム,2026-09-15T12:30,148.11,30.38,23.77,,,,37.5,,管理者名 | 河川名 | 局名 | 所在地 | 最新観測時刻 | 貯水位 | 流入量 | 貯水量 | 貯水率 | 放流量
Oita,大分県,安岐ダム,2026-09-15T12:40,153.7,0.01,0.1,0.6,,,100.0,,管理者名 | 河川名 | 局名 | 所在地 | 最新観測時刻 | 貯水位 | 流入量 | 貯水量 | 貯水率 | 放流量
Oita,大分県,床木ダム,2026-09-15T12:30,88.8,0.65,0.69,0.915,,,100.0,,管理者名 | 河川名 | 局名 | 所在地 | 最新観測時刻 | 貯水位 | 流入量 | 貯水量 | 貯水率 | 放流量
Oita,大分県,玉来ダム,2026-09-15T12:30,350.76,5.38,5.38,,,,0.1,,管理者名 | 河川名 | 局名 | 所在地 | 最新観測時刻 | 貯水位 | 流入量 | 貯水量 | 貯水率 | 放流量
Oita,大分県,稲葉ダム,2026-09-15T12:40,437.84,2.477,2.482,,,,101.2,,管理者名 | 河川名 | 局名 | 所在地 | 最新観測時刻 | 貯水位 | 流入量 | 貯水量 | 貯水率 | 放流量
Oita,大分県,芹川ダム,2026-09-15T12:40,328.99,6.03,4.1,,,,57.4,,管理者名 | 河川名 | 局名 | 所在地 | 最新観測時刻 | 貯水位 | 流入量 | 貯水量 | 貯水率 | 放流量
Oita,大分県,行入ダム,2026-09-15T12:40,122.2,0.01,0.1,0.46,,,44.7,,管理者名 | 河川名 | 局名 | 所在地 | 最新観測時刻 | 貯水位 | 流入量 | 貯水量 | 貯水率 | 放流量
Oita,大分県,野津ダム,2026-09-15T12:40,238.08,0.08,0.08,,,,100.8,,管理者名 | 河川名 | 局名 | 所在地 | 最新観測時刻 | 貯水位 | 流入量 | 貯水量 | 貯水率 | 放流量
Oita,大分県,青江ダム,2026-09-15T12:40,64.1,0.049,0.046,0.456,,,100.0,,管理者名 | 河川名 | 局名 | 所在地 | 最新観測時刻 | 貯水位 | 流入量 | 貯水量 | 貯水率 | 放流量
Oita,大分県,黒沢ダム,2026-09-15T12:30,95.46,0.8,0.79,1.158,,,100.0,,管理者名 | 河川名 | 局名 | 所在地 | 最新観測時刻 | 貯水位 | 流入量 | 貯水量 | 貯水率 | 放流量
Tokushima,徳島県,宮川内ダム,2026-09-15T12:30,129.66,0.31,0.31,,,0.612,79.48,,管理者名 | 河川名 | 局名 | 所在地 | 最新観測時刻 | 貯水位 | 総貯水量 | 全流入量 | 全放流量 | 貯水率
Tokushima,徳島県,川口ダム,2026-09-15T12:30,94.18,64.8,69.8,,,,,,管理者名 | 河川名 | 局名 | 所在地 | 最新観測時刻 | 貯水位 | 総貯水量 | 全流入量 | 全放流量 | 貯水率
Tokushima,徳島県,棚野ダム,2026-09-15T12:30,,,9.4,,,,,,管理者名 | 河川名 | 局名 | 所在地 | 最新観測時刻 | 貯水位 | 総貯水量 | 全流入量 | 全放流量 | 貯水率
Tokushima,徳島県,正木ダム,2026-09-15T12:30,167.3,7.4,8.5,,,5.404,77.4,,管理者名 | 河川名 | 局名 | 所在地 | 最新観測時刻 | 貯水位 | 総貯水量 | 全流入量 | 全放流量 | 貯水率
Tokushima,徳島県,池田ダム,2026-09-15T12:30,88.47,37.67,37.17,,,,,,管理者名 | 河川名 | 局名 | 所在地 | 最新観測時刻 | 貯水位 | 総貯水量 | 全流入量 | 全放流量 | 貯水率
Tokushima,徳島県,福井ダム,2026-09-15T12:30,43.7,0.58,0.58,,,1.325,100.0,,管理者名 | 河川名 | 局名 | 所在地 | 最新観測時刻 | 貯水位 | 総貯水量 | 全流入量 | 全放流量 | 貯水率
Tokushima,徳島県,長安口ダム,2026-09-15T12:30,222.21,47.09,47.09,,,,,,管理者名 | 河川名 | 局名 | 所在地 | 最新観測時刻 | 貯水位 | 総貯水量 | 全流入量 | 全放流量 | 貯水率
Yamagata,山形県,前川ダム,2026-09-15T12:30,257.35,0.15,0.15,1.541,,,90.6,,管理者名 | 河川名 | 局名 | 所在地 | 最新観測時刻 | 流入量 | 全放流量 | 貯水位 | 貯水量 | 貯水率
Yamagata,山形県,寒河江ダム,2026-09-15T12:30,385.57,27.86,0.86,51.832,,,93.6,,管理者名 | 河川名 | 局名 | 所在地 | 最新観測時刻 | 流入量 | 全放流量 | 貯水位 | 貯水量 | 貯水率
Yamagata,山形県,月光川ダム,2026-09-15T12:30,169.79,10.47,10.56,0.012,,,0.5,,管理者名 | 河川名 | 局名 | 所在地 | 最新観測時刻 | 流入量 | 全放流量 | 貯水位 | 貯水量 | 貯水率
Yamagata,山形県,月山ダム,2026-09-15T12:30,237.14,6.91,7.0,16.652,,,92.9,,管理者名 | 河川名 | 局名 | 所在地 | 最新観測時刻 | 流入量 | 全放流量 | 貯水位 | 貯水量 | 貯水率
Yamagata,山形県,木地山ダム,2026-09-15T12:30,469.42,5.2,5.1,0.837,,,15.8,,管理者名 | 河川名 | 局名 | 所在地 | 最新観測時刻 | 流入量 | 全放流量 | 貯水位 | 貯水量 | 貯水率
Yamagata,山形県,温海川ダム,2026-09-15T12:30,143.33,5.87,6.66,0.582,,,100.0,,管理者名 | 河川名 | 局名 | 所在地 | 最新観測時刻 | 流入量 | 全放流量 | 貯水位 | 貯水量 | 貯水率
Yamagata,山形県,田沢川ダム,2026-09-15T12:30,129.0,4.16,1.13,4.461,,,90.1,,管理者名 | 河川名 | 局名 | 所在地 | 最新観測時刻 | 流入量 | 全放流量 | 貯水位 | 貯水量 | 貯水率
Yamagata,山形県,留山川ダム,2026-09-15T12:30,300.06,0.18,0.18,0.343,,,100.0,,管理者名 | 河川名 | 局名 | 所在地 | 最新観測時刻 | 流入量 | 全放流量 | 貯水位 | 貯水量 | 貯水率
Yamagata,山形県,白川ダム,2026-09-15T12:30,319.6,8.87,8.91,6.577,,,66.4,,管理者名 | 河川名 | 局名 | 所在地 | 最新観測時刻 | 流入量 | 全放流量 | 貯水位 | 貯水量 | 貯水率
Yamagata,山形県,白水川ダム,2026-09-15T12:30,357.46,0.54,0.45,2.493,,,95.9,,管理者名 | 河川名 | 局名 | 所在地 | 最新観測時刻 | 流入量 | 全放流量 | 貯水位 | 貯水量 | 貯水率
Yamagata,山形県,神室ダム,2026-09-15T12:30,383.26,4.5,1.2,3.114,,,95.1,,管理者名 | 河川名 | 局名 | 所在地 | 最新観測時刻 | 流入量 | 全放流量 | 貯水位 | 貯水量 | 貯水率
Yamagata,山形県,綱木川ダム,2026-09-15T12:30,456.19,1.87,1.52,3.539,,,100.0,,管理者名 | 河川名 | 局名 | 所在地 | 最新観測時刻 | 流入量 | 全放流量 | 貯水位 | 貯水量 | 貯水率
Yamagata,山形県,荒沢ダム,2026-09-15T12:30,236.45,16.43,13.28,4.847,,,28.1,,管理者名 | 河川名 | 局名 | 所在地 | 最新観測時刻 | 流入量 | 全放流量 | 貯水位 | 貯水量 | 貯水率
Yamagata,山形県,蔵王ダム,2026-09-15T12:30,593.14,1.6,1.6,1.912,,,90.2,,管理者名 | 河川名 | 局名 | 所在地 | 最新観測時刻 | 流入量 | 全放流量 | 貯水位 | 貯水量 | 貯水率
Yamagata,山形県,長井ダム,2026-09-15T12:30,365.77,6.52,6.99,20.808,,,94.3,,管理者名 | 河川名 | 局名 | 所在地 | 最新観測時刻 | 流入量 | 全放流量 | 貯水位 | 貯水量 | 貯水率
Yamagata,山形県,高坂ダム,2026-09-15T12:30,182.21,15.82,19.15,0.722,,,21.9,,管理者名 | 河川名 | 局名 | 所在地 | 最新観測時刻 | 流入量 | 全放流量 | 貯水位 | 貯水量 | 貯水率
Aomori,青森県,下湯ダム,2026-09-15T18:10,263.59,1.45,1.46,,,,,,管理者名 | 河川名 | 局名 | 所在地 | 最新観測時刻 | 流入量 | 全放流量 | 貯水位 | 平常時最高水位 | 洪水貯留準備水位 | 洪水量(※)
Aomori,青森県,世増ダム,2026-09-15T18:10,94.67,8.08,8.08,,,,,,管理者名 | 河川名 | 局名 | 所在地 | 最新観測時刻 | 流入量 | 全放流量 | 貯水位 | 平常時最高水位 | 洪水貯留準備水位 | 洪水量(※)
Aomori,青森県,久吉ダム,2026-09-15T18:10,276.63,0.74,0.75,,,,,,管理者名 | 河川名 | 局名 | 所在地 | 最新観測時刻 | 流入量 | 全放流量 | 貯水位 | 平常時最高水位 | 洪水貯留準備水位 | 洪水量(※)
Aomori,青森県,小泊ダム,2026-09-15T18:10,67.54,0.03,0.03,,,,,,管理者名 | 河川名 | 局名 | 所在地 | 最新観測時刻 | 流入量 | 全放流量 | 貯水位 | 平常時最高水位 | 洪水貯留準備水位 | 洪水量(※)
Aomori,青森県,川内ダム,2026-09-15T18:10,178.42,1.32,1.32,,,,,,管理者名 | 河川名 | 局名 | 所在地 | 最新観測時刻 | 流入量 | 全放流量 | 貯水位 | 平常時最高水位 | 洪水貯留準備水位 | 洪水量(※)
Aomori,青森県,津軽ダム,2026-09-15T18:10,195.35,4.26,4.2,,,,,,管理者名 | 河川名 | 局名 | 所在地 | 最新観測時刻 | 流入量 | 全放流量 | 貯水位 | 平常時最高水位 | 洪水貯留準備水位 | 洪水量(※)
Aomori,青森県,浅瀬石川ダム,2026-09-15T18:10,184.79,7.82,7.83,,,,,,管理者名 | 河川名 | 局名 | 所在地 | 最新観測時刻 | 流入量 | 全放流量 | 貯水位 | 平常時最高水位 | 洪水貯留準備水位 | 洪水量(※)
Aomori,青森県,浅虫ダム,2026-09-15T18:10,13.97,0.04,0.04,,,,,,管理者名 | 河川名 | 局名 | 所在地 | 最新観測時刻 | 流入量 | 全放流量 | 貯水位 | 平常時最高水位 | 洪水貯留準備水位 | 洪水量(※)
Aomori,青森県,清水目ダム,2026-09-15T18:10,108.0,0.3,0.3,,,,,,管理者名 | 河川名 | 局名 | 所在地 | 最新観測時刻 | 流入量 | 全放流量 | 貯水位 | 平常時最高水位 | 洪水貯留準備水位 | 洪水量(※)
Aomori,青森県,遠部ダム,2026-09-15T18:10,214.98,0.09,0.17,,,,,,管理者名 | 河川名 | 局名 | 所在地 | 最新観測時刻 | 流入量 | 全放流量 | 貯水位 | 平常時最高水位 | 洪水貯留準備水位 | 洪水量(※)
Aomori,青森県,飯詰ダム,2026-09-15T18:10,70.52,0.21,0.21,,,,,,管理者名 | 河川名 | 局名 | 所在地 | 最新観測時刻 | 流入量 | 全放流量 | 貯水位 | 平常時最高水位 | 洪水貯留準備水位 | 洪水量(※)
Fukui,福井県,九頭竜ダム,2026-09-15T18:10,542.72,16.08,0.01,,,,,36.2,局名 | 所在地 | 最新観測時刻 | 貯水率(利水容量) | 貯水位 | 有効貯水量 | 流入量 | 放流量 | 管理者名
Fukui,福井県,二ツ屋ダム,2026-09-15T18:10,349.76,1.66,1.66,,0.214,,,100.9,局名 | 所在地 | 最新観測時刻 | 貯水率(利水容量) | 貯水位 | 有効貯水量 | 流入量 | 放流量 | 管理者名
Fukui,福井県,吉野瀬川ダム,2026-09-15T18:10,99.86,1.26,0.72,,1.17,,,100.0,局名 | 所在地 | 最新観測時刻 | 貯水率(利水容量) | 貯水位 | 有効貯水量 | 流入量 | 放流量 | 管理者名
Fukui,福井県,大津呂ダム,2026-09-15T18:10,84.97,0.22,0.02,,0.122,,,45.0,局名 | 所在地 | 最新観測時刻 | 貯水率(利水容量) | 貯水位 | 有効貯水量 | 流入量 | 放流量 | 管理者名
Fukui,福井県,広野ダム,2026-09-15T18:10,294.29,1.6,1.59,,1.351,,,33.8,局名 | 所在地 | 最新観測時刻 | 貯水率(利水容量) | 貯水位 | 有効貯水量 | 流入量 | 放流量 | 管理者名
Fukui,福井県,桝谷ダム,2026-09-15T18:10,299.47,0.76,0.12,,3.56,,,17.9,局名 | 所在地 | 最新観測時刻 | 貯水率(利水容量) | 貯水位 | 有効貯水量 | 流入量 | 放流量 | 管理者名
Fukui,福井県,永平寺ダム,2026-09-15T18:10,319.82,0.27,0.27,,0.441,,,100.23,局名 | 所在地 | 最新観測時刻 | 貯水率(利水容量) | 貯水位 | 有効貯水量 | 流入量 | 放流量 | 管理者名
Fukui,福井県,河内川ダム,2026-09-15T18:10,184.34,0.83,0.52,,3.039,,,65.3,局名 | 所在地 | 最新観測時刻 | 貯水率(利水容量) | 貯水位 | 有効貯水量 | 流入量 | 放流量 | 管理者名
Fukui,福井県,浄土寺川ダム,2026-09-15T18:10,344.52,0.816,0.986,,0.769,,,100.0,局名 | 所在地 | 最新観測時刻 | 貯水率(利水容量) | 貯水位 | 有効貯水量 | 流入量 | 放流量 | 管理者名
Fukui,福井県,真名川ダム,2026-09-15T18:10,336.79,4.76,4.76,,,,,89.6,局名 | 所在地 | 最新観測時刻 | 貯水率(利水容量) | 貯水位 | 有効貯水量 | 流入量 | 放流量 | 管理者名
Fukui,福井県,笹生川ダム,2026-09-15T18:10,515.56,1.84,0.83,,24.516,,,59.85,局名 | 所在地 | 最新観測時刻 | 貯水率(利水容量) | 貯水位 | 有効貯水量 | 流入量 | 放流量 | 管理者名
Fukui,福井県,開谷ダム,2026-09-15T18:10,120.87,,,,0.065,,,64.4,局名 | 所在地 | 最新観測時刻 | 貯水率(利水容量) | 貯水位 | 有効貯水量 | 流入量 | 放流量 | 管理者名
Fukui,福井県,龍ヶ鼻ダム,2026-09-15T18:10,171.35,2.36,4.35,,3.578,,,75.77,局名 | 所在地 | 最新観測時刻 | 貯水率(利水容量) | 貯水位 | 有効貯水量 | 流入量 | 放流量 | 管理者名
Miyazaki,宮崎県,岩瀬ダム,2026-09-15T18:10,111.55,16.91,35.77,,,,,,河川名 | 局名 | 所在地 | 状態 | 最新観測時刻 | 貯水位 | 流入量 | 全放流量
Miyazaki,宮崎県,広渡ダム,2026-09-15T18:10,259.3,4.88,4.88,,,,,,河川名 | 局名 | 所在地 | 状態 | 最新観測時刻 | 貯水位 | 流入量 | 全放流量
Miyazaki,宮崎県,日南ダム,2026-09-15T18:00,107.33,3.26,3.5,,,,,,河川名 | 局名 | 所在地 | 状態 | 最新観測時刻 | 貯水位 | 流入量 | 全放流量
Miyazaki,宮崎県,松尾ダム,2026-09-15T18:10,195.88,24.52,31.17,,,,,,河川名 | 局名 | 所在地 | 状態 | 最新観測時刻 | 貯水位 | 流入量 | 全放流量
Miyazaki,宮崎県,沖田ダム,2026-09-15T18:10,48.29,3.93,1.01,,,,,,河川名 | 局名 | 所在地 | 状態 | 最新観測時刻 | 貯水位 | 流入量 | 全放流量
Miyazaki,宮崎県,渡川ダム,2026-09-15T18:10,290.49,6.91,13.62,,,,,,河川名 | 局名 | 所在地 | 状態 | 最新観測時刻 | 貯水位 | 流入量 | 全放流量
Miyazaki,宮崎県,瓜田ダム,2026-09-15T18:00,38.68,0.53,0.29,,,,,,河川名 | 局名 | 所在地 | 状態 | 最新観測時刻 | 貯水位 | 流入量 | 全放流量
Miyazaki,宮崎県,田代八重ダム,2026-09-15T18:00,324.08,5.06,8.91,,,,,,河川名 | 局名 | 所在地 | 状態 | 最新観測時刻 | 貯水位 | 流入量 | 全放流量
Miyazaki,宮崎県,祝子ダム,2026-09-15T18:00,303.8,12.4,6.64,,,,,,河川名 | 局名 | 所在地 | 状態 | 最新観測時刻 | 貯水位 | 流入量 | 全放流量
Miyazaki,宮崎県,立花ダム,2026-09-15T18:10,250.69,5.65,12.28,,,,,,河川名 | 局名 | 所在地 | 状態 | 最新観測時刻 | 貯水位 | 流入量 | 全放流量
Miyazaki,宮崎県,綾北ダム,2026-09-15T18:10,282.27,0.56,10.84,,,,,,河川名 | 局名 | 所在地 | 状態 | 最新観測時刻 | 貯水位 | 流入量 | 全放流量
Miyazaki,宮崎県,綾南ダム,2026-09-15T18:10,336.53,2.4,10.26,,,,,,河川名 | 局名 | 所在地 | 状態 | 最新観測時刻 | 貯水位 | 流入量 | 全放流量
Miyazaki,宮崎県,長谷ダム,2026-09-15T18:10,108.77,3.7,3.7,,,,,,河川名 | 局名 | 所在地 | 状態 | 最新観測時刻 | 貯水位 | 流入量 | 全放流量
Nara,奈良県,初瀬ダム,2026-09-15T18:10,221.66,0.27,0.27,,,,,,管理者名 | 河川名 | 局名 | 所在地 | 最新観測時刻 | 貯水位 | 貯水容量 | 空容量 | 全流入量 | 放流量
Nara,奈良県,大門ダム,2026-09-15T18:10,262.66,0.0,0.0,,,,,,管理者名 | 河川名 | 局名 | 所在地 | 最新観測時刻 | 貯水位 | 貯水容量 | 空容量 | 全流入量 | 放流量
Nara,奈良県,天理ダム,2026-09-15T18:10,253.1,0.26,0.26,,,,,,管理者名 | 河川名 | 局名 | 所在地 | 最新観測時刻 | 貯水位 | 貯水容量 | 空容量 | 全流入量 | 放流量
Nara,奈良県,岩井川ダム,2026-09-15T18:10,240.34,0.0,0.07,,,,,,管理者名 | 河川名 | 局名 | 所在地 | 最新観測時刻 | 貯水位 | 貯水容量 | 空容量 | 全流入量 | 放流量
Nara,奈良県,白川ダム,2026-09-15T18:10,111.33,0.0,0.0,,,,,,管理者名 | 河川名 | 局名 | 所在地 | 最新観測時刻 | 貯水位 | 貯水容量 | 空容量 | 全流入量 | 放流量
Niigata,新潟県,三面ダム,2026-09-15T18:00,116.32,57.92,52.98,,,,95.4,,観測所名 | 最新観測時刻 | 平常時最高貯水位(常時満水位)[m] | 貯水位[m] | 洪水時最高水位(サーチャージ水位)[m] | 貯水率[%] | 洪水流入量[m3/s] | 流入量[m3/s] | 計画高水流量[m3/s] | 全放流量[m3/s]
Niigata,新潟県,下条川ダム,2026-09-15T18:10,31.22,0.21,0.13,,,,,,観測所名 | 最新観測時刻 | 平常時最高貯水位(常時満水位)[m] | 貯水位[m] | 洪水時最高水位(サーチャージ水位)[m] | 貯水率[%] | 洪水流入量[m3/s] | 流入量[m3/s] | 計画高水流量[m3/s] | 全放流量[m3/s]
Niigata,新潟県,久知川ダム,2026-09-15T18:00,124.22,0.82,0.77,,,,100.0,,観測所名 | 最新観測時刻 | 平常時最高貯水位(常時満水位)[m] | 貯水位[m] | 洪水時最高水位(サーチャージ水位)[m] | 貯水率[%] | 洪水流入量[m3/s] | 流入量[m3/s] | 計画高水流量[m3/s] | 全放流量[m3/s]
Niigata,新潟県,内の倉ダム,2026-09-15T18:00,147.8,2.48,2.49,,,,40.9,,観測所名 | 最新観測時刻 | 平常時最高貯水位(常時満水位)[m] | 貯水位[m] | 洪水時最高水位(サーチャージ水位)[m] | 貯水率[%] | 洪水流入量[m3/s] | 流入量[m3/s] | 計画高水流量[m3/s] | 全放流量[m3/s]
Niigata,新潟県,刈谷田川ダム,2026-09-15T18:10,239.34,1.25,1.17,,,,98.2,,観測所名 | 最新観測時刻 | 平常時最高貯水位(常時満水位)[m] | 貯水位[m] | 洪水時最高水位(サーチャージ水位)[m] | 貯水率[%] | 洪水流入量[m3/s] | 流入量[m3/s] | 計画高水流量[m3/s] | 全放流量[m3/s]
Niigata,新潟県,加治川治水ダム,2026-09-15T18:00,272.4,5.8,6.29,,,,,,観測所名 | 最新観測時刻 | 平常時最高貯水位(常時満水位)[m] | 貯水位[m] | 洪水時最高水位(サーチャージ水位)[m] | 貯水率[%] | 洪水流入量[m3/s] | 流入量[m3/s] | 計画高水流量[m3/s] | 全放流量[m3/s]
Niigata,新潟県,城川ダム,2026-09-15T18:10,271.51,0.19,0.17,,,,100.0,,観測所名 | 最新観測時刻 | 平常時最高貯水位(常時満水位)[m] | 貯水位[m] | 洪水時最高水位(サーチャージ水位)[m] | 貯水率[%] | 洪水流入量[m3/s] | 流入量[m3/s] | 計画高水流量[m3/s] | 全放流量[m3/s]
Niigata,新潟県,大谷ダム,2026-09-15T18:10,191.7,1.34,1.34,,,,100.0,,観測所名 | 最新観測時刻 | 平常時最高貯水位(常時満水位)[m] | 貯水位[m] | 洪水時最高水位(サーチャージ水位)[m] | 貯水率[%] | 洪水流入量[m3/s] | 流入量[m3/s] | 計画高水流量[m3/s] | 全放流量[m3/s]
Niigata,新潟県,大野川ダム,2026-09-15T18:00,142.51,0.92,0.49,,,,100.0,,観測所名 | 最新観測時刻 | 平常時最高貯水位(常時満水位)[m] | 貯水位[m] | 洪水時最高水位(サーチャージ水位)[m] | 貯水率[%] | 洪水流入量[m3/s] | 流入量[m3/s] | 計画高水流量[m3/s] | 全放流量[m3/s]
Niigata,新潟県,奥三面ダム,2026-09-15T18:00,210.92,25.1,38.96,,,,76.5,,観測所名 | 最新観測時刻 | 平常時最高貯水位(常時満水位)[m] | 貯水位[m] | 洪水時最高水位(サーチャージ水位)[m] | 貯水率[%] | 洪水流入量[m3/s] | 流入量[m3/s] | 計画高水流量[m3/s] | 全放流量[m3/s]
Niigata,新潟県,奥胎内ダム,2026-09-15T18:00,384.0,2.54,2.54,,,,,,観測所名 | 最新観測時刻 | 平常時最高貯水位(常時満水位)[m] | 貯水位[m] | 洪水時最高水位(サーチャージ水位)[m] | 貯水率[%] | 洪水流入量[m3/s] | 流入量[m3/s] | 計画高水流量[m3/s] | 全放流量[m3/s]
Niigata,新潟県,広神ダム,2026-09-15T18:10,213.82,,1.96,,,,100.0,,観測所名 | 最新観測時刻 | 平常時最高貯水位(常時満水位)[m] | 貯水位[m] | 洪水時最高水位(サーチャージ水位)[m] | 貯水率[%] | 洪水流入量[m3/s] | 流入量[m3/s] | 計画高水流量[m3/s] | 全放流量[m3/s]
Niigata,新潟県,新保川ダム,2026-09-15T18:00,160.82,2.02,2.09,,,,100.0,,観測所名 | 最新観測時刻 | 平常時最高貯水位(常時満水位)[m] | 貯水位[m] | 洪水時最高水位(サーチャージ水位)[m] | 貯水率[%] | 洪水流入量[m3/s] | 流入量[m3/s] | 計画高水流量[m3/s] | 全放流量[m3/s]
Niigata,新潟県,早出川ダム,2026-09-15T18:00,163.77,2.99,3.1,,,,76.9,,観測所名 | 最新観測時刻 | 平常時最高貯水位(常時満水位)[m] | 貯水位[m] | 洪水時最高水位(サーチャージ水位)[m] | 貯水率[%] | 洪水流入量[m3/s] | 流入量[m3/s] | 計画高水流量[m3/s] | 全放流量[m3/s]
Niigata,新潟県,柿崎川ダム,2026-09-15T18:00,120.69,0.45,0.45,,,,100.0,,観測所名 | 最新観測時刻 | 平常時最高貯水位(常時満水位)[m] | 貯水位[m] | 洪水時最高水位(サーチャージ水位)[m] | 貯水率[%] | 洪水流入量[m3/s] | 流入量[m3/s] | 計画高水流量[m3/s] | 全放流量[m3/s]
Niigata,新潟県,正善寺ダム,2026-09-15T18:00,86.27,0.3,0.38,,,,83.9,,観測所名 | 最新観測時刻 | 平常時最高貯水位(常時満水位)[m] | 貯水位[m] | 洪水時最高水位(サーチャージ水位)[m] | 貯水率[%] | 洪水流入量[m3/s] | 流入量[m3/s] | 計画高水流量[m3/s] | 全放流量[m3/s]
Niigata,新潟県,破間川ダム,2026-09-15T18:10,429.82,2.01,2.53,,,,61.7,,観測所名 | 最新観測時刻 | 平常時最高貯水位(常時満水位)[m] | 貯水位[m] | 洪水時最高水位(サーチャージ水位)[m] | 貯水率[%] | 洪水流入量[m3/s] | 流入量[m3/s] | 計画高水流量[m3/s] | 全放流量[m3/s]
Niigata,新潟県,笠堀ダム,2026-09-15T18:10,192.39,3.13,12.62,,,,83.7,,観測所名 | 最新観測時刻 | 平常時最高貯水位(常時満水位)[m] | 貯水位[m] | 洪水時最高水位(サーチャージ水位)[m] | 貯水率[%] | 洪水流入量[m3/s] | 流入量[m3/s] | 計画高水流量[m3/s] | 全放流量[m3/s]
Niigata,新潟県,胎内川ダム,2026-09-15T18:00,287.2,5.51,5.22,,,,90.5,,観測所名 | 最新観測時刻 | 平常時最高貯水位(常時満水位)[m] | 貯水位[m] | 洪水時最高水位(サーチャージ水位)[m] | 貯水率[%] | 洪水流入量[m3/s] | 流入量[m3/s] | 計画高水流量[m3/s] | 全放流量[m3/s]
Niigata,新潟県,鯖石川ダム,2026-09-15T18:00,134.81,0.97,1.21,,,,92.7,,観測所名 | 最新観測時刻 | 平常時最高貯水位(常時満水位)[m] | 貯水位[m] | 洪水時最高水位(サーチャージ水位)[m] | 貯水率[%] | 洪水流入量[m3/s] | 流入量[m3/s] | 計画高水流量[m3/s] | 全放流量[m3/s]
Oita,大分県,北川ダム,2026-09-15T18:10,148.23,11.25,0.6,,,,37.9,,管理者名 | 河川名 | 局名 | 所在地 | 最新観測時刻 | 貯水位 | 流入量 | 貯水量 | 貯水率 | 放流量
Oita,大分県,安岐ダム,2026-09-15T18:10,153.72,0.71,0.16,0.603,,,100.0,,管理者名 | 河川名 | 局名 | 所在地 | 最新観測時刻 | 貯水位 | 流入量 | 貯水量 | 貯水率 | 放流量
Oita,大分県,床木ダム,2026-09-15T18:10,88.78,0.59,0.62,0.914,,,100.0,,管理者名 | 河川名 | 局名 | 所在地 | 最新観測時刻 | 貯水位 | 流入量 | 貯水量 | 貯水率 | 放流量
Oita,大分県,玉来ダム,2026-09-15T18:10,350.76,5.38,5.38,,,,0.1,,管理者名 | 河川名 | 局名 | 所在地 | 最新観測時刻 | 貯水位 | 流入量 | 貯水量 | 貯水率 | 放流量
Oita,大分県,稲葉ダム,2026-09-15T18:10,437.83,2.415,2.062,,,,100.9,,管理者名 | 河川名 | 局名 | 所在地 | 最新観測時刻 | 貯水位 | 流入量 | 貯水量 | 貯水率 | 放流量
Oita,大分県,芹川ダム,2026-09-15T18:10,329.02,5.35,4.1,,,,57.5,,管理者名 | 河川名 | 局名 | 所在地 | 最新観測時刻 | 貯水位 | 流入量 | 貯水量 | 貯水率 | 放流量
Oita,大分県,行入ダム,2026-09-15T18:10,122.17,0.01,0.1,0.458,,,44.4,,管理者名 | 河川名 | 局名 | 所在地 | 最新観測時刻 | 貯水位 | 流入量 | 貯水量 | 貯水率 | 放流量
Oita,大分県,野津ダム,2026-09-15T18:10,238.07,0.07,0.07,,,,100.8,,管理者名 | 河川名 | 局名 | 所在地 | 最新観測時刻 | 貯水位 | 流入量 | 貯水量 | 貯水率 | 放流量
Oita,大分県,青江ダム,2026-09-15T18:10,64.1,0.049,0.046,0.456,,,100.0,,管理者名 | 河川名 | 局名 | 所在地 | 最新観測時刻 | 貯水位 | 流入量 | 貯水量 | 貯水率 | 放流量
Oita,大分県,黒沢ダム,2026-09-15T18:10,95.6,2.88,1.55,1.175,,,100.0,,管理者名 | 河川名 | 局名 | 所在地 | 最新観測時刻 | 貯水位 | 流入量 | 貯水量 | 貯水率 | 放流量
Tokushima,徳島県,宮川内ダム,2026-09-15T18:10,129.75,1.84,0.53,,,0.62,80.52,,管理者名 | 河川名 | 局名 | 所在地 | 最新観測時刻 | 貯水位 | 総貯水量 | 全流入量 | 全放流量 | 貯水率
Tokushima,徳島県,川口ダム,2026-09-15T18:10,94.16,78.0,69.7,,,,,,管理者名 | 河川名 | 局名 | 所在地 | 最新観測時刻 | 貯水位 | 総貯水量 | 全流入量 | 全放流量 | 貯水率
Tokushima,徳島県,棚野ダム,2026-09-15T18:10,,,39.9,,,,,,管理者名 | 河川名 | 局名 | 所在地 | 最新観測時刻 | 貯水位 | 総貯水量 | 全流入量 | 全放流量 | 貯水率
Tokushima,徳島県,正木ダム,2026-09-15T18:10,167.8,29.9,31.6,,,5.595,82.87,,管理者名 | 河川名 | 局名 | 所在地 | 最新観測時刻 | 貯水位 | 総貯水量 | 全流入量 | 全放流量 | 貯水率
Tokushima,徳島県,池田ダム,2026-09-15T18:00,88.56,56.1,38.05,,,,,,管理者名 | 河川名 | 局名 | 所在地 | 最新観測時刻 | 貯水位 | 総貯水量 | 全流入量 | 全放流量 | 貯水率
Tokushima,徳島県,福井ダム,2026-09-15T18:10,43.73,1.43,0.71,,,1.33,100.0,,管理者名 | 河川名 | 局名 | 所在地 | 最新観測時刻 | 貯水位 | 総貯水量 | 全流入量 | 全放流量 | 貯水率
Tokushima,徳島県,長安口ダム,2026-09-15T18:10,222.17,54.01,59.75,,,,,,管理者名 | 河川名 | 局名 | 所在地 | 最新観測時刻 | 貯水位 | 総貯水量 | 全流入量 | 全放流量 | 貯水率
Yamagata,山形県,前川ダム,2026-09-15T18:10,257.35,0.15,0.15,1.541,,,90.6,,管理者名 | 河川名 | 局名 | 所在地 | 最新観測時刻 | 流入量 | 全放流量 | 貯水位 | 貯水量 | 貯水率
Yamagata,山形県,寒河江ダム,2026-09-15T18:10,385.82,25.48,18.7,52.44,,,94.7,,管理者名 | 河川名 | 局名 | 所在地 | 最新観測時刻 | 流入量 | 全放流量 | 貯水位 | 貯水量 | 貯水率
Yamagata,山形県,最上小国川流水型ダム,2026-09-15T18:10,277.07,3.87,3.71,0.002,,,0.0,,管理者名 | 河川名 | 局名 | 所在地 | 最新観測時刻 | 流入量 | 全放流量 | 貯水位 | 貯水量 | 貯水率
Yamagata,山形県,月光川ダム,2026-09-15T18:10,169.7,9.22,9.3,0.012,,,0.5,,管理者名 | 河川名 | 局名 | 所在地 | 最新観測時刻 | 流入量 | 全放流量 | 貯水位 | 貯水量 | 貯水率
Yamagata,山形県,月山ダム,2026-09-15T18:10,237.19,12.32,12.0,16.698,,,93.1,,管理者名 | 河川名 | 局名 | 所在地 | 最新観測時刻 | 流入量 | 全放流量 | 貯水位 | 貯水量 | 貯水率
Yamagata,山形県,木地山ダム,2026-09-15T18:10,469.61,5.06,5.0,0.879,,,16.6,,管理者名 | 河川名 | 局名 | 所在地 | 最新観測時刻 | 流入量 | 全放流量 | 貯水位 | 貯水量 | 貯水率
Yamagata,山形県,田沢川ダム,2026-09-15T18:10,129.21,3.57,1.17,4.517,,,91.3,,管理者名 | 河川名 | 局名 | 所在地 | 最新観測時刻 | 流入量 | 全放流量 | 貯水位 | 貯水量 | 貯水率
Yamagata,山形県,留山川ダム,2026-09-15T18:10,300.09,0.28,0.25,0.345,,,100.0,,管理者名 | 河川名 | 局名 | 所在地 | 最新観測時刻 | 流入量 | 全放流量 | 貯水位 | 貯水量 | 貯水率
Yamagata,山形県,白川ダム,2026-09-15T18:10,319.56,13.75,13.57,6.534,,,66.0,,管理者名 | 河川名 | 局名 | 所在地 | 最新観測時刻 | 流入量 | 全放流量 | 貯水位 | 貯水量 | 貯水率
Yamagata,山形県,白水川ダム,2026-09-15T18:10,357.6,1.36,0.45,2.521,,,97.0,,管理者名 | 河川名 | 局名 | 所在地 | 最新観測時刻 | 流入量 | 全放流量 | 貯水位 | 貯水量 | 貯水率
Yamagata,山形県,神室ダム,2026-09-15T18:10,383.5,4.17,1.2,3.186,,,97.3,,管理者名 | 河川名 | 局名 | 所在地 | 最新観測時刻 | 流入量 | 全放流量 | 貯水位 | 貯水量 | 貯水率
Yamagata,山形県,綱木川ダム,2026-09-15T18:10,456.21,1.85,1.61,3.545,,,100.0,,管理者名 | 河川名 | 局名 | 所在地 | 最新観測時刻 | 流入量 | 全放流量 | 貯水位 | 貯水量 | 貯水率
Yamagata,山形県,荒沢ダム,2026-09-15T18:10,236.79,25.77,13.42,5.175,,,30.0,,管理者名 | 河川名 | 局名 | 所在地 | 最新観測時刻 | 流入量 | 全放流量 | 貯水位 | 貯水量 | 貯水率
Yamagata,山形県,蔵王ダム,2026-09-15T18:00,593.19,2.01,1.6,1.92,,,90.6,,管理者名 | 河川名 | 局名 | 所在地 | 最新観測時刻 | 流入量 | 全放流量 | 貯水位 | 貯水量 | 貯水率
Yamagata,山形県,長井ダム,2026-09-15T18:10,365.79,7.0,6.99,20.825,,,94.3,,管理者名 | 河川名 | 局名 | 所在地 | 最新観測時刻 | 流入量 | 全放流量 | 貯水位 | 貯水量 | 貯水率
Yamagata,山形県,高坂ダム,2026-09-15T18:10,182.14,14.19,11.51,0.696,,,21.1,,管理者名 | 河川名 | 局名 | 所在地 | 最新観測時刻 | 流入量 | 全放流量 | 貯水位 | 貯水量 | 貯水率
Aomori,青森県,下湯ダム,2026-09-15T23:20,263.58,1.42,1.4,,,,,,管理者名 | 河川名 | 局名 | 所在地 | 最新観測時刻 | 流入量 | 全放流量 | 貯水位 | 平常時最高水位 | 洪水貯留準備水位 | 洪水量(※)
Aomori,青森県,世増ダム,2026-09-15T23:20,94.68,8.21,8.22,,,,,,管理者名 | 河川名 | 局名 | 所在地 | 最新観測時刻 | 流入量 | 全放流量 | 貯水位 | 平常時最高水位 | 洪水貯留準備水位 | 洪水量(※)
Aomori,青森県,久吉ダム,2026-09-15T23:20,276.62,0.72,0.72,,,,,,管理者名 | 河川名 | 局名 | 所在地 | 最新観測時刻 | 流入量 | 全放流量 | 貯水位 | 平常時最高水位 | 洪水貯留準備水位 | 洪水量(※)
Aomori,青森県,小泊ダム,2026-09-15T23:20,67.54,0.03,0.03,,,,,,管理者名 | 河川名 | 局名 | 所在地 | 最新観測時刻 | 流入量 | 全放流量 | 貯水位 | 平常時最高水位 | 洪水貯留準備水位 | 洪水量(※)
Aomori,青森県,川内ダム,2026-09-15T23:20,178.4,1.32,1.32,,,,,,管理者名 | 河川名 | 局名 | 所在地 | 最新観測時刻 | 流入量 | 全放流量 | 貯水位 | 平常時最高水位 | 洪水貯留準備水位 | 洪水量(※)
Aomori,青森県,津軽ダム,2026-09-15T23:20,195.35,4.12,4.12,,,,,,管理者名 | 河川名 | 局名 | 所在地 | 最新観測時刻 | 流入量 | 全放流量 | 貯水位 | 平常時最高水位 | 洪水貯留準備水位 | 洪水量(※)
Aomori,青森県,浅瀬石川ダム,2026-09-15T23:20,184.79,7.78,7.77,,,,,,管理者名 | 河川名 | 局名 | 所在地 | 最新観測時刻 | 流入量 | 全放流量 | 貯水位 | 平常時最高水位 | 洪水貯留準備水位 | 洪水量(※)
Aomori,青森県,浅虫ダム,2026-09-15T23:20,13.97,0.04,0.04,,,,,,管理者名 | 河川名 | 局名 | 所在地 | 最新観測時刻 | 流入量 | 全放流量 | 貯水位 | 平常時最高水位 | 洪水貯留準備水位 | 洪水量(※)
Aomori,青森県,清水目ダム,2026-09-15T23:20,108.0,0.3,0.3,,,,,,管理者名 | 河川名 | 局名 | 所在地 | 最新観測時刻 | 流入量 | 全放流量 | 貯水位 | 平常時最高水位 | 洪水貯留準備水位 | 洪水量(※)
Aomori,青森県,遠部ダム,2026-09-15T23:20,214.98,0.17,0.17,,,,,,管理者名 | 河川名 | 局名 | 所在地 | 最新観測時刻 | 流入量 | 全放流量 | 貯水位 | 平常時最高水位 | 洪水貯留準備水位 | 洪水量(※)
Aomori,青森県,飯詰ダム,2026-09-15T23:20,70.51,0.2,0.2,,,,,,管理者名 | 河川名 | 局名 | 所在地 | 最新観測時刻 | 流入量 | 全放流量 | 貯水位 | 平常時最高水位 | 洪水貯留準備水位 | 洪水量(※)
Fukui,福井県,九頭竜ダム,2026-09-15T23:20,542.79,16.08,0.01,,,,,36.4,局名 | 所在地 | 最新観測時刻 | 貯水率(利水容量) | 貯水位 | 有効貯水量 | 流入量 | 放流量 | 管理者名
Fukui,福井県,二ツ屋ダム,2026-09-15T23:20,349.76,1.66,1.66,,0.214,,,100.9,局名 | 所在地 | 最新観測時刻 | 貯水率(利水容量) | 貯水位 | 有効貯水量 | 流入量 | 放流量 | 管理者名
Fukui,福井県,吉野瀬川ダム,2026-09-15T23:20,99.88,0.97,0.76,,1.174,,,100.0,局名 | 所在地 | 最新観測時刻 | 貯水率(利水容量) | 貯水位 | 有効貯水量 | 流入量 | 放流量 | 管理者名
Fukui,福井県,大津呂ダム,2026-09-15T23:20,85.43,0.4,0.03,,0.128,,,47.1,局名 | 所在地 | 最新観測時刻 | 貯水率(利水容量) | 貯水位 | 有効貯水量 | 流入量 | 放流量 | 管理者名
Fukui,福井県,広野ダム,2026-09-15T23:20,294.29,1.6,1.58,,1.351,,,33.8,局名 | 所在地 | 最新観測時刻 | 貯水率(利水容量) | 貯水位 | 有効貯水量 | 流入量 | 放流量 | 管理者名
Fukui,福井県,桝谷ダム,2026-09-15T23:20,299.48,0.12,0.12,,3.562,,,17.9,局名 | 所在地 | 最新観測時刻 | 貯水率(利水容量) | 貯水位 | 有効貯水量 | 流入量 | 放流量 | 管理者名
Fukui,福井県,永平寺ダム,2026-09-15T23:20,319.82,0.27,0.27,,0.441,,,100.23,局名 | 所在地 | 最新観測時刻 | 貯水率(利水容量) | 貯水位 | 有効貯水量 | 流入量 | 放流量 | 管理者名
Fukui,福井県,河内川ダム,2026-09-15T23:20,184.37,0.91,0.51,,3.046,,,65.5,局名 | 所在地 | 最新観測時刻 | 貯水率(利水容量) | 貯水位 | 有効貯水量 | 流入量 | 放流量 | 管理者名
Fukui,福井県,浄土寺川ダム,2026-09-15T23:20,344.58,0.769,1.146,,0.773,,,100.0,局名 | 所在地 | 最新観測時刻 | 貯水率(利水容量) | 貯水位 | 有効貯水量 | 流入量 | 放流量 | 管理者名
Fukui,福井県,真名川ダム,2026-09-15T23:20,336.79,5.93,5.94,,,,,89.6,局名 | 所在地 | 最新観測時刻 | 貯水率(利水容量) | 貯水位 | 有効貯水量 | 流入量 | 放流量 | 管理者名
Fukui,福井県,笹生川ダム,2026-09-15T23:20,515.59,6.08,1.72,,24.563,,,59.96,局名 | 所在地 | 最新観測時刻 | 貯水率(利水容量) | 貯水位 | 有効貯水量 | 流入量 | 放流量 | 管理者名
Fukui,福井県,開谷ダム,2026-09-15T23:20,120.88,,,,0.065,,,64.4,局名 | 所在地 | 最新観測時刻 | 貯水率(利水容量) | 貯水位 | 有効貯水量 | 流入量 | 放流量 | 管理者名
Fukui,福井県,龍ヶ鼻ダム,2026-09-15T23:20,171.31,2.01,2.02,,3.567,,,75.54,局名 | 所在地 | 最新観測時刻 | 貯水率(利水容量) | 貯水位 | 有効貯水量 | 流入量 | 放流量 | 管理者名
Miyazaki,宮崎県,岩瀬ダム,2026-09-15T23:20,111.49,11.18,0.0,,,,,,河川名 | 局名 | 所在地 | 状態 | 最新観測時刻 | 貯水位 | 流入量 | 全放流量
Miyazaki,宮崎県,広渡ダム,2026-09-15T23:20,259.3,4.88,4.88,,,,,,河川名 | 局名 | 所在地 | 状態 | 最新観測時刻 | 貯水位 | 流入量 | 全放流量
Miyazaki,宮崎県,日南ダム,2026-09-15T23:00,107.33,3.26,3.49,,,,,,河川名 | 局名 | 所在地 | 状態 | 最新観測時刻 | 貯水位 | 流入量 | 全放流量
Miyazaki,宮崎県,松尾ダム,2026-09-15T23:20,195.75,11.64,31.25,,,,,,河川名 | 局名 | 所在地 | 状態 | 最新観測時刻 | 貯水位 | 流入量 | 全放流量
Miyazaki,宮崎県,沖田ダム,2026-09-15T23:20,48.46,1.89,1.6,,,,,,河川名 | 局名 | 所在地 | 状態 | 最新観測時刻 | 貯水位 | 流入量 | 全放流量
Miyazaki,宮崎県,渡川ダム,2026-09-15T23:20,290.39,8.89,13.5,,,,,,河川名 | 局名 | 所在地 | 状態 | 最新観測時刻 | 貯水位 | 流入量 | 全放流量
Miyazaki,宮崎県,瓜田ダム,2026-09-15T23:00,38.73,0.42,0.42,,,,,,河川名 | 局名 | 所在地 | 状態 | 最新観測時刻 | 貯水位 | 流入量 | 全放流量
Miyazaki,宮崎県,田代八重ダム,2026-09-15T23:00,323.86,22.08,14.0,,,,,,河川名 | 局名 | 所在地 | 状態 | 最新観測時刻 | 貯水位 | 流入量 | 全放流量
Miyazaki,宮崎県,祝子ダム,2026-09-15T23:20,304.02,7.12,6.64,,,,,,河川名 | 局名 | 所在地 | 状態 | 最新観測時刻 | 貯水位 | 流入量 | 全放流量
Miyazaki,宮崎県,立花ダム,2026-09-15T23:20,250.32,2.26,0.0,,,,,,河川名 | 局名 | 所在地 | 状態 | 最新観測時刻 | 貯水位 | 流入量 | 全放流量
Miyazaki,宮崎県,綾北ダム,2026-09-15T23:20,282.5,9.68,0.2,,,,,,河川名 | 局名 | 所在地 | 状態 | 最新観測時刻 | 貯水位 | 流入量 | 全放流量
Miyazaki,宮崎県,綾南ダム,2026-09-15T23:20,336.4,3.31,10.25,,,,,,河川名 | 局名 | 所在地 | 状態 | 最新観測時刻 | 貯水位 | 流入量 | 全放流量
Miyazaki,宮崎県,長谷ダム,2026-09-15T23:20,108.8,3.87,3.87,,,,,,河川名 | 局名 | 所在地 | 状態 | 最新観測時刻 | 貯水位 | 流入量 | 全放流量
Nara,奈良県,初瀬ダム,2026-09-15T23:20,221.69,0.31,0.31,,,,,,管理者名 | 河川名 | 局名 | 所在地 | 最新観測時刻 | 貯水位 | 貯水容量 | 空容量 | 全流入量 | 放流量
Nara,奈良県,大門ダム,2026-09-15T23:20,262.66,0.0,0.0,,,,,,管理者名 | 河川名 | 局名 | 所在地 | 最新観測時刻 | 貯水位 | 貯水容量 | 空容量 | 全流入量 | 放流量
Nara,奈良県,天理ダム,2026-09-15T23:20,253.08,0.26,0.26,,,,,,管理者名 | 河川名 | 局名 | 所在地 | 最新観測時刻 | 貯水位 | 貯水容量 | 空容量 | 全流入量 | 放流量
Nara,奈良県,岩井川ダム,2026-09-15T23:20,240.32,0.0,0.07,,,,,,管理者名 | 河川名 | 局名 | 所在地 | 最新観測時刻 | 貯水位 | 貯水容量 | 空容量 | 全流入量 | 放流量
Nara,奈良県,白川ダム,2026-09-15T23:20,111.33,0.0,0.0,,,,,,管理者名 | 河川名 | 局名 | 所在地 | 最新観測時刻 | 貯水位 | 貯水容量 | 空容量 | 全流入量 | 放流量
Niigata,新潟県,三面ダム,2026-09-15T23:10,116.13,23.82,26.44,,,,94.1,,観測所名 | 最新観測時刻 | 平常時最高貯水位(常時満水位)[m] | 貯水位[m] | 洪水時最高水位(サーチャージ水位)[m] | 貯水率[%] | 洪水流入量[m3/s] | 流入量[m3/s] | 計画高水流量[m3/s] | 全放流量[m3/s]
Niigata,新潟県,下条川ダム,2026-09-15T23:20,31.24,0.22,0.39,,,,,,観測所名 | 最新観測時刻 | 平常時最高貯水位(常時満水位)[m] | 貯水位[m] | 洪水時最高水位(サーチャージ水位)[m] | 貯水率[%] | 洪水流入量[m3/s] | 流入量[m3/s] | 計画高水流量[m3/s] | 全放流量[m3/s]
Niigata,新潟県,久知川ダム,2026-09-15T23:10,124.19,0.75,0.71,,,,100.0,,観測所名 | 最新観測時刻 | 平常時最高貯水位(常時満水位)[m] | 貯水位[m] | 洪水時最高水位(サーチャージ水位)[m] | 貯水率[%] | 洪水流入量[m3/s] | 流入量[m3/s] | 計画高水流量[m3/s] | 全放流量[m3/s]
Niigata,新潟県,内の倉ダム,2026-09-15T23:20,147.81,4.09,2.48,,,,41.0,,観測所名 | 最新観測時刻 | 平常時最高貯水位(常時満水位)[m] | 貯水位[m] | 洪水時最高水位(サーチャージ水位)[m] | 貯水率[%] | 洪水流入量[m3/s] | 流入量[m3/s] | 計画高水流量[m3/s] | 全放流量[m3/s]
Niigata,新潟県,刈谷田川ダム,2026-09-15T23:20,239.36,1.54,1.55,,,,98.6,,観測所名 | 最新観測時刻 | 平常時最高貯水位(常時満水位)[m] | 貯水位[m] | 洪水時最高水位(サーチャージ水位)[m] | 貯水率[%] | 洪水流入量[m3/s] | 流入量[m3/s] | 計画高水流量[m3/s] | 全放流量[m3/s]
Niigata,新潟県,加治川治水ダム,2026-09-15T23:20,272.02,1.66,6.26,,,,,,観測所名 | 最新観測時刻 | 平常時最高貯水位(常時満水位)[m] | 貯水位[m] | 洪水時最高水位(サーチャージ水位)[m] | 貯水率[%] | 洪水流入量[m3/s] | 流入量[m3/s] | 計画高水流量[m3/s] | 全放流量[m3/s]
Niigata,新潟県,城川ダム,2026-09-15T23:20,271.54,0.27,0.24,,,,100.0,,観測所名 | 最新観測時刻 | 平常時最高貯水位(常時満水位)[m] | 貯水位[m] | 洪水時最高水位(サーチャージ水位)[m] | 貯水率[%] | 洪水流入量[m3/s] | 流入量[m3/s] | 計画高水流量[m3/s] | 全放流量[m3/s]
Niigata,新潟県,大谷ダム,2026-09-15T23:20,191.7,3.01,1.36,,,,100.0,,観測所名 | 最新観測時刻 | 平常時最高貯水位(常時満水位)[m] | 貯水位[m] | 洪水時最高水位(サーチャージ水位)[m] | 貯水率[%] | 洪水流入量[m3/s] | 流入量[m3/s] | 計画高水流量[m3/s] | 全放流量[m3/s]
Niigata,新潟県,大野川ダム,2026-09-15T23:10,142.57,0.71,0.49,,,,100.0,,観測所名 | 最新観測時刻 | 平常時最高貯水位(常時満水位)[m] | 貯水位[m] | 洪水時最高水位(サーチャージ水位)[m] | 貯水率[%] | 洪水流入量[m3/s] | 流入量[m3/s] | 計画高水流量[m3/s] | 全放流量[m3/s]
Niigata,新潟県,奥三面ダム,2026-09-15T23:10,210.92,21.47,0.71,,,,76.5,,観測所名 | 最新観測時刻 | 平常時最高貯水位(常時満水位)[m] | 貯水位[m] | 洪水時最高水位(サーチャージ水位)[m] | 貯水率[%] | 洪水流入量[m3/s] | 流入量[m3/s] | 計画高水流量[m3/s] | 全放流量[m3/s]
Niigata,新潟県,奥胎内ダム,2026-09-15T23:20,384.01,3.04,3.34,,,,,,観測所名 | 最新観測時刻 | 平常時最高貯水位(常時満水位)[m] | 貯水位[m] | 洪水時最高水位(サーチャージ水位)[m] | 貯水率[%] | 洪水流入量[m3/s] | 流入量[m3/s] | 計画高水流量[m3/s] | 全放流量[m3/s]
Niigata,新潟県,広神ダム,2026-09-15T23:20,213.82,1.66,1.95,,,,100.0,,観測所名 | 最新観測時刻 | 平常時最高貯水位(常時満水位)[m] | 貯水位[m] | 洪水時最高水位(サーチャージ水位)[m] | 貯水率[%] | 洪水流入量[m3/s] | 流入量[m3/s] | 計画高水流量[m3/s] | 全放流量[m3/s]
Niigata,新潟県,新保川ダム,2026-09-15T23:10,160.76,1.72,1.78,,,,100.0,,観測所名 | 最新観測時刻 | 平常時最高貯水位(常時満水位)[m] | 貯水位[m] | 洪水時最高水位(サーチャージ水位)[m] | 貯水率[%] | 洪水流入量[m3/s] | 流入量[m3/s] | 計画高水流量[m3/s] | 全放流量[m3/s]
Niigata,新潟県,早出川ダム,2026-09-15T23:10,163.78,3.11,3.12,,,,77.0,,観測所名 | 最新観測時刻 | 平常時最高貯水位(常時満水位)[m] | 貯水位[m] | 洪水時最高水位(サーチャージ水位)[m] | 貯水率[%] | 洪水流入量[m3/s] | 流入量[m3/s] | 計画高水流量[m3/s] | 全放流量[m3/s]
Niigata,新潟県,柿崎川ダム,2026-09-15T23:10,120.69,0.45,0.45,,,,100.0,,観測所名 | 最新観測時刻 | 平常時最高貯水位(常時満水位)[m] | 貯水位[m] | 洪水時最高水位(サーチャージ水位)[m] | 貯水率[%] | 洪水流入量[m3/s] | 流入量[m3/s] | 計画高水流量[m3/s] | 全放流量[m3/s]
Niigata,新潟県,正善寺ダム,2026-09-15T23:10,86.29,0.53,0.21,,,,84.0,,観測所名 | 最新観測時刻 | 平常時最高貯水位(常時満水位)[m] | 貯水位[m] | 洪水時最高水位(サーチャージ水位)[m] | 貯水率[%] | 洪水流入量[m3/s] | 流入量[m3/s] | 計画高水流量[m3/s] | 全放流量[m3/s]
Niigata,新潟県,破間川ダム,2026-09-15T23:20,429.8,1.99,2.54,,,,61.1,,観測所名 | 最新観測時刻 | 平常時最高貯水位(常時満水位)[m] | 貯水位[m] | 洪水時最高水位(サーチャージ水位)[m] | 貯水率[%] | 洪水流入量[m3/s] | 流入量[m3/s] | 計画高水流量[m3/s] | 全放流量[m3/s]
Niigata,新潟県,笠堀ダム,2026-09-15T23:20,192.29,7.7,7.58,,,,83.0,,観測所名 | 最新観測時刻 | 平常時最高貯水位(常時満水位)[m] | 貯水位[m] | 洪水時最高水位(サーチャージ水位)[m] | 貯水率[%] | 洪水流入量[m3/s] | 流入量[m3/s] | 計画高水流量[m3/s] | 全放流量[m3/s]
Niigata,新潟県,胎内川ダム,2026-09-15T23:20,287.24,6.36,5.22,,,,91.0,,観測所名 | 最新観測時刻 | 平常時最高貯水位(常時満水位)[m] | 貯水位[m] | 洪水時最高水位(サーチャージ水位)[m] | 貯水率[%] | 洪水流入量[m3/s] | 流入量[m3/s] | 計画高水流量[m3/s] | 全放流量[m3/s]
Niigata,新潟県,鯖石川ダム,2026-09-15T23:10,134.81,1.27,1.59,,,,92.7,,観測所名 | 最新観測時刻 | 平常時最高貯水位(常時満水位)[m] | 貯水位[m] | 洪水時最高水位(サーチャージ水位)[m] | 貯水率[%] | 洪水流入量[m3/s] | 流入量[m3/s] | 計画高水流量[m3/s] | 全放流量[m3/s]
Oita,大分県,北川ダム,2026-09-15T23:20,148.28,11.66,0.6,,,,38.1,,管理者名 | 河川名 | 局名 | 所在地 | 最新観測時刻 | 貯水位 | 流入量 | 貯水量 | 貯水率 | 放流量
Oita,大分県,安岐ダム,2026-09-15T23:20,153.72,0.71,0.16,0.603,,,100.0,,管理者名 | 河川名 | 局名 | 所在地 | 最新観測時刻 | 貯水位 | 流入量 | 貯水量 | 貯水率 | 放流量
Oita,大分県,床木ダム,2026-09-15T23:20,88.77,0.55,0.59,0.913,,,100.0,,管理者名 | 河川名 | 局名 | 所在地 | 最新観測時刻 | 貯水位 | 流入量 | 貯水量 | 貯水率 | 放流量
Oita,大分県,玉来ダム,2026-09-15T23:20,350.76,5.38,5.38,,,,0.1,,管理者名 | 河川名 | 局名 | 所在地 | 最新観測時刻 | 貯水位 | 流入量 | 貯水量 | 貯水率 | 放流量
Oita,大分県,稲葉ダム,2026-09-15T23:20,437.84,2.227,2.475,,,,101.2,,管理者名 | 河川名 | 局名 | 所在地 | 最新観測時刻 | 貯水位 | 流入量 | 貯水量 | 貯水率 | 放流量
Oita,大分県,芹川ダム,2026-09-15T23:20,329.04,5.17,4.1,,,,57.6,,管理者名 | 河川名 | 局名 | 所在地 | 最新観測時刻 | 貯水位 | 流入量 | 貯水量 | 貯水率 | 放流量
Oita,大分県,行入ダム,2026-09-15T23:20,122.14,0.0,0.1,0.456,,,44.2,,管理者名 | 河川名 | 局名 | 所在地 | 最新観測時刻 | 貯水位 | 流入量 | 貯水量 | 貯水率 | 放流量
Oita,大分県,野津ダム,2026-09-15T23:20,238.07,0.07,0.07,,,,100.8,,管理者名 | 河川名 | 局名 | 所在地 | 最新観測時刻 | 貯水位 | 流入量 | 貯水量 | 貯水率 | 放流量
Oita,大分県,青江ダム,2026-09-15T23:20,64.1,0.049,0.046,0.456,,,100.0,,管理者名 | 河川名 | 局名 | 所在地 | 最新観測時刻 | 貯水位 | 流入量 | 貯水量 | 貯水率 | 放流量
Oita,大分県,黒沢ダム,2026-09-15T23:20,95.61,2.26,1.61,1.176,,,100.0,,管理者名 | 河川名 | 局名 | 所在地 | 最新観測時刻 | 貯水位 | 流入量 | 貯水量 | 貯水率 | 放流量
Tokushima,徳島県,宮川内ダム,2026-09-15T23:20,129.83,0.53,0.53,,,0.626,81.3,,管理者名 | 河川名 | 局名 | 所在地 | 最新観測時刻 | 貯水位 | 総貯水量 | 全流入量 | 全放流量 | 貯水率
Tokushima,徳島県,川口ダム,2026-09-15T23:20,94.34,73.1,69.7,,,,,,管理者名 | 河川名 | 局名 | 所在地 | 最新観測時刻 | 貯水位 | 総貯水量 | 全流入量 | 全放流量 | 貯水率
Tokushima,徳島県,棚野ダム,2026-09-15T23:20,,,24.1,,,,,,管理者名 | 河川名 | 局名 | 所在地 | 最新観測時刻 | 貯水位 | 総貯水量 | 全流入量 | 全放流量 | 貯水率
Tokushima,徳島県,正木ダム,2026-09-15T23:20,167.57,14.8,14.4,,,5.507,80.35,,管理者名 | 河川名 | 局名 | 所在地 | 最新観測時刻 | 貯水位 | 総貯水量 | 全流入量 | 全放流量 | 貯水率
Tokushima,徳島県,池田ダム,2026-09-15T23:20,88.59,38.02,38.12,,,,,,管理者名 | 河川名 | 局名 | 所在地 | 最新観測時刻 | 貯水位 | 総貯水量 | 全流入量 | 全放流量 | 貯水率
Tokushima,徳島県,福井ダム,2026-09-15T23:20,43.79,1.27,0.97,,,1.34,100.0,,管理者名 | 河川名 | 局名 | 所在地 | 最新観測時刻 | 貯水位 | 総貯水量 | 全流入量 | 全放流量 | 貯水率
Tokushima,徳島県,長安口ダム,2026-09-15T23:20,222.07,42.55,59.74,,,,,,管理者名 | 河川名 | 局名 | 所在地 | 最新観測時刻 | 貯水位 | 総貯水量 | 全流入量 | 全放流量 | 貯水率
Yamagata,山形県,前川ダム,2026-09-15T23:20,257.35,0.15,0.15,1.541,,,90.6,,管理者名 | 河川名 | 局名 | 所在地 | 最新観測時刻 | 流入量 | 全放流量 | 貯水位 | 貯水量 | 貯水率
Yamagata,山形県,寒河江ダム,2026-09-15T23:20,385.91,21.79,0.86,52.658,,,95.1,,管理者名 | 河川名 | 局名 | 所在地 | 最新観測時刻 | 流入量 | 全放流量 | 貯水位 | 貯水量 | 貯水率
Yamagata,山形県,最上小国川流水型ダム,2026-09-15T23:20,277.02,2.9,2.9,0.002,,,0.0,,管理者名 | 河川名 | 局名 | 所在地 | 最新観測時刻 | 流入量 | 全放流量 | 貯水位 | 貯水量 | 貯水率
Yamagata,山形県,月光川ダム,2026-09-15T23:20,169.63,8.52,8.46,0.011,,,0.4,,管理者名 | 河川名 | 局名 | 所在地 | 最新観測時刻 | 流入量 | 全放流量 | 貯水位 | 貯水量 | 貯水率
Yamagata,山形県,月山ダム,2026-09-15T23:20,237.16,8.37,7.9,16.671,,,93.0,,管理者名 | 河川名 | 局名 | 所在地 | 最新観測時刻 | 流入量 | 全放流量 | 貯水位 | 貯水量 | 貯水率
Yamagata,山形県,木地山ダム,2026-09-15T23:20,469.61,5.03,5.1,0.879,,,16.6,,管理者名 | 河川名 | 局名 | 所在地 | 最新観測時刻 | 流入量 | 全放流量 | 貯水位 | 貯水量 | 貯水率
Yamagata,山形県,田沢川ダム,2026-09-15T23:20,129.35,2.98,1.17,4.555,,,92.0,,管理者名 | 河川名 | 局名 | 所在地 | 最新観測時刻 | 流入量 | 全放流量 | 貯水位 | 貯水量 | 貯水率
Yamagata,山形県,留山川ダム,2026-09-15T23:20,300.09,0.25,0.25,0.345,,,100.0,,管理者名 | 河川名 | 局名 | 所在地 | 最新観測時刻 | 流入量 | 全放流量 | 貯水位 | 貯水量 | 貯水率
Yamagata,山形県,白川ダム,2026-09-15T23:20,319.56,13.89,13.68,6.534,,,66.0,,管理者名 | 河川名 | 局名 | 所在地 | 最新観測時刻 | 流入量 | 全放流量 | 貯水位 | 貯水量 | 貯水率
Yamagata,山形県,白水川ダム,2026-09-15T23:20,357.65,1.01,0.45,2.531,,,97.3,,管理者名 | 河川名 | 局名 | 所在地 | 最新観測時刻 | 流入量 | 全放流量 | 貯水位 | 貯水量 | 貯水率
Yamagata,山形県,神室ダム,2026-09-15T23:20,383.67,3.27,1.2,3.236,,,98.8,,管理者名 | 河川名 | 局名 | 所在地 | 最新観測時刻 | 流入量 | 全放流量 | 貯水位 | 貯水量 | 貯水率
Yamagata,山形県,綱木川ダム,2026-09-15T23:20,456.22,1.87,1.65,3.548,,,100.0,,管理者名 | 河川名 | 局名 | 所在地 | 最新観測時刻 | 流入量 | 全放流量 | 貯水位 | 貯水量 | 貯水率
Yamagata,山形県,荒沢ダム,2026-09-15T23:20,237.0,23.54,13.5,5.377,,,31.2,,管理者名 | 河川名 | 局名 | 所在地 | 最新観測時刻 | 流入量 | 全放流量 | 貯水位 | 貯水量 | 貯水率
Yamagata,山形県,蔵王ダム,2026-09-15T23:20,593.21,2.01,1.6,1.923,,,90.7,,管理者名 | 河川名 | 局名 | 所在地 | 最新観測時刻 | 流入量 | 全放流量 | 貯水位 | 貯水量 | 貯水率
Yamagata,山形県,長井ダム,2026-09-15T23:20,365.8,6.99,7.09,20.833,,,94.4,,管理者名 | 河川名 | 局名 | 所在地 | 最新観測時刻 | 流入量 | 全放流量 | 貯水位 | 貯水量 | 貯水率
Yamagata,山形県,高坂ダム,2026-09-15T23:20,182.22,12.56,11.53,0.726,,,22.0,,管理者名 | 河川名 | 局名 | 所在地 | 最新観測時刻 | 流入量 | 全放流量 | 貯水位 | 貯水量 | 貯水率
Aomori,青森県,下湯ダム,2026-09-16T03:20,263.58,1.42,1.43,,,,,,管理者名 | 河川名 | 局名 | 所在地 | 最新観測時刻 | 流入量 | 全放流量 | 貯水位 | 平常時最高水位 | 洪水貯留準備水位 | 洪水量(※)
Aomori,青森県,世増ダム,2026-09-16T03:20,94.68,8.21,8.23,,,,,,管理者名 | 河川名 | 局名 | 所在地 | 最新観測時刻 | 流入量 | 全放流量 | 貯水位 | 平常時最高水位 | 洪水貯留準備水位 | 洪水量(※)
Aomori,青森県,久吉ダム,2026-09-16T03:20,276.61,0.71,0.75,,,,,,管理者名 | 河川名 | 局名 | 所在地 | 最新観測時刻 | 流入量 | 全放流量 | 貯水位 | 平常時最高水位 | 洪水貯留準備水位 | 洪水量(※)
Aomori,青森県,小泊ダム,2026-09-16T03:20,67.54,0.03,0.03,,,,,,管理者名 | 河川名 | 局名 | 所在地 | 最新観測時刻 | 流入量 | 全放流量 | 貯水位 | 平常時最高水位 | 洪水貯留準備水位 | 洪水量(※)
Aomori,青森県,川内ダム,2026-09-16T03:20,178.39,1.32,1.32,,,,,,管理者名 | 河川名 | 局名 | 所在地 | 最新観測時刻 | 流入量 | 全放流量 | 貯水位 | 平常時最高水位 | 洪水貯留準備水位 | 洪水量(※)
Aomori,青森県,津軽ダム,2026-09-16T03:20,195.35,4.13,4.13,,,,,,管理者名 | 河川名 | 局名 | 所在地 | 最新観測時刻 | 流入量 | 全放流量 | 貯水位 | 平常時最高水位 | 洪水貯留準備水位 | 洪水量(※)
Aomori,青森県,浅瀬石川ダム,2026-09-16T03:20,184.8,7.79,7.82,,,,,,管理者名 | 河川名 | 局名 | 所在地 | 最新観測時刻 | 流入量 | 全放流量 | 貯水位 | 平常時最高水位 | 洪水貯留準備水位 | 洪水量(※)
Aomori,青森県,浅虫ダム,2026-09-16T03:20,13.97,0.04,0.04,,,,,,管理者名 | 河川名 | 局名 | 所在地 | 最新観測時刻 | 流入量 | 全放流量 | 貯水位 | 平常時最高水位 | 洪水貯留準備水位 | 洪水量(※)
Aomori,青森県,清水目ダム,2026-09-16T03:20,108.0,0.3,0.3,,,,,,管理者名 | 河川名 | 局名 | 所在地 | 最新観測時刻 | 流入量 | 全放流量 | 貯水位 | 平常時最高水位 | 洪水貯留準備水位 | 洪水量(※)
Aomori,青森県,遠部ダム,2026-09-16T03:20,214.97,0.08,0.15,,,,,,管理者名 | 河川名 | 局名 | 所在地 | 最新観測時刻 | 流入量 | 全放流量 | 貯水位 | 平常時最高水位 | 洪水貯留準備水位 | 洪水量(※)
Aomori,青森県,飯詰ダム,2026-09-16T03:20,70.51,0.2,0.2,,,,,,管理者名 | 河川名 | 局名 | 所在地 | 最新観測時刻 | 流入量 | 全放流量 | 貯水位 | 平常時最高水位 | 洪水貯留準備水位 | 洪水量(※)
Fukui,福井県,九頭竜ダム,2026-09-16T03:20,542.85,16.08,0.01,,,,,36.6,局名 | 所在地 | 最新観測時刻 | 貯水率(利水容量) | 貯水位 | 有効貯水量 | 流入量 | 放流量 | 管理者名
Fukui,福井県,二ツ屋ダム,2026-09-16T03:20,349.76,1.66,1.66,,0.214,,,100.9,局名 | 所在地 | 最新観測時刻 | 貯水率(利水容量) | 貯水位 | 有効貯水量 | 流入量 | 放流量 | 管理者名
Fukui,福井県,吉野瀬川ダム,2026-09-16T03:20,99.88,0.97,0.76,,1.174,,,100.0,局名 | 所在地 | 最新観測時刻 | 貯水率(利水容量) | 貯水位 | 有効貯水量 | 流入量 | 放流量 | 管理者名
Fukui,福井県,大津呂ダム,2026-09-16T03:20,85.78,0.31,0.03,,0.132,,,48.8,局名 | 所在地 | 最新観測時刻 | 貯水率(利水容量) | 貯水位 | 有効貯水量 | 流入量 | 放流量 | 管理者名
Fukui,福井県,広野ダム,2026-09-16T03:10,294.32,2.2,1.6,,1.357,,,34.0,局名 | 所在地 | 最新観測時刻 | 貯水率(利水容量) | 貯水位 | 有効貯水量 | 流入量 | 放流量 | 管理者名
Fukui,福井県,桝谷ダム,2026-09-16T03:20,299.49,0.12,0.12,,3.564,,,17.9,局名 | 所在地 | 最新観測時刻 | 貯水率(利水容量) | 貯水位 | 有効貯水量 | 流入量 | 放流量 | 管理者名
Fukui,福井県,永平寺ダム,2026-09-16T03:20,319.82,0.27,0.27,,0.441,,,100.23,局名 | 所在地 | 最新観測時刻 | 貯水率(利水容量) | 貯水位 | 有効貯水量 | 流入量 | 放流量 | 管理者名
Fukui,福井県,河内川ダム,2026-09-16T03:20,184.4,0.95,0.51,,3.053,,,65.6,局名 | 所在地 | 最新観測時刻 | 貯水率(利水容量) | 貯水位 | 有効貯水量 | 流入量 | 放流量 | 管理者名
Fukui,福井県,浄土寺川ダム,2026-09-16T03:20,344.52,0.683,0.184,,0.769,,,100.0,局名 | 所在地 | 最新観測時刻 | 貯水率(利水容量) | 貯水位 | 有効貯水量 | 流入量 | 放流量 | 管理者名
Fukui,福井県,真名川ダム,2026-09-16T03:20,336.78,4.48,5.94,,,,,89.4,局名 | 所在地 | 最新観測時刻 | 貯水率(利水容量) | 貯水位 | 有効貯水量 | 流入量 | 放流量 | 管理者名
Fukui,福井県,笹生川ダム,2026-09-16T03:20,515.61,1.72,1.72,,24.594,,,60.04,局名 | 所在地 | 最新観測時刻 | 貯水率(利水容量) | 貯水位 | 有効貯水量 | 流入量 | 放流量 | 管理者名
Fukui,福井県,開谷ダム,2026-09-16T03:20,120.89,,,,0.065,,,64.4,局名 | 所在地 | 最新観測時刻 | 貯水率(利水容量) | 貯水位 | 有効貯水量 | 流入量 | 放流量 | 管理者名
Fukui,福井県,龍ヶ鼻ダム,2026-09-16T03:20,171.31,2.01,2.0,,3.567,,,75.54,局名 | 所在地 | 最新観測時刻 | 貯水率(利水容量) | 貯水位 | 有効貯水量 | 流入量 | 放流量 | 管理者名
Miyazaki,宮崎県,岩瀬ダム,2026-09-16T03:20,111.6,7.34,35.71,,,,,,河川名 | 局名 | 所在地 | 状態 | 最新観測時刻 | 貯水位 | 流入量 | 全放流量
Miyazaki,宮崎県,広渡ダム,2026-09-16T03:20,259.3,4.88,4.88,,,,,,河川名 | 局名 | 所在地 | 状態 | 最新観測時刻 | 貯水位 | 流入量 | 全放流量
Miyazaki,宮崎県,日南ダム,2026-09-16T03:00,107.33,3.5,3.52,,,,,,河川名 | 局名 | 所在地 | 状態 | 最新観測時刻 | 貯水位 | 流入量 | 全放流量
Miyazaki,宮崎県,松尾ダム,2026-09-16T03:10,195.8,29.44,17.79,,,,,,河川名 | 局名 | 所在地 | 状態 | 最新観測時刻 | 貯水位 | 流入量 | 全放流量
Miyazaki,宮崎県,沖田ダム,2026-09-16T03:20,48.46,1.89,1.6,,,,,,河川名 | 局名 | 所在地 | 状態 | 最新観測時刻 | 貯水位 | 流入量 | 全放流量
Miyazaki,宮崎県,渡川ダム,2026-09-16T03:20,290.3,7.32,13.52,,,,,,河川名 | 局名 | 所在地 | 状態 | 最新観測時刻 | 貯水位 | 流入量 | 全放流量
Miyazaki,宮崎県,瓜田ダム,2026-09-16T03:00,38.72,0.4,0.4,,,,,,河川名 | 局名 | 所在地 | 状態 | 最新観測時刻 | 貯水位 | 流入量 | 全放流量
Miyazaki,宮崎県,田代八重ダム,2026-09-16T03:00,323.99,16.79,14.0,,,,,,河川名 | 局名 | 所在地 | 状態 | 最新観測時刻 | 貯水位 | 流入量 | 全放流量
Miyazaki,宮崎県,祝子ダム,2026-09-16T03:10,303.95,5.81,6.64,,,,,,河川名 | 局名 | 所在地 | 状態 | 最新観測時刻 | 貯水位 | 流入量 | 全放流量
Miyazaki,宮崎県,立花ダム,2026-09-16T03:20,250.5,1.7,0.0,,,,,,河川名 | 局名 | 所在地 | 状態 | 最新観測時刻 | 貯水位 | 流入量 | 全放流量
Miyazaki,宮崎県,綾北ダム,2026-09-16T03:20,282.84,20.1,0.2,,,,,,河川名 | 局名 | 所在地 | 状態 | 最新観測時刻 | 貯水位 | 流入量 | 全放流量
Miyazaki,宮崎県,綾南ダム,2026-09-16T03:20,336.33,4.44,10.25,,,,,,河川名 | 局名 | 所在地 | 状態 | 最新観測時刻 | 貯水位 | 流入量 | 全放流量
Miyazaki,宮崎県,長谷ダム,2026-09-16T03:20,108.79,3.87,3.81,,,,,,河川名 | 局名 | 所在地 | 状態 | 最新観測時刻 | 貯水位 | 流入量 | 全放流量
Nara,奈良県,初瀬ダム,2026-09-16T03:20,221.7,0.57,0.32,,,,,,管理者名 | 河川名 | 局名 | 所在地 | 最新観測時刻 | 貯水位 | 貯水容量 | 空容量 | 全流入量 | 放流量
Nara,奈良県,大門ダム,2026-09-16T03:20,262.66,0.0,0.0,,,,,,管理者名 | 河川名 | 局名 | 所在地 | 最新観測時刻 | 貯水位 | 貯水容量 | 空容量 | 全流入量 | 放流量
Nara,奈良県,天理ダム,2026-09-16T03:20,253.06,0.09,0.26,,,,,,管理者名 | 河川名 | 局名 | 所在地 | 最新観測時刻 | 貯水位 | 貯水容量 | 空容量 | 全流入量 | 放流量
Nara,奈良県,岩井川ダム,2026-09-16T03:20,240.3,0.0,0.07,,,,,,管理者名 | 河川名 | 局名 | 所在地 | 最新観測時刻 | 貯水位 | 貯水容量 | 空容量 | 全流入量 | 放流量
Nara,奈良県,白川ダム,2026-09-16T03:20,111.33,0.0,0.0,,,,,,管理者名 | 河川名 | 局名 | 所在地 | 最新観測時刻 | 貯水位 | 貯水容量 | 空容量 | 全流入量 | 放流量
Niigata,新潟県,三面ダム,2026-09-16T03:10,116.04,5.06,15.49,,,,93.5,,観測所名 | 最新観測時刻 | 平常時最高貯水位(常時満水位)[m] | 貯水位[m] | 洪水時最高水位(サーチャージ水位)[m] | 貯水率[%] | 洪水流入量[m3/s] | 流入量[m3/s] | 計画高水流量[m3/s] | 全放流量[m3/s]
Niigata,新潟県,下条川ダム,2026-09-16T03:20,31.22,0.33,0.39,,,,,,観測所名 | 最新観測時刻 | 平常時最高貯水位(常時満水位)[m] | 貯水位[m] | 洪水時最高水位(サーチャージ水位)[m] | 貯水率[%] | 洪水流入量[m3/s] | 流入量[m3/s] | 計画高水流量[m3/s] | 全放流量[m3/s]
Niigata,新潟県,久知川ダム,2026-09-16T03:10,124.16,0.51,0.65,,,,100.0,,観測所名 | 最新観測時刻 | 平常時最高貯水位(常時満水位)[m] | 貯水位[m] | 洪水時最高水位(サーチャージ水位)[m] | 貯水率[%] | 洪水流入量[m3/s] | 流入量[m3/s] | 計画高水流量[m3/s] | 全放流量[m3/s]
Niigata,新潟県,内の倉ダム,2026-09-16T03:10,147.86,4.58,2.5,,,,41.1,,観測所名 | 最新観測時刻 | 平常時最高貯水位(常時満水位)[m] | 貯水位[m] | 洪水時最高水位(サーチャージ水位)[m] | 貯水率[%] | 洪水流入量[m3/s] | 流入量[m3/s] | 計画高水流量[m3/s] | 全放流量[m3/s]
Niigata,新潟県,刈谷田川ダム,2026-09-16T03:20,239.34,1.65,2.02,,,,98.2,,観測所名 | 最新観測時刻 | 平常時最高貯水位(常時満水位)[m] | 貯水位[m] | 洪水時最高水位(サーチャージ水位)[m] | 貯水率[%] | 洪水流入量[m3/s] | 流入量[m3/s] | 計画高水流量[m3/s] | 全放流量[m3/s]
Niigata,新潟県,加治川治水ダム,2026-09-16T03:10,272.42,8.59,6.29,,,,,,観測所名 | 最新観測時刻 | 平常時最高貯水位(常時満水位)[m] | 貯水位[m] | 洪水時最高水位(サーチャージ水位)[m] | 貯水率[%] | 洪水流入量[m3/s] | 流入量[m3/s] | 計画高水流量[m3/s] | 全放流量[m3/s]
Niigata,新潟県,城川ダム,2026-09-16T03:10,271.54,0.23,0.24,,,,100.0,,観測所名 | 最新観測時刻 | 平常時最高貯水位(常時満水位)[m] | 貯水位[m] | 洪水時最高水位(サーチャージ水位)[m] | 貯水率[%] | 洪水流入量[m3/s] | 流入量[m3/s] | 計画高水流量[m3/s] | 全放流量[m3/s]
Niigata,新潟県,大谷ダム,2026-09-16T03:20,191.72,1.61,1.44,,,,100.0,,観測所名 | 最新観測時刻 | 平常時最高貯水位(常時満水位)[m] | 貯水位[m] | 洪水時最高水位(サーチャージ水位)[m] | 貯水率[%] | 洪水流入量[m3/s] | 流入量[m3/s] | 計画高水流量[m3/s] | 全放流量[m3/s]
Niigata,新潟県,大野川ダム,2026-09-16T03:10,142.6,0.71,0.49,,,,100.0,,観測所名 | 最新観測時刻 | 平常時最高貯水位(常時満水位)[m] | 貯水位[m] | 洪水時最高水位(サーチャージ水位)[m] | 貯水率[%] | 洪水流入量[m3/s] | 流入量[m3/s] | 計画高水流量[m3/s] | 全放流量[m3/s]
Niigata,新潟県,奥三面ダム,2026-09-16T03:10,211.13,36.49,0.72,,,,77.5,,観測所名 | 最新観測時刻 | 平常時最高貯水位(常時満水位)[m] | 貯水位[m] | 洪水時最高水位(サーチャージ水位)[m] | 貯水率[%] | 洪水流入量[m3/s] | 流入量[m3/s] | 計画高水流量[m3/s] | 全放流量[m3/s]
Niigata,新潟県,奥胎内ダム,2026-09-16T03:10,383.99,4.26,3.97,,,,,,観測所名 | 最新観測時刻 | 平常時最高貯水位(常時満水位)[m] | 貯水位[m] | 洪水時最高水位(サーチャージ水位)[m] | 貯水率[%] | 洪水流入量[m3/s] | 流入量[m3/s] | 計画高水流量[m3/s] | 全放流量[m3/s]
Niigata,新潟県,広神ダム,2026-09-16T03:20,213.92,3.19,2.21,,,,100.0,,観測所名 | 最新観測時刻 | 平常時最高貯水位(常時満水位)[m] | 貯水位[m] | 洪水時最高水位(サーチャージ水位)[m] | 貯水率[%] | 洪水流入量[m3/s] | 流入量[m3/s] | 計画高水流量[m3/s] | 全放流量[m3/s]
Niigata,新潟県,新保川ダム,2026-09-16T03:10,160.73,1.62,1.63,,,,100.0,,観測所名 | 最新観測時刻 | 平常時最高貯水位(常時満水位)[m] | 貯水位[m] | 洪水時最高水位(サーチャージ水位)[m] | 貯水率[%] | 洪水流入量[m3/s] | 流入量[m3/s] | 計画高水流量[m3/s] | 全放流量[m3/s]
Niigata,新潟県,早出川ダム,2026-09-16T03:10,163.96,10.68,4.82,,,,79.3,,観測所名 | 最新観測時刻 | 平常時最高貯水位(常時満水位)[m] | 貯水位[m] | 洪水時最高水位(サーチャージ水位)[m] | 貯水率[%] | 洪水流入量[m3/s] | 流入量[m3/s] | 計画高水流量[m3/s] | 全放流量[m3/s]
Niigata,新潟県,柿崎川ダム,2026-09-16T03:10,120.69,0.44,0.43,,,,100.0,,観測所名 | 最新観測時刻 | 平常時最高貯水位(常時満水位)[m] | 貯水位[m] | 洪水時最高水位(サーチャージ水位)[m] | 貯水率[%] | 洪水流入量[m3/s] | 流入量[m3/s] | 計画高水流量[m3/s] | 全放流量[m3/s]
Niigata,新潟県,正善寺ダム,2026-09-16T03:10,86.3,0.48,0.23,,,,84.2,,観測所名 | 最新観測時刻 | 平常時最高貯水位(常時満水位)[m] | 貯水位[m] | 洪水時最高水位(サーチャージ水位)[m] | 貯水率[%] | 洪水流入量[m3/s] | 流入量[m3/s] | 計画高水流量[m3/s] | 全放流量[m3/s]
Niigata,新潟県,破間川ダム,2026-09-16T03:20,429.8,2.58,2.61,,,,61.1,,観測所名 | 最新観測時刻 | 平常時最高貯水位(常時満水位)[m] | 貯水位[m] | 洪水時最高水位(サーチャージ水位)[m] | 貯水率[%] | 洪水流入量[m3/s] | 流入量[m3/s] | 計画高水流量[m3/s] | 全放流量[m3/s]
Niigata,新潟県,笠堀ダム,2026-09-16T03:20,192.44,9.48,4.81,,,,84.1,,観測所名 | 最新観測時刻 | 平常時最高貯水位(常時満水位)[m] | 貯水位[m] | 洪水時最高水位(サーチャージ水位)[m] | 貯水率[%] | 洪水流入量[m3/s] | 流入量[m3/s] | 計画高水流量[m3/s] | 全放流量[m3/s]
Niigata,新潟県,胎内川ダム,2026-09-16T03:10,287.43,10.69,5.24,,,,93.2,,観測所名 | 最新観測時刻 | 平常時最高貯水位(常時満水位)[m] | 貯水位[m] | 洪水時最高水位(サーチャージ水位)[m] | 貯水率[%] | 洪水流入量[m3/s] | 流入量[m3/s] | 計画高水流量[m3/s] | 全放流量[m3/s]
Niigata,新潟県,鯖石川ダム,2026-09-16T03:10,134.81,1.26,1.21,,,,92.7,,観測所名 | 最新観測時刻 | 平常時最高貯水位(常時満水位)[m] | 貯水位[m] | 洪水時最高水位(サーチャージ水位)[m] | 貯水率[%] | 洪水流入量[m3/s] | 流入量[m3/s] | 計画高水流量[m3/s] | 全放流量[m3/s]
Oita,大分県,北川ダム,2026-09-16T03:20,148.36,7.7,23.84,,,,38.4,,管理者名 | 河川名 | 局名 | 所在地 | 最新観測時刻 | 貯水位 | 流入量 | 貯水量 | 貯水率 | 放流量
Oita,大分県,安岐ダム,2026-09-16T03:20,153.72,0.71,0.16,0.603,,,100.0,,管理者名 | 河川名 | 局名 | 所在地 | 最新観測時刻 | 貯水位 | 流入量 | 貯水量 | 貯水率 | 放流量
Oita,大分県,床木ダム,2026-09-16T03:20,88.76,0.53,0.56,0.912,,,100.0,,管理者名 | 河川名 | 局名 | 所在地 | 最新観測時刻 | 貯水位 | 流入量 | 貯水量 | 貯水率 | 放流量
Oita,大分県,玉来ダム,2026-09-16T03:20,350.76,5.38,5.38,,,,0.1,,管理者名 | 河川名 | 局名 | 所在地 | 最新観測時刻 | 貯水位 | 流入量 | 貯水量 | 貯水率 | 放流量
Oita,大分県,稲葉ダム,2026-09-16T03:20,437.83,2.36,2.072,,,,100.9,,管理者名 | 河川名 | 局名 | 所在地 | 最新観測時刻 | 貯水位 | 流入量 | 貯水量 | 貯水率 | 放流量
Oita,大分県,芹川ダム,2026-09-16T03:20,329.05,5.13,4.1,,,,57.7,,管理者名 | 河川名 | 局名 | 所在地 | 最新観測時刻 | 貯水位 | 流入量 | 貯水量 | 貯水率 | 放流量
Oita,大分県,行入ダム,2026-09-16T03:20,122.12,0.02,0.1,0.455,,,44.0,,管理者名 | 河川名 | 局名 | 所在地 | 最新観測時刻 | 貯水位 | 流入量 | 貯水量 | 貯水率 | 放流量
Oita,大分県,野津ダム,2026-09-16T03:20,238.07,0.07,0.07,,,,100.8,,管理者名 | 河川名 | 局名 | 所在地 | 最新観測時刻 | 貯水位 | 流入量 | 貯水量 | 貯水率 | 放流量
Oita,大分県,青江ダム,2026-09-16T03:20,64.1,0.049,0.046,0.456,,,100.0,,管理者名 | 河川名 | 局名 | 所在地 | 最新観測時刻 | 貯水位 | 流入量 | 貯水量 | 貯水率 | 放流量
Oita,大分県,黒沢ダム,2026-09-16T03:20,95.58,1.33,1.43,1.172,,,100.0,,管理者名 | 河川名 | 局名 | 所在地 | 最新観測時刻 | 貯水位 | 流入量 | 貯水量 | 貯水率 | 放流量
Tokushima,徳島県,宮川内ダム,2026-09-16T03:10,129.88,0.53,0.53,,,0.631,81.95,,管理者名 | 河川名 | 局名 | 所在地 | 最新観測時刻 | 貯水位 | 総貯水量 | 全流入量 | 全放流量 | 貯水率
Tokushima,徳島県,川口ダム,2026-09-16T03:10,94.44,74.8,69.7,,,,,,管理者名 | 河川名 | 局名 | 所在地 | 最新観測時刻 | 貯水位 | 総貯水量 | 全流入量 | 全放流量 | 貯水率
Tokushima,徳島県,棚野ダム,2026-09-16T03:10,,,20.9,,,,,,管理者名 | 河川名 | 局名 | 所在地 | 最新観測時刻 | 貯水位 | 総貯水量 | 全流入量 | 全放流量 | 貯水率
Tokushima,徳島県,正木ダム,2026-09-16T03:10,167.51,12.3,14.4,,,5.484,79.69,,管理者名 | 河川名 | 局名 | 所在地 | 最新観測時刻 | 貯水位 | 総貯水量 | 全流入量 | 全放流量 | 貯水率
Tokushima,徳島県,池田ダム,2026-09-16T03:10,88.6,38.06,37.94,,,,,,管理者名 | 河川名 | 局名 | 所在地 | 最新観測時刻 | 貯水位 | 総貯水量 | 全流入量 | 全放流量 | 貯水率
Tokushima,徳島県,福井ダム,2026-09-16T03:10,43.8,1.01,1.01,,,1.342,100.0,,管理者名 | 河川名 | 局名 | 所在地 | 最新観測時刻 | 貯水位 | 総貯水量 | 全流入量 | 全放流量 | 貯水率
Tokushima,徳島県,長安口ダム,2026-09-16T03:10,221.98,48.28,59.71,,,,,,管理者名 | 河川名 | 局名 | 所在地 | 最新観測時刻 | 貯水位 | 総貯水量 | 全流入量 | 全放流量 | 貯水率
Yamagata,山形県,前川ダム,2026-09-16T03:20,257.36,0.83,0.15,1.543,,,90.8,,管理者名 | 河川名 | 局名 | 所在地 | 最新観測時刻 | 流入量 | 全放流量 | 貯水位 | 貯水量 | 貯水率
Yamagata,山形県,寒河江ダム,2026-09-16T03:20,386.05,37.79,21.04,53.003,,,95.7,,管理者名 | 河川名 | 局名 | 所在地 | 最新観測時刻 | 流入量 | 全放流量 | 貯水位 | 貯水量 | 貯水率
Yamagata,山形県,最上小国川流水型ダム,2026-09-16T03:20,277.08,3.83,3.88,0.002,,,0.0,,管理者名 | 河川名 | 局名 | 所在地 | 最新観測時刻 | 流入量 | 全放流量 | 貯水位 | 貯水量 | 貯水率
Yamagata,山形県,月光川ダム,2026-09-16T03:20,169.6,8.1,8.1,0.01,,,0.4,,管理者名 | 河川名 | 局名 | 所在地 | 最新観測時刻 | 流入量 | 全放流量 | 貯水位 | 貯水量 | 貯水率
Yamagata,山形県,月山ダム,2026-09-16T03:20,237.15,7.75,8.1,16.661,,,92.9,,管理者名 | 河川名 | 局名 | 所在地 | 最新観測時刻 | 流入量 | 全放流量 | 貯水位 | 貯水量 | 貯水率
Yamagata,山形県,木地山ダム,2026-09-16T03:20,469.85,8.64,5.1,0.932,,,17.6,,管理者名 | 河川名 | 局名 | 所在地 | 最新観測時刻 | 流入量 | 全放流量 | 貯水位 | 貯水量 | 貯水率
Yamagata,山形県,田沢川ダム,2026-09-16T03:20,129.44,2.64,1.15,4.579,,,92.5,,管理者名 | 河川名 | 局名 | 所在地 | 最新観測時刻 | 流入量 | 全放流量 | 貯水位 | 貯水量 | 貯水率
Yamagata,山形県,留山川ダム,2026-09-16T03:20,300.1,0.28,0.27,0.345,,,100.0,,管理者名 | 河川名 | 局名 | 所在地 | 最新観測時刻 | 流入量 | 全放流量 | 貯水位 | 貯水量 | 貯水率
Yamagata,山形県,白川ダム,2026-09-16T03:20,319.62,22.49,13.56,6.598,,,66.7,,管理者名 | 河川名 | 局名 | 所在地 | 最新観測時刻 | 流入量 | 全放流量 | 貯水位 | 貯水量 | 貯水率
Yamagata,山形県,白水川ダム,2026-09-16T03:20,357.7,1.23,0.45,2.541,,,97.7,,管理者名 | 河川名 | 局名 | 所在地 | 最新観測時刻 | 流入量 | 全放流量 | 貯水位 | 貯水量 | 貯水率
Yamagata,山形県,神室ダム,2026-09-16T03:20,383.77,3.51,1.2,3.266,,,99.7,,管理者名 | 河川名 | 局名 | 所在地 | 最新観測時刻 | 流入量 | 全放流量 | 貯水位 | 貯水量 | 貯水率
Yamagata,山形県,綱木川ダム,2026-09-16T03:20,456.27,3.2,1.94,3.563,,,100.0,,管理者名 | 河川名 | 局名 | 所在地 | 最新観測時刻 | 流入量 | 全放流量 | 貯水位 | 貯水量 | 貯水率
Yamagata,山形県,荒沢ダム,2026-09-16T03:20,237.13,22.05,13.55,5.51,,,31.9,,管理者名 | 河川名 | 局名 | 所在地 | 最新観測時刻 | 流入量 | 全放流量 | 貯水位 | 貯水量 | 貯水率
Yamagata,山形県,蔵王ダム,2026-09-16T03:10,593.33,3.1,1.6,1.941,,,91.6,,管理者名 | 河川名 | 局名 | 所在地 | 最新観測時刻 | 流入量 | 全放流量 | 貯水位 | 貯水量 | 貯水率
Yamagata,山形県,長井ダム,2026-09-16T03:20,365.84,8.19,6.99,20.865,,,94.5,,管理者名 | 河川名 | 局名 | 所在地 | 最新観測時刻 | 流入量 | 全放流量 | 貯水位 | 貯水量 | 貯水率
Yamagata,山形県,高坂ダム,2026-09-16T03:20,182.23,11.53,11.53,0.73,,,22.1,,管理者名 | 河川名 | 局名 | 所在地 | 最新観測時刻 | 流入量 | 全放流量 | 貯水位 | 貯水量 | 貯水率
Aomori,青森県,下湯ダム,2026-09-16T06:30,263.57,1.4,1.4,,,,,,管理者名 | 河川名 | 局名 | 所在地 | 最新観測時刻 | 流入量 | 全放流量 | 貯水位 | 平常時最高水位 | 洪水貯留準備水位 | 洪水量(※)
Aomori,青森県,世増ダム,2026-09-16T06:30,94.68,8.2,8.22,,,,,,管理者名 | 河川名 | 局名 | 所在地 | 最新観測時刻 | 流入量 | 全放流量 | 貯水位 | 平常時最高水位 | 洪水貯留準備水位 | 洪水量(※)
Aomori,青森県,久吉ダム,2026-09-16T06:30,276.6,0.12,0.68,,,,,,管理者名 | 河川名 | 局名 | 所在地 | 最新観測時刻 | 流入量 | 全放流量 | 貯水位 | 平常時最高水位 | 洪水貯留準備水位 | 洪水量(※)
Aomori,青森県,小泊ダム,2026-09-16T06:30,67.53,0.02,0.02,,,,,,管理者名 | 河川名 | 局名 | 所在地 | 最新観測時刻 | 流入量 | 全放流量 | 貯水位 | 平常時最高水位 | 洪水貯留準備水位 | 洪水量(※)
Aomori,青森県,川内ダム,2026-09-16T06:30,178.37,0.75,1.32,,,,,,管理者名 | 河川名 | 局名 | 所在地 | 最新観測時刻 | 流入量 | 全放流量 | 貯水位 | 平常時最高水位 | 洪水貯留準備水位 | 洪水量(※)
Aomori,青森県,津軽ダム,2026-09-16T06:30,195.35,4.12,4.11,,,,,,管理者名 | 河川名 | 局名 | 所在地 | 最新観測時刻 | 流入量 | 全放流量 | 貯水位 | 平常時最高水位 | 洪水貯留準備水位 | 洪水量(※)
Aomori,青森県,浅瀬石川ダム,2026-09-16T06:30,184.8,7.78,7.79,,,,,,管理者名 | 河川名 | 局名 | 所在地 | 最新観測時刻 | 流入量 | 全放流量 | 貯水位 | 平常時最高水位 | 洪水貯留準備水位 | 洪水量(※)
Aomori,青森県,浅虫ダム,2026-09-16T06:30,13.97,0.04,0.04,,,,,,管理者名 | 河川名 | 局名 | 所在地 | 最新観測時刻 | 流入量 | 全放流量 | 貯水位 | 平常時最高水位 | 洪水貯留準備水位 | 洪水量(※)
Aomori,青森県,清水目ダム,2026-09-16T06:30,108.0,0.3,0.3,,,,,,管理者名 | 河川名 | 局名 | 所在地 | 最新観測時刻 | 流入量 | 全放流量 | 貯水位 | 平常時最高水位 | 洪水貯留準備水位 | 洪水量(※)
Aomori,青森県,遠部ダム,2026-09-16T06:30,214.97,0.15,0.15,,,,,,管理者名 | 河川名 | 局名 | 所在地 | 最新観測時刻 | 流入量 | 全放流量 | 貯水位 | 平常時最高水位 | 洪水貯留準備水位 | 洪水量(※)
Aomori,青森県,飯詰ダム,2026-09-16T06:30,70.51,0.2,0.2,,,,,,管理者名 | 河川名 | 局名 | 所在地 | 最新観測時刻 | 流入量 | 全放流量 | 貯水位 | 平常時最高水位 | 洪水貯留準備水位 | 洪水量(※)
Fukui,福井県,九頭竜ダム,2026-09-16T06:30,542.89,16.08,0.01,,,,,36.7,局名 | 所在地 | 最新観測時刻 | 貯水率(利水容量) | 貯水位 | 有効貯水量 | 流入量 | 放流量 | 管理者名
Fukui,福井県,二ツ屋ダム,2026-09-16T06:30,349.76,1.66,1.66,,0.214,,,100.9,局名 | 所在地 | 最新観測時刻 | 貯水率(利水容量) | 貯水位 | 有効貯水量 | 流入量 | 放流量 | 管理者名
Fukui,福井県,吉野瀬川ダム,2026-09-16T06:30,99.88,0.97,0.76,,1.174,,,100.0,局名 | 所在地 | 最新観測時刻 | 貯水率(利水容量) | 貯水位 | 有効貯水量 | 流入量 | 放流量 | 管理者名
Fukui,福井県,大津呂ダム,2026-09-16T06:30,85.99,0.24,0.02,,0.135,,,49.8,局名 | 所在地 | 最新観測時刻 | 貯水率(利水容量) | 貯水位 | 有効貯水量 | 流入量 | 放流量 | 管理者名
Fukui,福井県,広野ダム,2026-09-16T06:30,294.33,1.6,1.58,,1.36,,,34.0,局名 | 所在地 | 最新観測時刻 | 貯水率(利水容量) | 貯水位 | 有効貯水量 | 流入量 | 放流量 | 管理者名
Fukui,福井県,桝谷ダム,2026-09-16T06:30,299.5,0.12,0.12,,3.567,,,17.9,局名 | 所在地 | 最新観測時刻 | 貯水率(利水容量) | 貯水位 | 有効貯水量 | 流入量 | 放流量 | 管理者名
Fukui,福井県,永平寺ダム,2026-09-16T06:30,319.82,0.27,0.27,,0.441,,,100.23,局名 | 所在地 | 最新観測時刻 | 貯水率(利水容量) | 貯水位 | 有効貯水量 | 流入量 | 放流量 | 管理者名
Fukui,福井県,河内川ダム,2026-09-16T06:30,184.42,0.85,0.52,,3.057,,,65.7,局名 | 所在地 | 最新観測時刻 | 貯水率(利水容量) | 貯水位 | 有効貯水量 | 流入量 | 放流量 | 管理者名
Fukui,福井県,浄土寺川ダム,2026-09-16T06:30,344.57,0.686,0.673,,0.772,,,100.0,局名 | 所在地 | 最新観測時刻 | 貯水率(利水容量) | 貯水位 | 有効貯水量 | 流入量 | 放流量 | 管理者名
Fukui,福井県,真名川ダム,2026-09-16T06:30,336.77,5.93,5.94,,,,,89.3,局名 | 所在地 | 最新観測時刻 | 貯水率(利水容量) | 貯水位 | 有効貯水量 | 流入量 | 放流量 | 管理者名
Fukui,福井県,笹生川ダム,2026-09-16T06:30,515.63,6.08,1.72,,24.626,,,60.12,局名 | 所在地 | 最新観測時刻 | 貯水率(利水容量) | 貯水位 | 有効貯水量 | 流入量 | 放流量 | 管理者名
Fukui,福井県,開谷ダム,2026-09-16T06:30,120.9,,,,0.065,,,64.4,局名 | 所在地 | 最新観測時刻 | 貯水率(利水容量) | 貯水位 | 有効貯水量 | 流入量 | 放流量 | 管理者名
Fukui,福井県,龍ヶ鼻ダム,2026-09-16T06:30,171.31,2.01,2.02,,3.567,,,75.54,局名 | 所在地 | 最新観測時刻 | 貯水率(利水容量) | 貯水位 | 有効貯水量 | 流入量 | 放流量 | 管理者名
Miyazaki,宮崎県,岩瀬ダム,2026-09-16T06:30,111.45,19.01,36.21,,,,,,河川名 | 局名 | 所在地 | 状態 | 最新観測時刻 | 貯水位 | 流入量 | 全放流量
Miyazaki,宮崎県,広渡ダム,2026-09-16T06:30,259.29,4.86,4.78,,,,,,河川名 | 局名 | 所在地 | 状態 | 最新観測時刻 | 貯水位 | 流入量 | 全放流量
Miyazaki,宮崎県,日南ダム,2026-09-16T06:00,107.32,3.44,3.27,,,,,,河川名 | 局名 | 所在地 | 状態 | 最新観測時刻 | 貯水位 | 流入量 | 全放流量
Miyazaki,宮崎県,松尾ダム,2026-09-16T06:30,195.88,34.14,17.42,,,,,,河川名 | 局名 | 所在地 | 状態 | 最新観測時刻 | 貯水位 | 流入量 | 全放流量
Miyazaki,宮崎県,沖田ダム,2026-09-16T06:30,48.43,1.31,1.5,,,,,,河川名 | 局名 | 所在地 | 状態 | 最新観測時刻 | 貯水位 | 流入量 | 全放流量
Miyazaki,宮崎県,渡川ダム,2026-09-16T06:30,290.23,7.35,13.67,,,,,,河川名 | 局名 | 所在地 | 状態 | 最新観測時刻 | 貯水位 | 流入量 | 全放流量
Miyazaki,宮崎県,瓜田ダム,2026-09-16T06:30,38.7,0.25,0.34,,,,,,河川名 | 局名 | 所在地 | 状態 | 最新観測時刻 | 貯水位 | 流入量 | 全放流量
Miyazaki,宮崎県,田代八重ダム,2026-09-16T06:30,323.93,9.75,14.0,,,,,,河川名 | 局名 | 所在地 | 状態 | 最新観測時刻 | 貯水位 | 流入量 | 全放流量
Miyazaki,宮崎県,祝子ダム,2026-09-16T06:30,303.82,4.89,6.64,,,,,,河川名 | 局名 | 所在地 | 状態 | 最新観測時刻 | 貯水位 | 流入量 | 全放流量
Miyazaki,宮崎県,立花ダム,2026-09-16T06:30,250.27,1.93,11.95,,,,,,河川名 | 局名 | 所在地 | 状態 | 最新観測時刻 | 貯水位 | 流入量 | 全放流量
Miyazaki,宮崎県,綾北ダム,2026-09-16T06:30,283.01,14.13,10.79,,,,,,河川名 | 局名 | 所在地 | 状態 | 最新観測時刻 | 貯水位 | 流入量 | 全放流量
Miyazaki,宮崎県,綾南ダム,2026-09-16T06:30,336.26,3.81,10.25,,,,,,河川名 | 局名 | 所在地 | 状態 | 最新観測時刻 | 貯水位 | 流入量 | 全放流量
Miyazaki,宮崎県,長谷ダム,2026-09-16T06:30,108.79,3.87,3.81,,,,,,河川名 | 局名 | 所在地 | 状態 | 最新観測時刻 | 貯水位 | 流入量 | 全放流量
Nara,奈良県,初瀬ダム,2026-09-16T06:30,221.7,0.32,0.32,,,,,,管理者名 | 河川名 | 局名 | 所在地 | 最新観測時刻 | 貯水位 | 貯水容量 | 空容量 | 全流入量 | 放流量
Nara,奈良県,大門ダム,2026-09-16T06:30,262.66,0.0,0.0,,,,,,管理者名 | 河川名 | 局名 | 所在地 | 最新観測時刻 | 貯水位 | 貯水容量 | 空容量 | 全流入量 | 放流量
Nara,奈良県,天理ダム,2026-09-16T06:30,253.05,0.26,0.26,,,,,,管理者名 | 河川名 | 局名 | 所在地 | 最新観測時刻 | 貯水位 | 貯水容量 | 空容量 | 全流入量 | 放流量
Nara,奈良県,岩井川ダム,2026-09-16T06:30,240.29,0.07,0.07,,,,,,管理者名 | 河川名 | 局名 | 所在地 | 最新観測時刻 | 貯水位 | 貯水容量 | 空容量 | 全流入量 | 放流量
Nara,奈良県,白川ダム,2026-09-16T06:30,111.33,0.0,0.0,,,,,,管理者名 | 河川名 | 局名 | 所在地 | 最新観測時刻 | 貯水位 | 貯水容量 | 空容量 | 全流入量 | 放流量
Niigata,新潟県,三面ダム,2026-09-16T06:30,115.95,3.32,15.75,,,,92.9,,観測所名 | 最新観測時刻 | 平常時最高貯水位(常時満水位)[m] | 貯水位[m] | 洪水時最高水位(サーチャージ水位)[m] | 貯水率[%] | 洪水流入量[m3/s] | 流入量[m3/s] | 計画高水流量[m3/s] | 全放流量[m3/s]
Niigata,新潟県,下条川ダム,2026-09-16T06:30,31.22,0.27,0.13,,,,,,観測所名 | 最新観測時刻 | 平常時最高貯水位(常時満水位)[m] | 貯水位[m] | 洪水時最高水位(サーチャージ水位)[m] | 貯水率[%] | 洪水流入量[m3/s] | 流入量[m3/s] | 計画高水流量[m3/s] | 全放流量[m3/s]
Niigata,新潟県,久知川ダム,2026-09-16T06:30,124.14,0.51,0.66,,,,100.0,,観測所名 | 最新観測時刻 | 平常時最高貯水位(常時満水位)[m] | 貯水位[m] | 洪水時最高水位(サーチャージ水位)[m] | 貯水率[%] | 洪水流入量[m3/s] | 流入量[m3/s] | 計画高水流量[m3/s] | 全放流量[m3/s]
Niigata,新潟県,内の倉ダム,2026-09-16T06:30,147.88,2.49,2.49,,,,41.2,,観測所名 | 最新観測時刻 | 平常時最高貯水位(常時満水位)[m] | 貯水位[m] | 洪水時最高水位(サーチャージ水位)[m] | 貯水率[%] | 洪水流入量[m3/s] | 流入量[m3/s] | 計画高水流量[m3/s] | 全放流量[m3/s]
Niigata,新潟県,刈谷田川ダム,2026-09-16T06:30,239.34,1.56,1.5,,,,98.2,,観測所名 | 最新観測時刻 | 平常時最高貯水位(常時満水位)[m] | 貯水位[m] | 洪水時最高水位(サーチャージ水位)[m] | 貯水率[%] | 洪水流入量[m3/s] | 流入量[m3/s] | 計画高水流量[m3/s] | 全放流量[m3/s]
Niigata,新潟県,加治川治水ダム,2026-09-16T06:30,272.53,7.51,6.3,,,,,,観測所名 | 最新観測時刻 | 平常時最高貯水位(常時満水位)[m] | 貯水位[m] | 洪水時最高水位(サーチャージ水位)[m] | 貯水率[%] | 洪水流入量[m3/s] | 流入量[m3/s] | 計画高水流量[m3/s] | 全放流量[m3/s]
Niigata,新潟県,城川ダム,2026-09-16T06:30,271.58,0.59,0.34,,,,100.0,,観測所名 | 最新観測時刻 | 平常時最高貯水位(常時満水位)[m] | 貯水位[m] | 洪水時最高水位(サーチャージ水位)[m] | 貯水率[%] | 洪水流入量[m3/s] | 流入量[m3/s] | 計画高水流量[m3/s] | 全放流量[m3/s]
Niigata,新潟県,大谷ダム,2026-09-16T06:30,191.73,1.86,1.48,,,,100.0,,観測所名 | 最新観測時刻 | 平常時最高貯水位(常時満水位)[m] | 貯水位[m] | 洪水時最高水位(サーチャージ水位)[m] | 貯水率[%] | 洪水流入量[m3/s] | 流入量[m3/s] | 計画高水流量[m3/s] | 全放流量[m3/s]
Niigata,新潟県,大野川ダム,2026-09-16T06:30,142.61,0.71,0.5,,,,100.0,,観測所名 | 最新観測時刻 | 平常時最高貯水位(常時満水位)[m] | 貯水位[m] | 洪水時最高水位(サーチャージ水位)[m] | 貯水率[%] | 洪水流入量[m3/s] | 流入量[m3/s] | 計画高水流量[m3/s] | 全放流量[m3/s]
Niigata,新潟県,奥三面ダム,2026-09-16T06:30,211.25,22.18,0.72,,,,78.1,,観測所名 | 最新観測時刻 | 平常時最高貯水位(常時満水位)[m] | 貯水位[m] | 洪水時最高水位(サーチャージ水位)[m] | 貯水率[%] | 洪水流入量[m3/s] | 流入量[m3/s] | 計画高水流量[m3/s] | 全放流量[m3/s]
Niigata,新潟県,奥胎内ダム,2026-09-16T06:30,384.0,2.86,2.86,,,,,,観測所名 | 最新観測時刻 | 平常時最高貯水位(常時満水位)[m] | 貯水位[m] | 洪水時最高水位(サーチャージ水位)[m] | 貯水率[%] | 洪水流入量[m3/s] | 流入量[m3/s] | 計画高水流量[m3/s] | 全放流量[m3/s]
Niigata,新潟県,広神ダム,2026-09-16T06:30,213.95,2.74,2.29,,,,100.0,,観測所名 | 最新観測時刻 | 平常時最高貯水位(常時満水位)[m] | 貯水位[m] | 洪水時最高水位(サーチャージ水位)[m] | 貯水率[%] | 洪水流入量[m3/s] | 流入量[m3/s] | 計画高水流量[m3/s] | 全放流量[m3/s]
Niigata,新潟県,新保川ダム,2026-09-16T06:30,160.7,1.42,1.49,,,,100.0,,観測所名 | 最新観測時刻 | 平常時最高貯水位(常時満水位)[m] | 貯水位[m] | 洪水時最高水位(サーチャージ水位)[m] | 貯水率[%] | 洪水流入量[m3/s] | 流入量[m3/s] | 計画高水流量[m3/s] | 全放流量[m3/s]
Niigata,新潟県,早出川ダム,2026-09-16T06:30,164.05,6.22,6.23,,,,80.5,,観測所名 | 最新観測時刻 | 平常時最高貯水位(常時満水位)[m] | 貯水位[m] | 洪水時最高水位(サーチャージ水位)[m] | 貯水率[%] | 洪水流入量[m3/s] | 流入量[m3/s] | 計画高水流量[m3/s] | 全放流量[m3/s]
Niigata,新潟県,柿崎川ダム,2026-09-16T06:30,120.69,0.41,0.45,,,,100.0,,観測所名 | 最新観測時刻 | 平常時最高貯水位(常時満水位)[m] | 貯水位[m] | 洪水時最高水位(サーチャージ水位)[m] | 貯水率[%] | 洪水流入量[m3/s] | 流入量[m3/s] | 計画高水流量[m3/s] | 全放流量[m3/s]
Niigata,新潟県,正善寺ダム,2026-09-16T06:30,86.31,0.44,0.34,,,,84.2,,観測所名 | 最新観測時刻 | 平常時最高貯水位(常時満水位)[m] | 貯水位[m] | 洪水時最高水位(サーチャージ水位)[m] | 貯水率[%] | 洪水流入量[m3/s] | 流入量[m3/s] | 計画高水流量[m3/s] | 全放流量[m3/s]
Niigata,新潟県,破間川ダム,2026-09-16T06:30,429.83,3.42,2.56,,,,62.0,,観測所名 | 最新観測時刻 | 平常時最高貯水位(常時満水位)[m] | 貯水位[m] | 洪水時最高水位(サーチャージ水位)[m] | 貯水率[%] | 洪水流入量[m3/s] | 流入量[m3/s] | 計画高水流量[m3/s] | 全放流量[m3/s]
Niigata,新潟県,笠堀ダム,2026-09-16T06:30,192.53,8.43,4.82,,,,84.8,,観測所名 | 最新観測時刻 | 平常時最高貯水位(常時満水位)[m] | 貯水位[m] | 洪水時最高水位(サーチャージ水位)[m] | 貯水率[%] | 洪水流入量[m3/s] | 流入量[m3/s] | 計画高水流量[m3/s] | 全放流量[m3/s]
Niigata,新潟県,胎内川ダム,2026-09-16T06:30,287.47,6.91,6.91,,,,93.7,,観測所名 | 最新観測時刻 | 平常時最高貯水位(常時満水位)[m] | 貯水位[m] | 洪水時最高水位(サーチャージ水位)[m] | 貯水率[%] | 洪水流入量[m3/s] | 流入量[m3/s] | 計画高水流量[m3/s] | 全放流量[m3/s]
Niigata,新潟県,鯖石川ダム,2026-09-16T06:30,134.81,0.97,1.21,,,,92.7,,観測所名 | 最新観測時刻 | 平常時最高貯水位(常時満水位)[m] | 貯水位[m] | 洪水時最高水位(サーチャージ水位)[m] | 貯水率[%] | 洪水流入量[m3/s] | 流入量[m3/s] | 計画高水流量[m3/s] | 全放流量[m3/s]
Oita,大分県,北川ダム,2026-09-16T06:30,148.31,5.58,0.6,,,,38.2,,管理者名 | 河川名 | 局名 | 所在地 | 最新観測時刻 | 貯水位 | 流入量 | 貯水量 | 貯水率 | 放流量
Oita,大分県,安岐ダム,2026-09-16T06:30,153.72,0.71,0.16,0.603,,,100.0,,管理者名 | 河川名 | 局名 | 所在地 | 最新観測時刻 | 貯水位 | 流入量 | 貯水量 | 貯水率 | 放流量
Oita,大分県,床木ダム,2026-09-16T06:30,88.75,0.51,0.53,0.911,,,100.0,,管理者名 | 河川名 | 局名 | 所在地 | 最新観測時刻 | 貯水位 | 流入量 | 貯水量 | 貯水率 | 放流量
Oita,大分県,玉来ダム,2026-09-16T06:30,350.76,5.38,5.38,,,,0.1,,管理者名 | 河川名 | 局名 | 所在地 | 最新観測時刻 | 貯水位 | 流入量 | 貯水量 | 貯水率 | 放流量
Oita,大分県,稲葉ダム,2026-09-16T06:30,437.83,2.36,2.088,,,,100.9,,管理者名 | 河川名 | 局名 | 所在地 | 最新観測時刻 | 貯水位 | 流入量 | 貯水量 | 貯水率 | 放流量
Oita,大分県,芹川ダム,2026-09-16T06:30,329.06,4.94,4.1,,,,57.7,,管理者名 | 河川名 | 局名 | 所在地 | 最新観測時刻 | 貯水位 | 流入量 | 貯水量 | 貯水率 | 放流量
Oita,大分県,行入ダム,2026-09-16T06:30,122.11,0.0,0.1,0.454,,,43.9,,管理者名 | 河川名 | 局名 | 所在地 | 最新観測時刻 | 貯水位 | 流入量 | 貯水量 | 貯水率 | 放流量
Oita,大分県,野津ダム,2026-09-16T06:30,238.07,0.07,0.07,,,,100.8,,管理者名 | 河川名 | 局名 | 所在地 | 最新観測時刻 | 貯水位 | 流入量 | 貯水量 | 貯水率 | 放流量
Oita,大分県,青江ダム,2026-09-16T06:30,64.1,0.049,0.046,0.456,,,100.0,,管理者名 | 河川名 | 局名 | 所在地 | 最新観測時刻 | 貯水位 | 流入量 | 貯水量 | 貯水率 | 放流量
Oita,大分県,黒沢ダム,2026-09-16T06:30,95.57,1.31,1.37,1.171,,,100.0,,管理者名 | 河川名 | 局名 | 所在地 | 最新観測時刻 | 貯水位 | 流入量 | 貯水量 | 貯水率 | 放流量
Tokushima,徳島県,宮川内ダム,2026-09-16T06:30,129.92,0.53,0.53,,,0.634,82.34,,管理者名 | 河川名 | 局名 | 所在地 | 最新観測時刻 | 貯水位 | 総貯水量 | 全流入量 | 全放流量 | 貯水率
Tokushima,徳島県,川口ダム,2026-09-16T06:30,94.52,73.0,69.6,,,,,,管理者名 | 河川名 | 局名 | 所在地 | 最新観測時刻 | 貯水位 | 総貯水量 | 全流入量 | 全放流量 | 貯水率
Tokushima,徳島県,棚野ダム,2026-09-16T06:30,,,19.9,,,,,,管理者名 | 河川名 | 局名 | 所在地 | 最新観測時刻 | 貯水位 | 総貯水量 | 全流入量 | 全放流量 | 貯水率
Tokushima,徳島県,正木ダム,2026-09-16T06:30,167.41,10.6,11.3,,,5.446,78.6,,管理者名 | 河川名 | 局名 | 所在地 | 最新観測時刻 | 貯水位 | 総貯水量 | 全流入量 | 全放流量 | 貯水率
Tokushima,徳島県,池田ダム,2026-09-16T06:30,88.6,38.04,38.03,,,,,,管理者名 | 河川名 | 局名 | 所在地 | 最新観測時刻 | 貯水位 | 総貯水量 | 全流入量 | 全放流量 | 貯水率
Tokushima,徳島県,福井ダム,2026-09-16T06:30,43.8,1.01,1.01,,,1.342,100.0,,管理者名 | 河川名 | 局名 | 所在地 | 最新観測時刻 | 貯水位 | 総貯水量 | 全流入量 | 全放流量 | 貯水率
Tokushima,徳島県,長安口ダム,2026-09-16T06:30,221.88,42.59,59.68,,,,,,管理者名 | 河川名 | 局名 | 所在地 | 最新観測時刻 | 貯水位 | 総貯水量 | 全流入量 | 全放流量 | 貯水率
Yamagata,山形県,前川ダム,2026-09-16T06:30,257.37,0.15,0.15,1.546,,,90.9,,管理者名 | 河川名 | 局名 | 所在地 | 最新観測時刻 | 流入量 | 全放流量 | 貯水位 | 貯水量 | 貯水率
Yamagata,山形県,寒河江ダム,2026-09-16T06:30,386.09,28.21,21.24,53.103,,,95.9,,管理者名 | 河川名 | 局名 | 所在地 | 最新観測時刻 | 流入量 | 全放流量 | 貯水位 | 貯水量 | 貯水率
Yamagata,山形県,最上小国川流水型ダム,2026-09-16T06:30,277.04,3.33,3.22,0.002,,,0.0,,管理者名 | 河川名 | 局名 | 所在地 | 最新観測時刻 | 流入量 | 全放流量 | 貯水位 | 貯水量 | 貯水率
Yamagata,山形県,月光川ダム,2026-09-16T06:30,169.58,7.8,7.8,0.01,,,0.4,,管理者名 | 河川名 | 局名 | 所在地 | 最新観測時刻 | 流入量 | 全放流量 | 貯水位 | 貯水量 | 貯水率
Yamagata,山形県,月山ダム,2026-09-16T06:30,237.14,7.16,8.0,16.652,,,92.9,,管理者名 | 河川名 | 局名 | 所在地 | 最新観測時刻 | 流入量 | 全放流量 | 貯水位 | 貯水量 | 貯水率
Yamagata,山形県,木地山ダム,2026-09-16T06:30,469.91,5.65,5.0,0.946,,,17.8,,管理者名 | 河川名 | 局名 | 所在地 | 最新観測時刻 | 流入量 | 全放流量 | 貯水位 | 貯水量 | 貯水率
Yamagata,山形県,田沢川ダム,2026-09-16T06:30,129.5,2.46,1.14,4.595,,,92.8,,管理者名 | 河川名 | 局名 | 所在地 | 最新観測時刻 | 流入量 | 全放流量 | 貯水位 | 貯水量 | 貯水率
Yamagata,山形県,留山川ダム,2026-09-16T06:30,300.11,0.31,0.29,0.346,,,100.0,,管理者名 | 河川名 | 局名 | 所在地 | 最新観測時刻 | 流入量 | 全放流量 | 貯水位 | 貯水量 | 貯水率
Yamagata,山形県,白川ダム,2026-09-16T06:30,319.75,23.09,13.55,6.738,,,68.1,,管理者名 | 河川名 | 局名 | 所在地 | 最新観測時刻 | 流入量 | 全放流量 | 貯水位 | 貯水量 | 貯水率
Yamagata,山形県,白水川ダム,2026-09-16T06:30,357.74,0.97,0.45,2.549,,,98.0,,管理者名 | 河川名 | 局名 | 所在地 | 最新観測時刻 | 流入量 | 全放流量 | 貯水位 | 貯水量 | 貯水率
Yamagata,山形県,神室ダム,2026-09-16T06:30,383.83,3.0,1.34,3.284,,,100.0,,管理者名 | 河川名 | 局名 | 所在地 | 最新観測時刻 | 流入量 | 全放流量 | 貯水位 | 貯水量 | 貯水率
Yamagata,山形県,綱木川ダム,2026-09-16T06:30,456.32,3.33,2.21,3.579,,,100.0,,管理者名 | 河川名 | 局名 | 所在地 | 最新観測時刻 | 流入量 | 全放流量 | 貯水位 | 貯水量 | 貯水率
Yamagata,山形県,荒沢ダム,2026-09-16T06:30,237.21,20.38,13.58,5.591,,,32.4,,管理者名 | 河川名 | 局名 | 所在地 | 最新観測時刻 | 流入量 | 全放流量 | 貯水位 | 貯水量 | 貯水率
Yamagata,山形県,蔵王ダム,2026-09-16T06:30,593.43,2.6,1.6,1.956,,,92.3,,管理者名 | 河川名 | 局名 | 所在地 | 最新観測時刻 | 流入量 | 全放流量 | 貯水位 | 貯水量 | 貯水率
Yamagata,山形県,長井ダム,2026-09-16T06:30,365.86,7.15,6.99,20.881,,,94.6,,管理者名 | 河川名 | 局名 | 所在地 | 最新観測時刻 | 流入量 | 全放流量 | 貯水位 | 貯水量 | 貯水率
Yamagata,山形県,高坂ダム,2026-09-16T06:30,182.21,10.5,11.53,0.722,,,21.9,,管理者名 | 河川名 | 局名 | 所在地 | 最新観測時刻 | 流入量 | 全放流量 | 貯水位 | 貯水量 | 貯水率
Aomori,青森県,下湯ダム,2026-09-16T08:50,263.57,1.4,1.43,,,,,,管理者名 | 河川名 | 局名 | 所在地 | 最新観測時刻 | 流入量 | 全放流量 | 貯水位 | 平常時最高水位 | 洪水貯留準備水位 | 洪水量(※)
Aomori,青森県,世増ダム,2026-09-16T08:50,94.68,8.2,8.23,,,,,,管理者名 | 河川名 | 局名 | 所在地 | 最新観測時刻 | 流入量 | 全放流量 | 貯水位 | 平常時最高水位 | 洪水貯留準備水位 | 洪水量(※)
Aomori,青森県,久吉ダム,2026-09-16T08:50,276.6,0.68,0.68,,,,,,管理者名 | 河川名 | 局名 | 所在地 | 最新観測時刻 | 流入量 | 全放流量 | 貯水位 | 平常時最高水位 | 洪水貯留準備水位 | 洪水量(※)
Aomori,青森県,小泊ダム,2026-09-16T08:50,67.53,0.02,0.02,,,,,,管理者名 | 河川名 | 局名 | 所在地 | 最新観測時刻 | 流入量 | 全放流量 | 貯水位 | 平常時最高水位 | 洪水貯留準備水位 | 洪水量(※)
Aomori,青森県,川内ダム,2026-09-16T08:50,178.37,1.32,1.32,,,,,,管理者名 | 河川名 | 局名 | 所在地 | 最新観測時刻 | 流入量 | 全放流量 | 貯水位 | 平常時最高水位 | 洪水貯留準備水位 | 洪水量(※)
Aomori,青森県,津軽ダム,2026-09-16T08:50,195.35,4.13,4.15,,,,,,管理者名 | 河川名 | 局名 | 所在地 | 最新観測時刻 | 流入量 | 全放流量 | 貯水位 | 平常時最高水位 | 洪水貯留準備水位 | 洪水量(※)
Aomori,青森県,浅瀬石川ダム,2026-09-16T08:50,184.8,7.78,7.75,,,,,,管理者名 | 河川名 | 局名 | 所在地 | 最新観測時刻 | 流入量 | 全放流量 | 貯水位 | 平常時最高水位 | 洪水貯留準備水位 | 洪水量(※)
Aomori,青森県,浅虫ダム,2026-09-16T08:50,13.97,0.04,0.04,,,,,,管理者名 | 河川名 | 局名 | 所在地 | 最新観測時刻 | 流入量 | 全放流量 | 貯水位 | 平常時最高水位 | 洪水貯留準備水位 | 洪水量(※)
Aomori,青森県,清水目ダム,2026-09-16T08:50,108.0,0.3,0.3,,,,,,管理者名 | 河川名 | 局名 | 所在地 | 最新観測時刻 | 流入量 | 全放流量 | 貯水位 | 平常時最高水位 | 洪水貯留準備水位 | 洪水量(※)
Aomori,青森県,遠部ダム,2026-09-16T08:50,214.98,0.25,0.17,,,,,,管理者名 | 河川名 | 局名 | 所在地 | 最新観測時刻 | 流入量 | 全放流量 | 貯水位 | 平常時最高水位 | 洪水貯留準備水位 | 洪水量(※)
Aomori,青森県,飯詰ダム,2026-09-16T08:50,70.5,0.2,0.2,,,,,,管理者名 | 河川名 | 局名 | 所在地 | 最新観測時刻 | 流入量 | 全放流量 | 貯水位 | 平常時最高水位 | 洪水貯留準備水位 | 洪水量(※)
Fukui,福井県,九頭竜ダム,2026-09-16T08:50,542.93,20.9,0.01,,,,,36.8,局名 | 所在地 | 最新観測時刻 | 貯水率(利水容量) | 貯水位 | 有効貯水量 | 流入量 | 放流量 | 管理者名
Fukui,福井県,二ツ屋ダム,2026-09-16T08:50,349.76,1.66,1.66,,0.214,,,100.9,局名 | 所在地 | 最新観測時刻 | 貯水率(利水容量) | 貯水位 | 有効貯水量 | 流入量 | 放流量 | 管理者名
Fukui,福井県,吉野瀬川ダム,2026-09-16T08:50,99.88,0.97,0.76,,1.174,,,100.0,局名 | 所在地 | 最新観測時刻 | 貯水率(利水容量) | 貯水位 | 有効貯水量 | 流入量 | 放流量 | 管理者名
Fukui,福井県,大津呂ダム,2026-09-16T08:50,86.12,0.22,0.02,,0.137,,,50.4,局名 | 所在地 | 最新観測時刻 | 貯水率(利水容量) | 貯水位 | 有効貯水量 | 流入量 | 放流量 | 管理者名
Fukui,福井県,広野ダム,2026-09-16T08:50,294.34,1.74,1.61,,1.362,,,34.1,局名 | 所在地 | 最新観測時刻 | 貯水率(利水容量) | 貯水位 | 有効貯水量 | 流入量 | 放流量 | 管理者名
Fukui,福井県,桝谷ダム,2026-09-16T08:50,299.5,0.12,0.0,,3.567,,,17.9,局名 | 所在地 | 最新観測時刻 | 貯水率(利水容量) | 貯水位 | 有効貯水量 | 流入量 | 放流量 | 管理者名
Fukui,福井県,永平寺ダム,2026-09-16T08:50,319.82,0.27,0.27,,0.441,,,100.23,局名 | 所在地 | 最新観測時刻 | 貯水率(利水容量) | 貯水位 | 有効貯水量 | 流入量 | 放流量 | 管理者名
Fukui,福井県,河内川ダム,2026-09-16T08:50,184.43,0.81,0.52,,3.06,,,65.8,局名 | 所在地 | 最新観測時刻 | 貯水率(利水容量) | 貯水位 | 有効貯水量 | 流入量 | 放流量 | 管理者名
Fukui,福井県,浄土寺川ダム,2026-09-16T08:50,344.54,0.625,1.1,,0.77,,,100.0,局名 | 所在地 | 最新観測時刻 | 貯水率(利水容量) | 貯水位 | 有効貯水量 | 流入量 | 放流量 | 管理者名
Fukui,福井県,真名川ダム,2026-09-16T08:50,336.76,5.91,5.94,,,,,89.1,局名 | 所在地 | 最新観測時刻 | 貯水率(利水容量) | 貯水位 | 有効貯水量 | 流入量 | 放流量 | 管理者名
Fukui,福井県,笹生川ダム,2026-09-16T08:50,515.64,3.03,1.72,,24.642,,,60.16,局名 | 所在地 | 最新観測時刻 | 貯水率(利水容量) | 貯水位 | 有効貯水量 | 流入量 | 放流量 | 管理者名
Fukui,福井県,開谷ダム,2026-09-16T08:50,120.91,,,,0.065,,,64.4,局名 | 所在地 | 最新観測時刻 | 貯水率(利水容量) | 貯水位 | 有効貯水量 | 流入量 | 放流量 | 管理者名
Fukui,福井県,龍ヶ鼻ダム,2026-09-16T08:50,171.3,2.01,2.03,,3.565,,,75.5,局名 | 所在地 | 最新観測時刻 | 貯水率(利水容量) | 貯水位 | 有効貯水量 | 流入量 | 放流量 | 管理者名
Miyazaki,宮崎県,岩瀬ダム,2026-09-16T08:50,111.5,21.09,0.0,,,,,,河川名 | 局名 | 所在地 | 状態 | 最新観測時刻 | 貯水位 | 流入量 | 全放流量
Miyazaki,宮崎県,広渡ダム,2026-09-16T08:50,259.28,4.71,4.68,,,,,,河川名 | 局名 | 所在地 | 状態 | 最新観測時刻 | 貯水位 | 流入量 | 全放流量
Miyazaki,宮崎県,日南ダム,2026-09-16T08:00,107.32,3.44,3.33,,,,,,河川名 | 局名 | 所在地 | 状態 | 最新観測時刻 | 貯水位 | 流入量 | 全放流量
Miyazaki,宮崎県,松尾ダム,2026-09-16T08:50,195.93,28.45,17.59,,,,,,河川名 | 局名 | 所在地 | 状態 | 最新観測時刻 | 貯水位 | 流入量 | 全放流量
Miyazaki,宮崎県,沖田ダム,2026-09-16T08:50,48.41,1.23,1.43,,,,,,河川名 | 局名 | 所在地 | 状態 | 最新観測時刻 | 貯水位 | 流入量 | 全放流量
Miyazaki,宮崎県,渡川ダム,2026-09-16T08:50,290.17,6.86,13.69,,,,,,河川名 | 局名 | 所在地 | 状態 | 最新観測時刻 | 貯水位 | 流入量 | 全放流量
Miyazaki,宮崎県,瓜田ダム,2026-09-16T08:30,38.69,0.24,0.32,,,,,,河川名 | 局名 | 所在地 | 状態 | 最新観測時刻 | 貯水位 | 流入量 | 全放流量
Miyazaki,宮崎県,田代八重ダム,2026-09-16T08:30,323.85,8.95,14.0,,,,,,河川名 | 局名 | 所在地 | 状態 | 最新観測時刻 | 貯水位 | 流入量 | 全放流量
Miyazaki,宮崎県,祝子ダム,2026-09-16T08:50,303.68,5.08,6.64,,,,,,河川名 | 局名 | 所在地 | 状態 | 最新観測時刻 | 貯水位 | 流入量 | 全放流量
Miyazaki,宮崎県,立花ダム,2026-09-16T08:50,250.23,1.7,0.0,,,,,,河川名 | 局名 | 所在地 | 状態 | 最新観測時刻 | 貯水位 | 流入量 | 全放流量
Miyazaki,宮崎県,綾北ダム,2026-09-16T08:50,283.11,20.1,0.2,,,,,,河川名 | 局名 | 所在地 | 状態 | 最新観測時刻 | 貯水位 | 流入量 | 全放流量
Miyazaki,宮崎県,綾南ダム,2026-09-16T08:50,336.21,3.56,10.23,,,,,,河川名 | 局名 | 所在地 | 状態 | 最新観測時刻 | 貯水位 | 流入量 | 全放流量
Miyazaki,宮崎県,長谷ダム,2026-09-16T08:50,108.78,3.8,3.75,,,,,,河川名 | 局名 | 所在地 | 状態 | 最新観測時刻 | 貯水位 | 流入量 | 全放流量
Nara,奈良県,初瀬ダム,2026-09-16T08:50,221.71,0.38,0.33,,,,,,管理者名 | 河川名 | 局名 | 所在地 | 最新観測時刻 | 貯水位 | 貯水容量 | 空容量 | 全流入量 | 放流量
Nara,奈良県,大門ダム,2026-09-16T08:50,262.66,0.0,0.0,,,,,,管理者名 | 河川名 | 局名 | 所在地 | 最新観測時刻 | 貯水位 | 貯水容量 | 空容量 | 全流入量 | 放流量
Nara,奈良県,天理ダム,2026-09-16T08:50,253.04,0.09,0.26,,,,,,管理者名 | 河川名 | 局名 | 所在地 | 最新観測時刻 | 貯水位 | 貯水容量 | 空容量 | 全流入量 | 放流量
Nara,奈良県,岩井川ダム,2026-09-16T08:50,240.27,0.0,0.07,,,,,,管理者名 | 河川名 | 局名 | 所在地 | 最新観測時刻 | 貯水位 | 貯水容量 | 空容量 | 全流入量 | 放流量
Nara,奈良県,白川ダム,2026-09-16T08:50,111.33,0.0,0.0,,,,,,管理者名 | 河川名 | 局名 | 所在地 | 最新観測時刻 | 貯水位 | 貯水容量 | 空容量 | 全流入量 | 放流量
Niigata,新潟県,三面ダム,2026-09-16T08:50,115.88,4.98,15.68,,,,92.4,,観測所名 | 最新観測時刻 | 平常時最高貯水位(常時満水位)[m] | 貯水位[m] | 洪水時最高水位(サーチャージ水位)[m] | 貯水率[%] | 洪水流入量[m3/s] | 流入量[m3/s] | 計画高水流量[m3/s] | 全放流量[m3/s]
Niigata,新潟県,下条川ダム,2026-09-16T08:50,31.24,0.27,0.39,,,,,,観測所名 | 最新観測時刻 | 平常時最高貯水位(常時満水位)[m] | 貯水位[m] | 洪水時最高水位(サーチャージ水位)[m] | 貯水率[%] | 洪水流入量[m3/s] | 流入量[m3/s] | 計画高水流量[m3/s] | 全放流量[m3/s]
Niigata,新潟県,久知川ダム,2026-09-16T08:50,124.12,0.44,0.58,,,,100.0,,観測所名 | 最新観測時刻 | 平常時最高貯水位(常時満水位)[m] | 貯水位[m] | 洪水時最高水位(サーチャージ水位)[m] | 貯水率[%] | 洪水流入量[m3/s] | 流入量[m3/s] | 計画高水流量[m3/s] | 全放流量[m3/s]
Niigata,新潟県,内の倉ダム,2026-09-16T08:50,147.89,2.81,2.49,,,,41.2,,観測所名 | 最新観測時刻 | 平常時最高貯水位(常時満水位)[m] | 貯水位[m] | 洪水時最高水位(サーチャージ水位)[m] | 貯水率[%] | 洪水流入量[m3/s] | 流入量[m3/s] | 計画高水流量[m3/s] | 全放流量[m3/s]
Niigata,新潟県,刈谷田川ダム,2026-09-16T08:50,239.35,1.53,1.32,,,,98.2,,観測所名 | 最新観測時刻 | 平常時最高貯水位(常時満水位)[m] | 貯水位[m] | 洪水時最高水位(サーチャージ水位)[m] | 貯水率[%] | 洪水流入量[m3/s] | 流入量[m3/s] | 計画高水流量[m3/s] | 全放流量[m3/s]
Niigata,新潟県,加治川治水ダム,2026-09-16T08:50,272.43,4.2,6.29,,,,,,観測所名 | 最新観測時刻 | 平常時最高貯水位(常時満水位)[m] | 貯水位[m] | 洪水時最高水位(サーチャージ水位)[m] | 貯水率[%] | 洪水流入量[m3/s] | 流入量[m3/s] | 計画高水流量[m3/s] | 全放流量[m3/s]
Niigata,新潟県,城川ダム,2026-09-16T08:50,271.6,0.3,0.39,,,,100.0,,観測所名 | 最新観測時刻 | 平常時最高貯水位(常時満水位)[m] | 貯水位[m] | 洪水時最高水位(サーチャージ水位)[m] | 貯水率[%] | 洪水流入量[m3/s] | 流入量[m3/s] | 計画高水流量[m3/s] | 全放流量[m3/s]
Niigata,新潟県,大谷ダム,2026-09-16T08:50,191.73,1.46,1.46,,,,100.0,,観測所名 | 最新観測時刻 | 平常時最高貯水位(常時満水位)[m] | 貯水位[m] | 洪水時最高水位(サーチャージ水位)[m] | 貯水率[%] | 洪水流入量[m3/s] | 流入量[m3/s] | 計画高水流量[m3/s] | 全放流量[m3/s]
Niigata,新潟県,大野川ダム,2026-09-16T08:50,142.61,0.5,0.49,,,,100.0,,観測所名 | 最新観測時刻 | 平常時最高貯水位(常時満水位)[m] | 貯水位[m] | 洪水時最高水位(サーチャージ水位)[m] | 貯水率[%] | 洪水流入量[m3/s] | 流入量[m3/s] | 計画高水流量[m3/s] | 全放流量[m3/s]
Niigata,新潟県,奥三面ダム,2026-09-16T08:50,211.31,15.03,0.72,,,,78.4,,観測所名 | 最新観測時刻 | 平常時最高貯水位(常時満水位)[m] | 貯水位[m] | 洪水時最高水位(サーチャージ水位)[m] | 貯水率[%] | 洪水流入量[m3/s] | 流入量[m3/s] | 計画高水流量[m3/s] | 全放流量[m3/s]
Niigata,新潟県,奥胎内ダム,2026-09-16T08:50,383.99,2.33,1.85,,,,,,観測所名 | 最新観測時刻 | 平常時最高貯水位(常時満水位)[m] | 貯水位[m] | 洪水時最高水位(サーチャージ水位)[m] | 貯水率[%] | 洪水流入量[m3/s] | 流入量[m3/s] | 計画高水流量[m3/s] | 全放流量[m3/s]
Niigata,新潟県,広神ダム,2026-09-16T08:50,213.97,2.8,2.36,,,,100.0,,観測所名 | 最新観測時刻 | 平常時最高貯水位(常時満水位)[m] | 貯水位[m] | 洪水時最高水位(サーチャージ水位)[m] | 貯水率[%] | 洪水流入量[m3/s] | 流入量[m3/s] | 計画高水流量[m3/s] | 全放流量[m3/s]
Niigata,新潟県,新保川ダム,2026-09-16T08:50,160.68,1.36,1.4,,,,100.0,,観測所名 | 最新観測時刻 | 平常時最高貯水位(常時満水位)[m] | 貯水位[m] | 洪水時最高水位(サーチャージ水位)[m] | 貯水率[%] | 洪水流入量[m3/s] | 流入量[m3/s] | 計画高水流量[m3/s] | 全放流量[m3/s]
Niigata,新潟県,早出川ダム,2026-09-16T08:50,164.0,4.35,6.24,,,,79.8,,観測所名 | 最新観測時刻 | 平常時最高貯水位(常時満水位)[m] | 貯水位[m] | 洪水時最高水位(サーチャージ水位)[m] | 貯水率[%] | 洪水流入量[m3/s] | 流入量[m3/s] | 計画高水流量[m3/s] | 全放流量[m3/s]
Niigata,新潟県,柿崎川ダム,2026-09-16T08:50,120.68,0.18,0.44,,,,100.0,,観測所名 | 最新観測時刻 | 平常時最高貯水位(常時満水位)[m] | 貯水位[m] | 洪水時最高水位(サーチャージ水位)[m] | 貯水率[%] | 洪水流入量[m3/s] | 流入量[m3/s] | 計画高水流量[m3/s] | 全放流量[m3/s]
Niigata,新潟県,正善寺ダム,2026-09-16T08:50,86.31,0.44,0.27,,,,84.2,,観測所名 | 最新観測時刻 | 平常時最高貯水位(常時満水位)[m] | 貯水位[m] | 洪水時最高水位(サーチャージ水位)[m] | 貯水率[%] | 洪水流入量[m3/s] | 流入量[m3/s] | 計画高水流量[m3/s] | 全放流量[m3/s]
Niigata,新潟県,破間川ダム,2026-09-16T08:50,429.88,3.99,2.53,,,,63.6,,観測所名 | 最新観測時刻 | 平常時最高貯水位(常時満水位)[m] | 貯水位[m] | 洪水時最高水位(サーチャージ水位)[m] | 貯水率[%] | 洪水流入量[m3/s] | 流入量[m3/s] | 計画高水流量[m3/s] | 全放流量[m3/s]
Niigata,新潟県,笠堀ダム,2026-09-16T08:50,192.59,8.68,4.8,,,,85.3,,観測所名 | 最新観測時刻 | 平常時最高貯水位(常時満水位)[m] | 貯水位[m] | 洪水時最高水位(サーチャージ水位)[m] | 貯水率[%] | 洪水流入量[m3/s] | 流入量[m3/s] | 計画高水流量[m3/s] | 全放流量[m3/s]
Niigata,新潟県,胎内川ダム,2026-09-16T08:50,287.46,6.9,6.9,,,,93.6,,観測所名 | 最新観測時刻 | 平常時最高貯水位(常時満水位)[m] | 貯水位[m] | 洪水時最高水位(サーチャージ水位)[m] | 貯水率[%] | 洪水流入量[m3/s] | 流入量[m3/s] | 計画高水流量[m3/s] | 全放流量[m3/s]
Niigata,新潟県,鯖石川ダム,2026-09-16T08:50,134.82,1.76,1.59,,,,93.3,,観測所名 | 最新観測時刻 | 平常時最高貯水位(常時満水位)[m] | 貯水位[m] | 洪水時最高水位(サーチャージ水位)[m] | 貯水率[%] | 洪水流入量[m3/s] | 流入量[m3/s] | 計画高水流量[m3/s] | 全放流量[m3/s]
Oita,大分県,北川ダム,2026-09-16T08:50,148.32,14.78,23.76,,,,38.2,,管理者名 | 河川名 | 局名 | 所在地 | 最新観測時刻 | 貯水位 | 流入量 | 貯水量 | 貯水率 | 放流量
Oita,大分県,安岐ダム,2026-09-16T08:50,153.72,0.71,0.16,0.603,,,100.0,,管理者名 | 河川名 | 局名 | 所在地 | 最新観測時刻 | 貯水位 | 流入量 | 貯水量 | 貯水率 | 放流量
Oita,大分県,床木ダム,2026-09-16T08:50,88.75,0.48,0.53,0.911,,,100.0,,管理者名 | 河川名 | 局名 | 所在地 | 最新観測時刻 | 貯水位 | 流入量 | 貯水量 | 貯水率 | 放流量
Oita,大分県,玉来ダム,2026-09-16T08:50,350.75,5.25,5.25,,,,0.1,,管理者名 | 河川名 | 局名 | 所在地 | 最新観測時刻 | 貯水位 | 流入量 | 貯水量 | 貯水率 | 放流量
Oita,大分県,稲葉ダム,2026-09-16T08:50,437.84,2.211,2.481,,,,101.2,,管理者名 | 河川名 | 局名 | 所在地 | 最新観測時刻 | 貯水位 | 流入量 | 貯水量 | 貯水率 | 放流量
Oita,大分県,芹川ダム,2026-09-16T08:50,329.07,4.93,4.1,,,,57.8,,管理者名 | 河川名 | 局名 | 所在地 | 最新観測時刻 | 貯水位 | 流入量 | 貯水量 | 貯水率 | 放流量
Oita,大分県,行入ダム,2026-09-16T08:50,122.09,0.0,0.1,0.453,,,43.8,,管理者名 | 河川名 | 局名 | 所在地 | 最新観測時刻 | 貯水位 | 流入量 | 貯水量 | 貯水率 | 放流量
Oita,大分県,野津ダム,2026-09-16T08:50,238.07,0.07,0.07,,,,100.8,,管理者名 | 河川名 | 局名 | 所在地 | 最新観測時刻 | 貯水位 | 流入量 | 貯水量 | 貯水率 | 放流量
Oita,大分県,青江ダム,2026-09-16T08:50,64.1,0.049,0.046,0.456,,,100.0,,管理者名 | 河川名 | 局名 | 所在地 | 最新観測時刻 | 貯水位 | 流入量 | 貯水量 | 貯水率 | 放流量
Oita,大分県,黒沢ダム,2026-09-16T08:50,95.57,1.31,1.37,1.171,,,100.0,,管理者名 | 河川名 | 局名 | 所在地 | 最新観測時刻 | 貯水位 | 流入量 | 貯水量 | 貯水率 | 放流量
Tokushima,徳島県,宮川内ダム,2026-09-16T08:50,129.95,0.53,0.53,,,0.637,82.73,,管理者名 | 河川名 | 局名 | 所在地 | 最新観測時刻 | 貯水位 | 総貯水量 | 全流入量 | 全放流量 | 貯水率
Tokushima,徳島県,川口ダム,2026-09-16T08:50,94.57,73.1,69.7,,,,,,管理者名 | 河川名 | 局名 | 所在地 | 最新観測時刻 | 貯水位 | 総貯水量 | 全流入量 | 全放流量 | 貯水率
Tokushima,徳島県,棚野ダム,2026-09-16T08:50,,,19.9,,,,,,管理者名 | 河川名 | 局名 | 所在地 | 最新観測時刻 | 貯水位 | 総貯水量 | 全流入量 | 全放流量 | 貯水率
Tokushima,徳島県,正木ダム,2026-09-16T08:50,167.42,11.8,10.7,,,5.45,78.72,,管理者名 | 河川名 | 局名 | 所在地 | 最新観測時刻 | 貯水位 | 総貯水量 | 全流入量 | 全放流量 | 貯水率
Tokushima,徳島県,池田ダム,2026-09-16T08:50,88.6,38.04,37.89,,,,,,管理者名 | 河川名 | 局名 | 所在地 | 最新観測時刻 | 貯水位 | 総貯水量 | 全流入量 | 全放流量 | 貯水率
Tokushima,徳島県,福井ダム,2026-09-16T08:50,43.8,1.01,1.01,,,1.342,100.0,,管理者名 | 河川名 | 局名 | 所在地 | 最新観測時刻 | 貯水位 | 総貯水量 | 全流入量 | 全放流量 | 貯水率
Tokushima,徳島県,長安口ダム,2026-09-16T08:50,221.84,53.98,59.67,,,,,,管理者名 | 河川名 | 局名 | 所在地 | 最新観測時刻 | 貯水位 | 総貯水量 | 全流入量 | 全放流量 | 貯水率
Yamagata,山形県,前川ダム,2026-09-16T08:50,257.38,0.83,0.15,1.548,,,91.1,,管理者名 | 河川名 | 局名 | 所在地 | 最新観測時刻 | 流入量 | 全放流量 | 貯水位 | 貯水量 | 貯水率
Yamagata,山形県,寒河江ダム,2026-09-16T08:50,386.15,23.9,0.86,53.254,,,96.1,,管理者名 | 河川名 | 局名 | 所在地 | 最新観測時刻 | 流入量 | 全放流量 | 貯水位 | 貯水量 | 貯水率
Yamagata,山形県,月光川ダム,2026-09-16T08:50,169.56,7.5,7.5,0.01,,,0.4,,管理者名 | 河川名 | 局名 | 所在地 | 最新観測時刻 | 流入量 | 全放流量 | 貯水位 | 貯水量 | 貯水率
Yamagata,山形県,月山ダム,2026-09-16T08:50,237.14,7.16,6.4,16.652,,,92.9,,管理者名 | 河川名 | 局名 | 所在地 | 最新観測時刻 | 流入量 | 全放流量 | 貯水位 | 貯水量 | 貯水率
Yamagata,山形県,木地山ダム,2026-09-16T08:50,469.92,5.63,5.1,0.948,,,17.9,,管理者名 | 河川名 | 局名 | 所在地 | 最新観測時刻 | 流入量 | 全放流量 | 貯水位 | 貯水量 | 貯水率
Yamagata,山形県,田沢川ダム,2026-09-16T08:50,129.53,2.32,1.17,4.603,,,93.0,,管理者名 | 河川名 | 局名 | 所在地 | 最新観測時刻 | 流入量 | 全放流量 | 貯水位 | 貯水量 | 貯水率
Yamagata,山形県,留山川ダム,2026-09-16T08:50,300.12,0.35,0.32,0.347,,,100.0,,管理者名 | 河川名 | 局名 | 所在地 | 最新観測時刻 | 流入量 | 全放流量 | 貯水位 | 貯水量 | 貯水率
Yamagata,山形県,白川ダム,2026-09-16T08:50,319.81,20.95,13.47,6.802,,,68.7,,管理者名 | 河川名 | 局名 | 所在地 | 最新観測時刻 | 流入量 | 全放流量 | 貯水位 | 貯水量 | 貯水率
Yamagata,山形県,白水川ダム,2026-09-16T08:50,357.76,0.82,0.45,2.553,,,98.2,,管理者名 | 河川名 | 局名 | 所在地 | 最新観測時刻 | 流入量 | 全放流量 | 貯水位 | 貯水量 | 貯水率
Yamagata,山形県,神室ダム,2026-09-16T08:50,383.87,2.34,1.52,3.296,,,100.0,,管理者名 | 河川名 | 局名 | 所在地 | 最新観測時刻 | 流入量 | 全放流量 | 貯水位 | 貯水量 | 貯水率
Yamagata,山形県,綱木川ダム,2026-09-16T08:50,456.34,4.0,2.32,3.585,,,100.0,,管理者名 | 河川名 | 局名 | 所在地 | 最新観測時刻 | 流入量 | 全放流量 | 貯水位 | 貯水量 | 貯水率
Yamagata,山形県,荒沢ダム,2026-09-16T08:50,237.26,19.27,13.6,5.642,,,32.7,,管理者名 | 河川名 | 局名 | 所在地 | 最新観測時刻 | 流入量 | 全放流量 | 貯水位 | 貯水量 | 貯水率
Yamagata,山形県,蔵王ダム,2026-09-16T08:50,593.47,2.43,1.6,1.962,,,92.6,,管理者名 | 河川名 | 局名 | 所在地 | 最新観測時刻 | 流入量 | 全放流量 | 貯水位 | 貯水量 | 貯水率
Yamagata,山形県,長井ダム,2026-09-16T08:50,365.86,7.0,6.98,20.881,,,94.6,,管理者名 | 河川名 | 局名 | 所在地 | 最新観測時刻 | 流入量 | 全放流量 | 貯水位 | 貯水量 | 貯水率
Yamagata,山形県,高坂ダム,2026-09-16T08:50,182.18,9.86,11.52,0.711,,,21.5,,管理者名 | 河川名 | 局名 | 所在地 | 最新観測時刻 | 流入量 | 全放流量 | 貯水位 | 貯水量 | 貯水率
Aomori,青森県,下湯ダム,2026-09-16T13:30,263.56,1.41,1.41,,,,,,管理者名 | 河川名 | 局名 | 所在地 | 最新観測時刻 | 流入量 | 全放流量 | 貯水位 | 平常時最高水位 | 洪水貯留準備水位 | 洪水量(※)
Aomori,青森県,世増ダム,2026-09-16T13:30,94.68,8.2,8.2,,,,,,管理者名 | 河川名 | 局名 | 所在地 | 最新観測時刻 | 流入量 | 全放流量 | 貯水位 | 平常時最高水位 | 洪水貯留準備水位 | 洪水量(※)
Aomori,青森県,久吉ダム,2026-09-16T13:30,276.59,0.66,0.67,,,,,,管理者名 | 河川名 | 局名 | 所在地 | 最新観測時刻 | 流入量 | 全放流量 | 貯水位 | 平常時最高水位 | 洪水貯留準備水位 | 洪水量(※)
Aomori,青森県,小泊ダム,2026-09-16T13:30,67.53,0.02,0.02,,,,,,管理者名 | 河川名 | 局名 | 所在地 | 最新観測時刻 | 流入量 | 全放流量 | 貯水位 | 平常時最高水位 | 洪水貯留準備水位 | 洪水量(※)
Aomori,青森県,川内ダム,2026-09-16T13:30,178.35,1.32,1.32,,,,,,管理者名 | 河川名 | 局名 | 所在地 | 最新観測時刻 | 流入量 | 全放流量 | 貯水位 | 平常時最高水位 | 洪水貯留準備水位 | 洪水量(※)
Aomori,青森県,津軽ダム,2026-09-16T13:30,195.35,4.13,4.13,,,,,,管理者名 | 河川名 | 局名 | 所在地 | 最新観測時刻 | 流入量 | 全放流量 | 貯水位 | 平常時最高水位 | 洪水貯留準備水位 | 洪水量(※)
Aomori,青森県,浅瀬石川ダム,2026-09-16T13:30,184.8,7.78,7.78,,,,,,管理者名 | 河川名 | 局名 | 所在地 | 最新観測時刻 | 流入量 | 全放流量 | 貯水位 | 平常時最高水位 | 洪水貯留準備水位 | 洪水量(※)
Aomori,青森県,浅虫ダム,2026-09-16T13:30,13.96,0.0,0.04,,,,,,管理者名 | 河川名 | 局名 | 所在地 | 最新観測時刻 | 流入量 | 全放流量 | 貯水位 | 平常時最高水位 | 洪水貯留準備水位 | 洪水量(※)
Aomori,青森県,清水目ダム,2026-09-16T13:30,108.0,0.3,0.3,,,,,,管理者名 | 河川名 | 局名 | 所在地 | 最新観測時刻 | 流入量 | 全放流量 | 貯水位 | 平常時最高水位 | 洪水貯留準備水位 | 洪水量(※)
Aomori,青森県,遠部ダム,2026-09-16T13:30,214.97,0.08,0.15,,,,,,管理者名 | 河川名 | 局名 | 所在地 | 最新観測時刻 | 流入量 | 全放流量 | 貯水位 | 平常時最高水位 | 洪水貯留準備水位 | 洪水量(※)
Aomori,青森県,飯詰ダム,2026-09-16T13:30,70.5,0.2,0.2,,,,,,管理者名 | 河川名 | 局名 | 所在地 | 最新観測時刻 | 流入量 | 全放流量 | 貯水位 | 平常時最高水位 | 洪水貯留準備水位 | 洪水量(※)
Fukui,福井県,九頭竜ダム,2026-09-16T13:30,542.98,16.08,0.01,,,,,37.0,局名 | 所在地 | 最新観測時刻 | 貯水率(利水容量) | 貯水位 | 有効貯水量 | 流入量 | 放流量 | 管理者名
Fukui,福井県,二ツ屋ダム,2026-09-16T13:30,349.76,1.66,1.66,,0.214,,,100.9,局名 | 所在地 | 最新観測時刻 | 貯水率(利水容量) | 貯水位 | 有効貯水量 | 流入量 | 放流量 | 管理者名
Fukui,福井県,吉野瀬川ダム,2026-09-16T13:30,99.88,0.97,0.76,,1.174,,,100.0,局名 | 所在地 | 最新観測時刻 | 貯水率(利水容量) | 貯水位 | 有効貯水量 | 流入量 | 放流量 | 管理者名
Fukui,福井県,大津呂ダム,2026-09-16T13:30,86.34,0.18,0.02,,0.14,,,51.5,局名 | 所在地 | 最新観測時刻 | 貯水率(利水容量) | 貯水位 | 有効貯水量 | 流入量 | 放流量 | 管理者名
Fukui,福井県,広野ダム,2026-09-16T13:30,294.34,1.6,1.6,,1.362,,,34.1,局名 | 所在地 | 最新観測時刻 | 貯水率(利水容量) | 貯水位 | 有効貯水量 | 流入量 | 放流量 | 管理者名
Fukui,福井県,桝谷ダム,2026-09-16T13:30,299.51,0.12,0.12,,3.569,,,17.9,局名 | 所在地 | 最新観測時刻 | 貯水率(利水容量) | 貯水位 | 有効貯水量 | 流入量 | 放流量 | 管理者名
Fukui,福井県,永平寺ダム,2026-09-16T13:30,319.82,0.27,0.27,,0.441,,,100.23,局名 | 所在地 | 最新観測時刻 | 貯水率(利水容量) | 貯水位 | 有効貯水量 | 流入量 | 放流量 | 管理者名
Fukui,福井県,河内川ダム,2026-09-16T13:30,184.45,0.78,0.52,,3.064,,,65.9,局名 | 所在地 | 最新観測時刻 | 貯水率(利水容量) | 貯水位 | 有効貯水量 | 流入量 | 放流量 | 管理者名
Fukui,福井県,浄土寺川ダム,2026-09-16T13:30,344.56,0.602,0.455,,0.772,,,100.0,局名 | 所在地 | 最新観測時刻 | 貯水率(利水容量) | 貯水位 | 有効貯水量 | 流入量 | 放流量 | 管理者名
Fukui,福井県,真名川ダム,2026-09-16T13:30,336.74,3.01,5.94,,,,,88.8,局名 | 所在地 | 最新観測時刻 | 貯水率(利水容量) | 貯水位 | 有効貯水量 | 流入量 | 放流量 | 管理者名
Fukui,福井県,笹生川ダム,2026-09-16T13:30,515.66,2.06,2.07,,24.673,,,60.23,局名 | 所在地 | 最新観測時刻 | 貯水率(利水容量) | 貯水位 | 有効貯水量 | 流入量 | 放流量 | 管理者名
Fukui,福井県,開谷ダム,2026-09-16T13:30,120.92,,,,0.065,,,64.4,局名 | 所在地 | 最新観測時刻 | 貯水率(利水容量) | 貯水位 | 有効貯水量 | 流入量 | 放流量 | 管理者名
Fukui,福井県,龍ヶ鼻ダム,2026-09-16T13:30,171.28,2.01,2.0,,3.559,,,75.37,局名 | 所在地 | 最新観測時刻 | 貯水率(利水容量) | 貯水位 | 有効貯水量 | 流入量 | 放流量 | 管理者名
Miyazaki,宮崎県,岩瀬ダム,2026-09-16T13:30,111.66,12.12,0.0,,,,,,河川名 | 局名 | 所在地 | 状態 | 最新観測時刻 | 貯水位 | 流入量 | 全放流量
Miyazaki,宮崎県,広渡ダム,2026-09-16T13:30,259.27,4.61,4.57,,,,,,河川名 | 局名 | 所在地 | 状態 | 最新観測時刻 | 貯水位 | 流入量 | 全放流量
Miyazaki,宮崎県,日南ダム,2026-09-16T13:00,107.32,3.23,2.93,,,,,,河川名 | 局名 | 所在地 | 状態 | 最新観測時刻 | 貯水位 | 流入量 | 全放流量
Miyazaki,宮崎県,松尾ダム,2026-09-16T13:30,196.03,30.58,17.73,,,,,,河川名 | 局名 | 所在地 | 状態 | 最新観測時刻 | 貯水位 | 流入量 | 全放流量
Miyazaki,宮崎県,沖田ダム,2026-09-16T13:30,48.37,1.1,1.29,,,,,,河川名 | 局名 | 所在地 | 状態 | 最新観測時刻 | 貯水位 | 流入量 | 全放流量
Miyazaki,宮崎県,渡川ダム,2026-09-16T13:30,290.05,6.69,13.57,,,,,,河川名 | 局名 | 所在地 | 状態 | 最新観測時刻 | 貯水位 | 流入量 | 全放流量
Miyazaki,宮崎県,瓜田ダム,2026-09-16T13:30,38.67,0.19,0.27,,,,,,河川名 | 局名 | 所在地 | 状態 | 最新観測時刻 | 貯水位 | 流入量 | 全放流量
Miyazaki,宮崎県,田代八重ダム,2026-09-16T13:30,324.14,8.1,0.0,,,,,,河川名 | 局名 | 所在地 | 状態 | 最新観測時刻 | 貯水位 | 流入量 | 全放流量
Miyazaki,宮崎県,祝子ダム,2026-09-16T13:30,303.35,5.11,6.68,,,,,,河川名 | 局名 | 所在地 | 状態 | 最新観測時刻 | 貯水位 | 流入量 | 全放流量
Miyazaki,宮崎県,立花ダム,2026-09-16T13:30,250.42,1.42,0.0,,,,,,河川名 | 局名 | 所在地 | 状態 | 最新観測時刻 | 貯水位 | 流入量 | 全放流量
Miyazaki,宮崎県,綾北ダム,2026-09-16T13:30,283.15,5.44,0.2,,,,,,河川名 | 局名 | 所在地 | 状態 | 最新観測時刻 | 貯水位 | 流入量 | 全放流量
Miyazaki,宮崎県,綾南ダム,2026-09-16T13:30,336.23,2.39,0.25,,,,,,河川名 | 局名 | 所在地 | 状態 | 最新観測時刻 | 貯水位 | 流入量 | 全放流量
Miyazaki,宮崎県,長谷ダム,2026-09-16T13:30,108.77,3.71,3.7,,,,,,河川名 | 局名 | 所在地 | 状態 | 最新観測時刻 | 貯水位 | 流入量 | 全放流量
Nara,奈良県,初瀬ダム,2026-09-16T13:30,221.72,0.35,0.35,,,,,,管理者名 | 河川名 | 局名 | 所在地 | 最新観測時刻 | 貯水位 | 貯水容量 | 空容量 | 全流入量 | 放流量
Nara,奈良県,大門ダム,2026-09-16T13:30,262.66,0.0,0.0,,,,,,管理者名 | 河川名 | 局名 | 所在地 | 最新観測時刻 | 貯水位 | 貯水容量 | 空容量 | 全流入量 | 放流量
Nara,奈良県,天理ダム,2026-09-16T13:30,253.04,0.26,0.26,,,,,,管理者名 | 河川名 | 局名 | 所在地 | 最新観測時刻 | 貯水位 | 貯水容量 | 空容量 | 全流入量 | 放流量
Nara,奈良県,岩井川ダム,2026-09-16T13:30,240.25,0.01,0.07,,,,,,管理者名 | 河川名 | 局名 | 所在地 | 最新観測時刻 | 貯水位 | 貯水容量 | 空容量 | 全流入量 | 放流量
Nara,奈良県,白川ダム,2026-09-16T13:30,111.34,0.0,0.0,,,,,,管理者名 | 河川名 | 局名 | 所在地 | 最新観測時刻 | 貯水位 | 貯水容量 | 空容量 | 全流入量 | 放流量
Niigata,新潟県,三面ダム,2026-09-16T13:30,115.75,4.56,15.61,,,,91.5,,観測所名 | 最新観測時刻 | 平常時最高貯水位(常時満水位)[m] | 貯水位[m] | 洪水時最高水位(サーチャージ水位)[m] | 貯水率[%] | 洪水流入量[m3/s] | 流入量[m3/s] | 計画高水流量[m3/s] | 全放流量[m3/s]
Niigata,新潟県,下条川ダム,2026-09-16T13:30,31.21,0.23,0.13,,,,,,観測所名 | 最新観測時刻 | 平常時最高貯水位(常時満水位)[m] | 貯水位[m] | 洪水時最高水位(サーチャージ水位)[m] | 貯水率[%] | 洪水流入量[m3/s] | 流入量[m3/s] | 計画高水流量[m3/s] | 全放流量[m3/s]
Niigata,新潟県,久知川ダム,2026-09-16T13:30,124.09,0.39,0.52,,,,100.0,,観測所名 | 最新観測時刻 | 平常時最高貯水位(常時満水位)[m] | 貯水位[m] | 洪水時最高水位(サーチャージ水位)[m] | 貯水率[%] | 洪水流入量[m3/s] | 流入量[m3/s] | 計画高水流量[m3/s] | 全放流量[m3/s]
Niigata,新潟県,内の倉ダム,2026-09-16T13:30,147.89,2.49,2.5,,,,41.2,,観測所名 | 最新観測時刻 | 平常時最高貯水位(常時満水位)[m] | 貯水位[m] | 洪水時最高水位(サーチャージ水位)[m] | 貯水率[%] | 洪水流入量[m3/s] | 流入量[m3/s] | 計画高水流量[m3/s] | 全放流量[m3/s]
Niigata,新潟県,刈谷田川ダム,2026-09-16T13:30,239.34,1.29,1.54,,,,98.2,,観測所名 | 最新観測時刻 | 平常時最高貯水位(常時満水位)[m] | 貯水位[m] | 洪水時最高水位(サーチャージ水位)[m] | 貯水率[%] | 洪水流入量[m3/s] | 流入量[m3/s] | 計画高水流量[m3/s] | 全放流量[m3/s]
Niigata,新潟県,加治川治水ダム,2026-09-16T13:30,272.14,3.97,6.27,,,,,,観測所名 | 最新観測時刻 | 平常時最高貯水位(常時満水位)[m] | 貯水位[m] | 洪水時最高水位(サーチャージ水位)[m] | 貯水率[%] | 洪水流入量[m3/s] | 流入量[m3/s] | 計画高水流量[m3/s] | 全放流量[m3/s]
Niigata,新潟県,城川ダム,2026-09-16T13:30,271.59,0.39,0.36,,,,100.0,,観測所名 | 最新観測時刻 | 平常時最高貯水位(常時満水位)[m] | 貯水位[m] | 洪水時最高水位(サーチャージ水位)[m] | 貯水率[%] | 洪水流入量[m3/s] | 流入量[m3/s] | 計画高水流量[m3/s] | 全放流量[m3/s]
Niigata,新潟県,大谷ダム,2026-09-16T13:30,191.73,1.46,1.46,,,,100.0,,観測所名 | 最新観測時刻 | 平常時最高貯水位(常時満水位)[m] | 貯水位[m] | 洪水時最高水位(サーチャージ水位)[m] | 貯水率[%] | 洪水流入量[m3/s] | 流入量[m3/s] | 計画高水流量[m3/s] | 全放流量[m3/s]
Niigata,新潟県,大野川ダム,2026-09-16T13:30,142.6,0.49,0.5,,,,100.0,,観測所名 | 最新観測時刻 | 平常時最高貯水位(常時満水位)[m] | 貯水位[m] | 洪水時最高水位(サーチャージ水位)[m] | 貯水率[%] | 洪水流入量[m3/s] | 流入量[m3/s] | 計画高水流量[m3/s] | 全放流量[m3/s]
Niigata,新潟県,奥三面ダム,2026-09-16T13:30,211.41,15.03,0.72,,,,78.9,,観測所名 | 最新観測時刻 | 平常時最高貯水位(常時満水位)[m] | 貯水位[m] | 洪水時最高水位(サーチャージ水位)[m] | 貯水率[%] | 洪水流入量[m3/s] | 流入量[m3/s] | 計画高水流量[m3/s] | 全放流量[m3/s]
Niigata,新潟県,奥胎内ダム,2026-09-16T13:30,384.0,2.45,2.45,,,,,,観測所名 | 最新観測時刻 | 平常時最高貯水位(常時満水位)[m] | 貯水位[m] | 洪水時最高水位(サーチャージ水位)[m] | 貯水率[%] | 洪水流入量[m3/s] | 流入量[m3/s] | 計画高水流量[m3/s] | 全放流量[m3/s]
Niigata,新潟県,広神ダム,2026-09-16T13:30,214.0,2.26,2.0,,,,100.0,,観測所名 | 最新観測時刻 | 平常時最高貯水位(常時満水位)[m] | 貯水位[m] | 洪水時最高水位(サーチャージ水位)[m] | 貯水率[%] | 洪水流入量[m3/s] | 流入量[m3/s] | 計画高水流量[m3/s] | 全放流量[m3/s]
Niigata,新潟県,新保川ダム,2026-09-16T13:30,160.65,1.28,1.26,,,,100.0,,観測所名 | 最新観測時刻 | 平常時最高貯水位(常時満水位)[m] | 貯水位[m] | 洪水時最高水位(サーチャージ水位)[m] | 貯水率[%] | 洪水流入量[m3/s] | 流入量[m3/s] | 計画高水流量[m3/s] | 全放流量[m3/s]
Niigata,新潟県,早出川ダム,2026-09-16T13:30,164.08,4.41,3.75,,,,80.9,,観測所名 | 最新観測時刻 | 平常時最高貯水位(常時満水位)[m] | 貯水位[m] | 洪水時最高水位(サーチャージ水位)[m] | 貯水率[%] | 洪水流入量[m3/s] | 流入量[m3/s] | 計画高水流量[m3/s] | 全放流量[m3/s]
Niigata,新潟県,柿崎川ダム,2026-09-16T13:30,120.68,0.44,0.44,,,,100.0,,観測所名 | 最新観測時刻 | 平常時最高貯水位(常時満水位)[m] | 貯水位[m] | 洪水時最高水位(サーチャージ水位)[m] | 貯水率[%] | 洪水流入量[m3/s] | 流入量[m3/s] | 計画高水流量[m3/s] | 全放流量[m3/s]
Niigata,新潟県,正善寺ダム,2026-09-16T13:30,86.31,0.38,0.37,,,,84.2,,観測所名 | 最新観測時刻 | 平常時最高貯水位(常時満水位)[m] | 貯水位[m] | 洪水時最高水位(サーチャージ水位)[m] | 貯水率[%] | 洪水流入量[m3/s] | 流入量[m3/s] | 計画高水流量[m3/s] | 全放流量[m3/s]
Niigata,新潟県,破間川ダム,2026-09-16T13:30,429.97,3.52,2.55,,,,66.4,,観測所名 | 最新観測時刻 | 平常時最高貯水位(常時満水位)[m] | 貯水位[m] | 洪水時最高水位(サーチャージ水位)[m] | 貯水率[%] | 洪水流入量[m3/s] | 流入量[m3/s] | 計画高水流量[m3/s] | 全放流量[m3/s]
Niigata,新潟県,笠堀ダム,2026-09-16T13:30,192.8,8.7,1.95,,,,86.9,,観測所名 | 最新観測時刻 | 平常時最高貯水位(常時満水位)[m] | 貯水位[m] | 洪水時最高水位(サーチャージ水位)[m] | 貯水率[%] | 洪水流入量[m3/s] | 流入量[m3/s] | 計画高水流量[m3/s] | 全放流量[m3/s]
Niigata,新潟県,胎内川ダム,2026-09-16T13:30,287.4,5.48,6.9,,,,92.9,,観測所名 | 最新観測時刻 | 平常時最高貯水位(常時満水位)[m] | 貯水位[m] | 洪水時最高水位(サーチャージ水位)[m] | 貯水率[%] | 洪水流入量[m3/s] | 流入量[m3/s] | 計画高水流量[m3/s] | 全放流量[m3/s]
Niigata,新潟県,鯖石川ダム,2026-09-16T13:30,134.82,1.76,1.59,,,,93.3,,観測所名 | 最新観測時刻 | 平常時最高貯水位(常時満水位)[m] | 貯水位[m] | 洪水時最高水位(サーチャージ水位)[m] | 貯水率[%] | 洪水流入量[m3/s] | 流入量[m3/s] | 計画高水流量[m3/s] | 全放流量[m3/s]
Oita,大分県,北川ダム,2026-09-16T13:30,148.32,5.83,0.6,,,,38.2,,管理者名 | 河川名 | 局名 | 所在地 | 最新観測時刻 | 貯水位 | 流入量 | 貯水量 | 貯水率 | 放流量
Oita,大分県,安岐ダム,2026-09-16T13:30,153.72,0.11,0.16,0.603,,,100.0,,管理者名 | 河川名 | 局名 | 所在地 | 最新観測時刻 | 貯水位 | 流入量 | 貯水量 | 貯水率 | 放流量
Oita,大分県,床木ダム,2026-09-16T13:30,88.74,0.48,0.49,0.91,,,100.0,,管理者名 | 河川名 | 局名 | 所在地 | 最新観測時刻 | 貯水位 | 流入量 | 貯水量 | 貯水率 | 放流量
Oita,大分県,玉来ダム,2026-09-16T13:30,350.75,5.25,5.25,,,,0.1,,管理者名 | 河川名 | 局名 | 所在地 | 最新観測時刻 | 貯水位 | 流入量 | 貯水量 | 貯水率 | 放流量
Oita,大分県,稲葉ダム,2026-09-16T13:30,437.83,2.342,2.064,,,,100.9,,管理者名 | 河川名 | 局名 | 所在地 | 最新観測時刻 | 貯水位 | 流入量 | 貯水量 | 貯水率 | 放流量
Oita,大分県,芹川ダム,2026-09-16T13:30,329.08,4.9,4.1,,,,57.8,,管理者名 | 河川名 | 局名 | 所在地 | 最新観測時刻 | 貯水位 | 流入量 | 貯水量 | 貯水率 | 放流量
Oita,大分県,行入ダム,2026-09-16T13:30,122.07,0.02,0.1,0.452,,,43.6,,管理者名 | 河川名 | 局名 | 所在地 | 最新観測時刻 | 貯水位 | 流入量 | 貯水量 | 貯水率 | 放流量
Oita,大分県,野津ダム,2026-09-16T13:30,238.07,0.07,0.07,,,,100.8,,管理者名 | 河川名 | 局名 | 所在地 | 最新観測時刻 | 貯水位 | 流入量 | 貯水量 | 貯水率 | 放流量
Oita,大分県,青江ダム,2026-09-16T13:30,64.1,0.049,0.046,0.456,,,100.0,,管理者名 | 河川名 | 局名 | 所在地 | 最新観測時刻 | 貯水位 | 流入量 | 貯水量 | 貯水率 | 放流量
Oita,大分県,黒沢ダム,2026-09-16T13:30,95.56,1.28,1.31,1.17,,,100.0,,管理者名 | 河川名 | 局名 | 所在地 | 最新観測時刻 | 貯水位 | 流入量 | 貯水量 | 貯水率 | 放流量
Tokushima,徳島県,宮川内ダム,2026-09-16T13:30,130.0,1.11,0.53,,,0.641,83.25,,管理者名 | 河川名 | 局名 | 所在地 | 最新観測時刻 | 貯水位 | 総貯水量 | 全流入量 | 全放流量 | 貯水率
Tokushima,徳島県,川口ダム,2026-09-16T13:30,94.0,38.0,69.7,,,,,,管理者名 | 河川名 | 局名 | 所在地 | 最新観測時刻 | 貯水位 | 総貯水量 | 全流入量 | 全放流量 | 貯水率
Tokushima,徳島県,棚野ダム,2026-09-16T13:30,,,18.0,,,,,,管理者名 | 河川名 | 局名 | 所在地 | 最新観測時刻 | 貯水位 | 総貯水量 | 全流入量 | 全放流量 | 貯水率
Tokushima,徳島県,正木ダム,2026-09-16T13:30,167.53,20.4,17.2,,,5.492,79.92,,管理者名 | 河川名 | 局名 | 所在地 | 最新観測時刻 | 貯水位 | 総貯水量 | 全流入量 | 全放流量 | 貯水率
Tokushima,徳島県,池田ダム,2026-09-16T13:30,88.63,38.38,34.8,,,,,,管理者名 | 河川名 | 局名 | 所在地 | 最新観測時刻 | 貯水位 | 総貯水量 | 全流入量 | 全放流量 | 貯水率
Tokushima,徳島県,福井ダム,2026-09-16T13:30,43.8,1.01,1.01,,,1.342,100.0,,管理者名 | 河川名 | 局名 | 所在地 | 最新観測時刻 | 貯水位 | 総貯水量 | 全流入量 | 全放流量 | 貯水率
Tokushima,徳島県,長安口ダム,2026-09-16T13:30,222.14,75.42,29.57,,,,,,管理者名 | 河川名 | 局名 | 所在地 | 最新観測時刻 | 貯水位 | 総貯水量 | 全流入量 | 全放流量 | 貯水率
Yamagata,山形県,前川ダム,2026-09-16T13:30,257.39,0.15,0.15,1.551,,,91.2,,管理者名 | 河川名 | 局名 | 所在地 | 最新観測時刻 | 流入量 | 全放流量 | 貯水位 | 貯水量 | 貯水率
Yamagata,山形県,寒河江ダム,2026-09-16T13:30,386.28,21.8,0.86,53.581,,,96.7,,管理者名 | 河川名 | 局名 | 所在地 | 最新観測時刻 | 流入量 | 全放流量 | 貯水位 | 貯水量 | 貯水率
Yamagata,山形県,月光川ダム,2026-09-16T13:30,169.53,7.09,7.05,0.01,,,0.4,,管理者名 | 河川名 | 局名 | 所在地 | 最新観測時刻 | 流入量 | 全放流量 | 貯水位 | 貯水量 | 貯水率
Yamagata,山形県,月山ダム,2026-09-16T13:30,237.14,7.16,6.4,16.652,,,92.9,,管理者名 | 河川名 | 局名 | 所在地 | 最新観測時刻 | 流入量 | 全放流量 | 貯水位 | 貯水量 | 貯水率
Yamagata,山形県,木地山ダム,2026-09-16T13:30,469.89,4.54,6.9,0.941,,,17.7,,管理者名 | 河川名 | 局名 | 所在地 | 最新観測時刻 | 流入量 | 全放流量 | 貯水位 | 貯水量 | 貯水率
Yamagata,山形県,田沢川ダム,2026-09-16T13:30,129.59,2.04,1.14,4.619,,,93.3,,管理者名 | 河川名 | 局名 | 所在地 | 最新観測時刻 | 流入量 | 全放流量 | 貯水位 | 貯水量 | 貯水率
Yamagata,山形県,留山川ダム,2026-09-16T13:30,300.12,0.32,0.32,0.347,,,100.0,,管理者名 | 河川名 | 局名 | 所在地 | 最新観測時刻 | 流入量 | 全放流量 | 貯水位 | 貯水量 | 貯水率
Yamagata,山形県,白川ダム,2026-09-16T13:30,319.9,18.22,13.37,6.899,,,69.7,,管理者名 | 河川名 | 局名 | 所在地 | 最新観測時刻 | 流入量 | 全放流量 | 貯水位 | 貯水量 | 貯水率
Yamagata,山形県,白水川ダム,2026-09-16T13:30,357.79,0.84,0.45,2.559,,,98.4,,管理者名 | 河川名 | 局名 | 所在地 | 最新観測時刻 | 流入量 | 全放流量 | 貯水位 | 貯水量 | 貯水率
Yamagata,山形県,神室ダム,2026-09-16T13:30,383.93,2.86,2.02,3.315,,,100.0,,管理者名 | 河川名 | 局名 | 所在地 | 最新観測時刻 | 流入量 | 全放流量 | 貯水位 | 貯水量 | 貯水率
Yamagata,山形県,綱木川ダム,2026-09-16T13:30,456.35,3.11,2.85,3.588,,,100.0,,管理者名 | 河川名 | 局名 | 所在地 | 最新観測時刻 | 流入量 | 全放流量 | 貯水位 | 貯水量 | 貯水率
Yamagata,山形県,荒沢ダム,2026-09-16T13:30,237.34,17.68,13.64,5.724,,,33.2,,管理者名 | 河川名 | 局名 | 所在地 | 最新観測時刻 | 流入量 | 全放流量 | 貯水位 | 貯水量 | 貯水率
Yamagata,山形県,蔵王ダム,2026-09-16T13:30,593.51,2.38,2.5,1.968,,,92.9,,管理者名 | 河川名 | 局名 | 所在地 | 最新観測時刻 | 流入量 | 全放流量 | 貯水位 | 貯水量 | 貯水率
Yamagata,山形県,長井ダム,2026-09-16T13:30,365.87,7.0,6.99,20.889,,,94.6,,管理者名 | 河川名 | 局名 | 所在地 | 最新観測時刻 | 流入量 | 全放流量 | 貯水位 | 貯水量 | 貯水率
Yamagata,山形県,高坂ダム,2026-09-16T13:30,182.05,8.94,12.01,0.663,,,20.1,,管理者名 | 河川名 | 局名 | 所在地 | 最新観測時刻 | 流入量 | 全放流量 | 貯水位 | 貯水量 | 貯水率
Aomori,青森県,下湯ダム,2026-09-16T18:30,263.55,0.56,1.4,,,,,,管理者名 | 河川名 | 局名 | 所在地 | 最新観測時刻 | 流入量 | 全放流量 | 貯水位 | 平常時最高水位 | 洪水貯留準備水位 | 洪水量(※)
Aomori,青森県,世増ダム,2026-09-16T18:40,94.68,8.2,8.14,,,,,,管理者名 | 河川名 | 局名 | 所在地 | 最新観測時刻 | 流入量 | 全放流量 | 貯水位 | 平常時最高水位 | 洪水貯留準備水位 | 洪水量(※)
Aomori,青森県,久吉ダム,2026-09-16T18:40,276.58,0.64,0.65,,,,,,管理者名 | 河川名 | 局名 | 所在地 | 最新観測時刻 | 流入量 | 全放流量 | 貯水位 | 平常時最高水位 | 洪水貯留準備水位 | 洪水量(※)
Aomori,青森県,小泊ダム,2026-09-16T18:40,67.52,0.02,0.02,,,,,,管理者名 | 河川名 | 局名 | 所在地 | 最新観測時刻 | 流入量 | 全放流量 | 貯水位 | 平常時最高水位 | 洪水貯留準備水位 | 洪水量(※)
Aomori,青森県,川内ダム,2026-09-16T18:40,178.33,1.32,1.31,,,,,,管理者名 | 河川名 | 局名 | 所在地 | 最新観測時刻 | 流入量 | 全放流量 | 貯水位 | 平常時最高水位 | 洪水貯留準備水位 | 洪水量(※)
Aomori,青森県,津軽ダム,2026-09-16T18:40,195.35,4.13,4.13,,,,,,管理者名 | 河川名 | 局名 | 所在地 | 最新観測時刻 | 流入量 | 全放流量 | 貯水位 | 平常時最高水位 | 洪水貯留準備水位 | 洪水量(※)
Aomori,青森県,浅瀬石川ダム,2026-09-16T18:40,184.8,7.83,7.84,,,,,,管理者名 | 河川名 | 局名 | 所在地 | 最新観測時刻 | 流入量 | 全放流量 | 貯水位 | 平常時最高水位 | 洪水貯留準備水位 | 洪水量(※)
Aomori,青森県,浅虫ダム,2026-09-16T18:40,13.96,0.04,0.04,,,,,,管理者名 | 河川名 | 局名 | 所在地 | 最新観測時刻 | 流入量 | 全放流量 | 貯水位 | 平常時最高水位 | 洪水貯留準備水位 | 洪水量(※)
Aomori,青森県,清水目ダム,2026-09-16T18:40,107.99,0.3,0.3,,,,,,管理者名 | 河川名 | 局名 | 所在地 | 最新観測時刻 | 流入量 | 全放流量 | 貯水位 | 平常時最高水位 | 洪水貯留準備水位 | 洪水量(※)
Aomori,青森県,遠部ダム,2026-09-16T18:40,214.97,0.15,0.15,,,,,,管理者名 | 河川名 | 局名 | 所在地 | 最新観測時刻 | 流入量 | 全放流量 | 貯水位 | 平常時最高水位 | 洪水貯留準備水位 | 洪水量(※)
Aomori,青森県,飯詰ダム,2026-09-16T18:40,70.49,0.2,0.2,,,,,,管理者名 | 河川名 | 局名 | 所在地 | 最新観測時刻 | 流入量 | 全放流量 | 貯水位 | 平常時最高水位 | 洪水貯留準備水位 | 洪水量(※)
Fukui,福井県,九頭竜ダム,2026-09-16T18:30,542.89,20.92,0.01,,,,,36.7,局名 | 所在地 | 最新観測時刻 | 貯水率(利水容量) | 貯水位 | 有効貯水量 | 流入量 | 放流量 | 管理者名
Fukui,福井県,二ツ屋ダム,2026-09-16T18:40,349.76,1.66,1.66,,0.214,,,100.9,局名 | 所在地 | 最新観測時刻 | 貯水率(利水容量) | 貯水位 | 有効貯水量 | 流入量 | 放流量 | 管理者名
Fukui,福井県,吉野瀬川ダム,2026-09-16T18:30,99.87,0.97,0.74,,1.172,,,100.0,局名 | 所在地 | 最新観測時刻 | 貯水率(利水容量) | 貯水位 | 有効貯水量 | 流入量 | 放流量 | 管理者名
Fukui,福井県,大津呂ダム,2026-09-16T18:40,86.51,0.14,0.03,,0.142,,,52.4,局名 | 所在地 | 最新観測時刻 | 貯水率(利水容量) | 貯水位 | 有効貯水量 | 流入量 | 放流量 | 管理者名
Fukui,福井県,広野ダム,2026-09-16T18:30,294.34,1.6,1.56,,1.362,,,34.1,局名 | 所在地 | 最新観測時刻 | 貯水率(利水容量) | 貯水位 | 有効貯水量 | 流入量 | 放流量 | 管理者名
Fukui,福井県,桝谷ダム,2026-09-16T18:40,299.52,0.12,0.12,,3.571,,,17.9,局名 | 所在地 | 最新観測時刻 | 貯水率(利水容量) | 貯水位 | 有効貯水量 | 流入量 | 放流量 | 管理者名
Fukui,福井県,永平寺ダム,2026-09-16T18:40,319.82,0.27,0.27,,0.441,,,100.23,局名 | 所在地 | 最新観測時刻 | 貯水率(利水容量) | 貯水位 | 有効貯水量 | 流入量 | 放流量 | 管理者名
Fukui,福井県,河内川ダム,2026-09-16T18:40,184.47,0.81,0.52,,3.069,,,66.0,局名 | 所在地 | 最新観測時刻 | 貯水率(利水容量) | 貯水位 | 有効貯水量 | 流入量 | 放流量 | 管理者名
Fukui,福井県,浄土寺川ダム,2026-09-16T18:40,344.52,0.572,0.538,,0.769,,,100.0,局名 | 所在地 | 最新観測時刻 | 貯水率(利水容量) | 貯水位 | 有効貯水量 | 流入量 | 放流量 | 管理者名
Fukui,福井県,真名川ダム,2026-09-16T18:30,336.72,5.92,5.94,,,,,88.4,局名 | 所在地 | 最新観測時刻 | 貯水率(利水容量) | 貯水位 | 有効貯水量 | 流入量 | 放流量 | 管理者名
Fukui,福井県,笹生川ダム,2026-09-16T18:40,515.68,2.28,2.29,,24.704,,,60.31,局名 | 所在地 | 最新観測時刻 | 貯水率(利水容量) | 貯水位 | 有効貯水量 | 流入量 | 放流量 | 管理者名
Fukui,福井県,開谷ダム,2026-09-16T18:40,120.93,,,,0.065,,,64.4,局名 | 所在地 | 最新観測時刻 | 貯水率(利水容量) | 貯水位 | 有効貯水量 | 流入量 | 放流量 | 管理者名
Fukui,福井県,龍ヶ鼻ダム,2026-09-16T18:30,171.24,1.8,3.47,,3.549,,,75.16,局名 | 所在地 | 最新観測時刻 | 貯水率(利水容量) | 貯水位 | 有効貯水量 | 流入量 | 放流量 | 管理者名
Miyazaki,宮崎県,岩瀬ダム,2026-09-16T18:30,111.62,23.16,35.69,,,,,,河川名 | 局名 | 所在地 | 状態 | 最新観測時刻 | 貯水位 | 流入量 | 全放流量
Miyazaki,宮崎県,広渡ダム,2026-09-16T18:40,259.27,4.61,4.57,,,,,,河川名 | 局名 | 所在地 | 状態 | 最新観測時刻 | 貯水位 | 流入量 | 全放流量
Miyazaki,宮崎県,日南ダム,2026-09-16T18:00,107.33,3.13,3.3,,,,,,河川名 | 局名 | 所在地 | 状態 | 最新観測時刻 | 貯水位 | 流入量 | 全放流量
Miyazaki,宮崎県,松尾ダム,2026-09-16T18:30,196.13,36.3,17.52,,,,,,河川名 | 局名 | 所在地 | 状態 | 最新観測時刻 | 貯水位 | 流入量 | 全放流量
Miyazaki,宮崎県,沖田ダム,2026-09-16T18:40,48.34,1.03,1.18,,,,,,河川名 | 局名 | 所在地 | 状態 | 最新観測時刻 | 貯水位 | 流入量 | 全放流量
Miyazaki,宮崎県,渡川ダム,2026-09-16T18:30,289.91,7.98,14.93,,,,,,河川名 | 局名 | 所在地 | 状態 | 最新観測時刻 | 貯水位 | 流入量 | 全放流量
Miyazaki,宮崎県,瓜田ダム,2026-09-16T18:30,38.66,0.25,0.25,,,,,,河川名 | 局名 | 所在地 | 状態 | 最新観測時刻 | 貯水位 | 流入量 | 全放流量
Miyazaki,宮崎県,田代八重ダム,2026-09-16T18:30,324.24,6.64,14.0,,,,,,河川名 | 局名 | 所在地 | 状態 | 最新観測時刻 | 貯水位 | 流入量 | 全放流量
Miyazaki,宮崎県,祝子ダム,2026-09-16T18:30,303.17,5.04,3.74,,,,,,河川名 | 局名 | 所在地 | 状態 | 最新観測時刻 | 貯水位 | 流入量 | 全放流量
Miyazaki,宮崎県,立花ダム,2026-09-16T18:30,250.51,2.85,12.17,,,,,,河川名 | 局名 | 所在地 | 状態 | 最新観測時刻 | 貯水位 | 流入量 | 全放流量
Miyazaki,宮崎県,綾北ダム,2026-09-16T18:40,283.22,14.57,10.78,,,,,,河川名 | 局名 | 所在地 | 状態 | 最新観測時刻 | 貯水位 | 流入量 | 全放流量
Miyazaki,宮崎県,綾南ダム,2026-09-16T18:40,336.2,3.94,10.13,,,,,,河川名 | 局名 | 所在地 | 状態 | 最新観測時刻 | 貯水位 | 流入量 | 全放流量
Miyazaki,宮崎県,長谷ダム,2026-09-16T18:40,108.76,3.67,3.64,,,,,,河川名 | 局名 | 所在地 | 状態 | 最新観測時刻 | 貯水位 | 流入量 | 全放流量
Nara,奈良県,初瀬ダム,2026-09-16T18:40,221.74,0.47,0.38,,,,,,管理者名 | 河川名 | 局名 | 所在地 | 最新観測時刻 | 貯水位 | 貯水容量 | 空容量 | 全流入量 | 放流量
Nara,奈良県,大門ダム,2026-09-16T18:40,262.66,0.0,0.0,,,,,,管理者名 | 河川名 | 局名 | 所在地 | 最新観測時刻 | 貯水位 | 貯水容量 | 空容量 | 全流入量 | 放流量
Nara,奈良県,天理ダム,2026-09-16T18:40,253.02,0.09,0.26,,,,,,管理者名 | 河川名 | 局名 | 所在地 | 最新観測時刻 | 貯水位 | 貯水容量 | 空容量 | 全流入量 | 放流量
Nara,奈良県,岩井川ダム,2026-09-16T18:40,240.22,0.05,0.07,,,,,,管理者名 | 河川名 | 局名 | 所在地 | 最新観測時刻 | 貯水位 | 貯水容量 | 空容量 | 全流入量 | 放流量
Nara,奈良県,白川ダム,2026-09-16T18:40,111.34,0.0,0.01,,,,,,管理者名 | 河川名 | 局名 | 所在地 | 最新観測時刻 | 貯水位 | 貯水容量 | 空容量 | 全流入量 | 放流量
Niigata,新潟県,三面ダム,2026-09-16T18:30,115.95,56.0,15.72,,,,92.9,,観測所名 | 最新観測時刻 | 平常時最高貯水位(常時満水位)[m] | 貯水位[m] | 洪水時最高水位(サーチャージ水位)[m] | 貯水率[%] | 洪水流入量[m3/s] | 流入量[m3/s] | 計画高水流量[m3/s] | 全放流量[m3/s]
Niigata,新潟県,下条川ダム,2026-09-16T18:30,31.23,0.24,0.39,,,,,,観測所名 | 最新観測時刻 | 平常時最高貯水位(常時満水位)[m] | 貯水位[m] | 洪水時最高水位(サーチャージ水位)[m] | 貯水率[%] | 洪水流入量[m3/s] | 流入量[m3/s] | 計画高水流量[m3/s] | 全放流量[m3/s]
Niigata,新潟県,久知川ダム,2026-09-16T18:30,124.06,0.32,0.47,,,,100.0,,観測所名 | 最新観測時刻 | 平常時最高貯水位(常時満水位)[m] | 貯水位[m] | 洪水時最高水位(サーチャージ水位)[m] | 貯水率[%] | 洪水流入量[m3/s] | 流入量[m3/s] | 計画高水流量[m3/s] | 全放流量[m3/s]
Niigata,新潟県,内の倉ダム,2026-09-16T18:30,147.89,2.49,2.51,,,,41.2,,観測所名 | 最新観測時刻 | 平常時最高貯水位(常時満水位)[m] | 貯水位[m] | 洪水時最高水位(サーチャージ水位)[m] | 貯水率[%] | 洪水流入量[m3/s] | 流入量[m3/s] | 計画高水流量[m3/s] | 全放流量[m3/s]
Niigata,新潟県,刈谷田川ダム,2026-09-16T18:30,239.38,2.07,2.21,,,,99.1,,観測所名 | 最新観測時刻 | 平常時最高貯水位(常時満水位)[m] | 貯水位[m] | 洪水時最高水位(サーチャージ水位)[m] | 貯水率[%] | 洪水流入量[m3/s] | 流入量[m3/s] | 計画高水流量[m3/s] | 全放流量[m3/s]
Niigata,新潟県,加治川治水ダム,2026-09-16T18:30,272.19,5.8,3.5,,,,,,観測所名 | 最新観測時刻 | 平常時最高貯水位(常時満水位)[m] | 貯水位[m] | 洪水時最高水位(サーチャージ水位)[m] | 貯水率[%] | 洪水流入量[m3/s] | 流入量[m3/s] | 計画高水流量[m3/s] | 全放流量[m3/s]
Niigata,新潟県,城川ダム,2026-09-16T18:30,271.7,1.02,0.7,,,,100.0,,観測所名 | 最新観測時刻 | 平常時最高貯水位(常時満水位)[m] | 貯水位[m] | 洪水時最高水位(サーチャージ水位)[m] | 貯水率[%] | 洪水流入量[m3/s] | 流入量[m3/s] | 計画高水流量[m3/s] | 全放流量[m3/s]
Niigata,新潟県,大谷ダム,2026-09-16T18:30,191.76,4.29,1.58,,,,100.0,,観測所名 | 最新観測時刻 | 平常時最高貯水位(常時満水位)[m] | 貯水位[m] | 洪水時最高水位(サーチャージ水位)[m] | 貯水率[%] | 洪水流入量[m3/s] | 流入量[m3/s] | 計画高水流量[m3/s] | 全放流量[m3/s]
Niigata,新潟県,大野川ダム,2026-09-16T18:30,142.57,0.28,0.5,,,,100.0,,観測所名 | 最新観測時刻 | 平常時最高貯水位(常時満水位)[m] | 貯水位[m] | 洪水時最高水位(サーチャージ水位)[m] | 貯水率[%] | 洪水流入量[m3/s] | 流入量[m3/s] | 計画高水流量[m3/s] | 全放流量[m3/s]
Niigata,新潟県,奥三面ダム,2026-09-16T18:30,211.4,16.73,38.25,,,,78.9,,観測所名 | 最新観測時刻 | 平常時最高貯水位(常時満水位)[m] | 貯水位[m] | 洪水時最高水位(サーチャージ水位)[m] | 貯水率[%] | 洪水流入量[m3/s] | 流入量[m3/s] | 計画高水流量[m3/s] | 全放流量[m3/s]
Niigata,新潟県,奥胎内ダム,2026-09-16T18:30,384.0,2.45,2.45,,,,,,観測所名 | 最新観測時刻 | 平常時最高貯水位(常時満水位)[m] | 貯水位[m] | 洪水時最高水位(サーチャージ水位)[m] | 貯水率[%] | 洪水流入量[m3/s] | 流入量[m3/s] | 計画高水流量[m3/s] | 全放流量[m3/s]
Niigata,新潟県,広神ダム,2026-09-16T18:40,214.19,9.24,2.62,,,,100.0,,観測所名 | 最新観測時刻 | 平常時最高貯水位(常時満水位)[m] | 貯水位[m] | 洪水時最高水位(サーチャージ水位)[m] | 貯水率[%] | 洪水流入量[m3/s] | 流入量[m3/s] | 計画高水流量[m3/s] | 全放流量[m3/s]
Niigata,新潟県,新保川ダム,2026-09-16T18:30,160.63,1.18,1.18,,,,100.0,,観測所名 | 最新観測時刻 | 平常時最高貯水位(常時満水位)[m] | 貯水位[m] | 洪水時最高水位(サーチャージ水位)[m] | 貯水率[%] | 洪水流入量[m3/s] | 流入量[m3/s] | 計画高水流量[m3/s] | 全放流量[m3/s]
Niigata,新潟県,早出川ダム,2026-09-16T18:30,164.19,8.08,4.54,,,,82.3,,観測所名 | 最新観測時刻 | 平常時最高貯水位(常時満水位)[m] | 貯水位[m] | 洪水時最高水位(サーチャージ水位)[m] | 貯水率[%] | 洪水流入量[m3/s] | 流入量[m3/s] | 計画高水流量[m3/s] | 全放流量[m3/s]
Niigata,新潟県,柿崎川ダム,2026-09-16T18:30,120.69,0.45,0.46,,,,100.0,,観測所名 | 最新観測時刻 | 平常時最高貯水位(常時満水位)[m] | 貯水位[m] | 洪水時最高水位(サーチャージ水位)[m] | 貯水率[%] | 洪水流入量[m3/s] | 流入量[m3/s] | 計画高水流量[m3/s] | 全放流量[m3/s]
Niigata,新潟県,正善寺ダム,2026-09-16T18:30,86.33,0.36,0.31,,,,84.4,,観測所名 | 最新観測時刻 | 平常時最高貯水位(常時満水位)[m] | 貯水位[m] | 洪水時最高水位(サーチャージ水位)[m] | 貯水率[%] | 洪水流入量[m3/s] | 流入量[m3/s] | 計画高水流量[m3/s] | 全放流量[m3/s]
Niigata,新潟県,破間川ダム,2026-09-16T18:40,430.22,8.08,2.53,,,,74.4,,観測所名 | 最新観測時刻 | 平常時最高貯水位(常時満水位)[m] | 貯水位[m] | 洪水時最高水位(サーチャージ水位)[m] | 貯水率[%] | 洪水流入量[m3/s] | 流入量[m3/s] | 計画高水流量[m3/s] | 全放流量[m3/s]
Niigata,新潟県,笠堀ダム,2026-09-16T18:30,193.13,16.65,12.24,,,,89.4,,観測所名 | 最新観測時刻 | 平常時最高貯水位(常時満水位)[m] | 貯水位[m] | 洪水時最高水位(サーチャージ水位)[m] | 貯水率[%] | 洪水流入量[m3/s] | 流入量[m3/s] | 計画高水流量[m3/s] | 全放流量[m3/s]
Niigata,新潟県,胎内川ダム,2026-09-16T18:30,287.33,5.41,6.89,,,,92.1,,観測所名 | 最新観測時刻 | 平常時最高貯水位(常時満水位)[m] | 貯水位[m] | 洪水時最高水位(サーチャージ水位)[m] | 貯水率[%] | 洪水流入量[m3/s] | 流入量[m3/s] | 計画高水流量[m3/s] | 全放流量[m3/s]
Niigata,新潟県,鯖石川ダム,2026-09-16T18:30,134.85,5.32,6.64,,,,94.9,,観測所名 | 最新観測時刻 | 平常時最高貯水位(常時満水位)[m] | 貯水位[m] | 洪水時最高水位(サーチャージ水位)[m] | 貯水率[%] | 洪水流入量[m3/s] | 流入量[m3/s] | 計画高水流量[m3/s] | 全放流量[m3/s]
Oita,大分県,北川ダム,2026-09-16T18:40,148.27,10.97,23.74,,,,38.1,,管理者名 | 河川名 | 局名 | 所在地 | 最新観測時刻 | 貯水位 | 流入量 | 貯水量 | 貯水率 | 放流量
Oita,大分県,安岐ダム,2026-09-16T18:40,153.71,0.11,0.13,0.602,,,100.0,,管理者名 | 河川名 | 局名 | 所在地 | 最新観測時刻 | 貯水位 | 流入量 | 貯水量 | 貯水率 | 放流量
Oita,大分県,床木ダム,2026-09-16T18:30,88.73,0.45,0.46,0.909,,,100.0,,管理者名 | 河川名 | 局名 | 所在地 | 最新観測時刻 | 貯水位 | 流入量 | 貯水量 | 貯水率 | 放流量
Oita,大分県,玉来ダム,2026-09-16T18:30,350.75,5.25,5.25,,,,0.1,,管理者名 | 河川名 | 局名 | 所在地 | 最新観測時刻 | 貯水位 | 流入量 | 貯水量 | 貯水率 | 放流量
Oita,大分県,稲葉ダム,2026-09-16T18:40,437.84,2.174,2.485,,,,101.2,,管理者名 | 河川名 | 局名 | 所在地 | 最新観測時刻 | 貯水位 | 流入量 | 貯水量 | 貯水率 | 放流量
Oita,大分県,芹川ダム,2026-09-16T18:40,329.09,4.7,4.1,,,,57.8,,管理者名 | 河川名 | 局名 | 所在地 | 最新観測時刻 | 貯水位 | 流入量 | 貯水量 | 貯水率 | 放流量
Oita,大分県,行入ダム,2026-09-16T18:40,122.04,0.02,0.1,0.45,,,43.4,,管理者名 | 河川名 | 局名 | 所在地 | 最新観測時刻 | 貯水位 | 流入量 | 貯水量 | 貯水率 | 放流量
Oita,大分県,野津ダム,2026-09-16T18:40,238.07,0.07,0.07,,,,100.8,,管理者名 | 河川名 | 局名 | 所在地 | 最新観測時刻 | 貯水位 | 流入量 | 貯水量 | 貯水率 | 放流量
Oita,大分県,青江ダム,2026-09-16T18:40,64.1,0.049,0.046,0.456,,,100.0,,管理者名 | 河川名 | 局名 | 所在地 | 最新観測時刻 | 貯水位 | 流入量 | 貯水量 | 貯水率 | 放流量
Oita,大分県,黒沢ダム,2026-09-16T18:40,95.55,1.23,1.25,1.169,,,100.0,,管理者名 | 河川名 | 局名 | 所在地 | 最新観測時刻 | 貯水位 | 流入量 | 貯水量 | 貯水率 | 放流量
Tokushima,徳島県,宮川内ダム,2026-09-16T18:30,130.05,0.53,0.53,,,0.646,83.9,,管理者名 | 河川名 | 局名 | 所在地 | 最新観測時刻 | 貯水位 | 総貯水量 | 全流入量 | 全放流量 | 貯水率
Tokushima,徳島県,川口ダム,2026-09-16T18:30,94.18,76.4,69.7,,,,,,管理者名 | 河川名 | 局名 | 所在地 | 最新観測時刻 | 貯水位 | 総貯水量 | 全流入量 | 全放流量 | 貯水率
Tokushima,徳島県,棚野ダム,2026-09-16T18:30,,,21.4,,,,,,管理者名 | 河川名 | 局名 | 所在地 | 最新観測時刻 | 貯水位 | 総貯水量 | 全流入量 | 全放流量 | 貯水率
Tokushima,徳島県,正木ダム,2026-09-16T18:30,167.59,17.2,17.2,,,5.515,80.58,,管理者名 | 河川名 | 局名 | 所在地 | 最新観測時刻 | 貯水位 | 総貯水量 | 全流入量 | 全放流量 | 貯水率
Tokushima,徳島県,池田ダム,2026-09-16T18:30,88.68,41.97,41.87,,,,,,管理者名 | 河川名 | 局名 | 所在地 | 最新観測時刻 | 貯水位 | 総貯水量 | 全流入量 | 全放流量 | 貯水率
Tokushima,徳島県,福井ダム,2026-09-16T18:30,43.8,1.01,1.01,,,1.342,100.0,,管理者名 | 河川名 | 局名 | 所在地 | 最新観測時刻 | 貯水位 | 総貯水量 | 全流入量 | 全放流量 | 貯水率
Tokushima,徳島県,長安口ダム,2026-09-16T18:30,222.27,71.34,59.83,,,,,,管理者名 | 河川名 | 局名 | 所在地 | 最新観測時刻 | 貯水位 | 総貯水量 | 全流入量 | 全放流量 | 貯水率
Yamagata,山形県,前川ダム,2026-09-16T18:40,257.41,0.15,0.15,1.555,,,91.5,,管理者名 | 河川名 | 局名 | 所在地 | 最新観測時刻 | 流入量 | 全放流量 | 貯水位 | 貯水量 | 貯水率
Yamagata,山形県,寒河江ダム,2026-09-16T18:40,386.3,21.07,21.09,53.631,,,96.8,,管理者名 | 河川名 | 局名 | 所在地 | 最新観測時刻 | 流入量 | 全放流量 | 貯水位 | 貯水量 | 貯水率
Yamagata,山形県,最上小国川流水型ダム,2026-09-16T18:40,277.0,2.57,2.57,0.002,,,0.0,,管理者名 | 河川名 | 局名 | 所在地 | 最新観測時刻 | 流入量 | 全放流量 | 貯水位 | 貯水量 | 貯水率
Yamagata,山形県,月光川ダム,2026-09-16T18:40,169.51,6.75,6.75,0.009,,,0.3,,管理者名 | 河川名 | 局名 | 所在地 | 最新観測時刻 | 流入量 | 全放流量 | 貯水位 | 貯水量 | 貯水率
Yamagata,山形県,月山ダム,2026-09-16T18:30,237.12,5.91,6.5,16.634,,,92.8,,管理者名 | 河川名 | 局名 | 所在地 | 最新観測時刻 | 流入量 | 全放流量 | 貯水位 | 貯水量 | 貯水率
Yamagata,山形県,木地山ダム,2026-09-16T18:30,469.67,4.16,7.0,0.892,,,16.8,,管理者名 | 河川名 | 局名 | 所在地 | 最新観測時刻 | 流入量 | 全放流量 | 貯水位 | 貯水量 | 貯水率
Yamagata,山形県,温海川ダム,2026-09-16T18:40,142.77,3.61,4.1,0.488,,,100.0,,管理者名 | 河川名 | 局名 | 所在地 | 最新観測時刻 | 流入量 | 全放流量 | 貯水位 | 貯水量 | 貯水率
Yamagata,山形県,田沢川ダム,2026-09-16T18:30,129.64,1.86,1.17,4.633,,,93.6,,管理者名 | 河川名 | 局名 | 所在地 | 最新観測時刻 | 流入量 | 全放流量 | 貯水位 | 貯水量 | 貯水率
Yamagata,山形県,留山川ダム,2026-09-16T18:40,300.13,0.34,0.34,0.347,,,100.0,,管理者名 | 河川名 | 局名 | 所在地 | 最新観測時刻 | 流入量 | 全放流量 | 貯水位 | 貯水量 | 貯水率
Yamagata,山形県,白川ダム,2026-09-16T18:40,319.95,18.48,15.57,6.952,,,70.2,,管理者名 | 河川名 | 局名 | 所在地 | 最新観測時刻 | 流入量 | 全放流量 | 貯水位 | 貯水量 | 貯水率
Yamagata,山形県,白水川ダム,2026-09-16T18:30,357.82,0.45,0.45,2.564,,,98.6,,管理者名 | 河川名 | 局名 | 所在地 | 最新観測時刻 | 流入量 | 全放流量 | 貯水位 | 貯水量 | 貯水率
Yamagata,山形県,神室ダム,2026-09-16T18:30,383.94,2.11,2.1,3.318,,,100.0,,管理者名 | 河川名 | 局名 | 所在地 | 最新観測時刻 | 流入量 | 全放流量 | 貯水位 | 貯水量 | 貯水率
Yamagata,山形県,綱木川ダム,2026-09-16T18:30,456.35,3.11,2.85,3.588,,,100.0,,管理者名 | 河川名 | 局名 | 所在地 | 最新観測時刻 | 流入量 | 全放流量 | 貯水位 | 貯水量 | 貯水率
Yamagata,山形県,荒沢ダム,2026-09-16T18:30,237.4,14.01,10.92,5.785,,,33.5,,管理者名 | 河川名 | 局名 | 所在地 | 最新観測時刻 | 流入量 | 全放流量 | 貯水位 | 貯水量 | 貯水率
Yamagata,山形県,蔵王ダム,2026-09-16T18:30,593.46,1.91,2.5,1.96,,,92.5,,管理者名 | 河川名 | 局名 | 所在地 | 最新観測時刻 | 流入量 | 全放流量 | 貯水位 | 貯水量 | 貯水率
Yamagata,山形県,長井ダム,2026-09-16T18:40,365.92,7.0,6.99,20.93,,,94.8,,管理者名 | 河川名 | 局名 | 所在地 | 最新観測時刻 | 流入量 | 全放流量 | 貯水位 | 貯水量 | 貯水率
Yamagata,山形県,高坂ダム,2026-09-16T18:40,181.94,8.22,10.09,0.624,,,18.9,,管理者名 | 河川名 | 局名 | 所在地 | 最新観測時刻 | 流入量 | 全放流量 | 貯水位 | 貯水量 | 貯水率
Aomori,青森県,下湯ダム,2026-09-16T23:30,263.55,1.4,1.41,,,,,,管理者名 | 河川名 | 局名 | 所在地 | 最新観測時刻 | 流入量 | 全放流量 | 貯水位 | 平常時最高水位 | 洪水貯留準備水位 | 洪水量(※)
Aomori,青森県,世増ダム,2026-09-16T23:30,94.68,8.19,8.23,,,,,,管理者名 | 河川名 | 局名 | 所在地 | 最新観測時刻 | 流入量 | 全放流量 | 貯水位 | 平常時最高水位 | 洪水貯留準備水位 | 洪水量(※)
Aomori,青森県,久吉ダム,2026-09-16T23:30,276.57,0.62,0.62,,,,,,管理者名 | 河川名 | 局名 | 所在地 | 最新観測時刻 | 流入量 | 全放流量 | 貯水位 | 平常時最高水位 | 洪水貯留準備水位 | 洪水量(※)
Aomori,青森県,小泊ダム,2026-09-16T23:30,67.52,0.02,0.02,,,,,,管理者名 | 河川名 | 局名 | 所在地 | 最新観測時刻 | 流入量 | 全放流量 | 貯水位 | 平常時最高水位 | 洪水貯留準備水位 | 洪水量(※)
Aomori,青森県,川内ダム,2026-09-16T23:30,178.31,1.32,1.31,,,,,,管理者名 | 河川名 | 局名 | 所在地 | 最新観測時刻 | 流入量 | 全放流量 | 貯水位 | 平常時最高水位 | 洪水貯留準備水位 | 洪水量(※)
Aomori,青森県,津軽ダム,2026-09-16T23:30,195.35,4.14,4.14,,,,,,管理者名 | 河川名 | 局名 | 所在地 | 最新観測時刻 | 流入量 | 全放流量 | 貯水位 | 平常時最高水位 | 洪水貯留準備水位 | 洪水量(※)
Aomori,青森県,浅瀬石川ダム,2026-09-16T23:30,184.79,7.83,7.8,,,,,,管理者名 | 河川名 | 局名 | 所在地 | 最新観測時刻 | 流入量 | 全放流量 | 貯水位 | 平常時最高水位 | 洪水貯留準備水位 | 洪水量(※)
Aomori,青森県,浅虫ダム,2026-09-16T23:30,13.96,0.04,0.04,,,,,,管理者名 | 河川名 | 局名 | 所在地 | 最新観測時刻 | 流入量 | 全放流量 | 貯水位 | 平常時最高水位 | 洪水貯留準備水位 | 洪水量(※)
Aomori,青森県,清水目ダム,2026-09-16T23:30,107.99,0.3,0.3,,,,,,管理者名 | 河川名 | 局名 | 所在地 | 最新観測時刻 | 流入量 | 全放流量 | 貯水位 | 平常時最高水位 | 洪水貯留準備水位 | 洪水量(※)
Aomori,青森県,遠部ダム,2026-09-16T23:30,214.97,0.15,0.15,,,,,,管理者名 | 河川名 | 局名 | 所在地 | 最新観測時刻 | 流入量 | 全放流量 | 貯水位 | 平常時最高水位 | 洪水貯留準備水位 | 洪水量(※)
Aomori,青森県,飯詰ダム,2026-09-16T23:30,70.48,0.2,0.2,,,,,,管理者名 | 河川名 | 局名 | 所在地 | 最新観測時刻 | 流入量 | 全放流量 | 貯水位 | 平常時最高水位 | 洪水貯留準備水位 | 洪水量(※)
Fukui,福井県,九頭竜ダム,2026-09-16T23:30,542.99,32.15,0.01,,,,,37.0,局名 | 所在地 | 最新観測時刻 | 貯水率(利水容量) | 貯水位 | 有効貯水量 | 流入量 | 放流量 | 管理者名
Fukui,福井県,二ツ屋ダム,2026-09-16T23:30,349.76,1.66,1.66,,0.214,,,100.9,局名 | 所在地 | 最新観測時刻 | 貯水率(利水容量) | 貯水位 | 有効貯水量 | 流入量 | 放流量 | 管理者名
Fukui,福井県,吉野瀬川ダム,2026-09-16T23:30,99.86,0.7,0.72,,1.17,,,100.0,局名 | 所在地 | 最新観測時刻 | 貯水率(利水容量) | 貯水位 | 有効貯水量 | 流入量 | 放流量 | 管理者名
Fukui,福井県,大津呂ダム,2026-09-16T23:30,86.61,0.1,0.03,,0.143,,,52.9,局名 | 所在地 | 最新観測時刻 | 貯水率(利水容量) | 貯水位 | 有効貯水量 | 流入量 | 放流量 | 管理者名
Fukui,福井県,広野ダム,2026-09-16T23:30,294.34,1.6,1.6,,1.362,,,34.1,局名 | 所在地 | 最新観測時刻 | 貯水率(利水容量) | 貯水位 | 有効貯水量 | 流入量 | 放流量 | 管理者名
Fukui,福井県,桝谷ダム,2026-09-16T23:30,299.53,0.12,0.12,,3.574,,,17.9,局名 | 所在地 | 最新観測時刻 | 貯水率(利水容量) | 貯水位 | 有効貯水量 | 流入量 | 放流量 | 管理者名
Fukui,福井県,永平寺ダム,2026-09-16T23:30,319.82,0.27,0.27,,0.441,,,100.23,局名 | 所在地 | 最新観測時刻 | 貯水率(利水容量) | 貯水位 | 有効貯水量 | 流入量 | 放流量 | 管理者名
Fukui,福井県,河内川ダム,2026-09-16T23:30,184.49,0.72,0.52,,3.073,,,66.1,局名 | 所在地 | 最新観測時刻 | 貯水率(利水容量) | 貯水位 | 有効貯水量 | 流入量 | 放流量 | 管理者名
Fukui,福井県,浄土寺川ダム,2026-09-16T23:30,344.57,0.582,0.826,,0.772,,,100.0,局名 | 所在地 | 最新観測時刻 | 貯水率(利水容量) | 貯水位 | 有効貯水量 | 流入量 | 放流量 | 管理者名
Fukui,福井県,真名川ダム,2026-09-16T23:30,336.69,3.01,5.95,,,,,87.9,局名 | 所在地 | 最新観測時刻 | 貯水率(利水容量) | 貯水位 | 有効貯水量 | 流入量 | 放流量 | 管理者名
Fukui,福井県,笹生川ダム,2026-09-16T23:30,515.7,4.54,2.37,,24.736,,,60.39,局名 | 所在地 | 最新観測時刻 | 貯水率(利水容量) | 貯水位 | 有効貯水量 | 流入量 | 放流量 | 管理者名
Fukui,福井県,開谷ダム,2026-09-16T23:30,120.94,,,,0.066,,,65.3,局名 | 所在地 | 最新観測時刻 | 貯水率(利水容量) | 貯水位 | 有効貯水量 | 流入量 | 放流量 | 管理者名
Fukui,福井県,龍ヶ鼻ダム,2026-09-16T23:30,171.2,1.23,1.23,,3.538,,,74.93,局名 | 所在地 | 最新観測時刻 | 貯水率(利水容量) | 貯水位 | 有効貯水量 | 流入量 | 放流量 | 管理者名
Miyazaki,宮崎県,岩瀬ダム,2026-09-16T23:30,111.6,8.99,0.0,,,,,,河川名 | 局名 | 所在地 | 状態 | 最新観測時刻 | 貯水位 | 流入量 | 全放流量
Miyazaki,宮崎県,広渡ダム,2026-09-16T23:30,259.26,4.53,4.47,,,,,,河川名 | 局名 | 所在地 | 状態 | 最新観測時刻 | 貯水位 | 流入量 | 全放流量
Miyazaki,宮崎県,日南ダム,2026-09-16T23:00,107.33,3.29,3.29,,,,,,河川名 | 局名 | 所在地 | 状態 | 最新観測時刻 | 貯水位 | 流入量 | 全放流量
Miyazaki,宮崎県,松尾ダム,2026-09-16T23:30,196.16,21.38,35.3,,,,,,河川名 | 局名 | 所在地 | 状態 | 最新観測時刻 | 貯水位 | 流入量 | 全放流量
Miyazaki,宮崎県,沖田ダム,2026-09-16T23:30,48.32,1.01,1.11,,,,,,河川名 | 局名 | 所在地 | 状態 | 最新観測時刻 | 貯水位 | 流入量 | 全放流量
Miyazaki,宮崎県,渡川ダム,2026-09-16T23:30,289.77,8.63,14.96,,,,,,河川名 | 局名 | 所在地 | 状態 | 最新観測時刻 | 貯水位 | 流入量 | 全放流量
Miyazaki,宮崎県,瓜田ダム,2026-09-16T23:30,38.64,0.2,0.2,,,,,,河川名 | 局名 | 所在地 | 状態 | 最新観測時刻 | 貯水位 | 流入量 | 全放流量
Miyazaki,宮崎県,田代八重ダム,2026-09-16T23:30,324.02,8.6,14.0,,,,,,河川名 | 局名 | 所在地 | 状態 | 最新観測時刻 | 貯水位 | 流入量 | 全放流量
Miyazaki,宮崎県,祝子ダム,2026-09-16T23:30,303.25,4.57,5.44,,,,,,河川名 | 局名 | 所在地 | 状態 | 最新観測時刻 | 貯水位 | 流入量 | 全放流量
Miyazaki,宮崎県,立花ダム,2026-09-16T23:30,250.33,1.7,0.0,,,,,,河川名 | 局名 | 所在地 | 状態 | 最新観測時刻 | 貯水位 | 流入量 | 全放流量
Miyazaki,宮崎県,綾北ダム,2026-09-16T23:30,283.31,14.07,10.77,,,,,,河川名 | 局名 | 所在地 | 状態 | 最新観測時刻 | 貯水位 | 流入量 | 全放流量
Miyazaki,宮崎県,綾南ダム,2026-09-16T23:30,336.09,3.71,10.03,,,,,,河川名 | 局名 | 所在地 | 状態 | 最新観測時刻 | 貯水位 | 流入量 | 全放流量
Miyazaki,宮崎県,長谷ダム,2026-09-16T23:30,108.76,3.67,3.64,,,,,,河川名 | 局名 | 所在地 | 状態 | 最新観測時刻 | 貯水位 | 流入量 | 全放流量
Nara,奈良県,初瀬ダム,2026-09-16T23:30,221.74,0.38,0.38,,,,,,管理者名 | 河川名 | 局名 | 所在地 | 最新観測時刻 | 貯水位 | 貯水容量 | 空容量 | 全流入量 | 放流量
Nara,奈良県,大門ダム,2026-09-16T23:30,262.66,0.0,0.0,,,,,,管理者名 | 河川名 | 局名 | 所在地 | 最新観測時刻 | 貯水位 | 貯水容量 | 空容量 | 全流入量 | 放流量
Nara,奈良県,天理ダム,2026-09-16T23:30,253.01,0.26,0.26,,,,,,管理者名 | 河川名 | 局名 | 所在地 | 最新観測時刻 | 貯水位 | 貯水容量 | 空容量 | 全流入量 | 放流量
Nara,奈良県,岩井川ダム,2026-09-16T23:30,240.2,0.07,0.07,,,,,,管理者名 | 河川名 | 局名 | 所在地 | 最新観測時刻 | 貯水位 | 貯水容量 | 空容量 | 全流入量 | 放流量
Nara,奈良県,白川ダム,2026-09-16T23:30,111.34,0.0,0.0,,,,,,管理者名 | 河川名 | 局名 | 所在地 | 最新観測時刻 | 貯水位 | 貯水容量 | 空容量 | 全流入量 | 放流量
Niigata,新潟県,三面ダム,2026-09-16T23:30,116.21,7.81,15.76,,,,94.6,,観測所名 | 最新観測時刻 | 平常時最高貯水位(常時満水位)[m] | 貯水位[m] | 洪水時最高水位(サーチャージ水位)[m] | 貯水率[%] | 洪水流入量[m3/s] | 流入量[m3/s] | 計画高水流量[m3/s] | 全放流量[m3/s]
Niigata,新潟県,下条川ダム,2026-09-16T23:30,31.22,0.23,0.13,,,,,,観測所名 | 最新観測時刻 | 平常時最高貯水位(常時満水位)[m] | 貯水位[m] | 洪水時最高水位(サーチャージ水位)[m] | 貯水率[%] | 洪水流入量[m3/s] | 流入量[m3/s] | 計画高水流量[m3/s] | 全放流量[m3/s]
Niigata,新潟県,久知川ダム,2026-09-16T23:30,124.04,0.45,0.44,,,,100.0,,観測所名 | 最新観測時刻 | 平常時最高貯水位(常時満水位)[m] | 貯水位[m] | 洪水時最高水位(サーチャージ水位)[m] | 貯水率[%] | 洪水流入量[m3/s] | 流入量[m3/s] | 計画高水流量[m3/s] | 全放流量[m3/s]
Niigata,新潟県,内の倉ダム,2026-09-16T23:30,147.88,2.49,2.48,,,,41.2,,観測所名 | 最新観測時刻 | 平常時最高貯水位(常時満水位)[m] | 貯水位[m] | 洪水時最高水位(サーチャージ水位)[m] | 貯水率[%] | 洪水流入量[m3/s] | 流入量[m3/s] | 計画高水流量[m3/s] | 全放流量[m3/s]
Niigata,新潟県,刈谷田川ダム,2026-09-16T23:30,239.38,2.16,2.45,,,,99.1,,観測所名 | 最新観測時刻 | 平常時最高貯水位(常時満水位)[m] | 貯水位[m] | 洪水時最高水位(サーチャージ水位)[m] | 貯水率[%] | 洪水流入量[m3/s] | 流入量[m3/s] | 計画高水流量[m3/s] | 全放流量[m3/s]
Niigata,新潟県,加治川治水ダム,2026-09-16T23:30,272.28,3.98,6.28,,,,,,観測所名 | 最新観測時刻 | 平常時最高貯水位(常時満水位)[m] | 貯水位[m] | 洪水時最高水位(サーチャージ水位)[m] | 貯水率[%] | 洪水流入量[m3/s] | 流入量[m3/s] | 計画高水流量[m3/s] | 全放流量[m3/s]
Niigata,新潟県,城川ダム,2026-09-16T23:30,271.64,0.42,0.51,,,,100.0,,観測所名 | 最新観測時刻 | 平常時最高貯水位(常時満水位)[m] | 貯水位[m] | 洪水時最高水位(サーチャージ水位)[m] | 貯水率[%] | 洪水流入量[m3/s] | 流入量[m3/s] | 計画高水流量[m3/s] | 全放流量[m3/s]
Niigata,新潟県,大谷ダム,2026-09-16T23:30,191.92,5.31,2.31,,,,100.0,,観測所名 | 最新観測時刻 | 平常時最高貯水位(常時満水位)[m] | 貯水位[m] | 洪水時最高水位(サーチャージ水位)[m] | 貯水率[%] | 洪水流入量[m3/s] | 流入量[m3/s] | 計画高水流量[m3/s] | 全放流量[m3/s]
Niigata,新潟県,大野川ダム,2026-09-16T23:30,142.54,0.41,0.49,,,,100.0,,観測所名 | 最新観測時刻 | 平常時最高貯水位(常時満水位)[m] | 貯水位[m] | 洪水時最高水位(サーチャージ水位)[m] | 貯水率[%] | 洪水流入量[m3/s] | 流入量[m3/s] | 計画高水流量[m3/s] | 全放流量[m3/s]
Niigata,新潟県,奥三面ダム,2026-09-16T23:30,211.34,15.02,0.71,,,,78.6,,観測所名 | 最新観測時刻 | 平常時最高貯水位(常時満水位)[m] | 貯水位[m] | 洪水時最高水位(サーチャージ水位)[m] | 貯水率[%] | 洪水流入量[m3/s] | 流入量[m3/s] | 計画高水流量[m3/s] | 全放流量[m3/s]
Niigata,新潟県,奥胎内ダム,2026-09-16T23:30,384.0,2.45,2.47,,,,,,観測所名 | 最新観測時刻 | 平常時最高貯水位(常時満水位)[m] | 貯水位[m] | 洪水時最高水位(サーチャージ水位)[m] | 貯水率[%] | 洪水流入量[m3/s] | 流入量[m3/s] | 計画高水流量[m3/s] | 全放流量[m3/s]
Niigata,新潟県,広神ダム,2026-09-16T23:30,214.45,4.79,3.59,,,,100.0,,観測所名 | 最新観測時刻 | 平常時最高貯水位(常時満水位)[m] | 貯水位[m] | 洪水時最高水位(サーチャージ水位)[m] | 貯水率[%] | 洪水流入量[m3/s] | 流入量[m3/s] | 計画高水流量[m3/s] | 全放流量[m3/s]
Niigata,新潟県,新保川ダム,2026-09-16T23:30,160.6,1.06,1.05,,,,100.0,,観測所名 | 最新観測時刻 | 平常時最高貯水位(常時満水位)[m] | 貯水位[m] | 洪水時最高水位(サーチャージ水位)[m] | 貯水率[%] | 洪水流入量[m3/s] | 流入量[m3/s] | 計画高水流量[m3/s] | 全放流量[m3/s]
Niigata,新潟県,早出川ダム,2026-09-16T23:30,164.69,10.41,10.4,,,,89.0,,観測所名 | 最新観測時刻 | 平常時最高貯水位(常時満水位)[m] | 貯水位[m] | 洪水時最高水位(サーチャージ水位)[m] | 貯水率[%] | 洪水流入量[m3/s] | 流入量[m3/s] | 計画高水流量[m3/s] | 全放流量[m3/s]
Niigata,新潟県,柿崎川ダム,2026-09-16T23:30,120.69,0.45,0.45,,,,100.0,,観測所名 | 最新観測時刻 | 平常時最高貯水位(常時満水位)[m] | 貯水位[m] | 洪水時最高水位(サーチャージ水位)[m] | 貯水率[%] | 洪水流入量[m3/s] | 流入量[m3/s] | 計画高水流量[m3/s] | 全放流量[m3/s]
Niigata,新潟県,正善寺ダム,2026-09-16T23:30,86.32,0.36,0.34,,,,84.3,,観測所名 | 最新観測時刻 | 平常時最高貯水位(常時満水位)[m] | 貯水位[m] | 洪水時最高水位(サーチャージ水位)[m] | 貯水率[%] | 洪水流入量[m3/s] | 流入量[m3/s] | 計画高水流量[m3/s] | 全放流量[m3/s]
Niigata,新潟県,破間川ダム,2026-09-16T23:30,430.7,11.29,6.38,,,,90.1,,観測所名 | 最新観測時刻 | 平常時最高貯水位(常時満水位)[m] | 貯水位[m] | 洪水時最高水位(サーチャージ水位)[m] | 貯水率[%] | 洪水流入量[m3/s] | 流入量[m3/s] | 計画高水流量[m3/s] | 全放流量[m3/s]
Niigata,新潟県,笠堀ダム,2026-09-16T23:30,193.35,13.07,11.3,,,,91.1,,観測所名 | 最新観測時刻 | 平常時最高貯水位(常時満水位)[m] | 貯水位[m] | 洪水時最高水位(サーチャージ水位)[m] | 貯水率[%] | 洪水流入量[m3/s] | 流入量[m3/s] | 計画高水流量[m3/s] | 全放流量[m3/s]
Niigata,新潟県,胎内川ダム,2026-09-16T23:30,287.27,5.63,6.88,,,,91.4,,観測所名 | 最新観測時刻 | 平常時最高貯水位(常時満水位)[m] | 貯水位[m] | 洪水時最高水位(サーチャージ水位)[m] | 貯水率[%] | 洪水流入量[m3/s] | 流入量[m3/s] | 計画高水流量[m3/s] | 全放流量[m3/s]
Niigata,新潟県,鯖石川ダム,2026-09-16T23:30,134.83,4.88,3.39,,,,93.7,,観測所名 | 最新観測時刻 | 平常時最高貯水位(常時満水位)[m] | 貯水位[m] | 洪水時最高水位(サーチャージ水位)[m] | 貯水率[%] | 洪水流入量[m3/s] | 流入量[m3/s] | 計画高水流量[m3/s] | 全放流量[m3/s]
Oita,大分県,北川ダム,2026-09-16T23:30,148.28,6.78,0.6,,,,38.1,,管理者名 | 河川名 | 局名 | 所在地 | 最新観測時刻 | 貯水位 | 流入量 | 貯水量 | 貯水率 | 放流量
Oita,大分県,安岐ダム,2026-09-16T23:30,153.71,0.11,0.13,0.602,,,100.0,,管理者名 | 河川名 | 局名 | 所在地 | 最新観測時刻 | 貯水位 | 流入量 | 貯水量 | 貯水率 | 放流量
Oita,大分県,床木ダム,2026-09-16T23:30,88.72,0.41,0.43,0.909,,,100.0,,管理者名 | 河川名 | 局名 | 所在地 | 最新観測時刻 | 貯水位 | 流入量 | 貯水量 | 貯水率 | 放流量
Oita,大分県,玉来ダム,2026-09-16T23:30,350.75,5.25,5.25,,,,0.1,,管理者名 | 河川名 | 局名 | 所在地 | 最新観測時刻 | 貯水位 | 流入量 | 貯水量 | 貯水率 | 放流量
Oita,大分県,稲葉ダム,2026-09-16T23:30,437.83,2.294,2.084,,,,100.9,,管理者名 | 河川名 | 局名 | 所在地 | 最新観測時刻 | 貯水位 | 流入量 | 貯水量 | 貯水率 | 放流量
Oita,大分県,芹川ダム,2026-09-16T23:30,329.1,4.51,4.1,,,,57.9,,管理者名 | 河川名 | 局名 | 所在地 | 最新観測時刻 | 貯水位 | 流入量 | 貯水量 | 貯水率 | 放流量
Oita,大分県,行入ダム,2026-09-16T23:30,122.01,0.0,0.1,0.448,,,43.1,,管理者名 | 河川名 | 局名 | 所在地 | 最新観測時刻 | 貯水位 | 流入量 | 貯水量 | 貯水率 | 放流量
Oita,大分県,野津ダム,2026-09-16T23:30,238.07,0.07,0.07,,,,100.8,,管理者名 | 河川名 | 局名 | 所在地 | 最新観測時刻 | 貯水位 | 流入量 | 貯水量 | 貯水率 | 放流量
Oita,大分県,青江ダム,2026-09-16T23:30,64.09,0.042,0.039,0.455,,,100.0,,管理者名 | 河川名 | 局名 | 所在地 | 最新観測時刻 | 貯水位 | 流入量 | 貯水量 | 貯水率 | 放流量
Oita,大分県,黒沢ダム,2026-09-16T23:30,95.54,1.18,1.2,1.168,,,100.0,,管理者名 | 河川名 | 局名 | 所在地 | 最新観測時刻 | 貯水位 | 流入量 | 貯水量 | 貯水率 | 放流量
Tokushima,徳島県,宮川内ダム,2026-09-16T23:30,130.1,0.53,0.53,,,0.65,84.42,,管理者名 | 河川名 | 局名 | 所在地 | 最新観測時刻 | 貯水位 | 総貯水量 | 全流入量 | 全放流量 | 貯水率
Tokushima,徳島県,川口ダム,2026-09-16T23:30,94.35,74.8,69.8,,,,,,管理者名 | 河川名 | 局名 | 所在地 | 最新観測時刻 | 貯水位 | 総貯水量 | 全流入量 | 全放流量 | 貯水率
Tokushima,徳島県,棚野ダム,2026-09-16T23:30,,,21.4,,,,,,管理者名 | 河川名 | 局名 | 所在地 | 最新観測時刻 | 貯水位 | 総貯水量 | 全流入量 | 全放流量 | 貯水率
Tokushima,徳島県,正木ダム,2026-09-16T23:30,167.53,15.1,17.2,,,5.492,79.92,,管理者名 | 河川名 | 局名 | 所在地 | 最新観測時刻 | 貯水位 | 総貯水量 | 全流入量 | 全放流量 | 貯水率
Tokushima,徳島県,池田ダム,2026-09-16T23:30,88.68,44.59,40.97,,,,,,管理者名 | 河川名 | 局名 | 所在地 | 最新観測時刻 | 貯水位 | 総貯水量 | 全流入量 | 全放流量 | 貯水率
Tokushima,徳島県,福井ダム,2026-09-16T23:30,43.8,1.01,1.01,,,1.342,100.0,,管理者名 | 河川名 | 局名 | 所在地 | 最新観測時刻 | 貯水位 | 総貯水量 | 全流入量 | 全放流量 | 貯水率
Tokushima,徳島県,長安口ダム,2026-09-16T23:30,222.32,65.63,59.87,,,,,,管理者名 | 河川名 | 局名 | 所在地 | 最新観測時刻 | 貯水位 | 総貯水量 | 全流入量 | 全放流量 | 貯水率
Yamagata,山形県,前川ダム,2026-09-16T23:30,257.42,0.15,0.15,1.558,,,91.6,,管理者名 | 河川名 | 局名 | 所在地 | 最新観測時刻 | 流入量 | 全放流量 | 貯水位 | 貯水量 | 貯水率
Yamagata,山形県,寒河江ダム,2026-09-16T23:30,386.34,17.61,0.86,53.731,,,97.0,,管理者名 | 河川名 | 局名 | 所在地 | 最新観測時刻 | 流入量 | 全放流量 | 貯水位 | 貯水量 | 貯水率
Yamagata,山形県,最上小国川流水型ダム,2026-09-16T23:30,276.99,2.53,2.53,0.002,,,0.0,,管理者名 | 河川名 | 局名 | 所在地 | 最新観測時刻 | 流入量 | 全放流量 | 貯水位 | 貯水量 | 貯水率
Yamagata,山形県,月光川ダム,2026-09-16T23:30,169.49,6.41,6.47,0.009,,,0.3,,管理者名 | 河川名 | 局名 | 所在地 | 最新観測時刻 | 流入量 | 全放流量 | 貯水位 | 貯水量 | 貯水率
Yamagata,山形県,月山ダム,2026-09-16T23:30,237.12,5.91,5.4,16.634,,,92.8,,管理者名 | 河川名 | 局名 | 所在地 | 最新観測時刻 | 流入量 | 全放流量 | 貯水位 | 貯水量 | 貯水率
Yamagata,山形県,木地山ダム,2026-09-16T23:30,469.42,3.7,7.0,0.837,,,15.8,,管理者名 | 河川名 | 局名 | 所在地 | 最新観測時刻 | 流入量 | 全放流量 | 貯水位 | 貯水量 | 貯水率
Yamagata,山形県,温海川ダム,2026-09-16T23:30,142.7,3.95,3.94,0.477,,,100.0,,管理者名 | 河川名 | 局名 | 所在地 | 最新観測時刻 | 流入量 | 全放流量 | 貯水位 | 貯水量 | 貯水率
Yamagata,山形県,田沢川ダム,2026-09-16T23:30,129.68,1.85,1.16,4.643,,,93.8,,管理者名 | 河川名 | 局名 | 所在地 | 最新観測時刻 | 流入量 | 全放流量 | 貯水位 | 貯水量 | 貯水率
Yamagata,山形県,留山川ダム,2026-09-16T23:30,300.12,0.32,0.32,0.347,,,100.0,,管理者名 | 河川名 | 局名 | 所在地 | 最新観測時刻 | 流入量 | 全放流量 | 貯水位 | 貯水量 | 貯水率
Yamagata,山形県,白川ダム,2026-09-16T23:30,319.94,18.67,18.67,6.942,,,70.1,,管理者名 | 河川名 | 局名 | 所在地 | 最新観測時刻 | 流入量 | 全放流量 | 貯水位 | 貯水量 | 貯水率
Yamagata,山形県,白水川ダム,2026-09-16T23:30,357.85,0.97,0.45,2.57,,,98.8,,管理者名 | 河川名 | 局名 | 所在地 | 最新観測時刻 | 流入量 | 全放流量 | 貯水位 | 貯水量 | 貯水率
Yamagata,山形県,神室ダム,2026-09-16T23:30,383.94,2.1,2.11,3.318,,,100.0,,管理者名 | 河川名 | 局名 | 所在地 | 最新観測時刻 | 流入量 | 全放流量 | 貯水位 | 貯水量 | 貯水率
Yamagata,山形県,綱木川ダム,2026-09-16T23:30,456.37,3.43,2.96,3.594,,,100.0,,管理者名 | 河川名 | 局名 | 所在地 | 最新観測時刻 | 流入量 | 全放流量 | 貯水位 | 貯水量 | 貯水率
Yamagata,山形県,荒沢ダム,2026-09-16T23:30,237.44,13.03,10.93,5.826,,,33.8,,管理者名 | 河川名 | 局名 | 所在地 | 最新観測時刻 | 流入量 | 全放流量 | 貯水位 | 貯水量 | 貯水率
Yamagata,山形県,蔵王ダム,2026-09-16T23:30,593.39,1.66,2.5,1.95,,,92.0,,管理者名 | 河川名 | 局名 | 所在地 | 最新観測時刻 | 流入量 | 全放流量 | 貯水位 | 貯水量 | 貯水率
Yamagata,山形県,長井ダム,2026-09-16T23:30,365.97,8.5,6.99,20.97,,,95.0,,管理者名 | 河川名 | 局名 | 所在地 | 最新観測時刻 | 流入量 | 全放流量 | 貯水位 | 貯水量 | 貯水率
Yamagata,山形県,高坂ダム,2026-09-16T23:30,181.85,8.02,10.08,0.593,,,18.0,,管理者名 | 河川名 | 局名 | 所在地 | 最新観測時刻 | 流入量 | 全放流量 | 貯水位 | 貯水量 | 貯水率
Aomori,青森県,下湯ダム,2026-09-17T03:30,263.54,1.38,1.39,,,,,,管理者名 | 河川名 | 局名 | 所在地 | 最新観測時刻 | 流入量 | 全放流量 | 貯水位 | 平常時最高水位 | 洪水貯留準備水位 | 洪水量(※)
Aomori,青森県,世増ダム,2026-09-17T03:40,94.67,5.52,8.1,,,,,,管理者名 | 河川名 | 局名 | 所在地 | 最新観測時刻 | 流入量 | 全放流量 | 貯水位 | 平常時最高水位 | 洪水貯留準備水位 | 洪水量(※)
Aomori,青森県,久吉ダム,2026-09-17T03:40,276.57,0.64,0.67,,,,,,管理者名 | 河川名 | 局名 | 所在地 | 最新観測時刻 | 流入量 | 全放流量 | 貯水位 | 平常時最高水位 | 洪水貯留準備水位 | 洪水量(※)
Aomori,青森県,小泊ダム,2026-09-17T03:40,67.51,0.0,0.02,,,,,,管理者名 | 河川名 | 局名 | 所在地 | 最新観測時刻 | 流入量 | 全放流量 | 貯水位 | 平常時最高水位 | 洪水貯留準備水位 | 洪水量(※)
Aomori,青森県,川内ダム,2026-09-17T03:40,178.29,0.0,1.32,,,,,,管理者名 | 河川名 | 局名 | 所在地 | 最新観測時刻 | 流入量 | 全放流量 | 貯水位 | 平常時最高水位 | 洪水貯留準備水位 | 洪水量(※)
Aomori,青森県,津軽ダム,2026-09-17T03:40,195.35,4.14,4.15,,,,,,管理者名 | 河川名 | 局名 | 所在地 | 最新観測時刻 | 流入量 | 全放流量 | 貯水位 | 平常時最高水位 | 洪水貯留準備水位 | 洪水量(※)
Aomori,青森県,浅瀬石川ダム,2026-09-17T03:40,184.79,7.83,7.87,,,,,,管理者名 | 河川名 | 局名 | 所在地 | 最新観測時刻 | 流入量 | 全放流量 | 貯水位 | 平常時最高水位 | 洪水貯留準備水位 | 洪水量(※)
Aomori,青森県,浅虫ダム,2026-09-17T03:40,13.96,0.04,0.04,,,,,,管理者名 | 河川名 | 局名 | 所在地 | 最新観測時刻 | 流入量 | 全放流量 | 貯水位 | 平常時最高水位 | 洪水貯留準備水位 | 洪水量(※)
Aomori,青森県,清水目ダム,2026-09-17T03:40,107.99,0.3,0.3,,,,,,管理者名 | 河川名 | 局名 | 所在地 | 最新観測時刻 | 流入量 | 全放流量 | 貯水位 | 平常時最高水位 | 洪水貯留準備水位 | 洪水量(※)
Aomori,青森県,遠部ダム,2026-09-17T03:40,214.97,0.15,0.15,,,,,,管理者名 | 河川名 | 局名 | 所在地 | 最新観測時刻 | 流入量 | 全放流量 | 貯水位 | 平常時最高水位 | 洪水貯留準備水位 | 洪水量(※)
Aomori,青森県,飯詰ダム,2026-09-17T03:40,70.47,0.02,0.19,,,,,,管理者名 | 河川名 | 局名 | 所在地 | 最新観測時刻 | 流入量 | 全放流量 | 貯水位 | 平常時最高水位 | 洪水貯留準備水位 | 洪水量(※)
Fukui,福井県,九頭竜ダム,2026-09-17T03:30,543.06,16.44,0.01,,,,,37.2,局名 | 所在地 | 最新観測時刻 | 貯水率(利水容量) | 貯水位 | 有効貯水量 | 流入量 | 放流量 | 管理者名
Fukui,福井県,二ツ屋ダム,2026-09-17T03:40,349.76,1.66,1.66,,0.214,,,100.9,局名 | 所在地 | 最新観測時刻 | 貯水率(利水容量) | 貯水位 | 有効貯水量 | 流入量 | 放流量 | 管理者名
Fukui,福井県,吉野瀬川ダム,2026-09-17T03:30,99.85,0.61,0.71,,1.168,,,100.0,局名 | 所在地 | 最新観測時刻 | 貯水率(利水容量) | 貯水位 | 有効貯水量 | 流入量 | 放流量 | 管理者名
Fukui,福井県,大津呂ダム,2026-09-17T03:40,86.68,0.06,0.02,,0.144,,,53.2,局名 | 所在地 | 最新観測時刻 | 貯水率(利水容量) | 貯水位 | 有効貯水量 | 流入量 | 放流量 | 管理者名
Fukui,福井県,広野ダム,2026-09-17T03:30,294.34,1.6,1.6,,1.362,,,34.1,局名 | 所在地 | 最新観測時刻 | 貯水率(利水容量) | 貯水位 | 有効貯水量 | 流入量 | 放流量 | 管理者名
Fukui,福井県,桝谷ダム,2026-09-17T03:40,299.54,0.16,0.12,,3.576,,,17.9,局名 | 所在地 | 最新観測時刻 | 貯水率(利水容量) | 貯水位 | 有効貯水量 | 流入量 | 放流量 | 管理者名
Fukui,福井県,永平寺ダム,2026-09-17T03:40,319.81,0.25,0.25,,0.44,,,100.0,局名 | 所在地 | 最新観測時刻 | 貯水率(利水容量) | 貯水位 | 有効貯水量 | 流入量 | 放流量 | 管理者名
Fukui,福井県,河内川ダム,2026-09-17T03:40,184.5,0.68,0.52,,3.076,,,66.1,局名 | 所在地 | 最新観測時刻 | 貯水率(利水容量) | 貯水位 | 有効貯水量 | 流入量 | 放流量 | 管理者名
Fukui,福井県,浄土寺川ダム,2026-09-17T03:40,344.51,0.54,0.175,,0.769,,,100.0,局名 | 所在地 | 最新観測時刻 | 貯水率(利水容量) | 貯水位 | 有効貯水量 | 流入量 | 放流量 | 管理者名
Fukui,福井県,真名川ダム,2026-09-17T03:30,336.67,5.93,5.95,,,,,87.6,局名 | 所在地 | 最新観測時刻 | 貯水率(利水容量) | 貯水位 | 有効貯水量 | 流入量 | 放流量 | 管理者名
Fukui,福井県,笹生川ダム,2026-09-17T03:30,515.71,6.77,2.41,,24.751,,,60.42,局名 | 所在地 | 最新観測時刻 | 貯水率(利水容量) | 貯水位 | 有効貯水量 | 流入量 | 放流量 | 管理者名
Fukui,福井県,開谷ダム,2026-09-17T03:40,120.95,,,,0.066,,,65.3,局名 | 所在地 | 最新観測時刻 | 貯水率(利水容量) | 貯水位 | 有効貯水量 | 流入量 | 放流量 | 管理者名
Fukui,福井県,龍ヶ鼻ダム,2026-09-17T03:30,171.2,1.23,1.24,,3.538,,,74.93,局名 | 所在地 | 最新観測時刻 | 貯水率(利水容量) | 貯水位 | 有効貯水量 | 流入量 | 放流量 | 管理者名
Miyazaki,宮崎県,岩瀬ダム,2026-09-17T03:30,111.53,21.0,35.79,,,,,,河川名 | 局名 | 所在地 | 状態 | 最新観測時刻 | 貯水位 | 流入量 | 全放流量
Miyazaki,宮崎県,広渡ダム,2026-09-17T03:30,259.26,4.53,4.47,,,,,,河川名 | 局名 | 所在地 | 状態 | 最新観測時刻 | 貯水位 | 流入量 | 全放流量
Miyazaki,宮崎県,日南ダム,2026-09-17T03:00,107.33,3.29,3.3,,,,,,河川名 | 局名 | 所在地 | 状態 | 最新観測時刻 | 貯水位 | 流入量 | 全放流量
Miyazaki,宮崎県,松尾ダム,2026-09-17T03:30,195.96,15.87,35.3,,,,,,河川名 | 局名 | 所在地 | 状態 | 最新観測時刻 | 貯水位 | 流入量 | 全放流量
Miyazaki,宮崎県,沖田ダム,2026-09-17T03:30,48.29,0.91,1.01,,,,,,河川名 | 局名 | 所在地 | 状態 | 最新観測時刻 | 貯水位 | 流入量 | 全放流量
Miyazaki,宮崎県,渡川ダム,2026-09-17T03:30,289.64,6.71,14.98,,,,,,河川名 | 局名 | 所在地 | 状態 | 最新観測時刻 | 貯水位 | 流入量 | 全放流量
Miyazaki,宮崎県,瓜田ダム,2026-09-17T03:30,38.63,0.18,0.18,,,,,,河川名 | 局名 | 所在地 | 状態 | 最新観測時刻 | 貯水位 | 流入量 | 全放流量
Miyazaki,宮崎県,田代八重ダム,2026-09-17T03:30,323.82,6.65,14.0,,,,,,河川名 | 局名 | 所在地 | 状態 | 最新観測時刻 | 貯水位 | 流入量 | 全放流量
Miyazaki,宮崎県,祝子ダム,2026-09-17T03:30,303.25,4.14,4.14,,,,,,河川名 | 局名 | 所在地 | 状態 | 最新観測時刻 | 貯水位 | 流入量 | 全放流量
Miyazaki,宮崎県,立花ダム,2026-09-17T03:30,250.49,1.42,0.0,,,,,,河川名 | 局名 | 所在地 | 状態 | 最新観測時刻 | 貯水位 | 流入量 | 全放流量
Miyazaki,宮崎県,綾北ダム,2026-09-17T03:40,283.33,14.49,13.96,,,,,,河川名 | 局名 | 所在地 | 状態 | 最新観測時刻 | 貯水位 | 流入量 | 全放流量
Miyazaki,宮崎県,綾南ダム,2026-09-17T03:30,336.0,3.72,10.15,,,,,,河川名 | 局名 | 所在地 | 状態 | 最新観測時刻 | 貯水位 | 流入量 | 全放流量
Miyazaki,宮崎県,長谷ダム,2026-09-17T03:30,108.75,3.62,3.58,,,,,,河川名 | 局名 | 所在地 | 状態 | 最新観測時刻 | 貯水位 | 流入量 | 全放流量
Nara,奈良県,初瀬ダム,2026-09-17T03:40,221.74,0.38,0.38,,,,,,管理者名 | 河川名 | 局名 | 所在地 | 最新観測時刻 | 貯水位 | 貯水容量 | 空容量 | 全流入量 | 放流量
Nara,奈良県,大門ダム,2026-09-17T03:40,262.66,0.0,0.0,,,,,,管理者名 | 河川名 | 局名 | 所在地 | 最新観測時刻 | 貯水位 | 貯水容量 | 空容量 | 全流入量 | 放流量
Nara,奈良県,天理ダム,2026-09-17T03:40,252.99,0.26,0.26,,,,,,管理者名 | 河川名 | 局名 | 所在地 | 最新観測時刻 | 貯水位 | 貯水容量 | 空容量 | 全流入量 | 放流量
Nara,奈良県,岩井川ダム,2026-09-17T03:40,240.18,0.07,0.07,,,,,,管理者名 | 河川名 | 局名 | 所在地 | 最新観測時刻 | 貯水位 | 貯水容量 | 空容量 | 全流入量 | 放流量
Nara,奈良県,白川ダム,2026-09-17T03:40,111.34,0.0,0.0,,,,,,管理者名 | 河川名 | 局名 | 所在地 | 最新観測時刻 | 貯水位 | 貯水容量 | 空容量 | 全流入量 | 放流量
Niigata,新潟県,三面ダム,2026-09-17T03:30,116.1,3.21,15.71,,,,93.9,,観測所名 | 最新観測時刻 | 平常時最高貯水位(常時満水位)[m] | 貯水位[m] | 洪水時最高水位(サーチャージ水位)[m] | 貯水率[%] | 洪水流入量[m3/s] | 流入量[m3/s] | 計画高水流量[m3/s] | 全放流量[m3/s]
Niigata,新潟県,下条川ダム,2026-09-17T03:30,31.23,0.25,0.39,,,,,,観測所名 | 最新観測時刻 | 平常時最高貯水位(常時満水位)[m] | 貯水位[m] | 洪水時最高水位(サーチャージ水位)[m] | 貯水率[%] | 洪水流入量[m3/s] | 流入量[m3/s] | 計画高水流量[m3/s] | 全放流量[m3/s]
Niigata,新潟県,久知川ダム,2026-09-17T03:30,124.02,0.25,0.4,,,,100.0,,観測所名 | 最新観測時刻 | 平常時最高貯水位(常時満水位)[m] | 貯水位[m] | 洪水時最高水位(サーチャージ水位)[m] | 貯水率[%] | 洪水流入量[m3/s] | 流入量[m3/s] | 計画高水流量[m3/s] | 全放流量[m3/s]
Niigata,新潟県,内の倉ダム,2026-09-17T03:30,147.91,2.97,2.51,,,,41.3,,観測所名 | 最新観測時刻 | 平常時最高貯水位(常時満水位)[m] | 貯水位[m] | 洪水時最高水位(サーチャージ水位)[m] | 貯水率[%] | 洪水流入量[m3/s] | 流入量[m3/s] | 計画高水流量[m3/s] | 全放流量[m3/s]
Niigata,新潟県,刈谷田川ダム,2026-09-17T03:30,239.37,2.03,2.16,,,,99.1,,観測所名 | 最新観測時刻 | 平常時最高貯水位(常時満水位)[m] | 貯水位[m] | 洪水時最高水位(サーチャージ水位)[m] | 貯水率[%] | 洪水流入量[m3/s] | 流入量[m3/s] | 計画高水流量[m3/s] | 全放流量[m3/s]
Niigata,新潟県,加治川治水ダム,2026-09-17T03:30,272.19,8.04,6.27,,,,,,観測所名 | 最新観測時刻 | 平常時最高貯水位(常時満水位)[m] | 貯水位[m] | 洪水時最高水位(サーチャージ水位)[m] | 貯水率[%] | 洪水流入量[m3/s] | 流入量[m3/s] | 計画高水流量[m3/s] | 全放流量[m3/s]
Niigata,新潟県,城川ダム,2026-09-17T03:30,271.61,0.4,0.42,,,,100.0,,観測所名 | 最新観測時刻 | 平常時最高貯水位(常時満水位)[m] | 貯水位[m] | 洪水時最高水位(サーチャージ水位)[m] | 貯水率[%] | 洪水流入量[m3/s] | 流入量[m3/s] | 計画高水流量[m3/s] | 全放流量[m3/s]
Niigata,新潟県,大谷ダム,2026-09-17T03:30,192.01,5.77,2.78,,,,100.0,,観測所名 | 最新観測時刻 | 平常時最高貯水位(常時満水位)[m] | 貯水位[m] | 洪水時最高水位(サーチャージ水位)[m] | 貯水率[%] | 洪水流入量[m3/s] | 流入量[m3/s] | 計画高水流量[m3/s] | 全放流量[m3/s]
Niigata,新潟県,大野川ダム,2026-09-17T03:30,142.5,0.28,0.5,,,,100.0,,観測所名 | 最新観測時刻 | 平常時最高貯水位(常時満水位)[m] | 貯水位[m] | 洪水時最高水位(サーチャージ水位)[m] | 貯水率[%] | 洪水流入量[m3/s] | 流入量[m3/s] | 計画高水流量[m3/s] | 全放流量[m3/s]
Niigata,新潟県,奥三面ダム,2026-09-17T03:30,211.41,15.02,0.71,,,,78.9,,観測所名 | 最新観測時刻 | 平常時最高貯水位(常時満水位)[m] | 貯水位[m] | 洪水時最高水位(サーチャージ水位)[m] | 貯水率[%] | 洪水流入量[m3/s] | 流入量[m3/s] | 計画高水流量[m3/s] | 全放流量[m3/s]
Niigata,新潟県,奥胎内ダム,2026-09-17T03:30,384.01,3.36,3.76,,,,,,観測所名 | 最新観測時刻 | 平常時最高貯水位(常時満水位)[m] | 貯水位[m] | 洪水時最高水位(サーチャージ水位)[m] | 貯水率[%] | 洪水流入量[m3/s] | 流入量[m3/s] | 計画高水流量[m3/s] | 全放流量[m3/s]
Niigata,新潟県,広神ダム,2026-09-17T03:40,214.5,4.33,3.8,,,,100.0,,観測所名 | 最新観測時刻 | 平常時最高貯水位(常時満水位)[m] | 貯水位[m] | 洪水時最高水位(サーチャージ水位)[m] | 貯水率[%] | 洪水流入量[m3/s] | 流入量[m3/s] | 計画高水流量[m3/s] | 全放流量[m3/s]
Niigata,新潟県,新保川ダム,2026-09-17T03:30,160.59,1.0,1.0,,,,100.0,,観測所名 | 最新観測時刻 | 平常時最高貯水位(常時満水位)[m] | 貯水位[m] | 洪水時最高水位(サーチャージ水位)[m] | 貯水率[%] | 洪水流入量[m3/s] | 流入量[m3/s] | 計画高水流量[m3/s] | 全放流量[m3/s]
Niigata,新潟県,早出川ダム,2026-09-17T03:30,165.03,25.6,13.47,,,,93.5,,観測所名 | 最新観測時刻 | 平常時最高貯水位(常時満水位)[m] | 貯水位[m] | 洪水時最高水位(サーチャージ水位)[m] | 貯水率[%] | 洪水流入量[m3/s] | 流入量[m3/s] | 計画高水流量[m3/s] | 全放流量[m3/s]
Niigata,新潟県,柿崎川ダム,2026-09-17T03:30,120.69,0.42,0.42,,,,100.0,,観測所名 | 最新観測時刻 | 平常時最高貯水位(常時満水位)[m] | 貯水位[m] | 洪水時最高水位(サーチャージ水位)[m] | 貯水率[%] | 洪水流入量[m3/s] | 流入量[m3/s] | 計画高水流量[m3/s] | 全放流量[m3/s]
Niigata,新潟県,正善寺ダム,2026-09-17T03:30,86.32,0.36,0.29,,,,84.3,,観測所名 | 最新観測時刻 | 平常時最高貯水位(常時満水位)[m] | 貯水位[m] | 洪水時最高水位(サーチャージ水位)[m] | 貯水率[%] | 洪水流入量[m3/s] | 流入量[m3/s] | 計画高水流量[m3/s] | 全放流量[m3/s]
Niigata,新潟県,破間川ダム,2026-09-17T03:40,430.83,7.64,6.36,,,,94.4,,観測所名 | 最新観測時刻 | 平常時最高貯水位(常時満水位)[m] | 貯水位[m] | 洪水時最高水位(サーチャージ水位)[m] | 貯水率[%] | 洪水流入量[m3/s] | 流入量[m3/s] | 計画高水流量[m3/s] | 全放流量[m3/s]
Niigata,新潟県,笠堀ダム,2026-09-17T03:30,193.44,14.25,13.77,,,,91.8,,観測所名 | 最新観測時刻 | 平常時最高貯水位(常時満水位)[m] | 貯水位[m] | 洪水時最高水位(サーチャージ水位)[m] | 貯水率[%] | 洪水流入量[m3/s] | 流入量[m3/s] | 計画高水流量[m3/s] | 全放流量[m3/s]
Niigata,新潟県,胎内川ダム,2026-09-17T03:30,287.23,6.47,6.87,,,,90.9,,観測所名 | 最新観測時刻 | 平常時最高貯水位(常時満水位)[m] | 貯水位[m] | 洪水時最高水位(サーチャージ水位)[m] | 貯水率[%] | 洪水流入量[m3/s] | 流入量[m3/s] | 計画高水流量[m3/s] | 全放流量[m3/s]
Niigata,新潟県,鯖石川ダム,2026-09-17T03:30,134.83,4.88,3.02,,,,93.7,,観測所名 | 最新観測時刻 | 平常時最高貯水位(常時満水位)[m] | 貯水位[m] | 洪水時最高水位(サーチャージ水位)[m] | 貯水率[%] | 洪水流入量[m3/s] | 流入量[m3/s] | 計画高水流量[m3/s] | 全放流量[m3/s]
Oita,大分県,北川ダム,2026-09-17T03:40,148.27,10.03,23.69,,,,38.1,,管理者名 | 河川名 | 局名 | 所在地 | 最新観測時刻 | 貯水位 | 流入量 | 貯水量 | 貯水率 | 放流量
Oita,大分県,安岐ダム,2026-09-17T03:40,153.7,0.11,0.1,0.6,,,100.0,,管理者名 | 河川名 | 局名 | 所在地 | 最新観測時刻 | 貯水位 | 流入量 | 貯水量 | 貯水率 | 放流量
Oita,大分県,床木ダム,2026-09-17T03:30,88.71,0.4,0.4,0.908,,,100.0,,管理者名 | 河川名 | 局名 | 所在地 | 最新観測時刻 | 貯水位 | 流入量 | 貯水量 | 貯水率 | 放流量
Oita,大分県,玉来ダム,2026-09-17T03:30,350.75,5.25,5.25,,,,0.1,,管理者名 | 河川名 | 局名 | 所在地 | 最新観測時刻 | 貯水位 | 流入量 | 貯水量 | 貯水率 | 放流量
Oita,大分県,稲葉ダム,2026-09-17T03:40,437.83,2.294,2.084,,,,100.9,,管理者名 | 河川名 | 局名 | 所在地 | 最新観測時刻 | 貯水位 | 流入量 | 貯水量 | 貯水率 | 放流量
Oita,大分県,芹川ダム,2026-09-17T03:40,329.1,4.51,4.1,,,,57.9,,管理者名 | 河川名 | 局名 | 所在地 | 最新観測時刻 | 貯水位 | 流入量 | 貯水量 | 貯水率 | 放流量
Oita,大分県,行入ダム,2026-09-17T03:40,121.99,0.01,0.1,0.447,,,43.0,,管理者名 | 河川名 | 局名 | 所在地 | 最新観測時刻 | 貯水位 | 流入量 | 貯水量 | 貯水率 | 放流量
Oita,大分県,野津ダム,2026-09-17T03:40,238.07,0.07,0.07,,,,100.8,,管理者名 | 河川名 | 局名 | 所在地 | 最新観測時刻 | 貯水位 | 流入量 | 貯水量 | 貯水率 | 放流量
Oita,大分県,青江ダム,2026-09-17T03:40,64.09,0.042,0.039,0.455,,,100.0,,管理者名 | 河川名 | 局名 | 所在地 | 最新観測時刻 | 貯水位 | 流入量 | 貯水量 | 貯水率 | 放流量
Oita,大分県,黒沢ダム,2026-09-17T03:40,95.53,1.13,1.14,1.166,,,100.0,,管理者名 | 河川名 | 局名 | 所在地 | 最新観測時刻 | 貯水位 | 流入量 | 貯水量 | 貯水率 | 放流量
Tokushima,徳島県,宮川内ダム,2026-09-17T03:30,130.14,1.13,0.53,,,0.654,84.94,,管理者名 | 河川名 | 局名 | 所在地 | 最新観測時刻 | 貯水位 | 総貯水量 | 全流入量 | 全放流量 | 貯水率
Tokushima,徳島県,川口ダム,2026-09-17T03:30,94.48,74.8,69.7,,,,,,管理者名 | 河川名 | 局名 | 所在地 | 最新観測時刻 | 貯水位 | 総貯水量 | 全流入量 | 全放流量 | 貯水率
Tokushima,徳島県,棚野ダム,2026-09-17T03:30,,,21.4,,,,,,管理者名 | 河川名 | 局名 | 所在地 | 最新観測時刻 | 貯水位 | 総貯水量 | 全流入量 | 全放流量 | 貯水率
Tokushima,徳島県,正木ダム,2026-09-17T03:30,167.43,14.0,17.2,,,5.454,78.83,,管理者名 | 河川名 | 局名 | 所在地 | 最新観測時刻 | 貯水位 | 総貯水量 | 全流入量 | 全放流量 | 貯水率
Tokushima,徳島県,池田ダム,2026-09-17T03:30,88.68,48.09,48.02,,,,,,管理者名 | 河川名 | 局名 | 所在地 | 最新観測時刻 | 貯水位 | 総貯水量 | 全流入量 | 全放流量 | 貯水率
Tokushima,徳島県,福井ダム,2026-09-17T03:30,43.79,0.97,0.97,,,1.34,100.0,,管理者名 | 河川名 | 局名 | 所在地 | 最新観測時刻 | 貯水位 | 総貯水量 | 全流入量 | 全放流量 | 貯水率
Tokushima,徳島県,長安口ダム,2026-09-17T03:30,222.31,54.08,59.84,,,,,,管理者名 | 河川名 | 局名 | 所在地 | 最新観測時刻 | 貯水位 | 総貯水量 | 全流入量 | 全放流量 | 貯水率
Yamagata,山形県,前川ダム,2026-09-17T03:40,257.43,0.15,0.15,1.56,,,91.8,,管理者名 | 河川名 | 局名 | 所在地 | 最新観測時刻 | 流入量 | 全放流量 | 貯水位 | 貯水量 | 貯水率
Yamagata,山形県,寒河江ダム,2026-09-17T03:40,386.37,15.08,23.46,53.807,,,97.1,,管理者名 | 河川名 | 局名 | 所在地 | 最新観測時刻 | 流入量 | 全放流量 | 貯水位 | 貯水量 | 貯水率
Yamagata,山形県,最上小国川流水型ダム,2026-09-17T03:40,276.98,2.48,2.48,0.002,,,0.0,,管理者名 | 河川名 | 局名 | 所在地 | 最新観測時刻 | 流入量 | 全放流量 | 貯水位 | 貯水量 | 貯水率
Yamagata,山形県,月光川ダム,2026-09-17T03:40,169.48,6.34,6.34,0.009,,,0.3,,管理者名 | 河川名 | 局名 | 所在地 | 最新観測時刻 | 流入量 | 全放流量 | 貯水位 | 貯水量 | 貯水率
Yamagata,山形県,月山ダム,2026-09-17T03:30,237.12,5.91,5.5,16.634,,,92.8,,管理者名 | 河川名 | 局名 | 所在地 | 最新観測時刻 | 流入量 | 全放流量 | 貯水位 | 貯水量 | 貯水率
Yamagata,山形県,木地山ダム,2026-09-17T03:30,469.27,3.96,5.9,0.804,,,15.1,,管理者名 | 河川名 | 局名 | 所在地 | 最新観測時刻 | 流入量 | 全放流量 | 貯水位 | 貯水量 | 貯水率
Yamagata,山形県,温海川ダム,2026-09-17T03:40,142.63,2.2,3.78,0.466,,,100.0,,管理者名 | 河川名 | 局名 | 所在地 | 最新観測時刻 | 流入量 | 全放流量 | 貯水位 | 貯水量 | 貯水率
Yamagata,山形県,田沢川ダム,2026-09-17T03:30,129.71,1.7,1.15,4.651,,,94.0,,管理者名 | 河川名 | 局名 | 所在地 | 最新観測時刻 | 流入量 | 全放流量 | 貯水位 | 貯水量 | 貯水率
Yamagata,山形県,留山川ダム,2026-09-17T03:30,300.12,0.32,0.32,0.347,,,100.0,,管理者名 | 河川名 | 局名 | 所在地 | 最新観測時刻 | 流入量 | 全放流量 | 貯水位 | 貯水量 | 貯水率
Yamagata,山形県,白川ダム,2026-09-17T03:40,319.93,18.67,18.67,6.931,,,70.0,,管理者名 | 河川名 | 局名 | 所在地 | 最新観測時刻 | 流入量 | 全放流量 | 貯水位 | 貯水量 | 貯水率
Yamagata,山形県,白水川ダム,2026-09-17T03:30,357.87,1.01,0.45,2.574,,,99.0,,管理者名 | 河川名 | 局名 | 所在地 | 最新観測時刻 | 流入量 | 全放流量 | 貯水位 | 貯水量 | 貯水率
Yamagata,山形県,神室ダム,2026-09-17T03:30,383.94,2.11,2.11,3.318,,,100.0,,管理者名 | 河川名 | 局名 | 所在地 | 最新観測時刻 | 流入量 | 全放流量 | 貯水位 | 貯水量 | 貯水率
Yamagata,山形県,綱木川ダム,2026-09-17T03:30,456.4,3.62,3.12,3.604,,,100.0,,管理者名 | 河川名 | 局名 | 所在地 | 最新観測時刻 | 流入量 | 全放流量 | 貯水位 | 貯水量 | 貯水率
Yamagata,山形県,荒沢ダム,2026-09-17T03:30,237.46,12.55,10.94,5.846,,,33.9,,管理者名 | 河川名 | 局名 | 所在地 | 最新観測時刻 | 流入量 | 全放流量 | 貯水位 | 貯水量 | 貯水率
Yamagata,山形県,蔵王ダム,2026-09-17T03:30,593.33,1.74,2.5,1.941,,,91.6,,管理者名 | 河川名 | 局名 | 所在地 | 最新観測時刻 | 流入量 | 全放流量 | 貯水位 | 貯水量 | 貯水率
Yamagata,山形県,長井ダム,2026-09-17T03:40,366.0,8.8,6.99,20.995,,,95.1,,管理者名 | 河川名 | 局名 | 所在地 | 最新観測時刻 | 流入量 | 全放流量 | 貯水位 | 貯水量 | 貯水率
Yamagata,山形県,高坂ダム,2026-09-17T03:40,181.75,7.52,10.14,0.56,,,16.9,,管理者名 | 河川名 | 局名 | 所在地 | 最新観測時刻 | 流入量 | 全放流量 | 貯水位 | 貯水量 | 貯水率
