reservoir,planned_for,level_programado_masl,level_programado_anual_masl,captured_utc,raw_file
Arenal,2026-01-01,544.11,544.14,2026-10-10T17:55:03+00:00,2026/20261010T175503Z__3866e2a04417.html.gz
Arenal,2026-01-02,544.12,544.16,2026-10-10T17:55:03+00:00,2026/20261010T175503Z__3866e2a04417.html.gz
Arenal,2026-01-03,544.13,544.19,2026-10-10T17:55:03+00:00,2026/20261010T175503Z__3866e2a04417.html.gz
Arenal,2026-01-04,544.12,544.21,2026-10-10T17:55:03+00:00,2026/20261010T175503Z__3866e2a04417.html.gz
Arenal,2026-01-05,544.11,544.24,2026-10-10T17:55:03+00:00,2026/20261010T175503Z__3866e2a04417.html.gz
Arenal,2026-01-06,544.09,544.26,2026-10-10T17:55:03+00:00,2026/20261010T175503Z__3866e2a04417.html.gz
Arenal,2026-01-07,544.07,544.29,2026-10-10T17:55:03+00:00,2026/20261010T175503Z__3866e2a04417.html.gz
Arenal,2026-01-08,544.05,544.29,2026-10-10T17:55:03+00:00,2026/20261010T175503Z__3866e2a04417.html.gz
Arenal,2026-01-09,544.04,544.28,2026-10-10T17:55:03+00:00,2026/20261010T175503Z__3866e2a04417.html.gz
Arenal,2026-01-10,544.0,544.28,2026-10-10T17:55:03+00:00,2026/20261010T175503Z__3866e2a04417.html.gz
Arenal,2026-01-11,543.96,544.28,2026-10-10T17:55:03+00:00,2026/20261010T175503Z__3866e2a04417.html.gz
Arenal,2026-01-12,543.92,544.28,2026-10-10T17:55:03+00:00,2026/20261010T175503Z__3866e2a04417.html.gz
Arenal,2026-01-13,543.89,544.28,2026-10-10T17:55:03+00:00,2026/20261010T175503Z__3866e2a04417.html.gz
Arenal,2026-01-14,543.84,544.27,2026-10-10T17:55:03+00:00,2026/20261010T175503Z__3866e2a04417.html.gz
Arenal,2026-01-15,543.8,544.26,2026-10-10T17:55:03+00:00,2026/20261010T175503Z__3866e2a04417.html.gz
Arenal,2026-01-16,543.76,544.24,2026-10-10T17:55:03+00:00,2026/20261010T175503Z__3866e2a04417.html.gz
Arenal,2026-01-17,543.73,544.23,2026-10-10T17:55:03+00:00,2026/20261010T175503Z__3866e2a04417.html.gz
Arenal,2026-01-18,543.72,544.22,2026-10-10T17:55:03+00:00,2026/20261010T175503Z__3866e2a04417.html.gz
Arenal,2026-01-19,543.67,544.2,2026-10-10T17:55:03+00:00,2026/20261010T175503Z__3866e2a04417.html.gz
Arenal,2026-01-20,543.7,544.19,2026-10-10T17:55:03+00:00,2026/20261010T175503Z__3866e2a04417.html.gz
Arenal,2026-01-21,543.69,544.17,2026-10-10T17:55:03+00:00,2026/20261010T175503Z__3866e2a04417.html.gz
Arenal,2026-01-22,543.68,544.15,2026-10-10T17:55:03+00:00,2026/20261010T175503Z__3866e2a04417.html.gz
Arenal,2026-01-23,543.66,544.13,2026-10-10T17:55:03+00:00,2026/20261010T175503Z__3866e2a04417.html.gz
Arenal,2026-01-24,543.59,544.11,2026-10-10T17:55:03+00:00,2026/20261010T175503Z__3866e2a04417.html.gz
Arenal,2026-01-25,543.53,544.08,2026-10-10T17:55:03+00:00,2026/20261010T175503Z__3866e2a04417.html.gz
Arenal,2026-01-26,543.47,544.06,2026-10-10T17:55:03+00:00,2026/20261010T175503Z__3866e2a04417.html.gz
Arenal,2026-01-27,543.4,544.04,2026-10-10T17:55:03+00:00,2026/20261010T175503Z__3866e2a04417.html.gz
Arenal,2026-01-28,543.36,544.02,2026-10-10T17:55:03+00:00,2026/20261010T175503Z__3866e2a04417.html.gz
Arenal,2026-01-29,543.31,543.98,2026-10-10T17:55:03+00:00,2026/20261010T175503Z__3866e2a04417.html.gz
Arenal,2026-01-30,543.25,543.95,2026-10-10T17:55:03+00:00,2026/20261010T175503Z__3866e2a04417.html.gz
Arenal,2026-01-31,543.21,543.91,2026-10-10T17:55:03+00:00,2026/20261010T175503Z__3866e2a04417.html.gz
Arenal,2026-02-01,543.17,543.87,2026-10-10T17:55:03+00:00,2026/20261010T175503Z__3866e2a04417.html.gz
Arenal,2026-02-02,543.18,543.84,2026-10-10T17:55:03+00:00,2026/20261010T175503Z__3866e2a04417.html.gz
Arenal,2026-02-03,543.14,543.8,2026-10-10T17:55:03+00:00,2026/20261010T175503Z__3866e2a04417.html.gz
Arenal,2026-02-04,543.16,543.77,2026-10-10T17:55:03+00:00,2026/20261010T175503Z__3866e2a04417.html.gz
Arenal,2026-02-05,543.17,543.73,2026-10-10T17:55:03+00:00,2026/20261010T175503Z__3866e2a04417.html.gz
Arenal,2026-02-06,543.17,543.68,2026-10-10T17:55:03+00:00,2026/20261010T175503Z__3866e2a04417.html.gz
Arenal,2026-02-07,543.19,543.64,2026-10-10T17:55:03+00:00,2026/20261010T175503Z__3866e2a04417.html.gz
Arenal,2026-02-08,543.23,543.6,2026-10-10T17:55:03+00:00,2026/20261010T175503Z__3866e2a04417.html.gz
Arenal,2026-02-09,543.21,543.56,2026-10-10T17:55:03+00:00,2026/20261010T175503Z__3866e2a04417.html.gz
Arenal,2026-02-10,543.21,543.52,2026-10-10T17:55:03+00:00,2026/20261010T175503Z__3866e2a04417.html.gz
Arenal,2026-02-11,543.2,543.48,2026-10-10T17:55:03+00:00,2026/20261010T175503Z__3866e2a04417.html.gz
Arenal,2026-02-12,543.23,543.42,2026-10-10T17:55:03+00:00,2026/20261010T175503Z__3866e2a04417.html.gz
Arenal,2026-02-13,543.28,543.36,2026-10-10T17:55:03+00:00,2026/20261010T175503Z__3866e2a04417.html.gz
Arenal,2026-02-14,543.37,543.3,2026-10-10T17:55:03+00:00,2026/20261010T175503Z__3866e2a04417.html.gz
Arenal,2026-02-15,543.41,543.24,2026-10-10T17:55:03+00:00,2026/20261010T175503Z__3866e2a04417.html.gz
Arenal,2026-02-16,543.46,543.18,2026-10-10T17:55:03+00:00,2026/20261010T175503Z__3866e2a04417.html.gz
Arenal,2026-02-17,543.47,543.11,2026-10-10T17:55:03+00:00,2026/20261010T175503Z__3866e2a04417.html.gz
Arenal,2026-02-18,543.48,543.05,2026-10-10T17:55:03+00:00,2026/20261010T175503Z__3866e2a04417.html.gz
Arenal,2026-02-19,543.46,543.0,2026-10-10T17:55:03+00:00,2026/20261010T175503Z__3866e2a04417.html.gz
Arenal,2026-02-20,543.43,542.95,2026-10-10T17:55:03+00:00,2026/20261010T175503Z__3866e2a04417.html.gz
Arenal,2026-02-21,543.4,542.89,2026-10-10T17:55:03+00:00,2026/20261010T175503Z__3866e2a04417.html.gz
Arenal,2026-02-22,543.43,542.84,2026-10-10T17:55:03+00:00,2026/20261010T175503Z__3866e2a04417.html.gz
Arenal,2026-02-23,543.46,542.78,2026-10-10T17:55:03+00:00,2026/20261010T175503Z__3866e2a04417.html.gz
Arenal,2026-02-24,543.47,542.73,2026-10-10T17:55:03+00:00,2026/20261010T175503Z__3866e2a04417.html.gz
Arenal,2026-02-25,543.47,542.68,2026-10-10T17:55:03+00:00,2026/20261010T175503Z__3866e2a04417.html.gz
Arenal,2026-02-26,543.51,542.62,2026-10-10T17:55:03+00:00,2026/20261010T175503Z__3866e2a04417.html.gz
Arenal,2026-02-27,543.53,542.55,2026-10-10T17:55:03+00:00,2026/20261010T175503Z__3866e2a04417.html.gz
Arenal,2026-02-28,543.52,542.49,2026-10-10T17:55:03+00:00,2026/20261010T175503Z__3866e2a04417.html.gz
Arenal,2026-03-01,543.49,542.43,2026-10-10T17:55:03+00:00,2026/20261010T175503Z__3866e2a04417.html.gz
Arenal,2026-03-02,543.47,542.37,2026-10-10T17:55:03+00:00,2026/20261010T175503Z__3866e2a04417.html.gz
Arenal,2026-03-03,543.44,542.31,2026-10-10T17:55:03+00:00,2026/20261010T175503Z__3866e2a04417.html.gz
Arenal,2026-03-04,543.41,542.24,2026-10-10T17:55:03+00:00,2026/20261010T175503Z__3866e2a04417.html.gz
Arenal,2026-03-05,543.34,542.18,2026-10-10T17:55:03+00:00,2026/20261010T175503Z__3866e2a04417.html.gz
Arenal,2026-03-06,543.29,542.11,2026-10-10T17:55:03+00:00,2026/20261010T175503Z__3866e2a04417.html.gz
Arenal,2026-03-07,543.25,542.05,2026-10-10T17:55:03+00:00,2026/20261010T175503Z__3866e2a04417.html.gz
Arenal,2026-03-08,543.19,541.98,2026-10-10T17:55:03+00:00,2026/20261010T175503Z__3866e2a04417.html.gz
Arenal,2026-03-09,543.13,541.91,2026-10-10T17:55:03+00:00,2026/20261010T175503Z__3866e2a04417.html.gz
Arenal,2026-03-10,543.09,541.85,2026-10-10T17:55:03+00:00,2026/20261010T175503Z__3866e2a04417.html.gz
Arenal,2026-03-11,543.03,541.78,2026-10-10T17:55:03+00:00,2026/20261010T175503Z__3866e2a04417.html.gz
Arenal,2026-03-12,542.97,541.71,2026-10-10T17:55:03+00:00,2026/20261010T175503Z__3866e2a04417.html.gz
Arenal,2026-03-13,542.9,541.65,2026-10-10T17:55:03+00:00,2026/20261010T175503Z__3866e2a04417.html.gz
Arenal,2026-03-14,542.85,541.58,2026-10-10T17:55:03+00:00,2026/20261010T175503Z__3866e2a04417.html.gz
Arenal,2026-03-15,542.77,541.51,2026-10-10T17:55:03+00:00,2026/20261010T175503Z__3866e2a04417.html.gz
Arenal,2026-03-16,542.71,541.44,2026-10-10T17:55:03+00:00,2026/20261010T175503Z__3866e2a04417.html.gz
Arenal,2026-03-17,542.64,541.37,2026-10-10T17:55:03+00:00,2026/20261010T175503Z__3866e2a04417.html.gz
Arenal,2026-03-18,542.57,541.3,2026-10-10T17:55:03+00:00,2026/20261010T175503Z__3866e2a04417.html.gz
Arenal,2026-03-19,542.5,541.23,2026-10-10T17:55:03+00:00,2026/20261010T175503Z__3866e2a04417.html.gz
Arenal,2026-03-20,542.44,541.16,2026-10-10T17:55:03+00:00,2026/20261010T175503Z__3866e2a04417.html.gz
Arenal,2026-03-21,542.37,541.09,2026-10-10T17:55:03+00:00,2026/20261010T175503Z__3866e2a04417.html.gz
Arenal,2026-03-22,542.32,541.02,2026-10-10T17:55:03+00:00,2026/20261010T175503Z__3866e2a04417.html.gz
Arenal,2026-03-23,542.25,540.95,2026-10-10T17:55:03+00:00,2026/20261010T175503Z__3866e2a04417.html.gz
Arenal,2026-03-24,542.19,540.88,2026-10-10T17:55:03+00:00,2026/20261010T175503Z__3866e2a04417.html.gz
Arenal,2026-03-25,542.11,540.81,2026-10-10T17:55:03+00:00,2026/20261010T175503Z__3866e2a04417.html.gz
Arenal,2026-03-26,542.04,540.73,2026-10-10T17:55:03+00:00,2026/20261010T175503Z__3866e2a04417.html.gz
Arenal,2026-03-27,541.97,540.65,2026-10-10T17:55:03+00:00,2026/20261010T175503Z__3866e2a04417.html.gz
Arenal,2026-03-28,541.91,540.57,2026-10-10T17:55:03+00:00,2026/20261010T175503Z__3866e2a04417.html.gz
Arenal,2026-03-29,541.86,540.49,2026-10-10T17:55:03+00:00,2026/20261010T175503Z__3866e2a04417.html.gz
Arenal,2026-03-30,541.79,540.41,2026-10-10T17:55:03+00:00,2026/20261010T175503Z__3866e2a04417.html.gz
Arenal,2026-03-31,541.74,540.33,2026-10-10T17:55:03+00:00,2026/20261010T175503Z__3866e2a04417.html.gz
Arenal,2026-04-01,541.67,540.25,2026-10-10T17:55:03+00:00,2026/20261010T175503Z__3866e2a04417.html.gz
Arenal,2026-04-02,541.63,540.18,2026-10-10T17:55:03+00:00,2026/20261010T175503Z__3866e2a04417.html.gz
Arenal,2026-04-03,541.57,540.1,2026-10-10T17:55:03+00:00,2026/20261010T175503Z__3866e2a04417.html.gz
Arenal,2026-04-04,541.5,540.02,2026-10-10T17:55:03+00:00,2026/20261010T175503Z__3866e2a04417.html.gz
Arenal,2026-04-05,541.5,539.95,2026-10-10T17:55:03+00:00,2026/20261010T175503Z__3866e2a04417.html.gz
Arenal,2026-04-06,541.46,539.87,2026-10-10T17:55:03+00:00,2026/20261010T175503Z__3866e2a04417.html.gz
Arenal,2026-04-07,541.39,539.79,2026-10-10T17:55:03+00:00,2026/20261010T175503Z__3866e2a04417.html.gz
Arenal,2026-04-08,541.32,539.71,2026-10-10T17:55:03+00:00,2026/20261010T175503Z__3866e2a04417.html.gz
Arenal,2026-04-09,541.25,539.63,2026-10-10T17:55:03+00:00,2026/20261010T175503Z__3866e2a04417.html.gz
Arenal,2026-04-10,541.18,539.55,2026-10-10T17:55:03+00:00,2026/20261010T175503Z__3866e2a04417.html.gz
Arenal,2026-04-11,541.13,539.47,2026-10-10T17:55:03+00:00,2026/20261010T175503Z__3866e2a04417.html.gz
Arenal,2026-04-12,541.18,539.39,2026-10-10T17:55:03+00:00,2026/20261010T175503Z__3866e2a04417.html.gz
Arenal,2026-04-13,541.18,539.31,2026-10-10T17:55:03+00:00,2026/20261010T175503Z__3866e2a04417.html.gz
Arenal,2026-04-14,541.17,539.23,2026-10-10T17:55:03+00:00,2026/20261010T175503Z__3866e2a04417.html.gz
Arenal,2026-04-15,541.13,539.15,2026-10-10T17:55:03+00:00,2026/20261010T175503Z__3866e2a04417.html.gz
Arenal,2026-04-16,541.06,539.07,2026-10-10T17:55:03+00:00,2026/20261010T175503Z__3866e2a04417.html.gz
Arenal,2026-04-17,540.99,538.99,2026-10-10T17:55:03+00:00,2026/20261010T175503Z__3866e2a04417.html.gz
Arenal,2026-04-18,540.91,538.91,2026-10-10T17:55:03+00:00,2026/20261010T175503Z__3866e2a04417.html.gz
Arenal,2026-04-19,540.83,538.83,2026-10-10T17:55:03+00:00,2026/20261010T175503Z__3866e2a04417.html.gz
Arenal,2026-04-20,540.75,538.75,2026-10-10T17:55:03+00:00,2026/20261010T175503Z__3866e2a04417.html.gz
Arenal,2026-04-21,540.67,538.66,2026-10-10T17:55:03+00:00,2026/20261010T175503Z__3866e2a04417.html.gz
Arenal,2026-04-22,540.6,538.58,2026-10-10T17:55:03+00:00,2026/20261010T175503Z__3866e2a04417.html.gz
Arenal,2026-04-23,540.52,538.51,2026-10-10T17:55:03+00:00,2026/20261010T175503Z__3866e2a04417.html.gz
Arenal,2026-04-24,540.44,538.43,2026-10-10T17:55:03+00:00,2026/20261010T175503Z__3866e2a04417.html.gz
Arenal,2026-04-25,540.38,538.35,2026-10-10T17:55:03+00:00,2026/20261010T175503Z__3866e2a04417.html.gz
Arenal,2026-04-26,540.3,538.28,2026-10-10T17:55:03+00:00,2026/20261010T175503Z__3866e2a04417.html.gz
Arenal,2026-04-27,540.22,538.2,2026-10-10T17:55:03+00:00,2026/20261010T175503Z__3866e2a04417.html.gz
Arenal,2026-04-28,540.15,538.12,2026-10-10T17:55:03+00:00,2026/20261010T175503Z__3866e2a04417.html.gz
Arenal,2026-04-29,540.11,538.05,2026-10-10T17:55:03+00:00,2026/20261010T175503Z__3866e2a04417.html.gz
Arenal,2026-04-30,540.02,537.97,2026-10-10T17:55:03+00:00,2026/20261010T175503Z__3866e2a04417.html.gz
Arenal,2026-05-01,539.94,537.9,2026-10-10T17:55:03+00:00,2026/20261010T175503Z__3866e2a04417.html.gz
Arenal,2026-05-02,539.86,537.83,2026-10-10T17:55:03+00:00,2026/20261010T175503Z__3866e2a04417.html.gz
Arenal,2026-05-03,539.78,537.75,2026-10-10T17:55:03+00:00,2026/20261010T175503Z__3866e2a04417.html.gz
Arenal,2026-05-04,539.7,537.68,2026-10-10T17:55:03+00:00,2026/20261010T175503Z__3866e2a04417.html.gz
Arenal,2026-05-05,539.65,537.61,2026-10-10T17:55:03+00:00,2026/20261010T175503Z__3866e2a04417.html.gz
Arenal,2026-05-06,539.66,537.54,2026-10-10T17:55:03+00:00,2026/20261010T175503Z__3866e2a04417.html.gz
Arenal,2026-05-07,539.61,537.47,2026-10-10T17:55:03+00:00,2026/20261010T175503Z__3866e2a04417.html.gz
Arenal,2026-05-08,539.54,537.4,2026-10-10T17:55:03+00:00,2026/20261010T175503Z__3866e2a04417.html.gz
Arenal,2026-05-09,539.49,537.33,2026-10-10T17:55:03+00:00,2026/20261010T175503Z__3866e2a04417.html.gz
Arenal,2026-05-10,539.42,537.26,2026-10-10T17:55:03+00:00,2026/20261010T175503Z__3866e2a04417.html.gz
Arenal,2026-05-11,539.34,537.19,2026-10-10T17:55:03+00:00,2026/20261010T175503Z__3866e2a04417.html.gz
Arenal,2026-05-12,539.26,537.12,2026-10-10T17:55:03+00:00,2026/20261010T175503Z__3866e2a04417.html.gz
Arenal,2026-05-13,539.18,537.05,2026-10-10T17:55:03+00:00,2026/20261010T175503Z__3866e2a04417.html.gz
Arenal,2026-05-14,539.1,536.99,2026-10-10T17:55:03+00:00,2026/20261010T175503Z__3866e2a04417.html.gz
Arenal,2026-05-15,539.01,536.93,2026-10-10T17:55:03+00:00,2026/20261010T175503Z__3866e2a04417.html.gz
Arenal,2026-05-16,538.93,536.88,2026-10-10T17:55:03+00:00,2026/20261010T175503Z__3866e2a04417.html.gz
Arenal,2026-05-17,538.85,536.82,2026-10-10T17:55:03+00:00,2026/20261010T175503Z__3866e2a04417.html.gz
Arenal,2026-05-18,538.78,536.76,2026-10-10T17:55:03+00:00,2026/20261010T175503Z__3866e2a04417.html.gz
Arenal,2026-05-19,538.72,536.7,2026-10-10T17:55:03+00:00,2026/20261010T175503Z__3866e2a04417.html.gz
Arenal,2026-05-20,538.66,536.65,2026-10-10T17:55:03+00:00,2026/20261010T175503Z__3866e2a04417.html.gz
Arenal,2026-05-21,538.66,536.61,2026-10-10T17:55:03+00:00,2026/20261010T175503Z__3866e2a04417.html.gz
Arenal,2026-05-22,538.61,536.57,2026-10-10T17:55:03+00:00,2026/20261010T175503Z__3866e2a04417.html.gz
Arenal,2026-05-23,538.54,536.54,2026-10-10T17:55:03+00:00,2026/20261010T175503Z__3866e2a04417.html.gz
Arenal,2026-05-24,538.48,536.5,2026-10-10T17:55:03+00:00,2026/20261010T175503Z__3866e2a04417.html.gz
Arenal,2026-05-25,538.42,536.46,2026-10-10T17:55:03+00:00,2026/20261010T175503Z__3866e2a04417.html.gz
Arenal,2026-05-26,538.38,536.42,2026-10-10T17:55:03+00:00,2026/20261010T175503Z__3866e2a04417.html.gz
Arenal,2026-05-27,538.35,536.39,2026-10-10T17:55:03+00:00,2026/20261010T175503Z__3866e2a04417.html.gz
Arenal,2026-05-28,538.29,536.37,2026-10-10T17:55:03+00:00,2026/20261010T175503Z__3866e2a04417.html.gz
Arenal,2026-05-29,538.22,536.35,2026-10-10T17:55:03+00:00,2026/20261010T175503Z__3866e2a04417.html.gz
Arenal,2026-05-30,538.18,536.34,2026-10-10T17:55:03+00:00,2026/20261010T175503Z__3866e2a04417.html.gz
Arenal,2026-05-31,538.16,536.32,2026-10-10T17:55:03+00:00,2026/20261010T175503Z__3866e2a04417.html.gz
Arenal,2026-06-01,538.09,536.31,2026-10-10T17:55:03+00:00,2026/20261010T175503Z__3866e2a04417.html.gz
Arenal,2026-06-02,538.03,536.29,2026-10-10T17:55:03+00:00,2026/20261010T175503Z__3866e2a04417.html.gz
Arenal,2026-06-03,538.0,536.27,2026-10-10T17:55:03+00:00,2026/20261010T175503Z__3866e2a04417.html.gz
Arenal,2026-06-04,537.96,536.26,2026-10-10T17:55:03+00:00,2026/20261010T175503Z__3866e2a04417.html.gz
Arenal,2026-06-05,537.94,536.24,2026-10-10T17:55:03+00:00,2026/20261010T175503Z__3866e2a04417.html.gz
Arenal,2026-06-06,537.96,536.23,2026-10-10T17:55:03+00:00,2026/20261010T175503Z__3866e2a04417.html.gz
Arenal,2026-06-07,538.01,536.21,2026-10-10T17:55:03+00:00,2026/20261010T175503Z__3866e2a04417.html.gz
Arenal,2026-06-08,538.03,536.2,2026-10-10T17:55:03+00:00,2026/20261010T175503Z__3866e2a04417.html.gz
Arenal,2026-06-09,538.05,536.18,2026-10-10T17:55:03+00:00,2026/20261010T175503Z__3866e2a04417.html.gz
Arenal,2026-06-10,538.0,536.17,2026-10-10T17:55:03+00:00,2026/20261010T175503Z__3866e2a04417.html.gz
Arenal,2026-06-11,537.94,536.19,2026-10-10T17:55:03+00:00,2026/20261010T175503Z__3866e2a04417.html.gz
Arenal,2026-06-12,537.88,536.21,2026-10-10T17:55:03+00:00,2026/20261010T175503Z__3866e2a04417.html.gz
Arenal,2026-06-13,537.82,536.23,2026-10-10T17:55:03+00:00,2026/20261010T175503Z__3866e2a04417.html.gz
Arenal,2026-06-14,537.75,536.26,2026-10-10T17:55:03+00:00,2026/20261010T175503Z__3866e2a04417.html.gz
Arenal,2026-06-15,537.7,536.28,2026-10-10T17:55:03+00:00,2026/20261010T175503Z__3866e2a04417.html.gz
Arenal,2026-06-16,537.66,536.3,2026-10-10T17:55:03+00:00,2026/20261010T175503Z__3866e2a04417.html.gz
Arenal,2026-06-17,537.64,536.32,2026-10-10T17:55:03+00:00,2026/20261010T175503Z__3866e2a04417.html.gz
Arenal,2026-06-18,537.57,536.34,2026-10-10T17:55:03+00:00,2026/20261010T175503Z__3866e2a04417.html.gz
Arenal,2026-06-19,537.54,536.37,2026-10-10T17:55:03+00:00,2026/20261010T175503Z__3866e2a04417.html.gz
Arenal,2026-06-20,537.52,536.39,2026-10-10T17:55:03+00:00,2026/20261010T175503Z__3866e2a04417.html.gz
Arenal,2026-06-21,537.45,536.42,2026-10-10T17:55:03+00:00,2026/20261010T175503Z__3866e2a04417.html.gz
Arenal,2026-06-22,537.43,536.44,2026-10-10T17:55:03+00:00,2026/20261010T175503Z__3866e2a04417.html.gz
Arenal,2026-06-23,537.48,536.46,2026-10-10T17:55:03+00:00,2026/20261010T175503Z__3866e2a04417.html.gz
Arenal,2026-06-24,537.45,536.49,2026-10-10T17:55:03+00:00,2026/20261010T175503Z__3866e2a04417.html.gz
Arenal,2026-06-25,537.41,536.52,2026-10-10T17:55:03+00:00,2026/20261010T175503Z__3866e2a04417.html.gz
Arenal,2026-06-26,537.35,536.55,2026-10-10T17:55:03+00:00,2026/20261010T175503Z__3866e2a04417.html.gz
Arenal,2026-06-27,537.3,536.58,2026-10-10T17:55:03+00:00,2026/20261010T175503Z__3866e2a04417.html.gz
Arenal,2026-06-28,537.3,536.62,2026-10-10T17:55:03+00:00,2026/20261010T175503Z__3866e2a04417.html.gz
Arenal,2026-06-29,537.31,536.65,2026-10-10T17:55:03+00:00,2026/20261010T175503Z__3866e2a04417.html.gz
Arenal,2026-06-30,537.27,536.68,2026-10-10T17:55:03+00:00,2026/20261010T175503Z__3866e2a04417.html.gz
Arenal,2026-07-01,537.24,536.71,2026-10-10T17:55:03+00:00,2026/20261010T175503Z__3866e2a04417.html.gz
Arenal,2026-07-02,537.28,536.74,2026-10-10T17:55:03+00:00,2026/20261010T175503Z__3866e2a04417.html.gz
Arenal,2026-07-03,537.49,536.77,2026-10-10T17:55:03+00:00,2026/20261010T175503Z__3866e2a04417.html.gz
Arenal,2026-07-04,537.68,536.79,2026-10-10T17:55:03+00:00,2026/20261010T175503Z__3866e2a04417.html.gz
Arenal,2026-07-05,537.84,536.82,2026-10-10T17:55:03+00:00,2026/20261010T175503Z__3866e2a04417.html.gz
Arenal,2026-07-06,537.89,536.84,2026-10-10T17:55:03+00:00,2026/20261010T175503Z__3866e2a04417.html.gz
Arenal,2026-07-07,537.93,536.87,2026-10-10T17:55:03+00:00,2026/20261010T175503Z__3866e2a04417.html.gz
Arenal,2026-07-08,537.94,536.9,2026-10-10T17:55:03+00:00,2026/20261010T175503Z__3866e2a04417.html.gz
Arenal,2026-07-09,537.96,536.94,2026-10-10T17:55:03+00:00,2026/20261010T175503Z__3866e2a04417.html.gz
Arenal,2026-07-10,538.03,536.98,2026-10-10T17:55:03+00:00,2026/20261010T175503Z__3866e2a04417.html.gz
Arenal,2026-07-11,538.13,537.02,2026-10-10T17:55:03+00:00,2026/20261010T175503Z__3866e2a04417.html.gz
Arenal,2026-07-12,538.17,537.06,2026-10-10T17:55:03+00:00,2026/20261010T175503Z__3866e2a04417.html.gz
Arenal,2026-07-13,538.23,537.1,2026-10-10T17:55:03+00:00,2026/20261010T175503Z__3866e2a04417.html.gz
Arenal,2026-07-14,538.29,537.14,2026-10-10T17:55:03+00:00,2026/20261010T175503Z__3866e2a04417.html.gz
Arenal,2026-07-15,538.31,537.18,2026-10-10T17:55:03+00:00,2026/20261010T175503Z__3866e2a04417.html.gz
Arenal,2026-07-16,538.34,537.22,2026-10-10T17:55:03+00:00,2026/20261010T175503Z__3866e2a04417.html.gz
Arenal,2026-07-17,538.36,537.27,2026-10-10T17:55:03+00:00,2026/20261010T175503Z__3866e2a04417.html.gz
Arenal,2026-07-18,538.44,537.31,2026-10-10T17:55:03+00:00,2026/20261010T175503Z__3866e2a04417.html.gz
Arenal,2026-07-19,538.58,537.36,2026-10-10T17:55:03+00:00,2026/20261010T175503Z__3866e2a04417.html.gz
Arenal,2026-07-20,538.74,537.4,2026-10-10T17:55:03+00:00,2026/20261010T175503Z__3866e2a04417.html.gz
Arenal,2026-07-21,538.89,537.44,2026-10-10T17:55:03+00:00,2026/20261010T175503Z__3866e2a04417.html.gz
Arenal,2026-07-22,539.0,537.49,2026-10-10T17:55:03+00:00,2026/20261010T175503Z__3866e2a04417.html.gz
Arenal,2026-07-23,539.12,537.53,2026-10-10T17:55:03+00:00,2026/20261010T175503Z__3866e2a04417.html.gz
Arenal,2026-07-24,539.25,537.56,2026-10-10T17:55:03+00:00,2026/20261010T175503Z__3866e2a04417.html.gz
Arenal,2026-07-25,539.32,537.6,2026-10-10T17:55:03+00:00,2026/20261010T175503Z__3866e2a04417.html.gz
Arenal,2026-07-26,539.4,537.63,2026-10-10T17:55:03+00:00,2026/20261010T175503Z__3866e2a04417.html.gz
Arenal,2026-07-27,539.46,537.67,2026-10-10T17:55:03+00:00,2026/20261010T175503Z__3866e2a04417.html.gz
Arenal,2026-07-28,539.51,537.71,2026-10-10T17:55:03+00:00,2026/20261010T175503Z__3866e2a04417.html.gz
Arenal,2026-07-29,539.51,537.74,2026-10-10T17:55:03+00:00,2026/20261010T175503Z__3866e2a04417.html.gz
Arenal,2026-07-30,539.54,537.79,2026-10-10T17:55:03+00:00,2026/20261010T175503Z__3866e2a04417.html.gz
Arenal,2026-07-31,539.56,537.83,2026-10-10T17:55:03+00:00,2026/20261010T175503Z__3866e2a04417.html.gz
Arenal,2026-08-01,539.55,537.88,2026-10-10T17:55:03+00:00,2026/20261010T175503Z__3866e2a04417.html.gz
Arenal,2026-08-02,539.63,537.93,2026-10-10T17:55:03+00:00,2026/20261010T175503Z__3866e2a04417.html.gz
Arenal,2026-08-03,539.71,537.97,2026-10-10T17:55:03+00:00,2026/20261010T175503Z__3866e2a04417.html.gz
Arenal,2026-08-04,539.75,538.02,2026-10-10T17:55:03+00:00,2026/20261010T175503Z__3866e2a04417.html.gz
Arenal,2026-08-05,539.78,538.07,2026-10-10T17:55:03+00:00,2026/20261010T175503Z__3866e2a04417.html.gz
Arenal,2026-08-06,539.81,538.12,2026-10-10T17:55:03+00:00,2026/20261010T175503Z__3866e2a04417.html.gz
Arenal,2026-08-07,539.9,538.17,2026-10-10T17:55:03+00:00,2026/20261010T175503Z__3866e2a04417.html.gz
Arenal,2026-08-08,539.99,538.22,2026-10-10T17:55:03+00:00,2026/20261010T175503Z__3866e2a04417.html.gz
Arenal,2026-08-09,540.03,538.28,2026-10-10T17:55:03+00:00,2026/20261010T175503Z__3866e2a04417.html.gz
Arenal,2026-08-10,540.1,538.33,2026-10-10T17:55:03+00:00,2026/20261010T175503Z__3866e2a04417.html.gz
Arenal,2026-08-11,540.09,538.38,2026-10-10T17:55:03+00:00,2026/20261010T175503Z__3866e2a04417.html.gz
Arenal,2026-08-12,540.09,538.43,2026-10-10T17:55:03+00:00,2026/20261010T175503Z__3866e2a04417.html.gz
Arenal,2026-08-13,540.13,538.47,2026-10-10T17:55:03+00:00,2026/20261010T175503Z__3866e2a04417.html.gz
Arenal,2026-08-14,540.2,538.51,2026-10-10T17:55:03+00:00,2026/20261010T175503Z__3866e2a04417.html.gz
Arenal,2026-08-15,540.24,538.54,2026-10-10T17:55:03+00:00,2026/20261010T175503Z__3866e2a04417.html.gz
Arenal,2026-08-16,540.42,538.58,2026-10-10T17:55:03+00:00,2026/20261010T175503Z__3866e2a04417.html.gz
Arenal,2026-08-17,540.76,538.62,2026-10-10T17:55:03+00:00,2026/20261010T175503Z__3866e2a04417.html.gz
Arenal,2026-08-18,540.86,538.65,2026-10-10T17:55:03+00:00,2026/20261010T175503Z__3866e2a04417.html.gz
Arenal,2026-08-19,541.0,538.69,2026-10-10T17:55:03+00:00,2026/20261010T175503Z__3866e2a04417.html.gz
Arenal,2026-08-20,541.05,538.72,2026-10-10T17:55:03+00:00,2026/20261010T175503Z__3866e2a04417.html.gz
Arenal,2026-08-21,541.15,538.76,2026-10-10T17:55:03+00:00,2026/20261010T175503Z__3866e2a04417.html.gz
Arenal,2026-08-22,541.25,538.79,2026-10-10T17:55:03+00:00,2026/20261010T175503Z__3866e2a04417.html.gz
Arenal,2026-08-23,541.28,538.82,2026-10-10T17:55:03+00:00,2026/20261010T175503Z__3866e2a04417.html.gz
Arenal,2026-08-24,541.38,538.86,2026-10-10T17:55:03+00:00,2026/20261010T175503Z__3866e2a04417.html.gz
Arenal,2026-08-25,541.42,538.89,2026-10-10T17:55:03+00:00,2026/20261010T175503Z__3866e2a04417.html.gz
Arenal,2026-08-26,541.45,538.93,2026-10-10T17:55:03+00:00,2026/20261010T175503Z__3866e2a04417.html.gz
Arenal,2026-08-27,541.47,538.96,2026-10-10T17:55:03+00:00,2026/20261010T175503Z__3866e2a04417.html.gz
Arenal,2026-08-28,541.61,538.99,2026-10-10T17:55:03+00:00,2026/20261010T175503Z__3866e2a04417.html.gz
Arenal,2026-08-29,541.73,539.02,2026-10-10T17:55:03+00:00,2026/20261010T175503Z__3866e2a04417.html.gz
Arenal,2026-08-30,541.79,539.06,2026-10-10T17:55:03+00:00,2026/20261010T175503Z__3866e2a04417.html.gz
Arenal,2026-08-31,541.87,539.09,2026-10-10T17:55:03+00:00,2026/20261010T175503Z__3866e2a04417.html.gz
Arenal,2026-09-01,542.0,539.12,2026-10-10T17:55:03+00:00,2026/20261010T175503Z__3866e2a04417.html.gz
Arenal,2026-09-02,542.03,539.16,2026-10-10T17:55:03+00:00,2026/20261010T175503Z__3866e2a04417.html.gz
Arenal,2026-09-03,542.05,539.18,2026-10-10T17:55:03+00:00,2026/20261010T175503Z__3866e2a04417.html.gz
Arenal,2026-09-04,542.13,539.2,2026-10-10T17:55:03+00:00,2026/20261010T175503Z__3866e2a04417.html.gz
Arenal,2026-09-05,542.17,539.23,2026-10-10T17:55:03+00:00,2026/20261010T175503Z__3866e2a04417.html.gz
Arenal,2026-09-06,542.18,539.25,2026-10-10T17:55:03+00:00,2026/20261010T175503Z__3866e2a04417.html.gz
Arenal,2026-09-07,542.19,539.27,2026-10-10T17:55:03+00:00,2026/20261010T175503Z__3866e2a04417.html.gz
Arenal,2026-09-08,542.19,539.3,2026-10-10T17:55:03+00:00,2026/20261010T175503Z__3866e2a04417.html.gz
Arenal,2026-09-09,542.2,539.32,2026-10-10T17:55:03+00:00,2026/20261010T175503Z__3866e2a04417.html.gz
Arenal,2026-09-10,542.24,539.36,2026-10-10T17:55:03+00:00,2026/20261010T175503Z__3866e2a04417.html.gz
Arenal,2026-09-11,542.36,539.41,2026-10-10T17:55:03+00:00,2026/20261010T175503Z__3866e2a04417.html.gz
Arenal,2026-09-12,542.41,539.45,2026-10-10T17:55:03+00:00,2026/20261010T175503Z__3866e2a04417.html.gz
Arenal,2026-09-13,542.46,539.49,2026-10-10T17:55:03+00:00,2026/20261010T175503Z__3866e2a04417.html.gz
Arenal,2026-09-14,542.52,539.54,2026-10-10T17:55:03+00:00,2026/20261010T175503Z__3866e2a04417.html.gz
Arenal,2026-09-15,542.52,539.58,2026-10-10T17:55:03+00:00,2026/20261010T175503Z__3866e2a04417.html.gz
Arenal,2026-09-16,542.62,539.62,2026-10-10T17:55:03+00:00,2026/20261010T175503Z__3866e2a04417.html.gz
Arenal,2026-09-17,542.62,539.66,2026-10-10T17:55:03+00:00,2026/20261010T175503Z__3866e2a04417.html.gz
Arenal,2026-09-18,542.62,539.71,2026-10-10T17:55:03+00:00,2026/20261010T175503Z__3866e2a04417.html.gz
Arenal,2026-09-19,542.64,539.75,2026-10-10T17:55:03+00:00,2026/20261010T175503Z__3866e2a04417.html.gz
Arenal,2026-09-20,542.66,539.79,2026-10-10T17:55:03+00:00,2026/20261010T175503Z__3866e2a04417.html.gz
Arenal,2026-09-21,542.69,539.83,2026-10-10T17:55:03+00:00,2026/20261010T175503Z__3866e2a04417.html.gz
Arenal,2026-09-22,542.65,539.87,2026-10-10T17:55:03+00:00,2026/20261010T175503Z__3866e2a04417.html.gz
Arenal,2026-09-23,542.63,539.92,2026-10-10T17:55:03+00:00,2026/20261010T175503Z__3866e2a04417.html.gz
Arenal,2026-09-24,542.59,539.95,2026-10-10T17:55:03+00:00,2026/20261010T175503Z__3866e2a04417.html.gz
Arenal,2026-09-25,542.69,539.99,2026-10-10T17:55:03+00:00,2026/20261010T175503Z__3866e2a04417.html.gz
Arenal,2026-09-26,542.65,540.03,2026-10-10T17:55:03+00:00,2026/20261010T175503Z__3866e2a04417.html.gz
Arenal,2026-09-27,542.82,540.06,2026-10-10T17:55:03+00:00,2026/20261010T175503Z__3866e2a04417.html.gz
Arenal,2026-09-28,542.95,540.1,2026-10-10T17:55:03+00:00,2026/20261010T175503Z__3866e2a04417.html.gz
Arenal,2026-09-29,542.93,540.14,2026-10-10T17:55:03+00:00,2026/20261010T175503Z__3866e2a04417.html.gz
Arenal,2026-09-30,543.01,540.18,2026-10-10T17:55:03+00:00,2026/20261010T175503Z__3866e2a04417.html.gz
Arenal,2026-10-01,543.05,540.22,2026-10-10T17:55:03+00:00,2026/20261010T175503Z__3866e2a04417.html.gz
Arenal,2026-10-02,543.06,540.26,2026-10-10T17:55:03+00:00,2026/20261010T175503Z__3866e2a04417.html.gz
Arenal,2026-10-03,543.05,540.31,2026-10-10T17:55:03+00:00,2026/20261010T175503Z__3866e2a04417.html.gz
Arenal,2026-10-04,543.05,540.35,2026-10-10T17:55:03+00:00,2026/20261010T175503Z__3866e2a04417.html.gz
Arenal,2026-10-05,543.03,540.4,2026-10-10T17:55:03+00:00,2026/20261010T175503Z__3866e2a04417.html.gz
Arenal,2026-10-06,543.06,540.44,2026-10-10T17:55:03+00:00,2026/20261010T175503Z__3866e2a04417.html.gz
Arenal,2026-10-07,543.04,540.49,2026-10-10T17:55:03+00:00,2026/20261010T175503Z__3866e2a04417.html.gz
Arenal,2026-10-08,543.05,540.51,2026-10-10T17:55:03+00:00,2026/20261010T175503Z__3866e2a04417.html.gz
Arenal,2026-10-09,543.0,540.54,2026-10-10T17:55:03+00:00,2026/20261010T175503Z__3866e2a04417.html.gz
Arenal,2026-10-10,,540.57,2026-10-10T17:55:03+00:00,2026/20261010T175503Z__3866e2a04417.html.gz
Arenal,2026-10-11,,540.6,2026-10-10T17:55:03+00:00,2026/20261010T175503Z__3866e2a04417.html.gz
Arenal,2026-10-12,,540.63,2026-10-10T17:55:03+00:00,2026/20261010T175503Z__3866e2a04417.html.gz
Arenal,2026-10-13,,540.66,2026-10-10T17:55:03+00:00,2026/20261010T175503Z__3866e2a04417.html.gz
Arenal,2026-10-14,,540.69,2026-10-10T17:55:03+00:00,2026/20261010T175503Z__3866e2a04417.html.gz
Arenal,2026-10-15,,540.72,2026-10-10T17:55:03+00:00,2026/20261010T175503Z__3866e2a04417.html.gz
Arenal,2026-10-16,,540.75,2026-10-10T17:55:03+00:00,2026/20261010T175503Z__3866e2a04417.html.gz
Arenal,2026-10-17,,540.78,2026-10-10T17:55:03+00:00,2026/20261010T175503Z__3866e2a04417.html.gz
Arenal,2026-10-18,,540.81,2026-10-10T17:55:03+00:00,2026/20261010T175503Z__3866e2a04417.html.gz
Arenal,2026-10-19,,540.84,2026-10-10T17:55:03+00:00,2026/20261010T175503Z__3866e2a04417.html.gz
Arenal,2026-10-20,,540.87,2026-10-10T17:55:03+00:00,2026/20261010T175503Z__3866e2a04417.html.gz
Arenal,2026-10-21,,540.9,2026-10-10T17:55:03+00:00,2026/20261010T175503Z__3866e2a04417.html.gz
Arenal,2026-10-22,,540.93,2026-10-10T17:55:03+00:00,2026/20261010T175503Z__3866e2a04417.html.gz
Arenal,2026-10-23,,540.96,2026-10-10T17:55:03+00:00,2026/20261010T175503Z__3866e2a04417.html.gz
Arenal,2026-10-24,,540.98,2026-10-10T17:55:03+00:00,2026/20261010T175503Z__3866e2a04417.html.gz
Arenal,2026-10-25,,541.01,2026-10-10T17:55:03+00:00,2026/20261010T175503Z__3866e2a04417.html.gz
Arenal,2026-10-26,,541.04,2026-10-10T17:55:03+00:00,2026/20261010T175503Z__3866e2a04417.html.gz
Arenal,2026-10-27,,541.06,2026-10-10T17:55:03+00:00,2026/20261010T175503Z__3866e2a04417.html.gz
Arenal,2026-10-28,,541.09,2026-10-10T17:55:03+00:00,2026/20261010T175503Z__3866e2a04417.html.gz
Arenal,2026-10-29,,541.11,2026-10-10T17:55:03+00:00,2026/20261010T175503Z__3866e2a04417.html.gz
Arenal,2026-10-30,,541.13,2026-10-10T17:55:03+00:00,2026/20261010T175503Z__3866e2a04417.html.gz
Arenal,2026-10-31,,541.15,2026-10-10T17:55:03+00:00,2026/20261010T175503Z__3866e2a04417.html.gz
Arenal,2026-11-01,,541.17,2026-10-10T17:55:03+00:00,2026/20261010T175503Z__3866e2a04417.html.gz
Arenal,2026-11-02,,541.19,2026-10-10T17:55:03+00:00,2026/20261010T175503Z__3866e2a04417.html.gz
Arenal,2026-11-03,,541.2,2026-10-10T17:55:03+00:00,2026/20261010T175503Z__3866e2a04417.html.gz
Arenal,2026-11-04,,541.22,2026-10-10T17:55:03+00:00,2026/20261010T175503Z__3866e2a04417.html.gz
Arenal,2026-11-05,,541.25,2026-10-10T17:55:03+00:00,2026/20261010T175503Z__3866e2a04417.html.gz
Arenal,2026-11-06,,541.28,2026-10-10T17:55:03+00:00,2026/20261010T175503Z__3866e2a04417.html.gz
Arenal,2026-11-07,,541.3,2026-10-10T17:55:03+00:00,2026/20261010T175503Z__3866e2a04417.html.gz
Arenal,2026-11-08,,541.33,2026-10-10T17:55:03+00:00,2026/20261010T175503Z__3866e2a04417.html.gz
Arenal,2026-11-09,,541.36,2026-10-10T17:55:03+00:00,2026/20261010T175503Z__3866e2a04417.html.gz
Arenal,2026-11-10,,541.39,2026-10-10T17:55:03+00:00,2026/20261010T175503Z__3866e2a04417.html.gz
Arenal,2026-11-11,,541.41,2026-10-10T17:55:03+00:00,2026/20261010T175503Z__3866e2a04417.html.gz
Arenal,2026-11-12,,541.43,2026-10-10T17:55:03+00:00,2026/20261010T175503Z__3866e2a04417.html.gz
Arenal,2026-11-13,,541.45,2026-10-10T17:55:03+00:00,2026/20261010T175503Z__3866e2a04417.html.gz
Arenal,2026-11-14,,541.47,2026-10-10T17:55:03+00:00,2026/20261010T175503Z__3866e2a04417.html.gz
Arenal,2026-11-15,,541.49,2026-10-10T17:55:03+00:00,2026/20261010T175503Z__3866e2a04417.html.gz
Arenal,2026-11-16,,541.51,2026-10-10T17:55:03+00:00,2026/20261010T175503Z__3866e2a04417.html.gz
Arenal,2026-11-17,,541.53,2026-10-10T17:55:03+00:00,2026/20261010T175503Z__3866e2a04417.html.gz
Arenal,2026-11-18,,541.55,2026-10-10T17:55:03+00:00,2026/20261010T175503Z__3866e2a04417.html.gz
Arenal,2026-11-19,,541.56,2026-10-10T17:55:03+00:00,2026/20261010T175503Z__3866e2a04417.html.gz
Arenal,2026-11-20,,541.58,2026-10-10T17:55:03+00:00,2026/20261010T175503Z__3866e2a04417.html.gz
Arenal,2026-11-21,,541.59,2026-10-10T17:55:03+00:00,2026/20261010T175503Z__3866e2a04417.html.gz
Arenal,2026-11-22,,541.6,2026-10-10T17:55:03+00:00,2026/20261010T175503Z__3866e2a04417.html.gz
Arenal,2026-11-23,,541.61,2026-10-10T17:55:03+00:00,2026/20261010T175503Z__3866e2a04417.html.gz
Arenal,2026-11-24,,541.62,2026-10-10T17:55:03+00:00,2026/20261010T175503Z__3866e2a04417.html.gz
Arenal,2026-11-25,,541.64,2026-10-10T17:55:03+00:00,2026/20261010T175503Z__3866e2a04417.html.gz
Arenal,2026-11-26,,541.64,2026-10-10T17:55:03+00:00,2026/20261010T175503Z__3866e2a04417.html.gz
Arenal,2026-11-27,,541.65,2026-10-10T17:55:03+00:00,2026/20261010T175503Z__3866e2a04417.html.gz
Arenal,2026-11-28,,541.66,2026-10-10T17:55:03+00:00,2026/20261010T175503Z__3866e2a04417.html.gz
Arenal,2026-11-29,,541.67,2026-10-10T17:55:03+00:00,2026/20261010T175503Z__3866e2a04417.html.gz
Arenal,2026-11-30,,541.67,2026-10-10T17:55:03+00:00,2026/20261010T175503Z__3866e2a04417.html.gz
Arenal,2026-12-01,,541.68,2026-10-10T17:55:03+00:00,2026/20261010T175503Z__3866e2a04417.html.gz
Arenal,2026-12-02,,541.69,2026-10-10T17:55:03+00:00,2026/20261010T175503Z__3866e2a04417.html.gz
Arenal,2026-12-03,,541.68,2026-10-10T17:55:03+00:00,2026/20261010T175503Z__3866e2a04417.html.gz
Arenal,2026-12-04,,541.68,2026-10-10T17:55:03+00:00,2026/20261010T175503Z__3866e2a04417.html.gz
Arenal,2026-12-05,,541.68,2026-10-10T17:55:03+00:00,2026/20261010T175503Z__3866e2a04417.html.gz
Arenal,2026-12-06,,541.68,2026-10-10T17:55:03+00:00,2026/20261010T175503Z__3866e2a04417.html.gz
Arenal,2026-12-07,,541.68,2026-10-10T17:55:03+00:00,2026/20261010T175503Z__3866e2a04417.html.gz
Arenal,2026-12-08,,541.68,2026-10-10T17:55:03+00:00,2026/20261010T175503Z__3866e2a04417.html.gz
Arenal,2026-12-09,,541.68,2026-10-10T17:55:03+00:00,2026/20261010T175503Z__3866e2a04417.html.gz
Arenal,2026-12-10,,541.69,2026-10-10T17:55:03+00:00,2026/20261010T175503Z__3866e2a04417.html.gz
Arenal,2026-12-11,,541.7,2026-10-10T17:55:03+00:00,2026/20261010T175503Z__3866e2a04417.html.gz
Arenal,2026-12-12,,541.71,2026-10-10T17:55:03+00:00,2026/20261010T175503Z__3866e2a04417.html.gz
Arenal,2026-12-13,,541.72,2026-10-10T17:55:03+00:00,2026/20261010T175503Z__3866e2a04417.html.gz
Arenal,2026-12-14,,541.74,2026-10-10T17:55:03+00:00,2026/20261010T175503Z__3866e2a04417.html.gz
Arenal,2026-12-15,,541.75,2026-10-10T17:55:03+00:00,2026/20261010T175503Z__3866e2a04417.html.gz
Arenal,2026-12-16,,541.76,2026-10-10T17:55:03+00:00,2026/20261010T175503Z__3866e2a04417.html.gz
Arenal,2026-12-17,,541.77,2026-10-10T17:55:03+00:00,2026/20261010T175503Z__3866e2a04417.html.gz
Arenal,2026-12-18,,541.78,2026-10-10T17:55:03+00:00,2026/20261010T175503Z__3866e2a04417.html.gz
Arenal,2026-12-19,,541.8,2026-10-10T17:55:03+00:00,2026/20261010T175503Z__3866e2a04417.html.gz
Arenal,2026-12-20,,541.81,2026-10-10T17:55:03+00:00,2026/20261010T175503Z__3866e2a04417.html.gz
Arenal,2026-12-21,,541.82,2026-10-10T17:55:03+00:00,2026/20261010T175503Z__3866e2a04417.html.gz
Arenal,2026-12-22,,541.83,2026-10-10T17:55:03+00:00,2026/20261010T175503Z__3866e2a04417.html.gz
Arenal,2026-12-23,,541.84,2026-10-10T17:55:03+00:00,2026/20261010T175503Z__3866e2a04417.html.gz
Arenal,2026-12-24,,541.85,2026-10-10T17:55:03+00:00,2026/20261010T175503Z__3866e2a04417.html.gz
Arenal,2026-12-25,,541.85,2026-10-10T17:55:03+00:00,2026/20261010T175503Z__3866e2a04417.html.gz
Arenal,2026-12-26,,541.85,2026-10-10T17:55:03+00:00,2026/20261010T175503Z__3866e2a04417.html.gz
Arenal,2026-12-27,,541.85,2026-10-10T17:55:03+00:00,2026/20261010T175503Z__3866e2a04417.html.gz
Arenal,2026-12-28,,541.85,2026-10-10T17:55:03+00:00,2026/20261010T175503Z__3866e2a04417.html.gz
Arenal,2026-12-29,,541.86,2026-10-10T17:55:03+00:00,2026/20261010T175503Z__3866e2a04417.html.gz
Arenal,2026-12-30,,541.86,2026-10-10T17:55:03+00:00,2026/20261010T175503Z__3866e2a04417.html.gz
Arenal,2026-12-31,,541.86,2026-10-10T17:55:03+00:00,2026/20261010T175503Z__3866e2a04417.html.gz
Cachí,2026-01-01,989.48,989.79,2026-10-10T17:55:03+00:00,2026/20261010T175503Z__3866e2a04417.html.gz
Cachí,2026-01-02,990.0,989.73,2026-10-10T17:55:03+00:00,2026/20261010T175503Z__3866e2a04417.html.gz
Cachí,2026-01-03,989.79,989.66,2026-10-10T17:55:03+00:00,2026/20261010T175503Z__3866e2a04417.html.gz
Cachí,2026-01-04,989.75,989.6,2026-10-10T17:55:03+00:00,2026/20261010T175503Z__3866e2a04417.html.gz
Cachí,2026-01-05,989.74,989.53,2026-10-10T17:55:03+00:00,2026/20261010T175503Z__3866e2a04417.html.gz
Cachí,2026-01-06,989.61,989.47,2026-10-10T17:55:03+00:00,2026/20261010T175503Z__3866e2a04417.html.gz
Cachí,2026-01-07,989.43,989.4,2026-10-10T17:55:03+00:00,2026/20261010T175503Z__3866e2a04417.html.gz
Cachí,2026-01-08,989.44,989.32,2026-10-10T17:55:03+00:00,2026/20261010T175503Z__3866e2a04417.html.gz
Cachí,2026-01-09,989.2,989.25,2026-10-10T17:55:03+00:00,2026/20261010T175503Z__3866e2a04417.html.gz
Cachí,2026-01-10,988.65,989.17,2026-10-10T17:55:03+00:00,2026/20261010T175503Z__3866e2a04417.html.gz
Cachí,2026-01-11,988.31,989.1,2026-10-10T17:55:03+00:00,2026/20261010T175503Z__3866e2a04417.html.gz
Cachí,2026-01-12,988.38,989.02,2026-10-10T17:55:03+00:00,2026/20261010T175503Z__3866e2a04417.html.gz
Cachí,2026-01-13,988.18,988.95,2026-10-10T17:55:03+00:00,2026/20261010T175503Z__3866e2a04417.html.gz
Cachí,2026-01-14,988.09,988.87,2026-10-10T17:55:03+00:00,2026/20261010T175503Z__3866e2a04417.html.gz
Cachí,2026-01-15,988.06,988.89,2026-10-10T17:55:03+00:00,2026/20261010T175503Z__3866e2a04417.html.gz
Cachí,2026-01-16,988.07,988.91,2026-10-10T17:55:03+00:00,2026/20261010T175503Z__3866e2a04417.html.gz
Cachí,2026-01-17,988.1,988.92,2026-10-10T17:55:03+00:00,2026/20261010T175503Z__3866e2a04417.html.gz
Cachí,2026-01-18,988.13,988.94,2026-10-10T17:55:03+00:00,2026/20261010T175503Z__3866e2a04417.html.gz
Cachí,2026-01-19,988.86,988.96,2026-10-10T17:55:03+00:00,2026/20261010T175503Z__3866e2a04417.html.gz
Cachí,2026-01-20,989.79,988.97,2026-10-10T17:55:03+00:00,2026/20261010T175503Z__3866e2a04417.html.gz
Cachí,2026-01-21,989.9,988.99,2026-10-10T17:55:03+00:00,2026/20261010T175503Z__3866e2a04417.html.gz
Cachí,2026-01-22,989.91,988.96,2026-10-10T17:55:03+00:00,2026/20261010T175503Z__3866e2a04417.html.gz
Cachí,2026-01-23,989.36,988.93,2026-10-10T17:55:03+00:00,2026/20261010T175503Z__3866e2a04417.html.gz
Cachí,2026-01-24,988.98,988.91,2026-10-10T17:55:03+00:00,2026/20261010T175503Z__3866e2a04417.html.gz
Cachí,2026-01-25,988.97,988.88,2026-10-10T17:55:03+00:00,2026/20261010T175503Z__3866e2a04417.html.gz
Cachí,2026-01-26,988.5,988.85,2026-10-10T17:55:03+00:00,2026/20261010T175503Z__3866e2a04417.html.gz
Cachí,2026-01-27,987.98,988.83,2026-10-10T17:55:03+00:00,2026/20261010T175503Z__3866e2a04417.html.gz
Cachí,2026-01-28,987.98,988.8,2026-10-10T17:55:03+00:00,2026/20261010T175503Z__3866e2a04417.html.gz
Cachí,2026-01-29,988.04,988.8,2026-10-10T17:55:03+00:00,2026/20261010T175503Z__3866e2a04417.html.gz
Cachí,2026-01-30,987.94,988.8,2026-10-10T17:55:03+00:00,2026/20261010T175503Z__3866e2a04417.html.gz
Cachí,2026-01-31,987.94,988.8,2026-10-10T17:55:03+00:00,2026/20261010T175503Z__3866e2a04417.html.gz
Cachí,2026-02-01,988.05,988.81,2026-10-10T17:55:03+00:00,2026/20261010T175503Z__3866e2a04417.html.gz
Cachí,2026-02-02,989.44,988.81,2026-10-10T17:55:03+00:00,2026/20261010T175503Z__3866e2a04417.html.gz
Cachí,2026-02-03,989.8,988.81,2026-10-10T17:55:03+00:00,2026/20261010T175503Z__3866e2a04417.html.gz
Cachí,2026-02-04,989.77,988.81,2026-10-10T17:55:03+00:00,2026/20261010T175503Z__3866e2a04417.html.gz
Cachí,2026-02-05,989.52,988.78,2026-10-10T17:55:03+00:00,2026/20261010T175503Z__3866e2a04417.html.gz
Cachí,2026-02-06,989.33,988.76,2026-10-10T17:55:03+00:00,2026/20261010T175503Z__3866e2a04417.html.gz
Cachí,2026-02-07,989.73,988.73,2026-10-10T17:55:03+00:00,2026/20261010T175503Z__3866e2a04417.html.gz
Cachí,2026-02-08,989.95,988.7,2026-10-10T17:55:03+00:00,2026/20261010T175503Z__3866e2a04417.html.gz
Cachí,2026-02-09,989.96,988.68,2026-10-10T17:55:03+00:00,2026/20261010T175503Z__3866e2a04417.html.gz
Cachí,2026-02-10,989.78,988.65,2026-10-10T17:55:03+00:00,2026/20261010T175503Z__3866e2a04417.html.gz
Cachí,2026-02-11,989.99,988.63,2026-10-10T17:55:03+00:00,2026/20261010T175503Z__3866e2a04417.html.gz
Cachí,2026-02-12,990.0,988.62,2026-10-10T17:55:03+00:00,2026/20261010T175503Z__3866e2a04417.html.gz
Cachí,2026-02-13,990.0,988.62,2026-10-10T17:55:03+00:00,2026/20261010T175503Z__3866e2a04417.html.gz
Cachí,2026-02-14,990.0,988.61,2026-10-10T17:55:03+00:00,2026/20261010T175503Z__3866e2a04417.html.gz
Cachí,2026-02-15,990.0,988.61,2026-10-10T17:55:03+00:00,2026/20261010T175503Z__3866e2a04417.html.gz
Cachí,2026-02-16,990.0,988.6,2026-10-10T17:55:03+00:00,2026/20261010T175503Z__3866e2a04417.html.gz
Cachí,2026-02-17,989.76,988.6,2026-10-10T17:55:03+00:00,2026/20261010T175503Z__3866e2a04417.html.gz
Cachí,2026-02-18,989.8,988.59,2026-10-10T17:55:03+00:00,2026/20261010T175503Z__3866e2a04417.html.gz
Cachí,2026-02-19,989.58,988.67,2026-10-10T17:55:03+00:00,2026/20261010T175503Z__3866e2a04417.html.gz
Cachí,2026-02-20,989.41,988.74,2026-10-10T17:55:03+00:00,2026/20261010T175503Z__3866e2a04417.html.gz
Cachí,2026-02-21,989.05,988.82,2026-10-10T17:55:03+00:00,2026/20261010T175503Z__3866e2a04417.html.gz
Cachí,2026-02-22,989.35,988.9,2026-10-10T17:55:03+00:00,2026/20261010T175503Z__3866e2a04417.html.gz
Cachí,2026-02-23,989.88,988.97,2026-10-10T17:55:03+00:00,2026/20261010T175503Z__3866e2a04417.html.gz
Cachí,2026-02-24,989.92,989.05,2026-10-10T17:55:03+00:00,2026/20261010T175503Z__3866e2a04417.html.gz
Cachí,2026-02-25,989.8,989.12,2026-10-10T17:55:03+00:00,2026/20261010T175503Z__3866e2a04417.html.gz
Cachí,2026-02-26,989.78,989.19,2026-10-10T17:55:03+00:00,2026/20261010T175503Z__3866e2a04417.html.gz
Cachí,2026-02-27,989.68,989.26,2026-10-10T17:55:03+00:00,2026/20261010T175503Z__3866e2a04417.html.gz
Cachí,2026-02-28,989.66,989.33,2026-10-10T17:55:03+00:00,2026/20261010T175503Z__3866e2a04417.html.gz
Cachí,2026-03-01,989.67,989.4,2026-10-10T17:55:03+00:00,2026/20261010T175503Z__3866e2a04417.html.gz
Cachí,2026-03-02,989.72,989.46,2026-10-10T17:55:03+00:00,2026/20261010T175503Z__3866e2a04417.html.gz
Cachí,2026-03-03,989.33,989.53,2026-10-10T17:55:03+00:00,2026/20261010T175503Z__3866e2a04417.html.gz
Cachí,2026-03-04,989.03,989.6,2026-10-10T17:55:03+00:00,2026/20261010T175503Z__3866e2a04417.html.gz
Cachí,2026-03-05,988.84,989.56,2026-10-10T17:55:03+00:00,2026/20261010T175503Z__3866e2a04417.html.gz
Cachí,2026-03-06,988.32,989.51,2026-10-10T17:55:03+00:00,2026/20261010T175503Z__3866e2a04417.html.gz
Cachí,2026-03-07,988.05,989.47,2026-10-10T17:55:03+00:00,2026/20261010T175503Z__3866e2a04417.html.gz
Cachí,2026-03-08,988.01,989.43,2026-10-10T17:55:03+00:00,2026/20261010T175503Z__3866e2a04417.html.gz
Cachí,2026-03-09,988.23,989.39,2026-10-10T17:55:03+00:00,2026/20261010T175503Z__3866e2a04417.html.gz
Cachí,2026-03-10,988.12,989.34,2026-10-10T17:55:03+00:00,2026/20261010T175503Z__3866e2a04417.html.gz
Cachí,2026-03-11,988.14,989.3,2026-10-10T17:55:03+00:00,2026/20261010T175503Z__3866e2a04417.html.gz
Cachí,2026-03-12,988.17,989.3,2026-10-10T17:55:03+00:00,2026/20261010T175503Z__3866e2a04417.html.gz
Cachí,2026-03-13,988.17,989.3,2026-10-10T17:55:03+00:00,2026/20261010T175503Z__3866e2a04417.html.gz
Cachí,2026-03-14,988.49,989.31,2026-10-10T17:55:03+00:00,2026/20261010T175503Z__3866e2a04417.html.gz
Cachí,2026-03-15,988.47,989.31,2026-10-10T17:55:03+00:00,2026/20261010T175503Z__3866e2a04417.html.gz
Cachí,2026-03-16,988.76,989.31,2026-10-10T17:55:03+00:00,2026/20261010T175503Z__3866e2a04417.html.gz
Cachí,2026-03-17,988.21,989.31,2026-10-10T17:55:03+00:00,2026/20261010T175503Z__3866e2a04417.html.gz
Cachí,2026-03-18,988.02,989.31,2026-10-10T17:55:03+00:00,2026/20261010T175503Z__3866e2a04417.html.gz
Cachí,2026-03-19,988.01,989.26,2026-10-10T17:55:03+00:00,2026/20261010T175503Z__3866e2a04417.html.gz
Cachí,2026-03-20,988.02,989.21,2026-10-10T17:55:03+00:00,2026/20261010T175503Z__3866e2a04417.html.gz
Cachí,2026-03-21,988.02,989.17,2026-10-10T17:55:03+00:00,2026/20261010T175503Z__3866e2a04417.html.gz
Cachí,2026-03-22,988.06,989.12,2026-10-10T17:55:03+00:00,2026/20261010T175503Z__3866e2a04417.html.gz
Cachí,2026-03-23,988.28,989.07,2026-10-10T17:55:03+00:00,2026/20261010T175503Z__3866e2a04417.html.gz
Cachí,2026-03-24,988.47,989.02,2026-10-10T17:55:03+00:00,2026/20261010T175503Z__3866e2a04417.html.gz
Cachí,2026-03-25,988.47,988.98,2026-10-10T17:55:03+00:00,2026/20261010T175503Z__3866e2a04417.html.gz
Cachí,2026-03-26,988.29,988.89,2026-10-10T17:55:03+00:00,2026/20261010T175503Z__3866e2a04417.html.gz
Cachí,2026-03-27,988.33,988.81,2026-10-10T17:55:03+00:00,2026/20261010T175503Z__3866e2a04417.html.gz
Cachí,2026-03-28,988.33,988.73,2026-10-10T17:55:03+00:00,2026/20261010T175503Z__3866e2a04417.html.gz
Cachí,2026-03-29,988.4,988.65,2026-10-10T17:55:03+00:00,2026/20261010T175503Z__3866e2a04417.html.gz
Cachí,2026-03-30,988.52,988.56,2026-10-10T17:55:03+00:00,2026/20261010T175503Z__3866e2a04417.html.gz
Cachí,2026-03-31,988.69,988.48,2026-10-10T17:55:03+00:00,2026/20261010T175503Z__3866e2a04417.html.gz
Cachí,2026-04-01,988.68,988.4,2026-10-10T17:55:03+00:00,2026/20261010T175503Z__3866e2a04417.html.gz
Cachí,2026-04-02,988.78,988.2,2026-10-10T17:55:03+00:00,2026/20261010T175503Z__3866e2a04417.html.gz
Cachí,2026-04-03,989.17,988.0,2026-10-10T17:55:03+00:00,2026/20261010T175503Z__3866e2a04417.html.gz
Cachí,2026-04-04,989.65,987.8,2026-10-10T17:55:03+00:00,2026/20261010T175503Z__3866e2a04417.html.gz
Cachí,2026-04-05,989.95,987.6,2026-10-10T17:55:03+00:00,2026/20261010T175503Z__3866e2a04417.html.gz
Cachí,2026-04-06,989.99,987.4,2026-10-10T17:55:03+00:00,2026/20261010T175503Z__3866e2a04417.html.gz
Cachí,2026-04-07,989.53,987.2,2026-10-10T17:55:03+00:00,2026/20261010T175503Z__3866e2a04417.html.gz
Cachí,2026-04-08,989.07,987.0,2026-10-10T17:55:03+00:00,2026/20261010T175503Z__3866e2a04417.html.gz
Cachí,2026-04-09,988.86,987.22,2026-10-10T17:55:03+00:00,2026/20261010T175503Z__3866e2a04417.html.gz
Cachí,2026-04-10,988.61,987.43,2026-10-10T17:55:03+00:00,2026/20261010T175503Z__3866e2a04417.html.gz
Cachí,2026-04-11,988.34,987.65,2026-10-10T17:55:03+00:00,2026/20261010T175503Z__3866e2a04417.html.gz
Cachí,2026-04-12,988.42,987.86,2026-10-10T17:55:03+00:00,2026/20261010T175503Z__3866e2a04417.html.gz
Cachí,2026-04-13,988.65,988.08,2026-10-10T17:55:03+00:00,2026/20261010T175503Z__3866e2a04417.html.gz
Cachí,2026-04-14,989.22,988.29,2026-10-10T17:55:03+00:00,2026/20261010T175503Z__3866e2a04417.html.gz
Cachí,2026-04-15,989.04,988.51,2026-10-10T17:55:03+00:00,2026/20261010T175503Z__3866e2a04417.html.gz
Cachí,2026-04-16,988.75,988.36,2026-10-10T17:55:03+00:00,2026/20261010T175503Z__3866e2a04417.html.gz
Cachí,2026-04-17,988.44,988.21,2026-10-10T17:55:03+00:00,2026/20261010T175503Z__3866e2a04417.html.gz
Cachí,2026-04-18,988.33,988.07,2026-10-10T17:55:03+00:00,2026/20261010T175503Z__3866e2a04417.html.gz
Cachí,2026-04-19,988.3,987.92,2026-10-10T17:55:03+00:00,2026/20261010T175503Z__3866e2a04417.html.gz
Cachí,2026-04-20,988.22,987.77,2026-10-10T17:55:03+00:00,2026/20261010T175503Z__3866e2a04417.html.gz
Cachí,2026-04-21,988.14,987.62,2026-10-10T17:55:03+00:00,2026/20261010T175503Z__3866e2a04417.html.gz
Cachí,2026-04-22,987.99,987.48,2026-10-10T17:55:03+00:00,2026/20261010T175503Z__3866e2a04417.html.gz
Cachí,2026-04-23,987.62,987.21,2026-10-10T17:55:03+00:00,2026/20261010T175503Z__3866e2a04417.html.gz
Cachí,2026-04-24,987.73,986.93,2026-10-10T17:55:03+00:00,2026/20261010T175503Z__3866e2a04417.html.gz
Cachí,2026-04-25,987.54,986.66,2026-10-10T17:55:03+00:00,2026/20261010T175503Z__3866e2a04417.html.gz
Cachí,2026-04-26,987.37,986.39,2026-10-10T17:55:03+00:00,2026/20261010T175503Z__3866e2a04417.html.gz
Cachí,2026-04-27,987.3,986.12,2026-10-10T17:55:03+00:00,2026/20261010T175503Z__3866e2a04417.html.gz
Cachí,2026-04-28,987.2,985.85,2026-10-10T17:55:03+00:00,2026/20261010T175503Z__3866e2a04417.html.gz
Cachí,2026-04-29,987.01,985.58,2026-10-10T17:55:03+00:00,2026/20261010T175503Z__3866e2a04417.html.gz
Cachí,2026-04-30,987.07,985.58,2026-10-10T17:55:03+00:00,2026/20261010T175503Z__3866e2a04417.html.gz
Cachí,2026-05-01,986.92,985.59,2026-10-10T17:55:03+00:00,2026/20261010T175503Z__3866e2a04417.html.gz
Cachí,2026-05-02,987.04,985.59,2026-10-10T17:55:03+00:00,2026/20261010T175503Z__3866e2a04417.html.gz
Cachí,2026-05-03,987.01,985.59,2026-10-10T17:55:03+00:00,2026/20261010T175503Z__3866e2a04417.html.gz
Cachí,2026-05-04,987.08,985.59,2026-10-10T17:55:03+00:00,2026/20261010T175503Z__3866e2a04417.html.gz
Cachí,2026-05-05,987.55,985.6,2026-10-10T17:55:03+00:00,2026/20261010T175503Z__3866e2a04417.html.gz
Cachí,2026-05-06,988.62,985.6,2026-10-10T17:55:03+00:00,2026/20261010T175503Z__3866e2a04417.html.gz
Cachí,2026-05-07,988.41,985.37,2026-10-10T17:55:03+00:00,2026/20261010T175503Z__3866e2a04417.html.gz
Cachí,2026-05-08,988.24,985.13,2026-10-10T17:55:03+00:00,2026/20261010T175503Z__3866e2a04417.html.gz
Cachí,2026-05-09,987.96,984.9,2026-10-10T17:55:03+00:00,2026/20261010T175503Z__3866e2a04417.html.gz
Cachí,2026-05-10,987.49,984.66,2026-10-10T17:55:03+00:00,2026/20261010T175503Z__3866e2a04417.html.gz
Cachí,2026-05-11,987.35,984.43,2026-10-10T17:55:03+00:00,2026/20261010T175503Z__3866e2a04417.html.gz
Cachí,2026-05-12,986.66,984.19,2026-10-10T17:55:03+00:00,2026/20261010T175503Z__3866e2a04417.html.gz
Cachí,2026-05-13,986.0,983.96,2026-10-10T17:55:03+00:00,2026/20261010T175503Z__3866e2a04417.html.gz
Cachí,2026-05-14,985.63,983.83,2026-10-10T17:55:03+00:00,2026/20261010T175503Z__3866e2a04417.html.gz
Cachí,2026-05-15,985.42,983.71,2026-10-10T17:55:03+00:00,2026/20261010T175503Z__3866e2a04417.html.gz
Cachí,2026-05-16,985.16,983.58,2026-10-10T17:55:03+00:00,2026/20261010T175503Z__3866e2a04417.html.gz
Cachí,2026-05-17,984.88,983.45,2026-10-10T17:55:03+00:00,2026/20261010T175503Z__3866e2a04417.html.gz
Cachí,2026-05-18,984.86,983.32,2026-10-10T17:55:03+00:00,2026/20261010T175503Z__3866e2a04417.html.gz
Cachí,2026-05-19,985.07,983.2,2026-10-10T17:55:03+00:00,2026/20261010T175503Z__3866e2a04417.html.gz
Cachí,2026-05-20,984.55,983.07,2026-10-10T17:55:03+00:00,2026/20261010T175503Z__3866e2a04417.html.gz
Cachí,2026-05-21,985.7,983.05,2026-10-10T17:55:03+00:00,2026/20261010T175503Z__3866e2a04417.html.gz
Cachí,2026-05-22,985.37,983.04,2026-10-10T17:55:03+00:00,2026/20261010T175503Z__3866e2a04417.html.gz
Cachí,2026-05-23,985.42,983.02,2026-10-10T17:55:03+00:00,2026/20261010T175503Z__3866e2a04417.html.gz
Cachí,2026-05-24,985.13,983.01,2026-10-10T17:55:03+00:00,2026/20261010T175503Z__3866e2a04417.html.gz
Cachí,2026-05-25,985.0,982.99,2026-10-10T17:55:03+00:00,2026/20261010T175503Z__3866e2a04417.html.gz
Cachí,2026-05-26,985.16,982.97,2026-10-10T17:55:03+00:00,2026/20261010T175503Z__3866e2a04417.html.gz
Cachí,2026-05-27,984.51,982.96,2026-10-10T17:55:03+00:00,2026/20261010T175503Z__3866e2a04417.html.gz
Cachí,2026-05-28,983.93,983.06,2026-10-10T17:55:03+00:00,2026/20261010T175503Z__3866e2a04417.html.gz
Cachí,2026-05-29,984.1,983.17,2026-10-10T17:55:03+00:00,2026/20261010T175503Z__3866e2a04417.html.gz
Cachí,2026-05-30,984.53,983.28,2026-10-10T17:55:03+00:00,2026/20261010T175503Z__3866e2a04417.html.gz
Cachí,2026-05-31,983.76,983.38,2026-10-10T17:55:03+00:00,2026/20261010T175503Z__3866e2a04417.html.gz
Cachí,2026-06-01,983.19,983.49,2026-10-10T17:55:03+00:00,2026/20261010T175503Z__3866e2a04417.html.gz
Cachí,2026-06-02,982.48,983.59,2026-10-10T17:55:03+00:00,2026/20261010T175503Z__3866e2a04417.html.gz
Cachí,2026-06-03,981.7,983.7,2026-10-10T17:55:03+00:00,2026/20261010T175503Z__3866e2a04417.html.gz
Cachí,2026-06-04,981.7,983.98,2026-10-10T17:55:03+00:00,2026/20261010T175503Z__3866e2a04417.html.gz
Cachí,2026-06-05,984.04,984.26,2026-10-10T17:55:03+00:00,2026/20261010T175503Z__3866e2a04417.html.gz
Cachí,2026-06-06,984.41,984.54,2026-10-10T17:55:03+00:00,2026/20261010T175503Z__3866e2a04417.html.gz
Cachí,2026-06-07,985.85,984.82,2026-10-10T17:55:03+00:00,2026/20261010T175503Z__3866e2a04417.html.gz
Cachí,2026-06-08,986.35,985.1,2026-10-10T17:55:03+00:00,2026/20261010T175503Z__3866e2a04417.html.gz
Cachí,2026-06-09,986.26,985.38,2026-10-10T17:55:03+00:00,2026/20261010T175503Z__3866e2a04417.html.gz
Cachí,2026-06-10,986.19,985.66,2026-10-10T17:55:03+00:00,2026/20261010T175503Z__3866e2a04417.html.gz
Cachí,2026-06-11,986.73,985.91,2026-10-10T17:55:03+00:00,2026/20261010T175503Z__3866e2a04417.html.gz
Cachí,2026-06-12,986.71,986.16,2026-10-10T17:55:03+00:00,2026/20261010T175503Z__3866e2a04417.html.gz
Cachí,2026-06-13,986.33,986.41,2026-10-10T17:55:03+00:00,2026/20261010T175503Z__3866e2a04417.html.gz
Cachí,2026-06-14,985.77,986.66,2026-10-10T17:55:03+00:00,2026/20261010T175503Z__3866e2a04417.html.gz
Cachí,2026-06-15,985.93,986.91,2026-10-10T17:55:03+00:00,2026/20261010T175503Z__3866e2a04417.html.gz
Cachí,2026-06-16,985.51,987.16,2026-10-10T17:55:03+00:00,2026/20261010T175503Z__3866e2a04417.html.gz
Cachí,2026-06-17,984.9,987.42,2026-10-10T17:55:03+00:00,2026/20261010T175503Z__3866e2a04417.html.gz
Cachí,2026-06-18,984.95,987.59,2026-10-10T17:55:03+00:00,2026/20261010T175503Z__3866e2a04417.html.gz
Cachí,2026-06-19,984.46,987.76,2026-10-10T17:55:03+00:00,2026/20261010T175503Z__3866e2a04417.html.gz
Cachí,2026-06-20,984.13,987.94,2026-10-10T17:55:03+00:00,2026/20261010T175503Z__3866e2a04417.html.gz
Cachí,2026-06-21,983.69,988.11,2026-10-10T17:55:03+00:00,2026/20261010T175503Z__3866e2a04417.html.gz
Cachí,2026-06-22,983.25,988.29,2026-10-10T17:55:03+00:00,2026/20261010T175503Z__3866e2a04417.html.gz
Cachí,2026-06-23,982.61,988.46,2026-10-10T17:55:03+00:00,2026/20261010T175503Z__3866e2a04417.html.gz
Cachí,2026-06-24,981.78,988.64,2026-10-10T17:55:03+00:00,2026/20261010T175503Z__3866e2a04417.html.gz
Cachí,2026-06-25,980.84,988.75,2026-10-10T17:55:03+00:00,2026/20261010T175503Z__3866e2a04417.html.gz
Cachí,2026-06-26,979.79,988.86,2026-10-10T17:55:03+00:00,2026/20261010T175503Z__3866e2a04417.html.gz
Cachí,2026-06-27,978.68,988.98,2026-10-10T17:55:03+00:00,2026/20261010T175503Z__3866e2a04417.html.gz
Cachí,2026-06-28,978.15,989.09,2026-10-10T17:55:03+00:00,2026/20261010T175503Z__3866e2a04417.html.gz
Cachí,2026-06-29,978.24,989.2,2026-10-10T17:55:03+00:00,2026/20261010T175503Z__3866e2a04417.html.gz
Cachí,2026-06-30,978.01,989.32,2026-10-10T17:55:03+00:00,2026/20261010T175503Z__3866e2a04417.html.gz
Cachí,2026-07-01,977.88,989.43,2026-10-10T17:55:03+00:00,2026/20261010T175503Z__3866e2a04417.html.gz
Cachí,2026-07-02,977.88,989.51,2026-10-10T17:55:03+00:00,2026/20261010T175503Z__3866e2a04417.html.gz
Cachí,2026-07-03,979.86,989.59,2026-10-10T17:55:03+00:00,2026/20261010T175503Z__3866e2a04417.html.gz
Cachí,2026-07-04,982.76,989.67,2026-10-10T17:55:03+00:00,2026/20261010T175503Z__3866e2a04417.html.gz
Cachí,2026-07-05,984.57,989.75,2026-10-10T17:55:03+00:00,2026/20261010T175503Z__3866e2a04417.html.gz
Cachí,2026-07-06,983.95,989.84,2026-10-10T17:55:03+00:00,2026/20261010T175503Z__3866e2a04417.html.gz
Cachí,2026-07-07,983.72,989.92,2026-10-10T17:55:03+00:00,2026/20261010T175503Z__3866e2a04417.html.gz
Cachí,2026-07-08,983.16,990.0,2026-10-10T17:55:03+00:00,2026/20261010T175503Z__3866e2a04417.html.gz
Cachí,2026-07-09,982.5,989.99,2026-10-10T17:55:03+00:00,2026/20261010T175503Z__3866e2a04417.html.gz
Cachí,2026-07-10,982.5,989.98,2026-10-10T17:55:03+00:00,2026/20261010T175503Z__3866e2a04417.html.gz
Cachí,2026-07-11,983.19,989.96,2026-10-10T17:55:03+00:00,2026/20261010T175503Z__3866e2a04417.html.gz
Cachí,2026-07-12,984.5,989.95,2026-10-10T17:55:03+00:00,2026/20261010T175503Z__3866e2a04417.html.gz
Cachí,2026-07-13,985.49,989.94,2026-10-10T17:55:03+00:00,2026/20261010T175503Z__3866e2a04417.html.gz
Cachí,2026-07-14,985.47,989.93,2026-10-10T17:55:03+00:00,2026/20261010T175503Z__3866e2a04417.html.gz
Cachí,2026-07-15,985.51,989.92,2026-10-10T17:55:03+00:00,2026/20261010T175503Z__3866e2a04417.html.gz
Cachí,2026-07-16,985.21,989.93,2026-10-10T17:55:03+00:00,2026/20261010T175503Z__3866e2a04417.html.gz
Cachí,2026-07-17,985.35,989.94,2026-10-10T17:55:03+00:00,2026/20261010T175503Z__3866e2a04417.html.gz
Cachí,2026-07-18,985.73,989.95,2026-10-10T17:55:03+00:00,2026/20261010T175503Z__3866e2a04417.html.gz
Cachí,2026-07-19,986.76,989.96,2026-10-10T17:55:03+00:00,2026/20261010T175503Z__3866e2a04417.html.gz
Cachí,2026-07-20,989.21,989.98,2026-10-10T17:55:03+00:00,2026/20261010T175503Z__3866e2a04417.html.gz
Cachí,2026-07-21,989.77,989.99,2026-10-10T17:55:03+00:00,2026/20261010T175503Z__3866e2a04417.html.gz
Cachí,2026-07-22,989.84,990.0,2026-10-10T17:55:03+00:00,2026/20261010T175503Z__3866e2a04417.html.gz
Cachí,2026-07-23,989.81,989.96,2026-10-10T17:55:03+00:00,2026/20261010T175503Z__3866e2a04417.html.gz
Cachí,2026-07-24,989.83,989.92,2026-10-10T17:55:03+00:00,2026/20261010T175503Z__3866e2a04417.html.gz
Cachí,2026-07-25,989.83,989.88,2026-10-10T17:55:03+00:00,2026/20261010T175503Z__3866e2a04417.html.gz
Cachí,2026-07-26,989.83,989.84,2026-10-10T17:55:03+00:00,2026/20261010T175503Z__3866e2a04417.html.gz
Cachí,2026-07-27,989.82,989.8,2026-10-10T17:55:03+00:00,2026/20261010T175503Z__3866e2a04417.html.gz
Cachí,2026-07-28,989.95,989.76,2026-10-10T17:55:03+00:00,2026/20261010T175503Z__3866e2a04417.html.gz
Cachí,2026-07-29,989.9,989.72,2026-10-10T17:55:03+00:00,2026/20261010T175503Z__3866e2a04417.html.gz
Cachí,2026-07-30,989.87,989.75,2026-10-10T17:55:03+00:00,2026/20261010T175503Z__3866e2a04417.html.gz
Cachí,2026-07-31,989.61,989.79,2026-10-10T17:55:03+00:00,2026/20261010T175503Z__3866e2a04417.html.gz
Cachí,2026-08-01,989.47,989.82,2026-10-10T17:55:03+00:00,2026/20261010T175503Z__3866e2a04417.html.gz
Cachí,2026-08-02,990.0,989.85,2026-10-10T17:55:03+00:00,2026/20261010T175503Z__3866e2a04417.html.gz
Cachí,2026-08-03,989.89,989.88,2026-10-10T17:55:03+00:00,2026/20261010T175503Z__3866e2a04417.html.gz
Cachí,2026-08-04,989.64,989.91,2026-10-10T17:55:03+00:00,2026/20261010T175503Z__3866e2a04417.html.gz
Cachí,2026-08-05,989.61,989.94,2026-10-10T17:55:03+00:00,2026/20261010T175503Z__3866e2a04417.html.gz
Cachí,2026-08-06,989.91,989.93,2026-10-10T17:55:03+00:00,2026/20261010T175503Z__3866e2a04417.html.gz
Cachí,2026-08-07,989.89,989.93,2026-10-10T17:55:03+00:00,2026/20261010T175503Z__3866e2a04417.html.gz
Cachí,2026-08-08,989.9,989.92,2026-10-10T17:55:03+00:00,2026/20261010T175503Z__3866e2a04417.html.gz
Cachí,2026-08-09,989.7,989.92,2026-10-10T17:55:03+00:00,2026/20261010T175503Z__3866e2a04417.html.gz
Cachí,2026-08-10,989.74,989.91,2026-10-10T17:55:03+00:00,2026/20261010T175503Z__3866e2a04417.html.gz
Cachí,2026-08-11,989.59,989.9,2026-10-10T17:55:03+00:00,2026/20261010T175503Z__3866e2a04417.html.gz
Cachí,2026-08-12,989.23,989.9,2026-10-10T17:55:03+00:00,2026/20261010T175503Z__3866e2a04417.html.gz
Cachí,2026-08-13,988.92,989.91,2026-10-10T17:55:03+00:00,2026/20261010T175503Z__3866e2a04417.html.gz
Cachí,2026-08-14,988.73,989.93,2026-10-10T17:55:03+00:00,2026/20261010T175503Z__3866e2a04417.html.gz
Cachí,2026-08-15,988.59,989.94,2026-10-10T17:55:03+00:00,2026/20261010T175503Z__3866e2a04417.html.gz
Cachí,2026-08-16,989.5,989.96,2026-10-10T17:55:03+00:00,2026/20261010T175503Z__3866e2a04417.html.gz
Cachí,2026-08-17,989.7,989.97,2026-10-10T17:55:03+00:00,2026/20261010T175503Z__3866e2a04417.html.gz
Cachí,2026-08-18,990.0,989.99,2026-10-10T17:55:03+00:00,2026/20261010T175503Z__3866e2a04417.html.gz
Cachí,2026-08-19,989.82,990.0,2026-10-10T17:55:03+00:00,2026/20261010T175503Z__3866e2a04417.html.gz
Cachí,2026-08-20,989.74,989.97,2026-10-10T17:55:03+00:00,2026/20261010T175503Z__3866e2a04417.html.gz
Cachí,2026-08-21,989.85,989.94,2026-10-10T17:55:03+00:00,2026/20261010T175503Z__3866e2a04417.html.gz
Cachí,2026-08-22,989.9,989.91,2026-10-10T17:55:03+00:00,2026/20261010T175503Z__3866e2a04417.html.gz
Cachí,2026-08-23,989.91,989.88,2026-10-10T17:55:03+00:00,2026/20261010T175503Z__3866e2a04417.html.gz
Cachí,2026-08-24,989.91,989.85,2026-10-10T17:55:03+00:00,2026/20261010T175503Z__3866e2a04417.html.gz
Cachí,2026-08-25,989.91,989.81,2026-10-10T17:55:03+00:00,2026/20261010T175503Z__3866e2a04417.html.gz
Cachí,2026-08-26,989.88,989.78,2026-10-10T17:55:03+00:00,2026/20261010T175503Z__3866e2a04417.html.gz
Cachí,2026-08-27,989.87,989.78,2026-10-10T17:55:03+00:00,2026/20261010T175503Z__3866e2a04417.html.gz
Cachí,2026-08-28,989.86,989.78,2026-10-10T17:55:03+00:00,2026/20261010T175503Z__3866e2a04417.html.gz
Cachí,2026-08-29,989.79,989.78,2026-10-10T17:55:03+00:00,2026/20261010T175503Z__3866e2a04417.html.gz
Cachí,2026-08-30,989.79,989.78,2026-10-10T17:55:03+00:00,2026/20261010T175503Z__3866e2a04417.html.gz
Cachí,2026-08-31,989.85,989.78,2026-10-10T17:55:03+00:00,2026/20261010T175503Z__3866e2a04417.html.gz
Cachí,2026-09-01,990.0,989.78,2026-10-10T17:55:03+00:00,2026/20261010T175503Z__3866e2a04417.html.gz
Cachí,2026-09-02,989.79,989.78,2026-10-10T17:55:03+00:00,2026/20261010T175503Z__3866e2a04417.html.gz
Cachí,2026-09-03,989.68,989.8,2026-10-10T17:55:03+00:00,2026/20261010T175503Z__3866e2a04417.html.gz
Cachí,2026-09-04,989.91,989.83,2026-10-10T17:55:03+00:00,2026/20261010T175503Z__3866e2a04417.html.gz
Cachí,2026-09-05,989.89,989.85,2026-10-10T17:55:03+00:00,2026/20261010T175503Z__3866e2a04417.html.gz
Cachí,2026-09-06,989.69,989.88,2026-10-10T17:55:03+00:00,2026/20261010T175503Z__3866e2a04417.html.gz
Cachí,2026-09-07,989.85,989.9,2026-10-10T17:55:03+00:00,2026/20261010T175503Z__3866e2a04417.html.gz
Cachí,2026-09-08,989.77,989.93,2026-10-10T17:55:03+00:00,2026/20261010T175503Z__3866e2a04417.html.gz
Cachí,2026-09-09,989.7,989.95,2026-10-10T17:55:03+00:00,2026/20261010T175503Z__3866e2a04417.html.gz
Cachí,2026-09-10,989.54,989.96,2026-10-10T17:55:03+00:00,2026/20261010T175503Z__3866e2a04417.html.gz
Cachí,2026-09-11,989.66,989.97,2026-10-10T17:55:03+00:00,2026/20261010T175503Z__3866e2a04417.html.gz
Cachí,2026-09-12,989.58,989.97,2026-10-10T17:55:03+00:00,2026/20261010T175503Z__3866e2a04417.html.gz
Cachí,2026-09-13,989.5,989.98,2026-10-10T17:55:03+00:00,2026/20261010T175503Z__3866e2a04417.html.gz
Cachí,2026-09-14,989.9,989.99,2026-10-10T17:55:03+00:00,2026/20261010T175503Z__3866e2a04417.html.gz
Cachí,2026-09-15,989.73,989.99,2026-10-10T17:55:03+00:00,2026/20261010T175503Z__3866e2a04417.html.gz
Cachí,2026-09-16,989.62,990.0,2026-10-10T17:55:03+00:00,2026/20261010T175503Z__3866e2a04417.html.gz
Cachí,2026-09-17,989.48,990.0,2026-10-10T17:55:03+00:00,2026/20261010T175503Z__3866e2a04417.html.gz
Cachí,2026-09-18,989.48,990.0,2026-10-10T17:55:03+00:00,2026/20261010T175503Z__3866e2a04417.html.gz
Cachí,2026-09-19,989.49,990.0,2026-10-10T17:55:03+00:00,2026/20261010T175503Z__3866e2a04417.html.gz
Cachí,2026-09-20,989.81,990.0,2026-10-10T17:55:03+00:00,2026/20261010T175503Z__3866e2a04417.html.gz
Cachí,2026-09-21,989.98,990.0,2026-10-10T17:55:03+00:00,2026/20261010T175503Z__3866e2a04417.html.gz
Cachí,2026-09-22,990.0,990.0,2026-10-10T17:55:03+00:00,2026/20261010T175503Z__3866e2a04417.html.gz
Cachí,2026-09-23,989.85,990.0,2026-10-10T17:55:03+00:00,2026/20261010T175503Z__3866e2a04417.html.gz
Cachí,2026-09-24,989.81,990.0,2026-10-10T17:55:03+00:00,2026/20261010T175503Z__3866e2a04417.html.gz
Cachí,2026-09-25,989.81,990.0,2026-10-10T17:55:03+00:00,2026/20261010T175503Z__3866e2a04417.html.gz
Cachí,2026-09-26,989.81,990.0,2026-10-10T17:55:03+00:00,2026/20261010T175503Z__3866e2a04417.html.gz
Cachí,2026-09-27,989.81,990.0,2026-10-10T17:55:03+00:00,2026/20261010T175503Z__3866e2a04417.html.gz
Cachí,2026-09-28,989.85,990.0,2026-10-10T17:55:03+00:00,2026/20261010T175503Z__3866e2a04417.html.gz
Cachí,2026-09-29,989.81,990.0,2026-10-10T17:55:03+00:00,2026/20261010T175503Z__3866e2a04417.html.gz
Cachí,2026-09-30,989.81,990.0,2026-10-10T17:55:03+00:00,2026/20261010T175503Z__3866e2a04417.html.gz
Cachí,2026-10-01,990.0,990.0,2026-10-10T17:55:03+00:00,2026/20261010T175503Z__3866e2a04417.html.gz
Cachí,2026-10-02,990.0,990.0,2026-10-10T17:55:03+00:00,2026/20261010T175503Z__3866e2a04417.html.gz
Cachí,2026-10-03,990.0,990.0,2026-10-10T17:55:03+00:00,2026/20261010T175503Z__3866e2a04417.html.gz
Cachí,2026-10-04,990.0,990.0,2026-10-10T17:55:03+00:00,2026/20261010T175503Z__3866e2a04417.html.gz
Cachí,2026-10-05,990.0,990.0,2026-10-10T17:55:03+00:00,2026/20261010T175503Z__3866e2a04417.html.gz
Cachí,2026-10-06,989.81,990.0,2026-10-10T17:55:03+00:00,2026/20261010T175503Z__3866e2a04417.html.gz
Cachí,2026-10-07,989.86,990.0,2026-10-10T17:55:03+00:00,2026/20261010T175503Z__3866e2a04417.html.gz
Cachí,2026-10-08,989.94,990.0,2026-10-10T17:55:03+00:00,2026/20261010T175503Z__3866e2a04417.html.gz
Cachí,2026-10-09,989.99,990.0,2026-10-10T17:55:03+00:00,2026/20261010T175503Z__3866e2a04417.html.gz
Cachí,2026-10-10,,990.0,2026-10-10T17:55:03+00:00,2026/20261010T175503Z__3866e2a04417.html.gz
Cachí,2026-10-11,,990.0,2026-10-10T17:55:03+00:00,2026/20261010T175503Z__3866e2a04417.html.gz
Cachí,2026-10-12,,990.0,2026-10-10T17:55:03+00:00,2026/20261010T175503Z__3866e2a04417.html.gz
Cachí,2026-10-13,,990.0,2026-10-10T17:55:03+00:00,2026/20261010T175503Z__3866e2a04417.html.gz
Cachí,2026-10-14,,990.0,2026-10-10T17:55:03+00:00,2026/20261010T175503Z__3866e2a04417.html.gz
Cachí,2026-10-15,,990.0,2026-10-10T17:55:03+00:00,2026/20261010T175503Z__3866e2a04417.html.gz
Cachí,2026-10-16,,990.0,2026-10-10T17:55:03+00:00,2026/20261010T175503Z__3866e2a04417.html.gz
Cachí,2026-10-17,,989.99,2026-10-10T17:55:03+00:00,2026/20261010T175503Z__3866e2a04417.html.gz
Cachí,2026-10-18,,989.99,2026-10-10T17:55:03+00:00,2026/20261010T175503Z__3866e2a04417.html.gz
Cachí,2026-10-19,,989.99,2026-10-10T17:55:03+00:00,2026/20261010T175503Z__3866e2a04417.html.gz
Cachí,2026-10-20,,989.99,2026-10-10T17:55:03+00:00,2026/20261010T175503Z__3866e2a04417.html.gz
Cachí,2026-10-21,,989.98,2026-10-10T17:55:03+00:00,2026/20261010T175503Z__3866e2a04417.html.gz
Cachí,2026-10-22,,989.88,2026-10-10T17:55:03+00:00,2026/20261010T175503Z__3866e2a04417.html.gz
Cachí,2026-10-23,,989.78,2026-10-10T17:55:03+00:00,2026/20261010T175503Z__3866e2a04417.html.gz
Cachí,2026-10-24,,989.69,2026-10-10T17:55:03+00:00,2026/20261010T175503Z__3866e2a04417.html.gz
Cachí,2026-10-25,,989.59,2026-10-10T17:55:03+00:00,2026/20261010T175503Z__3866e2a04417.html.gz
Cachí,2026-10-26,,989.49,2026-10-10T17:55:03+00:00,2026/20261010T175503Z__3866e2a04417.html.gz
Cachí,2026-10-27,,989.39,2026-10-10T17:55:03+00:00,2026/20261010T175503Z__3866e2a04417.html.gz
Cachí,2026-10-28,,989.29,2026-10-10T17:55:03+00:00,2026/20261010T175503Z__3866e2a04417.html.gz
Cachí,2026-10-29,,988.99,2026-10-10T17:55:03+00:00,2026/20261010T175503Z__3866e2a04417.html.gz
Cachí,2026-10-30,,988.7,2026-10-10T17:55:03+00:00,2026/20261010T175503Z__3866e2a04417.html.gz
Cachí,2026-10-31,,988.41,2026-10-10T17:55:03+00:00,2026/20261010T175503Z__3866e2a04417.html.gz
Cachí,2026-11-01,,988.11,2026-10-10T17:55:03+00:00,2026/20261010T175503Z__3866e2a04417.html.gz
Cachí,2026-11-02,,987.82,2026-10-10T17:55:03+00:00,2026/20261010T175503Z__3866e2a04417.html.gz
Cachí,2026-11-03,,987.52,2026-10-10T17:55:03+00:00,2026/20261010T175503Z__3866e2a04417.html.gz
Cachí,2026-11-04,,987.23,2026-10-10T17:55:03+00:00,2026/20261010T175503Z__3866e2a04417.html.gz
Cachí,2026-11-05,,987.36,2026-10-10T17:55:03+00:00,2026/20261010T175503Z__3866e2a04417.html.gz
Cachí,2026-11-06,,987.48,2026-10-10T17:55:03+00:00,2026/20261010T175503Z__3866e2a04417.html.gz
Cachí,2026-11-07,,987.61,2026-10-10T17:55:03+00:00,2026/20261010T175503Z__3866e2a04417.html.gz
Cachí,2026-11-08,,987.74,2026-10-10T17:55:03+00:00,2026/20261010T175503Z__3866e2a04417.html.gz
Cachí,2026-11-09,,987.86,2026-10-10T17:55:03+00:00,2026/20261010T175503Z__3866e2a04417.html.gz
Cachí,2026-11-10,,987.99,2026-10-10T17:55:03+00:00,2026/20261010T175503Z__3866e2a04417.html.gz
Cachí,2026-11-11,,988.11,2026-10-10T17:55:03+00:00,2026/20261010T175503Z__3866e2a04417.html.gz
Cachí,2026-11-12,,988.22,2026-10-10T17:55:03+00:00,2026/20261010T175503Z__3866e2a04417.html.gz
Cachí,2026-11-13,,988.32,2026-10-10T17:55:03+00:00,2026/20261010T175503Z__3866e2a04417.html.gz
Cachí,2026-11-14,,988.43,2026-10-10T17:55:03+00:00,2026/20261010T175503Z__3866e2a04417.html.gz
Cachí,2026-11-15,,988.53,2026-10-10T17:55:03+00:00,2026/20261010T175503Z__3866e2a04417.html.gz
Cachí,2026-11-16,,988.63,2026-10-10T17:55:03+00:00,2026/20261010T175503Z__3866e2a04417.html.gz
Cachí,2026-11-17,,988.74,2026-10-10T17:55:03+00:00,2026/20261010T175503Z__3866e2a04417.html.gz
Cachí,2026-11-18,,988.84,2026-10-10T17:55:03+00:00,2026/20261010T175503Z__3866e2a04417.html.gz
Cachí,2026-11-19,,988.75,2026-10-10T17:55:03+00:00,2026/20261010T175503Z__3866e2a04417.html.gz
Cachí,2026-11-20,,988.66,2026-10-10T17:55:03+00:00,2026/20261010T175503Z__3866e2a04417.html.gz
Cachí,2026-11-21,,988.57,2026-10-10T17:55:03+00:00,2026/20261010T175503Z__3866e2a04417.html.gz
Cachí,2026-11-22,,988.48,2026-10-10T17:55:03+00:00,2026/20261010T175503Z__3866e2a04417.html.gz
Cachí,2026-11-23,,988.38,2026-10-10T17:55:03+00:00,2026/20261010T175503Z__3866e2a04417.html.gz
Cachí,2026-11-24,,988.29,2026-10-10T17:55:03+00:00,2026/20261010T175503Z__3866e2a04417.html.gz
Cachí,2026-11-25,,988.2,2026-10-10T17:55:03+00:00,2026/20261010T175503Z__3866e2a04417.html.gz
Cachí,2026-11-26,,988.27,2026-10-10T17:55:03+00:00,2026/20261010T175503Z__3866e2a04417.html.gz
Cachí,2026-11-27,,988.35,2026-10-10T17:55:03+00:00,2026/20261010T175503Z__3866e2a04417.html.gz
Cachí,2026-11-28,,988.42,2026-10-10T17:55:03+00:00,2026/20261010T175503Z__3866e2a04417.html.gz
Cachí,2026-11-29,,988.5,2026-10-10T17:55:03+00:00,2026/20261010T175503Z__3866e2a04417.html.gz
Cachí,2026-11-30,,988.57,2026-10-10T17:55:03+00:00,2026/20261010T175503Z__3866e2a04417.html.gz
Cachí,2026-12-01,,988.64,2026-10-10T17:55:03+00:00,2026/20261010T175503Z__3866e2a04417.html.gz
Cachí,2026-12-02,,988.72,2026-10-10T17:55:03+00:00,2026/20261010T175503Z__3866e2a04417.html.gz
Cachí,2026-12-03,,988.73,2026-10-10T17:55:03+00:00,2026/20261010T175503Z__3866e2a04417.html.gz
Cachí,2026-12-04,,988.74,2026-10-10T17:55:03+00:00,2026/20261010T175503Z__3866e2a04417.html.gz
Cachí,2026-12-05,,988.75,2026-10-10T17:55:03+00:00,2026/20261010T175503Z__3866e2a04417.html.gz
Cachí,2026-12-06,,988.77,2026-10-10T17:55:03+00:00,2026/20261010T175503Z__3866e2a04417.html.gz
Cachí,2026-12-07,,988.78,2026-10-10T17:55:03+00:00,2026/20261010T175503Z__3866e2a04417.html.gz
Cachí,2026-12-08,,988.79,2026-10-10T17:55:03+00:00,2026/20261010T175503Z__3866e2a04417.html.gz
Cachí,2026-12-09,,988.8,2026-10-10T17:55:03+00:00,2026/20261010T175503Z__3866e2a04417.html.gz
Cachí,2026-12-10,,988.83,2026-10-10T17:55:03+00:00,2026/20261010T175503Z__3866e2a04417.html.gz
Cachí,2026-12-11,,988.87,2026-10-10T17:55:03+00:00,2026/20261010T175503Z__3866e2a04417.html.gz
Cachí,2026-12-12,,988.9,2026-10-10T17:55:03+00:00,2026/20261010T175503Z__3866e2a04417.html.gz
Cachí,2026-12-13,,988.93,2026-10-10T17:55:03+00:00,2026/20261010T175503Z__3866e2a04417.html.gz
Cachí,2026-12-14,,988.96,2026-10-10T17:55:03+00:00,2026/20261010T175503Z__3866e2a04417.html.gz
Cachí,2026-12-15,,989.0,2026-10-10T17:55:03+00:00,2026/20261010T175503Z__3866e2a04417.html.gz
Cachí,2026-12-16,,989.03,2026-10-10T17:55:03+00:00,2026/20261010T175503Z__3866e2a04417.html.gz
Cachí,2026-12-17,,989.04,2026-10-10T17:55:03+00:00,2026/20261010T175503Z__3866e2a04417.html.gz
Cachí,2026-12-18,,989.05,2026-10-10T17:55:03+00:00,2026/20261010T175503Z__3866e2a04417.html.gz
Cachí,2026-12-19,,989.06,2026-10-10T17:55:03+00:00,2026/20261010T175503Z__3866e2a04417.html.gz
Cachí,2026-12-20,,989.07,2026-10-10T17:55:03+00:00,2026/20261010T175503Z__3866e2a04417.html.gz
Cachí,2026-12-21,,989.09,2026-10-10T17:55:03+00:00,2026/20261010T175503Z__3866e2a04417.html.gz
Cachí,2026-12-22,,989.1,2026-10-10T17:55:03+00:00,2026/20261010T175503Z__3866e2a04417.html.gz
Cachí,2026-12-23,,989.11,2026-10-10T17:55:03+00:00,2026/20261010T175503Z__3866e2a04417.html.gz
Cachí,2026-12-24,,989.13,2026-10-10T17:55:03+00:00,2026/20261010T175503Z__3866e2a04417.html.gz
Cachí,2026-12-25,,989.15,2026-10-10T17:55:03+00:00,2026/20261010T175503Z__3866e2a04417.html.gz
Cachí,2026-12-26,,989.18,2026-10-10T17:55:03+00:00,2026/20261010T175503Z__3866e2a04417.html.gz
Cachí,2026-12-27,,989.2,2026-10-10T17:55:03+00:00,2026/20261010T175503Z__3866e2a04417.html.gz
Cachí,2026-12-28,,989.22,2026-10-10T17:55:03+00:00,2026/20261010T175503Z__3866e2a04417.html.gz
Cachí,2026-12-29,,989.24,2026-10-10T17:55:03+00:00,2026/20261010T175503Z__3866e2a04417.html.gz
Cachí,2026-12-30,,989.27,2026-10-10T17:55:03+00:00,2026/20261010T175503Z__3866e2a04417.html.gz
Cachí,2026-12-31,,989.29,2026-10-10T17:55:03+00:00,2026/20261010T175503Z__3866e2a04417.html.gz
Pirrís,2026-01-01,1204.79,1204.7,2026-10-10T17:55:03+00:00,2026/20261010T175503Z__3866e2a04417.html.gz
Pirrís,2026-01-02,1204.94,1204.6,2026-10-10T17:55:03+00:00,2026/20261010T175503Z__3866e2a04417.html.gz
Pirrís,2026-01-03,1204.84,1204.51,2026-10-10T17:55:03+00:00,2026/20261010T175503Z__3866e2a04417.html.gz
Pirrís,2026-01-04,1204.92,1204.41,2026-10-10T17:55:03+00:00,2026/20261010T175503Z__3866e2a04417.html.gz
Pirrís,2026-01-05,1204.92,1204.32,2026-10-10T17:55:03+00:00,2026/20261010T175503Z__3866e2a04417.html.gz
Pirrís,2026-01-06,1204.8,1204.22,2026-10-10T17:55:03+00:00,2026/20261010T175503Z__3866e2a04417.html.gz
Pirrís,2026-01-07,1204.57,1204.13,2026-10-10T17:55:03+00:00,2026/20261010T175503Z__3866e2a04417.html.gz
Pirrís,2026-01-08,1204.59,1204.01,2026-10-10T17:55:03+00:00,2026/20261010T175503Z__3866e2a04417.html.gz
Pirrís,2026-01-09,1204.49,1203.89,2026-10-10T17:55:03+00:00,2026/20261010T175503Z__3866e2a04417.html.gz
Pirrís,2026-01-10,1203.98,1203.77,2026-10-10T17:55:03+00:00,2026/20261010T175503Z__3866e2a04417.html.gz
Pirrís,2026-01-11,1203.69,1203.64,2026-10-10T17:55:03+00:00,2026/20261010T175503Z__3866e2a04417.html.gz
Pirrís,2026-01-12,1203.58,1203.52,2026-10-10T17:55:03+00:00,2026/20261010T175503Z__3866e2a04417.html.gz
Pirrís,2026-01-13,1203.22,1203.4,2026-10-10T17:55:03+00:00,2026/20261010T175503Z__3866e2a04417.html.gz
Pirrís,2026-01-14,1203.21,1203.28,2026-10-10T17:55:03+00:00,2026/20261010T175503Z__3866e2a04417.html.gz
Pirrís,2026-01-15,1203.23,1203.29,2026-10-10T17:55:03+00:00,2026/20261010T175503Z__3866e2a04417.html.gz
Pirrís,2026-01-16,1203.21,1203.31,2026-10-10T17:55:03+00:00,2026/20261010T175503Z__3866e2a04417.html.gz
Pirrís,2026-01-17,1203.24,1203.32,2026-10-10T17:55:03+00:00,2026/20261010T175503Z__3866e2a04417.html.gz
Pirrís,2026-01-18,1203.26,1203.33,2026-10-10T17:55:03+00:00,2026/20261010T175503Z__3866e2a04417.html.gz
Pirrís,2026-01-19,1203.53,1203.34,2026-10-10T17:55:03+00:00,2026/20261010T175503Z__3866e2a04417.html.gz
Pirrís,2026-01-20,1203.56,1203.36,2026-10-10T17:55:03+00:00,2026/20261010T175503Z__3866e2a04417.html.gz
Pirrís,2026-01-21,1203.72,1203.37,2026-10-10T17:55:03+00:00,2026/20261010T175503Z__3866e2a04417.html.gz
Pirrís,2026-01-22,1204.05,1203.38,2026-10-10T17:55:03+00:00,2026/20261010T175503Z__3866e2a04417.html.gz
Pirrís,2026-01-23,1204.3,1203.38,2026-10-10T17:55:03+00:00,2026/20261010T175503Z__3866e2a04417.html.gz
Pirrís,2026-01-24,1204.49,1203.39,2026-10-10T17:55:03+00:00,2026/20261010T175503Z__3866e2a04417.html.gz
Pirrís,2026-01-25,1204.39,1203.39,2026-10-10T17:55:03+00:00,2026/20261010T175503Z__3866e2a04417.html.gz
Pirrís,2026-01-26,1204.38,1203.4,2026-10-10T17:55:03+00:00,2026/20261010T175503Z__3866e2a04417.html.gz
Pirrís,2026-01-27,1203.71,1203.4,2026-10-10T17:55:03+00:00,2026/20261010T175503Z__3866e2a04417.html.gz
Pirrís,2026-01-28,1203.67,1203.41,2026-10-10T17:55:03+00:00,2026/20261010T175503Z__3866e2a04417.html.gz
Pirrís,2026-01-29,1203.64,1203.43,2026-10-10T17:55:03+00:00,2026/20261010T175503Z__3866e2a04417.html.gz
Pirrís,2026-01-30,1203.61,1203.45,2026-10-10T17:55:03+00:00,2026/20261010T175503Z__3866e2a04417.html.gz
Pirrís,2026-01-31,1203.57,1203.47,2026-10-10T17:55:03+00:00,2026/20261010T175503Z__3866e2a04417.html.gz
Pirrís,2026-02-01,1203.56,1203.48,2026-10-10T17:55:03+00:00,2026/20261010T175503Z__3866e2a04417.html.gz
Pirrís,2026-02-02,1204.01,1203.5,2026-10-10T17:55:03+00:00,2026/20261010T175503Z__3866e2a04417.html.gz
Pirrís,2026-02-03,1204.31,1203.52,2026-10-10T17:55:03+00:00,2026/20261010T175503Z__3866e2a04417.html.gz
Pirrís,2026-02-04,1204.33,1203.54,2026-10-10T17:55:03+00:00,2026/20261010T175503Z__3866e2a04417.html.gz
Pirrís,2026-02-05,1204.6,1203.52,2026-10-10T17:55:03+00:00,2026/20261010T175503Z__3866e2a04417.html.gz
Pirrís,2026-02-06,1204.79,1203.5,2026-10-10T17:55:03+00:00,2026/20261010T175503Z__3866e2a04417.html.gz
Pirrís,2026-02-07,1204.86,1203.48,2026-10-10T17:55:03+00:00,2026/20261010T175503Z__3866e2a04417.html.gz
Pirrís,2026-02-08,1204.88,1203.46,2026-10-10T17:55:03+00:00,2026/20261010T175503Z__3866e2a04417.html.gz
Pirrís,2026-02-09,1204.91,1203.44,2026-10-10T17:55:03+00:00,2026/20261010T175503Z__3866e2a04417.html.gz
Pirrís,2026-02-10,1204.79,1203.42,2026-10-10T17:55:03+00:00,2026/20261010T175503Z__3866e2a04417.html.gz
Pirrís,2026-02-11,1204.94,1203.4,2026-10-10T17:55:03+00:00,2026/20261010T175503Z__3866e2a04417.html.gz
Pirrís,2026-02-12,1204.93,1203.41,2026-10-10T17:55:03+00:00,2026/20261010T175503Z__3866e2a04417.html.gz
Pirrís,2026-02-13,1204.95,1203.43,2026-10-10T17:55:03+00:00,2026/20261010T175503Z__3866e2a04417.html.gz
Pirrís,2026-02-14,1204.95,1203.44,2026-10-10T17:55:03+00:00,2026/20261010T175503Z__3866e2a04417.html.gz
Pirrís,2026-02-15,1204.93,1203.46,2026-10-10T17:55:03+00:00,2026/20261010T175503Z__3866e2a04417.html.gz
Pirrís,2026-02-16,1204.88,1203.47,2026-10-10T17:55:03+00:00,2026/20261010T175503Z__3866e2a04417.html.gz
Pirrís,2026-02-17,1204.81,1203.49,2026-10-10T17:55:03+00:00,2026/20261010T175503Z__3866e2a04417.html.gz
Pirrís,2026-02-18,1204.8,1203.5,2026-10-10T17:55:03+00:00,2026/20261010T175503Z__3866e2a04417.html.gz
Pirrís,2026-02-19,1204.68,1203.54,2026-10-10T17:55:03+00:00,2026/20261010T175503Z__3866e2a04417.html.gz
Pirrís,2026-02-20,1204.48,1203.57,2026-10-10T17:55:03+00:00,2026/20261010T175503Z__3866e2a04417.html.gz
Pirrís,2026-02-21,1204.07,1203.61,2026-10-10T17:55:03+00:00,2026/20261010T175503Z__3866e2a04417.html.gz
Pirrís,2026-02-22,1204.31,1203.65,2026-10-10T17:55:03+00:00,2026/20261010T175503Z__3866e2a04417.html.gz
Pirrís,2026-02-23,1204.61,1203.69,2026-10-10T17:55:03+00:00,2026/20261010T175503Z__3866e2a04417.html.gz
Pirrís,2026-02-24,1204.86,1203.72,2026-10-10T17:55:03+00:00,2026/20261010T175503Z__3866e2a04417.html.gz
Pirrís,2026-02-25,1204.88,1203.76,2026-10-10T17:55:03+00:00,2026/20261010T175503Z__3866e2a04417.html.gz
Pirrís,2026-02-26,1204.94,1203.87,2026-10-10T17:55:03+00:00,2026/20261010T175503Z__3866e2a04417.html.gz
Pirrís,2026-02-27,1204.91,1203.98,2026-10-10T17:55:03+00:00,2026/20261010T175503Z__3866e2a04417.html.gz
Pirrís,2026-02-28,1204.82,1204.09,2026-10-10T17:55:03+00:00,2026/20261010T175503Z__3866e2a04417.html.gz
Pirrís,2026-03-01,1204.9,1204.19,2026-10-10T17:55:03+00:00,2026/20261010T175503Z__3866e2a04417.html.gz
Pirrís,2026-03-02,1204.9,1204.3,2026-10-10T17:55:03+00:00,2026/20261010T175503Z__3866e2a04417.html.gz
Pirrís,2026-03-03,1204.7,1204.41,2026-10-10T17:55:03+00:00,2026/20261010T175503Z__3866e2a04417.html.gz
Pirrís,2026-03-04,1204.51,1204.52,2026-10-10T17:55:03+00:00,2026/20261010T175503Z__3866e2a04417.html.gz
Pirrís,2026-03-05,1204.3,1204.39,2026-10-10T17:55:03+00:00,2026/20261010T175503Z__3866e2a04417.html.gz
Pirrís,2026-03-06,1203.95,1204.26,2026-10-10T17:55:03+00:00,2026/20261010T175503Z__3866e2a04417.html.gz
Pirrís,2026-03-07,1203.61,1204.13,2026-10-10T17:55:03+00:00,2026/20261010T175503Z__3866e2a04417.html.gz
Pirrís,2026-03-08,1203.51,1204.01,2026-10-10T17:55:03+00:00,2026/20261010T175503Z__3866e2a04417.html.gz
Pirrís,2026-03-09,1203.51,1203.88,2026-10-10T17:55:03+00:00,2026/20261010T175503Z__3866e2a04417.html.gz
Pirrís,2026-03-10,1203.46,1203.75,2026-10-10T17:55:03+00:00,2026/20261010T175503Z__3866e2a04417.html.gz
Pirrís,2026-03-11,1203.37,1203.62,2026-10-10T17:55:03+00:00,2026/20261010T175503Z__3866e2a04417.html.gz
Pirrís,2026-03-12,1203.45,1203.58,2026-10-10T17:55:03+00:00,2026/20261010T175503Z__3866e2a04417.html.gz
Pirrís,2026-03-13,1203.49,1203.54,2026-10-10T17:55:03+00:00,2026/20261010T175503Z__3866e2a04417.html.gz
Pirrís,2026-03-14,1203.45,1203.5,2026-10-10T17:55:03+00:00,2026/20261010T175503Z__3866e2a04417.html.gz
Pirrís,2026-03-15,1203.48,1203.47,2026-10-10T17:55:03+00:00,2026/20261010T175503Z__3866e2a04417.html.gz
Pirrís,2026-03-16,1203.62,1203.43,2026-10-10T17:55:03+00:00,2026/20261010T175503Z__3866e2a04417.html.gz
Pirrís,2026-03-17,1203.26,1203.39,2026-10-10T17:55:03+00:00,2026/20261010T175503Z__3866e2a04417.html.gz
Pirrís,2026-03-18,1203.01,1203.35,2026-10-10T17:55:03+00:00,2026/20261010T175503Z__3866e2a04417.html.gz
Pirrís,2026-03-19,1203.01,1203.34,2026-10-10T17:55:03+00:00,2026/20261010T175503Z__3866e2a04417.html.gz
Pirrís,2026-03-20,1203.01,1203.34,2026-10-10T17:55:03+00:00,2026/20261010T175503Z__3866e2a04417.html.gz
Pirrís,2026-03-21,1203.01,1203.33,2026-10-10T17:55:03+00:00,2026/20261010T175503Z__3866e2a04417.html.gz
Pirrís,2026-03-22,1203.01,1203.33,2026-10-10T17:55:03+00:00,2026/20261010T175503Z__3866e2a04417.html.gz
Pirrís,2026-03-23,1203.21,1203.32,2026-10-10T17:55:03+00:00,2026/20261010T175503Z__3866e2a04417.html.gz
Pirrís,2026-03-24,1203.2,1203.32,2026-10-10T17:55:03+00:00,2026/20261010T175503Z__3866e2a04417.html.gz
Pirrís,2026-03-25,1203.18,1203.31,2026-10-10T17:55:03+00:00,2026/20261010T175503Z__3866e2a04417.html.gz
Pirrís,2026-03-26,1203.11,1203.29,2026-10-10T17:55:03+00:00,2026/20261010T175503Z__3866e2a04417.html.gz
Pirrís,2026-03-27,1203.12,1203.28,2026-10-10T17:55:03+00:00,2026/20261010T175503Z__3866e2a04417.html.gz
Pirrís,2026-03-28,1203.17,1203.26,2026-10-10T17:55:03+00:00,2026/20261010T175503Z__3866e2a04417.html.gz
Pirrís,2026-03-29,1203.18,1203.25,2026-10-10T17:55:03+00:00,2026/20261010T175503Z__3866e2a04417.html.gz
Pirrís,2026-03-30,1203.25,1203.23,2026-10-10T17:55:03+00:00,2026/20261010T175503Z__3866e2a04417.html.gz
Pirrís,2026-03-31,1203.34,1203.22,2026-10-10T17:55:03+00:00,2026/20261010T175503Z__3866e2a04417.html.gz
Pirrís,2026-04-01,1203.41,1203.2,2026-10-10T17:55:03+00:00,2026/20261010T175503Z__3866e2a04417.html.gz
Pirrís,2026-04-02,1203.45,1203.19,2026-10-10T17:55:03+00:00,2026/20261010T175503Z__3866e2a04417.html.gz
Pirrís,2026-04-03,1203.66,1203.19,2026-10-10T17:55:03+00:00,2026/20261010T175503Z__3866e2a04417.html.gz
Pirrís,2026-04-04,1203.86,1203.18,2026-10-10T17:55:03+00:00,2026/20261010T175503Z__3866e2a04417.html.gz
Pirrís,2026-04-05,1204.03,1203.18,2026-10-10T17:55:03+00:00,2026/20261010T175503Z__3866e2a04417.html.gz
Pirrís,2026-04-06,1204.24,1203.17,2026-10-10T17:55:03+00:00,2026/20261010T175503Z__3866e2a04417.html.gz
Pirrís,2026-04-07,1204.0,1203.17,2026-10-10T17:55:03+00:00,2026/20261010T175503Z__3866e2a04417.html.gz
Pirrís,2026-04-08,1203.64,1203.16,2026-10-10T17:55:03+00:00,2026/20261010T175503Z__3866e2a04417.html.gz
Pirrís,2026-04-09,1203.44,1203.14,2026-10-10T17:55:03+00:00,2026/20261010T175503Z__3866e2a04417.html.gz
Pirrís,2026-04-10,1203.27,1203.13,2026-10-10T17:55:03+00:00,2026/20261010T175503Z__3866e2a04417.html.gz
Pirrís,2026-04-11,1203.08,1203.11,2026-10-10T17:55:03+00:00,2026/20261010T175503Z__3866e2a04417.html.gz
Pirrís,2026-04-12,1203.56,1203.09,2026-10-10T17:55:03+00:00,2026/20261010T175503Z__3866e2a04417.html.gz
Pirrís,2026-04-13,1203.68,1203.07,2026-10-10T17:55:03+00:00,2026/20261010T175503Z__3866e2a04417.html.gz
Pirrís,2026-04-14,1203.7,1203.06,2026-10-10T17:55:03+00:00,2026/20261010T175503Z__3866e2a04417.html.gz
Pirrís,2026-04-15,1203.41,1203.04,2026-10-10T17:55:03+00:00,2026/20261010T175503Z__3866e2a04417.html.gz
Pirrís,2026-04-16,1203.1,1202.19,2026-10-10T17:55:03+00:00,2026/20261010T175503Z__3866e2a04417.html.gz
Pirrís,2026-04-17,1203.01,1201.33,2026-10-10T17:55:03+00:00,2026/20261010T175503Z__3866e2a04417.html.gz
Pirrís,2026-04-18,1202.97,1200.48,2026-10-10T17:55:03+00:00,2026/20261010T175503Z__3866e2a04417.html.gz
Pirrís,2026-04-19,1202.0,1199.63,2026-10-10T17:55:03+00:00,2026/20261010T175503Z__3866e2a04417.html.gz
Pirrís,2026-04-20,1201.4,1198.78,2026-10-10T17:55:03+00:00,2026/20261010T175503Z__3866e2a04417.html.gz
Pirrís,2026-04-21,1200.72,1197.92,2026-10-10T17:55:03+00:00,2026/20261010T175503Z__3866e2a04417.html.gz
Pirrís,2026-04-22,1199.69,1197.07,2026-10-10T17:55:03+00:00,2026/20261010T175503Z__3866e2a04417.html.gz
Pirrís,2026-04-23,1198.93,1196.49,2026-10-10T17:55:03+00:00,2026/20261010T175503Z__3866e2a04417.html.gz
Pirrís,2026-04-24,1198.52,1195.92,2026-10-10T17:55:03+00:00,2026/20261010T175503Z__3866e2a04417.html.gz
Pirrís,2026-04-25,1197.66,1195.34,2026-10-10T17:55:03+00:00,2026/20261010T175503Z__3866e2a04417.html.gz
Pirrís,2026-04-26,1196.73,1194.76,2026-10-10T17:55:03+00:00,2026/20261010T175503Z__3866e2a04417.html.gz
Pirrís,2026-04-27,1196.2,1194.18,2026-10-10T17:55:03+00:00,2026/20261010T175503Z__3866e2a04417.html.gz
Pirrís,2026-04-28,1195.14,1193.61,2026-10-10T17:55:03+00:00,2026/20261010T175503Z__3866e2a04417.html.gz
Pirrís,2026-04-29,1194.35,1193.03,2026-10-10T17:55:03+00:00,2026/20261010T175503Z__3866e2a04417.html.gz
Pirrís,2026-04-30,1193.35,1192.56,2026-10-10T17:55:03+00:00,2026/20261010T175503Z__3866e2a04417.html.gz
Pirrís,2026-05-01,1192.79,1192.08,2026-10-10T17:55:03+00:00,2026/20261010T175503Z__3866e2a04417.html.gz
Pirrís,2026-05-02,1192.46,1191.61,2026-10-10T17:55:03+00:00,2026/20261010T175503Z__3866e2a04417.html.gz
Pirrís,2026-05-03,1191.85,1191.13,2026-10-10T17:55:03+00:00,2026/20261010T175503Z__3866e2a04417.html.gz
Pirrís,2026-05-04,1192.01,1190.66,2026-10-10T17:55:03+00:00,2026/20261010T175503Z__3866e2a04417.html.gz
Pirrís,2026-05-05,1191.38,1190.18,2026-10-10T17:55:03+00:00,2026/20261010T175503Z__3866e2a04417.html.gz
Pirrís,2026-05-06,1191.2,1189.71,2026-10-10T17:55:03+00:00,2026/20261010T175503Z__3866e2a04417.html.gz
Pirrís,2026-05-07,1191.1,1189.19,2026-10-10T17:55:03+00:00,2026/20261010T175503Z__3866e2a04417.html.gz
Pirrís,2026-05-08,1190.38,1188.67,2026-10-10T17:55:03+00:00,2026/20261010T175503Z__3866e2a04417.html.gz
Pirrís,2026-05-09,1190.08,1188.15,2026-10-10T17:55:03+00:00,2026/20261010T175503Z__3866e2a04417.html.gz
Pirrís,2026-05-10,1189.31,1187.63,2026-10-10T17:55:03+00:00,2026/20261010T175503Z__3866e2a04417.html.gz
Pirrís,2026-05-11,1189.04,1187.11,2026-10-10T17:55:03+00:00,2026/20261010T175503Z__3866e2a04417.html.gz
Pirrís,2026-05-12,1187.94,1186.59,2026-10-10T17:55:03+00:00,2026/20261010T175503Z__3866e2a04417.html.gz
Pirrís,2026-05-13,1186.97,1186.07,2026-10-10T17:55:03+00:00,2026/20261010T175503Z__3866e2a04417.html.gz
Pirrís,2026-05-14,1186.01,1185.66,2026-10-10T17:55:03+00:00,2026/20261010T175503Z__3866e2a04417.html.gz
Pirrís,2026-05-15,1185.45,1185.24,2026-10-10T17:55:03+00:00,2026/20261010T175503Z__3866e2a04417.html.gz
Pirrís,2026-05-16,1185.08,1184.83,2026-10-10T17:55:03+00:00,2026/20261010T175503Z__3866e2a04417.html.gz
Pirrís,2026-05-17,1184.63,1184.41,2026-10-10T17:55:03+00:00,2026/20261010T175503Z__3866e2a04417.html.gz
Pirrís,2026-05-18,1184.41,1184.0,2026-10-10T17:55:03+00:00,2026/20261010T175503Z__3866e2a04417.html.gz
Pirrís,2026-05-19,1184.19,1183.58,2026-10-10T17:55:03+00:00,2026/20261010T175503Z__3866e2a04417.html.gz
Pirrís,2026-05-20,1183.66,1183.17,2026-10-10T17:55:03+00:00,2026/20261010T175503Z__3866e2a04417.html.gz
Pirrís,2026-05-21,1183.69,1182.81,2026-10-10T17:55:03+00:00,2026/20261010T175503Z__3866e2a04417.html.gz
Pirrís,2026-05-22,1183.61,1182.46,2026-10-10T17:55:03+00:00,2026/20261010T175503Z__3866e2a04417.html.gz
Pirrís,2026-05-23,1183.55,1182.1,2026-10-10T17:55:03+00:00,2026/20261010T175503Z__3866e2a04417.html.gz
Pirrís,2026-05-24,1183.47,1181.74,2026-10-10T17:55:03+00:00,2026/20261010T175503Z__3866e2a04417.html.gz
Pirrís,2026-05-25,1183.45,1181.38,2026-10-10T17:55:03+00:00,2026/20261010T175503Z__3866e2a04417.html.gz
Pirrís,2026-05-26,1183.36,1181.03,2026-10-10T17:55:03+00:00,2026/20261010T175503Z__3866e2a04417.html.gz
Pirrís,2026-05-27,1182.97,1180.67,2026-10-10T17:55:03+00:00,2026/20261010T175503Z__3866e2a04417.html.gz
Pirrís,2026-05-28,1183.0,1180.28,2026-10-10T17:55:03+00:00,2026/20261010T175503Z__3866e2a04417.html.gz
Pirrís,2026-05-29,1182.6,1179.88,2026-10-10T17:55:03+00:00,2026/20261010T175503Z__3866e2a04417.html.gz
Pirrís,2026-05-30,1181.83,1179.49,2026-10-10T17:55:03+00:00,2026/20261010T175503Z__3866e2a04417.html.gz
Pirrís,2026-05-31,1180.91,1179.09,2026-10-10T17:55:03+00:00,2026/20261010T175503Z__3866e2a04417.html.gz
Pirrís,2026-06-01,1180.71,1178.7,2026-10-10T17:55:03+00:00,2026/20261010T175503Z__3866e2a04417.html.gz
Pirrís,2026-06-02,1179.8,1178.3,2026-10-10T17:55:03+00:00,2026/20261010T175503Z__3866e2a04417.html.gz
Pirrís,2026-06-03,1178.94,1177.91,2026-10-10T17:55:03+00:00,2026/20261010T175503Z__3866e2a04417.html.gz
Pirrís,2026-06-04,1180.42,1177.31,2026-10-10T17:55:03+00:00,2026/20261010T175503Z__3866e2a04417.html.gz
Pirrís,2026-06-05,1180.91,1176.72,2026-10-10T17:55:03+00:00,2026/20261010T175503Z__3866e2a04417.html.gz
Pirrís,2026-06-06,1180.33,1176.12,2026-10-10T17:55:03+00:00,2026/20261010T175503Z__3866e2a04417.html.gz
Pirrís,2026-06-07,1180.62,1175.52,2026-10-10T17:55:03+00:00,2026/20261010T175503Z__3866e2a04417.html.gz
Pirrís,2026-06-08,1181.26,1174.92,2026-10-10T17:55:03+00:00,2026/20261010T175503Z__3866e2a04417.html.gz
Pirrís,2026-06-09,1181.48,1174.33,2026-10-10T17:55:03+00:00,2026/20261010T175503Z__3866e2a04417.html.gz
Pirrís,2026-06-10,1181.11,1173.73,2026-10-10T17:55:03+00:00,2026/20261010T175503Z__3866e2a04417.html.gz
Pirrís,2026-06-11,1180.99,1173.7,2026-10-10T17:55:03+00:00,2026/20261010T175503Z__3866e2a04417.html.gz
Pirrís,2026-06-12,1179.52,1173.66,2026-10-10T17:55:03+00:00,2026/20261010T175503Z__3866e2a04417.html.gz
Pirrís,2026-06-13,1177.56,1173.63,2026-10-10T17:55:03+00:00,2026/20261010T175503Z__3866e2a04417.html.gz
Pirrís,2026-06-14,1176.7,1173.6,2026-10-10T17:55:03+00:00,2026/20261010T175503Z__3866e2a04417.html.gz
Pirrís,2026-06-15,1176.14,1173.57,2026-10-10T17:55:03+00:00,2026/20261010T175503Z__3866e2a04417.html.gz
Pirrís,2026-06-16,1175.15,1173.53,2026-10-10T17:55:03+00:00,2026/20261010T175503Z__3866e2a04417.html.gz
Pirrís,2026-06-17,1174.71,1173.5,2026-10-10T17:55:03+00:00,2026/20261010T175503Z__3866e2a04417.html.gz
Pirrís,2026-06-18,1174.26,1173.73,2026-10-10T17:55:03+00:00,2026/20261010T175503Z__3866e2a04417.html.gz
Pirrís,2026-06-19,1173.33,1173.97,2026-10-10T17:55:03+00:00,2026/20261010T175503Z__3866e2a04417.html.gz
Pirrís,2026-06-20,1172.93,1174.2,2026-10-10T17:55:03+00:00,2026/20261010T175503Z__3866e2a04417.html.gz
Pirrís,2026-06-21,1172.21,1174.43,2026-10-10T17:55:03+00:00,2026/20261010T175503Z__3866e2a04417.html.gz
Pirrís,2026-06-22,1171.94,1174.66,2026-10-10T17:55:03+00:00,2026/20261010T175503Z__3866e2a04417.html.gz
Pirrís,2026-06-23,1171.92,1174.9,2026-10-10T17:55:03+00:00,2026/20261010T175503Z__3866e2a04417.html.gz
Pirrís,2026-06-24,1170.95,1175.13,2026-10-10T17:55:03+00:00,2026/20261010T175503Z__3866e2a04417.html.gz
Pirrís,2026-06-25,1169.83,1175.84,2026-10-10T17:55:03+00:00,2026/20261010T175503Z__3866e2a04417.html.gz
Pirrís,2026-06-26,1169.84,1176.54,2026-10-10T17:55:03+00:00,2026/20261010T175503Z__3866e2a04417.html.gz
Pirrís,2026-06-27,1170.03,1177.25,2026-10-10T17:55:03+00:00,2026/20261010T175503Z__3866e2a04417.html.gz
Pirrís,2026-06-28,1170.03,1177.96,2026-10-10T17:55:03+00:00,2026/20261010T175503Z__3866e2a04417.html.gz
Pirrís,2026-06-29,1170.66,1178.67,2026-10-10T17:55:03+00:00,2026/20261010T175503Z__3866e2a04417.html.gz
Pirrís,2026-06-30,1170.52,1179.37,2026-10-10T17:55:03+00:00,2026/20261010T175503Z__3866e2a04417.html.gz
Pirrís,2026-07-01,1170.33,1180.08,2026-10-10T17:55:03+00:00,2026/20261010T175503Z__3866e2a04417.html.gz
Pirrís,2026-07-02,1170.37,1180.56,2026-10-10T17:55:03+00:00,2026/20261010T175503Z__3866e2a04417.html.gz
Pirrís,2026-07-03,1170.97,1181.05,2026-10-10T17:55:03+00:00,2026/20261010T175503Z__3866e2a04417.html.gz
Pirrís,2026-07-04,1171.84,1181.53,2026-10-10T17:55:03+00:00,2026/20261010T175503Z__3866e2a04417.html.gz
Pirrís,2026-07-05,1172.52,1182.02,2026-10-10T17:55:03+00:00,2026/20261010T175503Z__3866e2a04417.html.gz
Pirrís,2026-07-06,1173.15,1182.5,2026-10-10T17:55:03+00:00,2026/20261010T175503Z__3866e2a04417.html.gz
Pirrís,2026-07-07,1173.13,1182.99,2026-10-10T17:55:03+00:00,2026/20261010T175503Z__3866e2a04417.html.gz
Pirrís,2026-07-08,1172.82,1183.47,2026-10-10T17:55:03+00:00,2026/20261010T175503Z__3866e2a04417.html.gz
Pirrís,2026-07-09,1171.92,1183.53,2026-10-10T17:55:03+00:00,2026/20261010T175503Z__3866e2a04417.html.gz
Pirrís,2026-07-10,1171.92,1183.58,2026-10-10T17:55:03+00:00,2026/20261010T175503Z__3866e2a04417.html.gz
Pirrís,2026-07-11,1172.49,1183.64,2026-10-10T17:55:03+00:00,2026/20261010T175503Z__3866e2a04417.html.gz
Pirrís,2026-07-12,1173.55,1183.7,2026-10-10T17:55:03+00:00,2026/20261010T175503Z__3866e2a04417.html.gz
Pirrís,2026-07-13,1173.64,1183.76,2026-10-10T17:55:03+00:00,2026/20261010T175503Z__3866e2a04417.html.gz
Pirrís,2026-07-14,1173.79,1183.81,2026-10-10T17:55:03+00:00,2026/20261010T175503Z__3866e2a04417.html.gz
Pirrís,2026-07-15,1174.03,1183.87,2026-10-10T17:55:03+00:00,2026/20261010T175503Z__3866e2a04417.html.gz
Pirrís,2026-07-16,1174.21,1184.09,2026-10-10T17:55:03+00:00,2026/20261010T175503Z__3866e2a04417.html.gz
Pirrís,2026-07-17,1174.21,1184.31,2026-10-10T17:55:03+00:00,2026/20261010T175503Z__3866e2a04417.html.gz
Pirrís,2026-07-18,1174.67,1184.53,2026-10-10T17:55:03+00:00,2026/20261010T175503Z__3866e2a04417.html.gz
Pirrís,2026-07-19,1175.33,1184.75,2026-10-10T17:55:03+00:00,2026/20261010T175503Z__3866e2a04417.html.gz
Pirrís,2026-07-20,1175.99,1184.97,2026-10-10T17:55:03+00:00,2026/20261010T175503Z__3866e2a04417.html.gz
Pirrís,2026-07-21,1176.39,1185.19,2026-10-10T17:55:03+00:00,2026/20261010T175503Z__3866e2a04417.html.gz
Pirrís,2026-07-22,1176.88,1185.41,2026-10-10T17:55:03+00:00,2026/20261010T175503Z__3866e2a04417.html.gz
Pirrís,2026-07-23,1177.58,1185.56,2026-10-10T17:55:03+00:00,2026/20261010T175503Z__3866e2a04417.html.gz
Pirrís,2026-07-24,1178.83,1185.71,2026-10-10T17:55:03+00:00,2026/20261010T175503Z__3866e2a04417.html.gz
Pirrís,2026-07-25,1179.73,1185.86,2026-10-10T17:55:03+00:00,2026/20261010T175503Z__3866e2a04417.html.gz
Pirrís,2026-07-26,1180.92,1186.01,2026-10-10T17:55:03+00:00,2026/20261010T175503Z__3866e2a04417.html.gz
Pirrís,2026-07-27,1181.43,1186.16,2026-10-10T17:55:03+00:00,2026/20261010T175503Z__3866e2a04417.html.gz
Pirrís,2026-07-28,1181.92,1186.31,2026-10-10T17:55:03+00:00,2026/20261010T175503Z__3866e2a04417.html.gz
Pirrís,2026-07-29,1182.01,1186.46,2026-10-10T17:55:03+00:00,2026/20261010T175503Z__3866e2a04417.html.gz
Pirrís,2026-07-30,1182.37,1186.68,2026-10-10T17:55:03+00:00,2026/20261010T175503Z__3866e2a04417.html.gz
Pirrís,2026-07-31,1182.53,1186.89,2026-10-10T17:55:03+00:00,2026/20261010T175503Z__3866e2a04417.html.gz
Pirrís,2026-08-01,1182.48,1187.11,2026-10-10T17:55:03+00:00,2026/20261010T175503Z__3866e2a04417.html.gz
Pirrís,2026-08-02,1183.22,1187.33,2026-10-10T17:55:03+00:00,2026/20261010T175503Z__3866e2a04417.html.gz
Pirrís,2026-08-03,1183.56,1187.55,2026-10-10T17:55:03+00:00,2026/20261010T175503Z__3866e2a04417.html.gz
Pirrís,2026-08-04,1183.71,1187.76,2026-10-10T17:55:03+00:00,2026/20261010T175503Z__3866e2a04417.html.gz
Pirrís,2026-08-05,1183.61,1187.98,2026-10-10T17:55:03+00:00,2026/20261010T175503Z__3866e2a04417.html.gz
Pirrís,2026-08-06,1183.61,1188.59,2026-10-10T17:55:03+00:00,2026/20261010T175503Z__3866e2a04417.html.gz
Pirrís,2026-08-07,1183.9,1189.19,2026-10-10T17:55:03+00:00,2026/20261010T175503Z__3866e2a04417.html.gz
Pirrís,2026-08-08,1184.31,1189.8,2026-10-10T17:55:03+00:00,2026/20261010T175503Z__3866e2a04417.html.gz
Pirrís,2026-08-09,1184.71,1190.4,2026-10-10T17:55:03+00:00,2026/20261010T175503Z__3866e2a04417.html.gz
Pirrís,2026-08-10,1185.11,1191.01,2026-10-10T17:55:03+00:00,2026/20261010T175503Z__3866e2a04417.html.gz
Pirrís,2026-08-11,1185.11,1191.61,2026-10-10T17:55:03+00:00,2026/20261010T175503Z__3866e2a04417.html.gz
Pirrís,2026-08-12,1185.12,1192.22,2026-10-10T17:55:03+00:00,2026/20261010T175503Z__3866e2a04417.html.gz
Pirrís,2026-08-13,1185.19,1192.63,2026-10-10T17:55:03+00:00,2026/20261010T175503Z__3866e2a04417.html.gz
Pirrís,2026-08-14,1185.35,1193.05,2026-10-10T17:55:03+00:00,2026/20261010T175503Z__3866e2a04417.html.gz
Pirrís,2026-08-15,1185.52,1193.46,2026-10-10T17:55:03+00:00,2026/20261010T175503Z__3866e2a04417.html.gz
Pirrís,2026-08-16,1186.01,1193.88,2026-10-10T17:55:03+00:00,2026/20261010T175503Z__3866e2a04417.html.gz
Pirrís,2026-08-17,1186.72,1194.29,2026-10-10T17:55:03+00:00,2026/20261010T175503Z__3866e2a04417.html.gz
Pirrís,2026-08-18,1187.12,1194.71,2026-10-10T17:55:03+00:00,2026/20261010T175503Z__3866e2a04417.html.gz
Pirrís,2026-08-19,1187.52,1195.12,2026-10-10T17:55:03+00:00,2026/20261010T175503Z__3866e2a04417.html.gz
Pirrís,2026-08-20,1187.97,1195.38,2026-10-10T17:55:03+00:00,2026/20261010T175503Z__3866e2a04417.html.gz
Pirrís,2026-08-21,1188.35,1195.64,2026-10-10T17:55:03+00:00,2026/20261010T175503Z__3866e2a04417.html.gz
Pirrís,2026-08-22,1188.66,1195.9,2026-10-10T17:55:03+00:00,2026/20261010T175503Z__3866e2a04417.html.gz
Pirrís,2026-08-23,1188.81,1196.17,2026-10-10T17:55:03+00:00,2026/20261010T175503Z__3866e2a04417.html.gz
Pirrís,2026-08-24,1189.21,1196.43,2026-10-10T17:55:03+00:00,2026/20261010T175503Z__3866e2a04417.html.gz
Pirrís,2026-08-25,1189.54,1196.69,2026-10-10T17:55:03+00:00,2026/20261010T175503Z__3866e2a04417.html.gz
Pirrís,2026-08-26,1189.79,1196.95,2026-10-10T17:55:03+00:00,2026/20261010T175503Z__3866e2a04417.html.gz
Pirrís,2026-08-27,1190.02,1196.96,2026-10-10T17:55:03+00:00,2026/20261010T175503Z__3866e2a04417.html.gz
Pirrís,2026-08-28,1190.26,1196.98,2026-10-10T17:55:03+00:00,2026/20261010T175503Z__3866e2a04417.html.gz
Pirrís,2026-08-29,1190.52,1196.99,2026-10-10T17:55:03+00:00,2026/20261010T175503Z__3866e2a04417.html.gz
Pirrís,2026-08-30,1190.82,1197.01,2026-10-10T17:55:03+00:00,2026/20261010T175503Z__3866e2a04417.html.gz
Pirrís,2026-08-31,1191.09,1197.02,2026-10-10T17:55:03+00:00,2026/20261010T175503Z__3866e2a04417.html.gz
Pirrís,2026-09-01,1191.34,1197.04,2026-10-10T17:55:03+00:00,2026/20261010T175503Z__3866e2a04417.html.gz
Pirrís,2026-09-02,1191.6,1197.05,2026-10-10T17:55:03+00:00,2026/20261010T175503Z__3866e2a04417.html.gz
Pirrís,2026-09-03,1191.81,1196.98,2026-10-10T17:55:03+00:00,2026/20261010T175503Z__3866e2a04417.html.gz
Pirrís,2026-09-04,1192.05,1196.92,2026-10-10T17:55:03+00:00,2026/20261010T175503Z__3866e2a04417.html.gz
Pirrís,2026-09-05,1192.31,1196.85,2026-10-10T17:55:03+00:00,2026/20261010T175503Z__3866e2a04417.html.gz
Pirrís,2026-09-06,1192.21,1196.78,2026-10-10T17:55:03+00:00,2026/20261010T175503Z__3866e2a04417.html.gz
Pirrís,2026-09-07,1192.51,1196.71,2026-10-10T17:55:03+00:00,2026/20261010T175503Z__3866e2a04417.html.gz
Pirrís,2026-09-08,1192.85,1196.65,2026-10-10T17:55:03+00:00,2026/20261010T175503Z__3866e2a04417.html.gz
Pirrís,2026-09-09,1192.84,1196.58,2026-10-10T17:55:03+00:00,2026/20261010T175503Z__3866e2a04417.html.gz
Pirrís,2026-09-10,1192.89,1196.71,2026-10-10T17:55:03+00:00,2026/20261010T175503Z__3866e2a04417.html.gz
Pirrís,2026-09-11,1193.14,1196.83,2026-10-10T17:55:03+00:00,2026/20261010T175503Z__3866e2a04417.html.gz
Pirrís,2026-09-12,1193.41,1196.96,2026-10-10T17:55:03+00:00,2026/20261010T175503Z__3866e2a04417.html.gz
Pirrís,2026-09-13,1193.69,1197.08,2026-10-10T17:55:03+00:00,2026/20261010T175503Z__3866e2a04417.html.gz
Pirrís,2026-09-14,1194.07,1197.21,2026-10-10T17:55:03+00:00,2026/20261010T175503Z__3866e2a04417.html.gz
Pirrís,2026-09-15,1194.41,1197.33,2026-10-10T17:55:03+00:00,2026/20261010T175503Z__3866e2a04417.html.gz
Pirrís,2026-09-16,1194.76,1197.46,2026-10-10T17:55:03+00:00,2026/20261010T175503Z__3866e2a04417.html.gz
Pirrís,2026-09-17,1195.01,1197.53,2026-10-10T17:55:03+00:00,2026/20261010T175503Z__3866e2a04417.html.gz
Pirrís,2026-09-18,1195.31,1197.61,2026-10-10T17:55:03+00:00,2026/20261010T175503Z__3866e2a04417.html.gz
Pirrís,2026-09-19,1195.62,1197.68,2026-10-10T17:55:03+00:00,2026/20261010T175503Z__3866e2a04417.html.gz
Pirrís,2026-09-20,1196.52,1197.76,2026-10-10T17:55:03+00:00,2026/20261010T175503Z__3866e2a04417.html.gz
Pirrís,2026-09-21,1197.43,1197.83,2026-10-10T17:55:03+00:00,2026/20261010T175503Z__3866e2a04417.html.gz
Pirrís,2026-09-22,1199.05,1197.91,2026-10-10T17:55:03+00:00,2026/20261010T175503Z__3866e2a04417.html.gz
Pirrís,2026-09-23,1199.67,1197.98,2026-10-10T17:55:03+00:00,2026/20261010T175503Z__3866e2a04417.html.gz
Pirrís,2026-09-24,1200.16,1198.09,2026-10-10T17:55:03+00:00,2026/20261010T175503Z__3866e2a04417.html.gz
Pirrís,2026-09-25,1201.01,1198.19,2026-10-10T17:55:03+00:00,2026/20261010T175503Z__3866e2a04417.html.gz
Pirrís,2026-09-26,1201.69,1198.3,2026-10-10T17:55:03+00:00,2026/20261010T175503Z__3866e2a04417.html.gz
Pirrís,2026-09-27,1203.47,1198.41,2026-10-10T17:55:03+00:00,2026/20261010T175503Z__3866e2a04417.html.gz
Pirrís,2026-09-28,1203.64,1198.52,2026-10-10T17:55:03+00:00,2026/20261010T175503Z__3866e2a04417.html.gz
Pirrís,2026-09-29,1203.91,1198.62,2026-10-10T17:55:03+00:00,2026/20261010T175503Z__3866e2a04417.html.gz
Pirrís,2026-09-30,1203.96,1198.73,2026-10-10T17:55:03+00:00,2026/20261010T175503Z__3866e2a04417.html.gz
Pirrís,2026-10-01,1203.92,1198.88,2026-10-10T17:55:03+00:00,2026/20261010T175503Z__3866e2a04417.html.gz
Pirrís,2026-10-02,1203.91,1199.02,2026-10-10T17:55:03+00:00,2026/20261010T175503Z__3866e2a04417.html.gz
Pirrís,2026-10-03,1203.92,1199.17,2026-10-10T17:55:03+00:00,2026/20261010T175503Z__3866e2a04417.html.gz
Pirrís,2026-10-04,1203.95,1199.31,2026-10-10T17:55:03+00:00,2026/20261010T175503Z__3866e2a04417.html.gz
Pirrís,2026-10-05,1204.0,1199.46,2026-10-10T17:55:03+00:00,2026/20261010T175503Z__3866e2a04417.html.gz
Pirrís,2026-10-06,1204.0,1199.6,2026-10-10T17:55:03+00:00,2026/20261010T175503Z__3866e2a04417.html.gz
Pirrís,2026-10-07,1203.95,1199.75,2026-10-10T17:55:03+00:00,2026/20261010T175503Z__3866e2a04417.html.gz
Pirrís,2026-10-08,1204.0,1199.67,2026-10-10T17:55:03+00:00,2026/20261010T175503Z__3866e2a04417.html.gz
Pirrís,2026-10-09,1204.0,1199.6,2026-10-10T17:55:03+00:00,2026/20261010T175503Z__3866e2a04417.html.gz
Pirrís,2026-10-10,,1199.52,2026-10-10T17:55:03+00:00,2026/20261010T175503Z__3866e2a04417.html.gz
Pirrís,2026-10-11,,1199.45,2026-10-10T17:55:03+00:00,2026/20261010T175503Z__3866e2a04417.html.gz
Pirrís,2026-10-12,,1199.37,2026-10-10T17:55:03+00:00,2026/20261010T175503Z__3866e2a04417.html.gz
Pirrís,2026-10-13,,1199.3,2026-10-10T17:55:03+00:00,2026/20261010T175503Z__3866e2a04417.html.gz
Pirrís,2026-10-14,,1199.22,2026-10-10T17:55:03+00:00,2026/20261010T175503Z__3866e2a04417.html.gz
Pirrís,2026-10-15,,1199.65,2026-10-10T17:55:03+00:00,2026/20261010T175503Z__3866e2a04417.html.gz
Pirrís,2026-10-16,,1200.09,2026-10-10T17:55:03+00:00,2026/20261010T175503Z__3866e2a04417.html.gz
Pirrís,2026-10-17,,1200.52,2026-10-10T17:55:03+00:00,2026/20261010T175503Z__3866e2a04417.html.gz
Pirrís,2026-10-18,,1200.95,2026-10-10T17:55:03+00:00,2026/20261010T175503Z__3866e2a04417.html.gz
Pirrís,2026-10-19,,1201.38,2026-10-10T17:55:03+00:00,2026/20261010T175503Z__3866e2a04417.html.gz
Pirrís,2026-10-20,,1201.82,2026-10-10T17:55:03+00:00,2026/20261010T175503Z__3866e2a04417.html.gz
Pirrís,2026-10-21,,1202.25,2026-10-10T17:55:03+00:00,2026/20261010T175503Z__3866e2a04417.html.gz
Pirrís,2026-10-22,,1202.43,2026-10-10T17:55:03+00:00,2026/20261010T175503Z__3866e2a04417.html.gz
Pirrís,2026-10-23,,1202.61,2026-10-10T17:55:03+00:00,2026/20261010T175503Z__3866e2a04417.html.gz
Pirrís,2026-10-24,,1202.79,2026-10-10T17:55:03+00:00,2026/20261010T175503Z__3866e2a04417.html.gz
Pirrís,2026-10-25,,1202.98,2026-10-10T17:55:03+00:00,2026/20261010T175503Z__3866e2a04417.html.gz
Pirrís,2026-10-26,,1203.16,2026-10-10T17:55:03+00:00,2026/20261010T175503Z__3866e2a04417.html.gz
Pirrís,2026-10-27,,1203.34,2026-10-10T17:55:03+00:00,2026/20261010T175503Z__3866e2a04417.html.gz
Pirrís,2026-10-28,,1203.52,2026-10-10T17:55:03+00:00,2026/20261010T175503Z__3866e2a04417.html.gz
Pirrís,2026-10-29,,1203.56,2026-10-10T17:55:03+00:00,2026/20261010T175503Z__3866e2a04417.html.gz
Pirrís,2026-10-30,,1203.6,2026-10-10T17:55:03+00:00,2026/20261010T175503Z__3866e2a04417.html.gz
Pirrís,2026-10-31,,1203.64,2026-10-10T17:55:03+00:00,2026/20261010T175503Z__3866e2a04417.html.gz
Pirrís,2026-11-01,,1203.68,2026-10-10T17:55:03+00:00,2026/20261010T175503Z__3866e2a04417.html.gz
Pirrís,2026-11-02,,1203.72,2026-10-10T17:55:03+00:00,2026/20261010T175503Z__3866e2a04417.html.gz
Pirrís,2026-11-03,,1203.76,2026-10-10T17:55:03+00:00,2026/20261010T175503Z__3866e2a04417.html.gz
Pirrís,2026-11-04,,1203.8,2026-10-10T17:55:03+00:00,2026/20261010T175503Z__3866e2a04417.html.gz
Pirrís,2026-11-05,,1203.91,2026-10-10T17:55:03+00:00,2026/20261010T175503Z__3866e2a04417.html.gz
Pirrís,2026-11-06,,1204.03,2026-10-10T17:55:03+00:00,2026/20261010T175503Z__3866e2a04417.html.gz
Pirrís,2026-11-07,,1204.14,2026-10-10T17:55:03+00:00,2026/20261010T175503Z__3866e2a04417.html.gz
Pirrís,2026-11-08,,1204.26,2026-10-10T17:55:03+00:00,2026/20261010T175503Z__3866e2a04417.html.gz
Pirrís,2026-11-09,,1204.37,2026-10-10T17:55:03+00:00,2026/20261010T175503Z__3866e2a04417.html.gz
Pirrís,2026-11-10,,1204.49,2026-10-10T17:55:03+00:00,2026/20261010T175503Z__3866e2a04417.html.gz
Pirrís,2026-11-11,,1204.6,2026-10-10T17:55:03+00:00,2026/20261010T175503Z__3866e2a04417.html.gz
Pirrís,2026-11-12,,1204.53,2026-10-10T17:55:03+00:00,2026/20261010T175503Z__3866e2a04417.html.gz
Pirrís,2026-11-13,,1204.47,2026-10-10T17:55:03+00:00,2026/20261010T175503Z__3866e2a04417.html.gz
Pirrís,2026-11-14,,1204.4,2026-10-10T17:55:03+00:00,2026/20261010T175503Z__3866e2a04417.html.gz
Pirrís,2026-11-15,,1204.34,2026-10-10T17:55:03+00:00,2026/20261010T175503Z__3866e2a04417.html.gz
Pirrís,2026-11-16,,1204.27,2026-10-10T17:55:03+00:00,2026/20261010T175503Z__3866e2a04417.html.gz
Pirrís,2026-11-17,,1204.21,2026-10-10T17:55:03+00:00,2026/20261010T175503Z__3866e2a04417.html.gz
Pirrís,2026-11-18,,1204.14,2026-10-10T17:55:03+00:00,2026/20261010T175503Z__3866e2a04417.html.gz
Pirrís,2026-11-19,,1204.04,2026-10-10T17:55:03+00:00,2026/20261010T175503Z__3866e2a04417.html.gz
Pirrís,2026-11-20,,1203.95,2026-10-10T17:55:03+00:00,2026/20261010T175503Z__3866e2a04417.html.gz
Pirrís,2026-11-21,,1203.85,2026-10-10T17:55:03+00:00,2026/20261010T175503Z__3866e2a04417.html.gz
Pirrís,2026-11-22,,1203.76,2026-10-10T17:55:03+00:00,2026/20261010T175503Z__3866e2a04417.html.gz
Pirrís,2026-11-23,,1203.66,2026-10-10T17:55:03+00:00,2026/20261010T175503Z__3866e2a04417.html.gz
Pirrís,2026-11-24,,1203.57,2026-10-10T17:55:03+00:00,2026/20261010T175503Z__3866e2a04417.html.gz
Pirrís,2026-11-25,,1203.47,2026-10-10T17:55:03+00:00,2026/20261010T175503Z__3866e2a04417.html.gz
Pirrís,2026-11-26,,1203.51,2026-10-10T17:55:03+00:00,2026/20261010T175503Z__3866e2a04417.html.gz
Pirrís,2026-11-27,,1203.55,2026-10-10T17:55:03+00:00,2026/20261010T175503Z__3866e2a04417.html.gz
Pirrís,2026-11-28,,1203.59,2026-10-10T17:55:03+00:00,2026/20261010T175503Z__3866e2a04417.html.gz
Pirrís,2026-11-29,,1203.64,2026-10-10T17:55:03+00:00,2026/20261010T175503Z__3866e2a04417.html.gz
Pirrís,2026-11-30,,1203.68,2026-10-10T17:55:03+00:00,2026/20261010T175503Z__3866e2a04417.html.gz
Pirrís,2026-12-01,,1203.72,2026-10-10T17:55:03+00:00,2026/20261010T175503Z__3866e2a04417.html.gz
Pirrís,2026-12-02,,1203.76,2026-10-10T17:55:03+00:00,2026/20261010T175503Z__3866e2a04417.html.gz
Pirrís,2026-12-03,,1203.68,2026-10-10T17:55:03+00:00,2026/20261010T175503Z__3866e2a04417.html.gz
Pirrís,2026-12-04,,1203.6,2026-10-10T17:55:03+00:00,2026/20261010T175503Z__3866e2a04417.html.gz
Pirrís,2026-12-05,,1203.52,2026-10-10T17:55:03+00:00,2026/20261010T175503Z__3866e2a04417.html.gz
Pirrís,2026-12-06,,1203.44,2026-10-10T17:55:03+00:00,2026/20261010T175503Z__3866e2a04417.html.gz
Pirrís,2026-12-07,,1203.36,2026-10-10T17:55:03+00:00,2026/20261010T175503Z__3866e2a04417.html.gz
Pirrís,2026-12-08,,1203.28,2026-10-10T17:55:03+00:00,2026/20261010T175503Z__3866e2a04417.html.gz
Pirrís,2026-12-09,,1203.2,2026-10-10T17:55:03+00:00,2026/20261010T175503Z__3866e2a04417.html.gz
Pirrís,2026-12-10,,1203.25,2026-10-10T17:55:03+00:00,2026/20261010T175503Z__3866e2a04417.html.gz
Pirrís,2026-12-11,,1203.3,2026-10-10T17:55:03+00:00,2026/20261010T175503Z__3866e2a04417.html.gz
Pirrís,2026-12-12,,1203.35,2026-10-10T17:55:03+00:00,2026/20261010T175503Z__3866e2a04417.html.gz
Pirrís,2026-12-13,,1203.39,2026-10-10T17:55:03+00:00,2026/20261010T175503Z__3866e2a04417.html.gz
Pirrís,2026-12-14,,1203.44,2026-10-10T17:55:03+00:00,2026/20261010T175503Z__3866e2a04417.html.gz
Pirrís,2026-12-15,,1203.49,2026-10-10T17:55:03+00:00,2026/20261010T175503Z__3866e2a04417.html.gz
Pirrís,2026-12-16,,1203.54,2026-10-10T17:55:03+00:00,2026/20261010T175503Z__3866e2a04417.html.gz
Pirrís,2026-12-17,,1203.57,2026-10-10T17:55:03+00:00,2026/20261010T175503Z__3866e2a04417.html.gz
Pirrís,2026-12-18,,1203.6,2026-10-10T17:55:03+00:00,2026/20261010T175503Z__3866e2a04417.html.gz
Pirrís,2026-12-19,,1203.63,2026-10-10T17:55:03+00:00,2026/20261010T175503Z__3866e2a04417.html.gz
Pirrís,2026-12-20,,1203.67,2026-10-10T17:55:03+00:00,2026/20261010T175503Z__3866e2a04417.html.gz
Pirrís,2026-12-21,,1203.7,2026-10-10T17:55:03+00:00,2026/20261010T175503Z__3866e2a04417.html.gz
Pirrís,2026-12-22,,1203.73,2026-10-10T17:55:03+00:00,2026/20261010T175503Z__3866e2a04417.html.gz
Pirrís,2026-12-23,,1203.76,2026-10-10T17:55:03+00:00,2026/20261010T175503Z__3866e2a04417.html.gz
Pirrís,2026-12-24,,1203.78,2026-10-10T17:55:03+00:00,2026/20261010T175503Z__3866e2a04417.html.gz
Pirrís,2026-12-25,,1203.8,2026-10-10T17:55:03+00:00,2026/20261010T175503Z__3866e2a04417.html.gz
Pirrís,2026-12-26,,1203.82,2026-10-10T17:55:03+00:00,2026/20261010T175503Z__3866e2a04417.html.gz
Pirrís,2026-12-27,,1203.84,2026-10-10T17:55:03+00:00,2026/20261010T175503Z__3866e2a04417.html.gz
Pirrís,2026-12-28,,1203.87,2026-10-10T17:55:03+00:00,2026/20261010T175503Z__3866e2a04417.html.gz
Pirrís,2026-12-29,,1203.89,2026-10-10T17:55:03+00:00,2026/20261010T175503Z__3866e2a04417.html.gz
Pirrís,2026-12-30,,1203.91,2026-10-10T17:55:03+00:00,2026/20261010T175503Z__3866e2a04417.html.gz
Pirrís,2026-12-31,,1203.93,2026-10-10T17:55:03+00:00,2026/20261010T175503Z__3866e2a04417.html.gz
Reventazón,2026-01-01,254.4,254.45,2026-10-10T17:55:03+00:00,2026/20261010T175503Z__3866e2a04417.html.gz
Reventazón,2026-01-02,254.95,254.3,2026-10-10T17:55:03+00:00,2026/20261010T175503Z__3866e2a04417.html.gz
Reventazón,2026-01-03,254.93,254.15,2026-10-10T17:55:03+00:00,2026/20261010T175503Z__3866e2a04417.html.gz
Reventazón,2026-01-04,254.88,254.0,2026-10-10T17:55:03+00:00,2026/20261010T175503Z__3866e2a04417.html.gz
Reventazón,2026-01-05,254.92,253.85,2026-10-10T17:55:03+00:00,2026/20261010T175503Z__3866e2a04417.html.gz
Reventazón,2026-01-06,254.8,253.7,2026-10-10T17:55:03+00:00,2026/20261010T175503Z__3866e2a04417.html.gz
Reventazón,2026-01-07,254.78,253.55,2026-10-10T17:55:03+00:00,2026/20261010T175503Z__3866e2a04417.html.gz
Reventazón,2026-01-08,254.46,253.4,2026-10-10T17:55:03+00:00,2026/20261010T175503Z__3866e2a04417.html.gz
Reventazón,2026-01-09,254.16,253.26,2026-10-10T17:55:03+00:00,2026/20261010T175503Z__3866e2a04417.html.gz
Reventazón,2026-01-10,253.91,253.11,2026-10-10T17:55:03+00:00,2026/20261010T175503Z__3866e2a04417.html.gz
Reventazón,2026-01-11,252.96,252.96,2026-10-10T17:55:03+00:00,2026/20261010T175503Z__3866e2a04417.html.gz
Reventazón,2026-01-12,252.36,252.82,2026-10-10T17:55:03+00:00,2026/20261010T175503Z__3866e2a04417.html.gz
Reventazón,2026-01-13,252.33,252.67,2026-10-10T17:55:03+00:00,2026/20261010T175503Z__3866e2a04417.html.gz
Reventazón,2026-01-14,252.61,252.53,2026-10-10T17:55:03+00:00,2026/20261010T175503Z__3866e2a04417.html.gz
Reventazón,2026-01-15,253.09,252.38,2026-10-10T17:55:03+00:00,2026/20261010T175503Z__3866e2a04417.html.gz
Reventazón,2026-01-16,253.39,252.23,2026-10-10T17:55:03+00:00,2026/20261010T175503Z__3866e2a04417.html.gz
Reventazón,2026-01-17,253.74,252.09,2026-10-10T17:55:03+00:00,2026/20261010T175503Z__3866e2a04417.html.gz
Reventazón,2026-01-18,253.97,251.94,2026-10-10T17:55:03+00:00,2026/20261010T175503Z__3866e2a04417.html.gz
Reventazón,2026-01-19,253.7,251.79,2026-10-10T17:55:03+00:00,2026/20261010T175503Z__3866e2a04417.html.gz
Reventazón,2026-01-20,254.77,251.65,2026-10-10T17:55:03+00:00,2026/20261010T175503Z__3866e2a04417.html.gz
Reventazón,2026-01-21,254.77,251.5,2026-10-10T17:55:03+00:00,2026/20261010T175503Z__3866e2a04417.html.gz
Reventazón,2026-01-22,254.96,251.6,2026-10-10T17:55:03+00:00,2026/20261010T175503Z__3866e2a04417.html.gz
Reventazón,2026-01-23,254.78,251.7,2026-10-10T17:55:03+00:00,2026/20261010T175503Z__3866e2a04417.html.gz
Reventazón,2026-01-24,254.78,251.81,2026-10-10T17:55:03+00:00,2026/20261010T175503Z__3866e2a04417.html.gz
Reventazón,2026-01-25,254.78,251.91,2026-10-10T17:55:03+00:00,2026/20261010T175503Z__3866e2a04417.html.gz
Reventazón,2026-01-26,254.38,252.01,2026-10-10T17:55:03+00:00,2026/20261010T175503Z__3866e2a04417.html.gz
Reventazón,2026-01-27,254.08,252.11,2026-10-10T17:55:03+00:00,2026/20261010T175503Z__3866e2a04417.html.gz
Reventazón,2026-01-28,254.28,252.21,2026-10-10T17:55:03+00:00,2026/20261010T175503Z__3866e2a04417.html.gz
Reventazón,2026-01-29,254.24,252.23,2026-10-10T17:55:03+00:00,2026/20261010T175503Z__3866e2a04417.html.gz
Reventazón,2026-01-30,254.27,252.24,2026-10-10T17:55:03+00:00,2026/20261010T175503Z__3866e2a04417.html.gz
Reventazón,2026-01-31,254.32,252.26,2026-10-10T17:55:03+00:00,2026/20261010T175503Z__3866e2a04417.html.gz
Reventazón,2026-02-01,254.04,252.27,2026-10-10T17:55:03+00:00,2026/20261010T175503Z__3866e2a04417.html.gz
Reventazón,2026-02-02,254.58,252.29,2026-10-10T17:55:03+00:00,2026/20261010T175503Z__3866e2a04417.html.gz
Reventazón,2026-02-03,254.78,252.3,2026-10-10T17:55:03+00:00,2026/20261010T175503Z__3866e2a04417.html.gz
Reventazón,2026-02-04,254.88,252.32,2026-10-10T17:55:03+00:00,2026/20261010T175503Z__3866e2a04417.html.gz
Reventazón,2026-02-05,254.87,252.21,2026-10-10T17:55:03+00:00,2026/20261010T175503Z__3866e2a04417.html.gz
Reventazón,2026-02-06,254.73,252.11,2026-10-10T17:55:03+00:00,2026/20261010T175503Z__3866e2a04417.html.gz
Reventazón,2026-02-07,254.73,252.0,2026-10-10T17:55:03+00:00,2026/20261010T175503Z__3866e2a04417.html.gz
Reventazón,2026-02-08,254.94,251.9,2026-10-10T17:55:03+00:00,2026/20261010T175503Z__3866e2a04417.html.gz
Reventazón,2026-02-09,254.93,251.8,2026-10-10T17:55:03+00:00,2026/20261010T175503Z__3866e2a04417.html.gz
Reventazón,2026-02-10,254.9,251.69,2026-10-10T17:55:03+00:00,2026/20261010T175503Z__3866e2a04417.html.gz
Reventazón,2026-02-11,254.98,251.59,2026-10-10T17:55:03+00:00,2026/20261010T175503Z__3866e2a04417.html.gz
Reventazón,2026-02-12,254.99,251.62,2026-10-10T17:55:03+00:00,2026/20261010T175503Z__3866e2a04417.html.gz
Reventazón,2026-02-13,254.94,251.66,2026-10-10T17:55:03+00:00,2026/20261010T175503Z__3866e2a04417.html.gz
Reventazón,2026-02-14,254.99,251.7,2026-10-10T17:55:03+00:00,2026/20261010T175503Z__3866e2a04417.html.gz
Reventazón,2026-02-15,254.97,251.74,2026-10-10T17:55:03+00:00,2026/20261010T175503Z__3866e2a04417.html.gz
Reventazón,2026-02-16,254.88,251.77,2026-10-10T17:55:03+00:00,2026/20261010T175503Z__3866e2a04417.html.gz
Reventazón,2026-02-17,254.83,251.81,2026-10-10T17:55:03+00:00,2026/20261010T175503Z__3866e2a04417.html.gz
Reventazón,2026-02-18,254.83,251.85,2026-10-10T17:55:03+00:00,2026/20261010T175503Z__3866e2a04417.html.gz
Reventazón,2026-02-19,254.76,251.98,2026-10-10T17:55:03+00:00,2026/20261010T175503Z__3866e2a04417.html.gz
Reventazón,2026-02-20,254.57,252.12,2026-10-10T17:55:03+00:00,2026/20261010T175503Z__3866e2a04417.html.gz
Reventazón,2026-02-21,254.23,252.26,2026-10-10T17:55:03+00:00,2026/20261010T175503Z__3866e2a04417.html.gz
Reventazón,2026-02-22,254.56,252.4,2026-10-10T17:55:03+00:00,2026/20261010T175503Z__3866e2a04417.html.gz
Reventazón,2026-02-23,254.84,252.54,2026-10-10T17:55:03+00:00,2026/20261010T175503Z__3866e2a04417.html.gz
Reventazón,2026-02-24,254.77,252.68,2026-10-10T17:55:03+00:00,2026/20261010T175503Z__3866e2a04417.html.gz
Reventazón,2026-02-25,254.8,252.82,2026-10-10T17:55:03+00:00,2026/20261010T175503Z__3866e2a04417.html.gz
Reventazón,2026-02-26,254.81,253.0,2026-10-10T17:55:03+00:00,2026/20261010T175503Z__3866e2a04417.html.gz
Reventazón,2026-02-27,254.79,253.19,2026-10-10T17:55:03+00:00,2026/20261010T175503Z__3866e2a04417.html.gz
Reventazón,2026-02-28,254.74,253.37,2026-10-10T17:55:03+00:00,2026/20261010T175503Z__3866e2a04417.html.gz
Reventazón,2026-03-01,254.78,253.56,2026-10-10T17:55:03+00:00,2026/20261010T175503Z__3866e2a04417.html.gz
Reventazón,2026-03-02,254.69,253.75,2026-10-10T17:55:03+00:00,2026/20261010T175503Z__3866e2a04417.html.gz
Reventazón,2026-03-03,254.67,253.75,2026-10-10T17:55:03+00:00,2026/20261010T175503Z__3866e2a04417.html.gz
Reventazón,2026-03-04,254.48,254.12,2026-10-10T17:55:03+00:00,2026/20261010T175503Z__3866e2a04417.html.gz
Reventazón,2026-03-05,254.42,254.06,2026-10-10T17:55:03+00:00,2026/20261010T175503Z__3866e2a04417.html.gz
Reventazón,2026-03-06,254.08,253.99,2026-10-10T17:55:03+00:00,2026/20261010T175503Z__3866e2a04417.html.gz
Reventazón,2026-03-07,254.38,253.93,2026-10-10T17:55:03+00:00,2026/20261010T175503Z__3866e2a04417.html.gz
Reventazón,2026-03-08,254.48,253.87,2026-10-10T17:55:03+00:00,2026/20261010T175503Z__3866e2a04417.html.gz
Reventazón,2026-03-09,254.46,253.81,2026-10-10T17:55:03+00:00,2026/20261010T175503Z__3866e2a04417.html.gz
Reventazón,2026-03-10,254.42,253.75,2026-10-10T17:55:03+00:00,2026/20261010T175503Z__3866e2a04417.html.gz
Reventazón,2026-03-11,254.38,253.68,2026-10-10T17:55:03+00:00,2026/20261010T175503Z__3866e2a04417.html.gz
Reventazón,2026-03-12,254.38,253.61,2026-10-10T17:55:03+00:00,2026/20261010T175503Z__3866e2a04417.html.gz
Reventazón,2026-03-13,254.38,253.55,2026-10-10T17:55:03+00:00,2026/20261010T175503Z__3866e2a04417.html.gz
Reventazón,2026-03-14,254.21,253.48,2026-10-10T17:55:03+00:00,2026/20261010T175503Z__3866e2a04417.html.gz
Reventazón,2026-03-15,254.25,253.41,2026-10-10T17:55:03+00:00,2026/20261010T175503Z__3866e2a04417.html.gz
Reventazón,2026-03-16,253.91,253.34,2026-10-10T17:55:03+00:00,2026/20261010T175503Z__3866e2a04417.html.gz
Reventazón,2026-03-17,253.88,253.27,2026-10-10T17:55:03+00:00,2026/20261010T175503Z__3866e2a04417.html.gz
Reventazón,2026-03-18,253.88,253.2,2026-10-10T17:55:03+00:00,2026/20261010T175503Z__3866e2a04417.html.gz
Reventazón,2026-03-19,253.88,253.11,2026-10-10T17:55:03+00:00,2026/20261010T175503Z__3866e2a04417.html.gz
Reventazón,2026-03-20,254.02,253.02,2026-10-10T17:55:03+00:00,2026/20261010T175503Z__3866e2a04417.html.gz
Reventazón,2026-03-21,254.1,252.93,2026-10-10T17:55:03+00:00,2026/20261010T175503Z__3866e2a04417.html.gz
Reventazón,2026-03-22,254.04,252.84,2026-10-10T17:55:03+00:00,2026/20261010T175503Z__3866e2a04417.html.gz
Reventazón,2026-03-23,253.88,252.75,2026-10-10T17:55:03+00:00,2026/20261010T175503Z__3866e2a04417.html.gz
Reventazón,2026-03-24,254.16,252.66,2026-10-10T17:55:03+00:00,2026/20261010T175503Z__3866e2a04417.html.gz
Reventazón,2026-03-25,254.42,252.57,2026-10-10T17:55:03+00:00,2026/20261010T175503Z__3866e2a04417.html.gz
Reventazón,2026-03-26,254.42,252.32,2026-10-10T17:55:03+00:00,2026/20261010T175503Z__3866e2a04417.html.gz
Reventazón,2026-03-27,254.42,252.08,2026-10-10T17:55:03+00:00,2026/20261010T175503Z__3866e2a04417.html.gz
Reventazón,2026-03-28,254.45,251.83,2026-10-10T17:55:03+00:00,2026/20261010T175503Z__3866e2a04417.html.gz
Reventazón,2026-03-29,254.38,251.59,2026-10-10T17:55:03+00:00,2026/20261010T175503Z__3866e2a04417.html.gz
Reventazón,2026-03-30,254.35,251.34,2026-10-10T17:55:03+00:00,2026/20261010T175503Z__3866e2a04417.html.gz
Reventazón,2026-03-31,254.44,251.1,2026-10-10T17:55:03+00:00,2026/20261010T175503Z__3866e2a04417.html.gz
Reventazón,2026-04-01,254.43,250.85,2026-10-10T17:55:03+00:00,2026/20261010T175503Z__3866e2a04417.html.gz
Reventazón,2026-04-02,254.71,250.74,2026-10-10T17:55:03+00:00,2026/20261010T175503Z__3866e2a04417.html.gz
Reventazón,2026-04-03,254.56,250.63,2026-10-10T17:55:03+00:00,2026/20261010T175503Z__3866e2a04417.html.gz
Reventazón,2026-04-04,254.73,250.52,2026-10-10T17:55:03+00:00,2026/20261010T175503Z__3866e2a04417.html.gz
Reventazón,2026-04-05,254.88,250.41,2026-10-10T17:55:03+00:00,2026/20261010T175503Z__3866e2a04417.html.gz
Reventazón,2026-04-06,254.96,250.29,2026-10-10T17:55:03+00:00,2026/20261010T175503Z__3866e2a04417.html.gz
Reventazón,2026-04-07,254.73,250.18,2026-10-10T17:55:03+00:00,2026/20261010T175503Z__3866e2a04417.html.gz
Reventazón,2026-04-08,254.45,250.07,2026-10-10T17:55:03+00:00,2026/20261010T175503Z__3866e2a04417.html.gz
Reventazón,2026-04-09,254.4,250.37,2026-10-10T17:55:03+00:00,2026/20261010T175503Z__3866e2a04417.html.gz
Reventazón,2026-04-10,254.28,250.67,2026-10-10T17:55:03+00:00,2026/20261010T175503Z__3866e2a04417.html.gz
Reventazón,2026-04-11,254.23,250.97,2026-10-10T17:55:03+00:00,2026/20261010T175503Z__3866e2a04417.html.gz
Reventazón,2026-04-12,254.71,251.27,2026-10-10T17:55:03+00:00,2026/20261010T175503Z__3866e2a04417.html.gz
Reventazón,2026-04-13,254.96,251.57,2026-10-10T17:55:03+00:00,2026/20261010T175503Z__3866e2a04417.html.gz
Reventazón,2026-04-14,254.67,251.86,2026-10-10T17:55:03+00:00,2026/20261010T175503Z__3866e2a04417.html.gz
Reventazón,2026-04-15,254.67,252.16,2026-10-10T17:55:03+00:00,2026/20261010T175503Z__3866e2a04417.html.gz
Reventazón,2026-04-16,254.48,252.02,2026-10-10T17:55:03+00:00,2026/20261010T175503Z__3866e2a04417.html.gz
Reventazón,2026-04-17,254.48,251.88,2026-10-10T17:55:03+00:00,2026/20261010T175503Z__3866e2a04417.html.gz
Reventazón,2026-04-18,254.58,251.74,2026-10-10T17:55:03+00:00,2026/20261010T175503Z__3866e2a04417.html.gz
Reventazón,2026-04-19,254.48,251.6,2026-10-10T17:55:03+00:00,2026/20261010T175503Z__3866e2a04417.html.gz
Reventazón,2026-04-20,254.28,251.46,2026-10-10T17:55:03+00:00,2026/20261010T175503Z__3866e2a04417.html.gz
Reventazón,2026-04-21,254.17,251.32,2026-10-10T17:55:03+00:00,2026/20261010T175503Z__3866e2a04417.html.gz
Reventazón,2026-04-22,254.05,251.18,2026-10-10T17:55:03+00:00,2026/20261010T175503Z__3866e2a04417.html.gz
Reventazón,2026-04-23,254.02,251.06,2026-10-10T17:55:03+00:00,2026/20261010T175503Z__3866e2a04417.html.gz
Reventazón,2026-04-24,254.03,250.93,2026-10-10T17:55:03+00:00,2026/20261010T175503Z__3866e2a04417.html.gz
Reventazón,2026-04-25,253.97,250.81,2026-10-10T17:55:03+00:00,2026/20261010T175503Z__3866e2a04417.html.gz
Reventazón,2026-04-26,253.94,250.69,2026-10-10T17:55:03+00:00,2026/20261010T175503Z__3866e2a04417.html.gz
Reventazón,2026-04-27,253.67,250.56,2026-10-10T17:55:03+00:00,2026/20261010T175503Z__3866e2a04417.html.gz
Reventazón,2026-04-28,253.69,250.44,2026-10-10T17:55:03+00:00,2026/20261010T175503Z__3866e2a04417.html.gz
Reventazón,2026-04-29,253.69,250.31,2026-10-10T17:55:03+00:00,2026/20261010T175503Z__3866e2a04417.html.gz
Reventazón,2026-04-30,253.7,250.43,2026-10-10T17:55:03+00:00,2026/20261010T175503Z__3866e2a04417.html.gz
Reventazón,2026-05-01,253.68,250.55,2026-10-10T17:55:03+00:00,2026/20261010T175503Z__3866e2a04417.html.gz
Reventazón,2026-05-02,253.68,250.67,2026-10-10T17:55:03+00:00,2026/20261010T175503Z__3866e2a04417.html.gz
Reventazón,2026-05-03,253.68,250.79,2026-10-10T17:55:03+00:00,2026/20261010T175503Z__3866e2a04417.html.gz
Reventazón,2026-05-04,253.73,250.91,2026-10-10T17:55:03+00:00,2026/20261010T175503Z__3866e2a04417.html.gz
Reventazón,2026-05-05,254.13,251.03,2026-10-10T17:55:03+00:00,2026/20261010T175503Z__3866e2a04417.html.gz
Reventazón,2026-05-06,254.57,251.15,2026-10-10T17:55:03+00:00,2026/20261010T175503Z__3866e2a04417.html.gz
Reventazón,2026-05-07,254.21,251.06,2026-10-10T17:55:03+00:00,2026/20261010T175503Z__3866e2a04417.html.gz
Reventazón,2026-05-08,253.96,250.97,2026-10-10T17:55:03+00:00,2026/20261010T175503Z__3866e2a04417.html.gz
Reventazón,2026-05-09,253.68,250.87,2026-10-10T17:55:03+00:00,2026/20261010T175503Z__3866e2a04417.html.gz
Reventazón,2026-05-10,253.28,250.78,2026-10-10T17:55:03+00:00,2026/20261010T175503Z__3866e2a04417.html.gz
Reventazón,2026-05-11,253.38,250.69,2026-10-10T17:55:03+00:00,2026/20261010T175503Z__3866e2a04417.html.gz
Reventazón,2026-05-12,253.1,250.59,2026-10-10T17:55:03+00:00,2026/20261010T175503Z__3866e2a04417.html.gz
Reventazón,2026-05-13,253.27,250.5,2026-10-10T17:55:03+00:00,2026/20261010T175503Z__3866e2a04417.html.gz
Reventazón,2026-05-14,253.08,250.54,2026-10-10T17:55:03+00:00,2026/20261010T175503Z__3866e2a04417.html.gz
Reventazón,2026-05-15,253.06,250.57,2026-10-10T17:55:03+00:00,2026/20261010T175503Z__3866e2a04417.html.gz
Reventazón,2026-05-16,252.88,250.61,2026-10-10T17:55:03+00:00,2026/20261010T175503Z__3866e2a04417.html.gz
Reventazón,2026-05-17,252.89,250.64,2026-10-10T17:55:03+00:00,2026/20261010T175503Z__3866e2a04417.html.gz
Reventazón,2026-05-18,252.69,250.68,2026-10-10T17:55:03+00:00,2026/20261010T175503Z__3866e2a04417.html.gz
Reventazón,2026-05-19,252.77,250.72,2026-10-10T17:55:03+00:00,2026/20261010T175503Z__3866e2a04417.html.gz
Reventazón,2026-05-20,252.82,250.75,2026-10-10T17:55:03+00:00,2026/20261010T175503Z__3866e2a04417.html.gz
Reventazón,2026-05-21,254.96,250.85,2026-10-10T17:55:03+00:00,2026/20261010T175503Z__3866e2a04417.html.gz
Reventazón,2026-05-22,254.37,250.95,2026-10-10T17:55:03+00:00,2026/20261010T175503Z__3866e2a04417.html.gz
Reventazón,2026-05-23,253.6,251.05,2026-10-10T17:55:03+00:00,2026/20261010T175503Z__3866e2a04417.html.gz
Reventazón,2026-05-24,253.03,251.14,2026-10-10T17:55:03+00:00,2026/20261010T175503Z__3866e2a04417.html.gz
Reventazón,2026-05-25,252.81,251.24,2026-10-10T17:55:03+00:00,2026/20261010T175503Z__3866e2a04417.html.gz
Reventazón,2026-05-26,252.79,251.34,2026-10-10T17:55:03+00:00,2026/20261010T175503Z__3866e2a04417.html.gz
Reventazón,2026-05-27,252.5,251.44,2026-10-10T17:55:03+00:00,2026/20261010T175503Z__3866e2a04417.html.gz
Reventazón,2026-05-28,252.27,251.62,2026-10-10T17:55:03+00:00,2026/20261010T175503Z__3866e2a04417.html.gz
Reventazón,2026-05-29,252.7,251.81,2026-10-10T17:55:03+00:00,2026/20261010T175503Z__3866e2a04417.html.gz
Reventazón,2026-05-30,252.91,252.0,2026-10-10T17:55:03+00:00,2026/20261010T175503Z__3866e2a04417.html.gz
Reventazón,2026-05-31,252.83,252.18,2026-10-10T17:55:03+00:00,2026/20261010T175503Z__3866e2a04417.html.gz
Reventazón,2026-06-01,252.78,252.37,2026-10-10T17:55:03+00:00,2026/20261010T175503Z__3866e2a04417.html.gz
Reventazón,2026-06-02,252.51,252.56,2026-10-10T17:55:03+00:00,2026/20261010T175503Z__3866e2a04417.html.gz
Reventazón,2026-06-03,252.39,252.74,2026-10-10T17:55:03+00:00,2026/20261010T175503Z__3866e2a04417.html.gz
Reventazón,2026-06-04,251.96,252.48,2026-10-10T17:55:03+00:00,2026/20261010T175503Z__3866e2a04417.html.gz
Reventazón,2026-06-05,252.61,252.21,2026-10-10T17:55:03+00:00,2026/20261010T175503Z__3866e2a04417.html.gz
Reventazón,2026-06-06,252.86,251.95,2026-10-10T17:55:03+00:00,2026/20261010T175503Z__3866e2a04417.html.gz
Reventazón,2026-06-07,253.15,251.68,2026-10-10T17:55:03+00:00,2026/20261010T175503Z__3866e2a04417.html.gz
Reventazón,2026-06-08,254.08,251.41,2026-10-10T17:55:03+00:00,2026/20261010T175503Z__3866e2a04417.html.gz
Reventazón,2026-06-09,253.59,251.15,2026-10-10T17:55:03+00:00,2026/20261010T175503Z__3866e2a04417.html.gz
Reventazón,2026-06-10,253.68,250.88,2026-10-10T17:55:03+00:00,2026/20261010T175503Z__3866e2a04417.html.gz
Reventazón,2026-06-11,253.18,250.9,2026-10-10T17:55:03+00:00,2026/20261010T175503Z__3866e2a04417.html.gz
Reventazón,2026-06-12,252.59,250.92,2026-10-10T17:55:03+00:00,2026/20261010T175503Z__3866e2a04417.html.gz
Reventazón,2026-06-13,251.98,250.93,2026-10-10T17:55:03+00:00,2026/20261010T175503Z__3866e2a04417.html.gz
Reventazón,2026-06-14,251.98,250.95,2026-10-10T17:55:03+00:00,2026/20261010T175503Z__3866e2a04417.html.gz
Reventazón,2026-06-15,251.98,250.97,2026-10-10T17:55:03+00:00,2026/20261010T175503Z__3866e2a04417.html.gz
Reventazón,2026-06-16,251.85,250.98,2026-10-10T17:55:03+00:00,2026/20261010T175503Z__3866e2a04417.html.gz
Reventazón,2026-06-17,251.64,251.0,2026-10-10T17:55:03+00:00,2026/20261010T175503Z__3866e2a04417.html.gz
Reventazón,2026-06-18,251.63,251.07,2026-10-10T17:55:03+00:00,2026/20261010T175503Z__3866e2a04417.html.gz
Reventazón,2026-06-19,251.58,251.14,2026-10-10T17:55:03+00:00,2026/20261010T175503Z__3866e2a04417.html.gz
Reventazón,2026-06-20,251.58,251.21,2026-10-10T17:55:03+00:00,2026/20261010T175503Z__3866e2a04417.html.gz
Reventazón,2026-06-21,251.68,251.29,2026-10-10T17:55:03+00:00,2026/20261010T175503Z__3866e2a04417.html.gz
Reventazón,2026-06-22,251.71,251.36,2026-10-10T17:55:03+00:00,2026/20261010T175503Z__3866e2a04417.html.gz
Reventazón,2026-06-23,251.98,251.43,2026-10-10T17:55:03+00:00,2026/20261010T175503Z__3866e2a04417.html.gz
Reventazón,2026-06-24,251.93,251.5,2026-10-10T17:55:03+00:00,2026/20261010T175503Z__3866e2a04417.html.gz
Reventazón,2026-06-25,251.86,251.74,2026-10-10T17:55:03+00:00,2026/20261010T175503Z__3866e2a04417.html.gz
Reventazón,2026-06-26,251.97,251.97,2026-10-10T17:55:03+00:00,2026/20261010T175503Z__3866e2a04417.html.gz
Reventazón,2026-06-27,251.99,252.21,2026-10-10T17:55:03+00:00,2026/20261010T175503Z__3866e2a04417.html.gz
Reventazón,2026-06-28,252.13,252.44,2026-10-10T17:55:03+00:00,2026/20261010T175503Z__3866e2a04417.html.gz
Reventazón,2026-06-29,252.18,252.68,2026-10-10T17:55:03+00:00,2026/20261010T175503Z__3866e2a04417.html.gz
Reventazón,2026-06-30,252.13,252.91,2026-10-10T17:55:03+00:00,2026/20261010T175503Z__3866e2a04417.html.gz
Reventazón,2026-07-01,252.08,253.15,2026-10-10T17:55:03+00:00,2026/20261010T175503Z__3866e2a04417.html.gz
Reventazón,2026-07-02,252.26,253.06,2026-10-10T17:55:03+00:00,2026/20261010T175503Z__3866e2a04417.html.gz
Reventazón,2026-07-03,253.87,252.96,2026-10-10T17:55:03+00:00,2026/20261010T175503Z__3866e2a04417.html.gz
Reventazón,2026-07-04,254.97,252.87,2026-10-10T17:55:03+00:00,2026/20261010T175503Z__3866e2a04417.html.gz
Reventazón,2026-07-05,254.77,252.78,2026-10-10T17:55:03+00:00,2026/20261010T175503Z__3866e2a04417.html.gz
Reventazón,2026-07-06,254.41,252.69,2026-10-10T17:55:03+00:00,2026/20261010T175503Z__3866e2a04417.html.gz
Reventazón,2026-07-07,253.86,252.59,2026-10-10T17:55:03+00:00,2026/20261010T175503Z__3866e2a04417.html.gz
Reventazón,2026-07-08,253.59,252.5,2026-10-10T17:55:03+00:00,2026/20261010T175503Z__3866e2a04417.html.gz
Reventazón,2026-07-09,253.28,252.5,2026-10-10T17:55:03+00:00,2026/20261010T175503Z__3866e2a04417.html.gz
Reventazón,2026-07-10,252.78,252.5,2026-10-10T17:55:03+00:00,2026/20261010T175503Z__3866e2a04417.html.gz
Reventazón,2026-07-11,253.47,252.51,2026-10-10T17:55:03+00:00,2026/20261010T175503Z__3866e2a04417.html.gz
Reventazón,2026-07-12,253.32,252.51,2026-10-10T17:55:03+00:00,2026/20261010T175503Z__3866e2a04417.html.gz
Reventazón,2026-07-13,252.99,252.51,2026-10-10T17:55:03+00:00,2026/20261010T175503Z__3866e2a04417.html.gz
Reventazón,2026-07-14,253.08,252.51,2026-10-10T17:55:03+00:00,2026/20261010T175503Z__3866e2a04417.html.gz
Reventazón,2026-07-15,253.13,252.51,2026-10-10T17:55:03+00:00,2026/20261010T175503Z__3866e2a04417.html.gz
Reventazón,2026-07-16,252.78,252.59,2026-10-10T17:55:03+00:00,2026/20261010T175503Z__3866e2a04417.html.gz
Reventazón,2026-07-17,252.43,252.67,2026-10-10T17:55:03+00:00,2026/20261010T175503Z__3866e2a04417.html.gz
Reventazón,2026-07-18,254.93,252.75,2026-10-10T17:55:03+00:00,2026/20261010T175503Z__3866e2a04417.html.gz
Reventazón,2026-07-19,255.0,252.83,2026-10-10T17:55:03+00:00,2026/20261010T175503Z__3866e2a04417.html.gz
Reventazón,2026-07-20,254.97,252.91,2026-10-10T17:55:03+00:00,2026/20261010T175503Z__3866e2a04417.html.gz
Reventazón,2026-07-21,254.7,252.99,2026-10-10T17:55:03+00:00,2026/20261010T175503Z__3866e2a04417.html.gz
Reventazón,2026-07-22,254.62,253.07,2026-10-10T17:55:03+00:00,2026/20261010T175503Z__3866e2a04417.html.gz
Reventazón,2026-07-23,254.7,253.15,2026-10-10T17:55:03+00:00,2026/20261010T175503Z__3866e2a04417.html.gz
Reventazón,2026-07-24,254.96,253.24,2026-10-10T17:55:03+00:00,2026/20261010T175503Z__3866e2a04417.html.gz
Reventazón,2026-07-25,254.6,253.32,2026-10-10T17:55:03+00:00,2026/20261010T175503Z__3866e2a04417.html.gz
Reventazón,2026-07-26,254.74,253.41,2026-10-10T17:55:03+00:00,2026/20261010T175503Z__3866e2a04417.html.gz
Reventazón,2026-07-27,254.68,253.49,2026-10-10T17:55:03+00:00,2026/20261010T175503Z__3866e2a04417.html.gz
Reventazón,2026-07-28,254.74,253.57,2026-10-10T17:55:03+00:00,2026/20261010T175503Z__3866e2a04417.html.gz
Reventazón,2026-07-29,254.1,253.66,2026-10-10T17:55:03+00:00,2026/20261010T175503Z__3866e2a04417.html.gz
Reventazón,2026-07-30,254.74,253.71,2026-10-10T17:55:03+00:00,2026/20261010T175503Z__3866e2a04417.html.gz
Reventazón,2026-07-31,254.33,253.76,2026-10-10T17:55:03+00:00,2026/20261010T175503Z__3866e2a04417.html.gz
Reventazón,2026-08-01,253.4,253.81,2026-10-10T17:55:03+00:00,2026/20261010T175503Z__3866e2a04417.html.gz
Reventazón,2026-08-02,254.9,253.85,2026-10-10T17:55:03+00:00,2026/20261010T175503Z__3866e2a04417.html.gz
Reventazón,2026-08-03,254.8,253.9,2026-10-10T17:55:03+00:00,2026/20261010T175503Z__3866e2a04417.html.gz
Reventazón,2026-08-04,254.34,253.95,2026-10-10T17:55:03+00:00,2026/20261010T175503Z__3866e2a04417.html.gz
Reventazón,2026-08-05,253.99,254.0,2026-10-10T17:55:03+00:00,2026/20261010T175503Z__3866e2a04417.html.gz
Reventazón,2026-08-06,253.71,254.04,2026-10-10T17:55:03+00:00,2026/20261010T175503Z__3866e2a04417.html.gz
Reventazón,2026-08-07,254.24,254.08,2026-10-10T17:55:03+00:00,2026/20261010T175503Z__3866e2a04417.html.gz
Reventazón,2026-08-08,254.46,254.12,2026-10-10T17:55:03+00:00,2026/20261010T175503Z__3866e2a04417.html.gz
Reventazón,2026-08-09,254.3,254.16,2026-10-10T17:55:03+00:00,2026/20261010T175503Z__3866e2a04417.html.gz
Reventazón,2026-08-10,254.35,254.2,2026-10-10T17:55:03+00:00,2026/20261010T175503Z__3866e2a04417.html.gz
Reventazón,2026-08-11,254.01,254.24,2026-10-10T17:55:03+00:00,2026/20261010T175503Z__3866e2a04417.html.gz
Reventazón,2026-08-12,253.36,254.28,2026-10-10T17:55:03+00:00,2026/20261010T175503Z__3866e2a04417.html.gz
Reventazón,2026-08-13,253.06,254.27,2026-10-10T17:55:03+00:00,2026/20261010T175503Z__3866e2a04417.html.gz
Reventazón,2026-08-14,252.78,254.25,2026-10-10T17:55:03+00:00,2026/20261010T175503Z__3866e2a04417.html.gz
Reventazón,2026-08-15,252.53,254.24,2026-10-10T17:55:03+00:00,2026/20261010T175503Z__3866e2a04417.html.gz
Reventazón,2026-08-16,254.94,254.22,2026-10-10T17:55:03+00:00,2026/20261010T175503Z__3866e2a04417.html.gz
Reventazón,2026-08-17,254.8,254.21,2026-10-10T17:55:03+00:00,2026/20261010T175503Z__3866e2a04417.html.gz
Reventazón,2026-08-18,254.78,254.19,2026-10-10T17:55:03+00:00,2026/20261010T175503Z__3866e2a04417.html.gz
Reventazón,2026-08-19,254.59,254.18,2026-10-10T17:55:03+00:00,2026/20261010T175503Z__3866e2a04417.html.gz
Reventazón,2026-08-20,254.35,254.03,2026-10-10T17:55:03+00:00,2026/20261010T175503Z__3866e2a04417.html.gz
Reventazón,2026-08-21,254.33,253.88,2026-10-10T17:55:03+00:00,2026/20261010T175503Z__3866e2a04417.html.gz
Reventazón,2026-08-22,254.27,253.73,2026-10-10T17:55:03+00:00,2026/20261010T175503Z__3866e2a04417.html.gz
Reventazón,2026-08-23,253.95,253.58,2026-10-10T17:55:03+00:00,2026/20261010T175503Z__3866e2a04417.html.gz
Reventazón,2026-08-24,254.72,253.43,2026-10-10T17:55:03+00:00,2026/20261010T175503Z__3866e2a04417.html.gz
Reventazón,2026-08-25,254.57,253.28,2026-10-10T17:55:03+00:00,2026/20261010T175503Z__3866e2a04417.html.gz
Reventazón,2026-08-26,254.39,253.13,2026-10-10T17:55:03+00:00,2026/20261010T175503Z__3866e2a04417.html.gz
Reventazón,2026-08-27,253.67,253.19,2026-10-10T17:55:03+00:00,2026/20261010T175503Z__3866e2a04417.html.gz
Reventazón,2026-08-28,254.12,253.24,2026-10-10T17:55:03+00:00,2026/20261010T175503Z__3866e2a04417.html.gz
Reventazón,2026-08-29,254.65,253.29,2026-10-10T17:55:03+00:00,2026/20261010T175503Z__3866e2a04417.html.gz
Reventazón,2026-08-30,254.79,253.34,2026-10-10T17:55:03+00:00,2026/20261010T175503Z__3866e2a04417.html.gz
Reventazón,2026-08-31,254.8,253.4,2026-10-10T17:55:03+00:00,2026/20261010T175503Z__3866e2a04417.html.gz
Reventazón,2026-09-01,254.48,253.45,2026-10-10T17:55:03+00:00,2026/20261010T175503Z__3866e2a04417.html.gz
Reventazón,2026-09-02,254.2,253.5,2026-10-10T17:55:03+00:00,2026/20261010T175503Z__3866e2a04417.html.gz
Reventazón,2026-09-03,253.59,253.42,2026-10-10T17:55:03+00:00,2026/20261010T175503Z__3866e2a04417.html.gz
Reventazón,2026-09-04,253.79,253.34,2026-10-10T17:55:03+00:00,2026/20261010T175503Z__3866e2a04417.html.gz
Reventazón,2026-09-05,253.29,253.27,2026-10-10T17:55:03+00:00,2026/20261010T175503Z__3866e2a04417.html.gz
Reventazón,2026-09-06,252.99,253.19,2026-10-10T17:55:03+00:00,2026/20261010T175503Z__3866e2a04417.html.gz
Reventazón,2026-09-07,253.29,253.11,2026-10-10T17:55:03+00:00,2026/20261010T175503Z__3866e2a04417.html.gz
Reventazón,2026-09-08,252.48,253.03,2026-10-10T17:55:03+00:00,2026/20261010T175503Z__3866e2a04417.html.gz
Reventazón,2026-09-09,252.24,252.95,2026-10-10T17:55:03+00:00,2026/20261010T175503Z__3866e2a04417.html.gz
Reventazón,2026-09-10,252.54,253.16,2026-10-10T17:55:03+00:00,2026/20261010T175503Z__3866e2a04417.html.gz
Reventazón,2026-09-11,253.13,253.37,2026-10-10T17:55:03+00:00,2026/20261010T175503Z__3866e2a04417.html.gz
Reventazón,2026-09-12,252.87,253.57,2026-10-10T17:55:03+00:00,2026/20261010T175503Z__3866e2a04417.html.gz
Reventazón,2026-09-13,252.87,253.78,2026-10-10T17:55:03+00:00,2026/20261010T175503Z__3866e2a04417.html.gz
Reventazón,2026-09-14,253.77,253.99,2026-10-10T17:55:03+00:00,2026/20261010T175503Z__3866e2a04417.html.gz
Reventazón,2026-09-15,253.41,254.19,2026-10-10T17:55:03+00:00,2026/20261010T175503Z__3866e2a04417.html.gz
Reventazón,2026-09-16,254.2,254.4,2026-10-10T17:55:03+00:00,2026/20261010T175503Z__3866e2a04417.html.gz
Reventazón,2026-09-17,253.69,254.35,2026-10-10T17:55:03+00:00,2026/20261010T175503Z__3866e2a04417.html.gz
Reventazón,2026-09-18,252.99,254.31,2026-10-10T17:55:03+00:00,2026/20261010T175503Z__3866e2a04417.html.gz
Reventazón,2026-09-19,252.97,254.27,2026-10-10T17:55:03+00:00,2026/20261010T175503Z__3866e2a04417.html.gz
Reventazón,2026-09-20,252.79,254.22,2026-10-10T17:55:03+00:00,2026/20261010T175503Z__3866e2a04417.html.gz
Reventazón,2026-09-21,254.85,254.18,2026-10-10T17:55:03+00:00,2026/20261010T175503Z__3866e2a04417.html.gz
Reventazón,2026-09-22,254.32,254.13,2026-10-10T17:55:03+00:00,2026/20261010T175503Z__3866e2a04417.html.gz
Reventazón,2026-09-23,253.97,254.09,2026-10-10T17:55:03+00:00,2026/20261010T175503Z__3866e2a04417.html.gz
Reventazón,2026-09-24,253.64,253.47,2026-10-10T17:55:03+00:00,2026/20261010T175503Z__3866e2a04417.html.gz
Reventazón,2026-09-25,253.33,252.85,2026-10-10T17:55:03+00:00,2026/20261010T175503Z__3866e2a04417.html.gz
Reventazón,2026-09-26,253.38,252.23,2026-10-10T17:55:03+00:00,2026/20261010T175503Z__3866e2a04417.html.gz
Reventazón,2026-09-27,254.93,251.62,2026-10-10T17:55:03+00:00,2026/20261010T175503Z__3866e2a04417.html.gz
Reventazón,2026-09-28,254.79,251.0,2026-10-10T17:55:03+00:00,2026/20261010T175503Z__3866e2a04417.html.gz
Reventazón,2026-09-29,254.33,250.38,2026-10-10T17:55:03+00:00,2026/20261010T175503Z__3866e2a04417.html.gz
Reventazón,2026-09-30,254.64,249.76,2026-10-10T17:55:03+00:00,2026/20261010T175503Z__3866e2a04417.html.gz
Reventazón,2026-10-01,254.74,249.79,2026-10-10T17:55:03+00:00,2026/20261010T175503Z__3866e2a04417.html.gz
Reventazón,2026-10-02,254.46,249.81,2026-10-10T17:55:03+00:00,2026/20261010T175503Z__3866e2a04417.html.gz
Reventazón,2026-10-03,253.99,249.83,2026-10-10T17:55:03+00:00,2026/20261010T175503Z__3866e2a04417.html.gz
Reventazón,2026-10-04,254.48,249.86,2026-10-10T17:55:03+00:00,2026/20261010T175503Z__3866e2a04417.html.gz
Reventazón,2026-10-05,254.08,249.88,2026-10-10T17:55:03+00:00,2026/20261010T175503Z__3866e2a04417.html.gz
Reventazón,2026-10-06,253.96,249.91,2026-10-10T17:55:03+00:00,2026/20261010T175503Z__3866e2a04417.html.gz
Reventazón,2026-10-07,253.37,249.93,2026-10-10T17:55:03+00:00,2026/20261010T175503Z__3866e2a04417.html.gz
Reventazón,2026-10-08,252.83,249.77,2026-10-10T17:55:03+00:00,2026/20261010T175503Z__3866e2a04417.html.gz
Reventazón,2026-10-09,252.22,249.6,2026-10-10T17:55:03+00:00,2026/20261010T175503Z__3866e2a04417.html.gz
Reventazón,2026-10-10,,249.44,2026-10-10T17:55:03+00:00,2026/20261010T175503Z__3866e2a04417.html.gz
Reventazón,2026-10-11,,249.27,2026-10-10T17:55:03+00:00,2026/20261010T175503Z__3866e2a04417.html.gz
Reventazón,2026-10-12,,249.11,2026-10-10T17:55:03+00:00,2026/20261010T175503Z__3866e2a04417.html.gz
Reventazón,2026-10-13,,248.94,2026-10-10T17:55:03+00:00,2026/20261010T175503Z__3866e2a04417.html.gz
Reventazón,2026-10-14,,248.78,2026-10-10T17:55:03+00:00,2026/20261010T175503Z__3866e2a04417.html.gz
Reventazón,2026-10-15,,248.75,2026-10-10T17:55:03+00:00,2026/20261010T175503Z__3866e2a04417.html.gz
Reventazón,2026-10-16,,248.73,2026-10-10T17:55:03+00:00,2026/20261010T175503Z__3866e2a04417.html.gz
Reventazón,2026-10-17,,248.7,2026-10-10T17:55:03+00:00,2026/20261010T175503Z__3866e2a04417.html.gz
Reventazón,2026-10-18,,248.68,2026-10-10T17:55:03+00:00,2026/20261010T175503Z__3866e2a04417.html.gz
Reventazón,2026-10-19,,248.65,2026-10-10T17:55:03+00:00,2026/20261010T175503Z__3866e2a04417.html.gz
Reventazón,2026-10-20,,248.63,2026-10-10T17:55:03+00:00,2026/20261010T175503Z__3866e2a04417.html.gz
Reventazón,2026-10-21,,248.6,2026-10-10T17:55:03+00:00,2026/20261010T175503Z__3866e2a04417.html.gz
Reventazón,2026-10-22,,248.44,2026-10-10T17:55:03+00:00,2026/20261010T175503Z__3866e2a04417.html.gz
Reventazón,2026-10-23,,248.29,2026-10-10T17:55:03+00:00,2026/20261010T175503Z__3866e2a04417.html.gz
Reventazón,2026-10-24,,248.13,2026-10-10T17:55:03+00:00,2026/20261010T175503Z__3866e2a04417.html.gz
Reventazón,2026-10-25,,247.97,2026-10-10T17:55:03+00:00,2026/20261010T175503Z__3866e2a04417.html.gz
Reventazón,2026-10-26,,247.81,2026-10-10T17:55:03+00:00,2026/20261010T175503Z__3866e2a04417.html.gz
Reventazón,2026-10-27,,247.66,2026-10-10T17:55:03+00:00,2026/20261010T175503Z__3866e2a04417.html.gz
Reventazón,2026-10-28,,247.5,2026-10-10T17:55:03+00:00,2026/20261010T175503Z__3866e2a04417.html.gz
Reventazón,2026-10-29,,247.5,2026-10-10T17:55:03+00:00,2026/20261010T175503Z__3866e2a04417.html.gz
Reventazón,2026-10-30,,247.5,2026-10-10T17:55:03+00:00,2026/20261010T175503Z__3866e2a04417.html.gz
Reventazón,2026-10-31,,247.5,2026-10-10T17:55:03+00:00,2026/20261010T175503Z__3866e2a04417.html.gz
Reventazón,2026-11-01,,247.5,2026-10-10T17:55:03+00:00,2026/20261010T175503Z__3866e2a04417.html.gz
Reventazón,2026-11-02,,247.5,2026-10-10T17:55:03+00:00,2026/20261010T175503Z__3866e2a04417.html.gz
Reventazón,2026-11-03,,247.5,2026-10-10T17:55:03+00:00,2026/20261010T175503Z__3866e2a04417.html.gz
Reventazón,2026-11-04,,247.5,2026-10-10T17:55:03+00:00,2026/20261010T175503Z__3866e2a04417.html.gz
Reventazón,2026-11-05,,247.5,2026-10-10T17:55:03+00:00,2026/20261010T175503Z__3866e2a04417.html.gz
Reventazón,2026-11-06,,247.5,2026-10-10T17:55:03+00:00,2026/20261010T175503Z__3866e2a04417.html.gz
Reventazón,2026-11-07,,247.5,2026-10-10T17:55:03+00:00,2026/20261010T175503Z__3866e2a04417.html.gz
Reventazón,2026-11-08,,247.5,2026-10-10T17:55:03+00:00,2026/20261010T175503Z__3866e2a04417.html.gz
Reventazón,2026-11-09,,247.5,2026-10-10T17:55:03+00:00,2026/20261010T175503Z__3866e2a04417.html.gz
Reventazón,2026-11-10,,247.5,2026-10-10T17:55:03+00:00,2026/20261010T175503Z__3866e2a04417.html.gz
Reventazón,2026-11-11,,247.5,2026-10-10T17:55:03+00:00,2026/20261010T175503Z__3866e2a04417.html.gz
Reventazón,2026-11-12,,247.5,2026-10-10T17:55:03+00:00,2026/20261010T175503Z__3866e2a04417.html.gz
Reventazón,2026-11-13,,247.5,2026-10-10T17:55:03+00:00,2026/20261010T175503Z__3866e2a04417.html.gz
Reventazón,2026-11-14,,247.5,2026-10-10T17:55:03+00:00,2026/20261010T175503Z__3866e2a04417.html.gz
Reventazón,2026-11-15,,247.5,2026-10-10T17:55:03+00:00,2026/20261010T175503Z__3866e2a04417.html.gz
Reventazón,2026-11-16,,247.5,2026-10-10T17:55:03+00:00,2026/20261010T175503Z__3866e2a04417.html.gz
Reventazón,2026-11-17,,247.5,2026-10-10T17:55:03+00:00,2026/20261010T175503Z__3866e2a04417.html.gz
Reventazón,2026-11-18,,247.5,2026-10-10T17:55:03+00:00,2026/20261010T175503Z__3866e2a04417.html.gz
Reventazón,2026-11-19,,247.5,2026-10-10T17:55:03+00:00,2026/20261010T175503Z__3866e2a04417.html.gz
Reventazón,2026-11-20,,247.5,2026-10-10T17:55:03+00:00,2026/20261010T175503Z__3866e2a04417.html.gz
Reventazón,2026-11-21,,247.5,2026-10-10T17:55:03+00:00,2026/20261010T175503Z__3866e2a04417.html.gz
Reventazón,2026-11-22,,247.5,2026-10-10T17:55:03+00:00,2026/20261010T175503Z__3866e2a04417.html.gz
Reventazón,2026-11-23,,247.5,2026-10-10T17:55:03+00:00,2026/20261010T175503Z__3866e2a04417.html.gz
Reventazón,2026-11-24,,247.5,2026-10-10T17:55:03+00:00,2026/20261010T175503Z__3866e2a04417.html.gz
Reventazón,2026-11-25,,247.5,2026-10-10T17:55:03+00:00,2026/20261010T175503Z__3866e2a04417.html.gz
Reventazón,2026-11-26,,247.5,2026-10-10T17:55:03+00:00,2026/20261010T175503Z__3866e2a04417.html.gz
Reventazón,2026-11-27,,247.5,2026-10-10T17:55:03+00:00,2026/20261010T175503Z__3866e2a04417.html.gz
Reventazón,2026-11-28,,247.5,2026-10-10T17:55:03+00:00,2026/20261010T175503Z__3866e2a04417.html.gz
Reventazón,2026-11-29,,247.5,2026-10-10T17:55:03+00:00,2026/20261010T175503Z__3866e2a04417.html.gz
Reventazón,2026-11-30,,247.5,2026-10-10T17:55:03+00:00,2026/20261010T175503Z__3866e2a04417.html.gz
Reventazón,2026-12-01,,247.5,2026-10-10T17:55:03+00:00,2026/20261010T175503Z__3866e2a04417.html.gz
Reventazón,2026-12-02,,247.5,2026-10-10T17:55:03+00:00,2026/20261010T175503Z__3866e2a04417.html.gz
Reventazón,2026-12-03,,247.5,2026-10-10T17:55:03+00:00,2026/20261010T175503Z__3866e2a04417.html.gz
Reventazón,2026-12-04,,247.5,2026-10-10T17:55:03+00:00,2026/20261010T175503Z__3866e2a04417.html.gz
Reventazón,2026-12-05,,247.5,2026-10-10T17:55:03+00:00,2026/20261010T175503Z__3866e2a04417.html.gz
Reventazón,2026-12-06,,247.5,2026-10-10T17:55:03+00:00,2026/20261010T175503Z__3866e2a04417.html.gz
Reventazón,2026-12-07,,247.5,2026-10-10T17:55:03+00:00,2026/20261010T175503Z__3866e2a04417.html.gz
Reventazón,2026-12-08,,247.5,2026-10-10T17:55:03+00:00,2026/20261010T175503Z__3866e2a04417.html.gz
Reventazón,2026-12-09,,247.5,2026-10-10T17:55:03+00:00,2026/20261010T175503Z__3866e2a04417.html.gz
Reventazón,2026-12-10,,247.5,2026-10-10T17:55:03+00:00,2026/20261010T175503Z__3866e2a04417.html.gz
Reventazón,2026-12-11,,247.5,2026-10-10T17:55:03+00:00,2026/20261010T175503Z__3866e2a04417.html.gz
Reventazón,2026-12-12,,247.5,2026-10-10T17:55:03+00:00,2026/20261010T175503Z__3866e2a04417.html.gz
Reventazón,2026-12-13,,247.5,2026-10-10T17:55:03+00:00,2026/20261010T175503Z__3866e2a04417.html.gz
Reventazón,2026-12-14,,247.5,2026-10-10T17:55:03+00:00,2026/20261010T175503Z__3866e2a04417.html.gz
Reventazón,2026-12-15,,247.5,2026-10-10T17:55:03+00:00,2026/20261010T175503Z__3866e2a04417.html.gz
Reventazón,2026-12-16,,247.5,2026-10-10T17:55:03+00:00,2026/20261010T175503Z__3866e2a04417.html.gz
Reventazón,2026-12-17,,247.5,2026-10-10T17:55:03+00:00,2026/20261010T175503Z__3866e2a04417.html.gz
Reventazón,2026-12-18,,247.5,2026-10-10T17:55:03+00:00,2026/20261010T175503Z__3866e2a04417.html.gz
Reventazón,2026-12-19,,247.5,2026-10-10T17:55:03+00:00,2026/20261010T175503Z__3866e2a04417.html.gz
Reventazón,2026-12-20,,247.5,2026-10-10T17:55:03+00:00,2026/20261010T175503Z__3866e2a04417.html.gz
Reventazón,2026-12-21,,247.5,2026-10-10T17:55:03+00:00,2026/20261010T175503Z__3866e2a04417.html.gz
Reventazón,2026-12-22,,247.5,2026-10-10T17:55:03+00:00,2026/20261010T175503Z__3866e2a04417.html.gz
Reventazón,2026-12-23,,247.5,2026-10-10T17:55:03+00:00,2026/20261010T175503Z__3866e2a04417.html.gz
Reventazón,2026-12-24,,247.5,2026-10-10T17:55:03+00:00,2026/20261010T175503Z__3866e2a04417.html.gz
Reventazón,2026-12-25,,247.5,2026-10-10T17:55:03+00:00,2026/20261010T175503Z__3866e2a04417.html.gz
Reventazón,2026-12-26,,247.5,2026-10-10T17:55:03+00:00,2026/20261010T175503Z__3866e2a04417.html.gz
Reventazón,2026-12-27,,247.5,2026-10-10T17:55:03+00:00,2026/20261010T175503Z__3866e2a04417.html.gz
Reventazón,2026-12-28,,247.5,2026-10-10T17:55:03+00:00,2026/20261010T175503Z__3866e2a04417.html.gz
Reventazón,2026-12-29,,247.5,2026-10-10T17:55:03+00:00,2026/20261010T175503Z__3866e2a04417.html.gz
Reventazón,2026-12-30,,247.5,2026-10-10T17:55:03+00:00,2026/20261010T175503Z__3866e2a04417.html.gz
Reventazón,2026-12-31,,247.5,2026-10-10T17:55:03+00:00,2026/20261010T175503Z__3866e2a04417.html.gz
