reservoir,observation_date,level_real_masl,level_programado_masl,level_programado_anual_masl,captured_utc,raw_file
Arenal,2026-01-01,544.11,544.11,544.14,2026-10-07T11:48:51+00:00,2026/20261007T114851Z__0e16365ddc82.html.gz
Arenal,2026-01-02,544.15,544.12,544.16,2026-10-07T11:48:51+00:00,2026/20261007T114851Z__0e16365ddc82.html.gz
Arenal,2026-01-03,544.14,544.13,544.19,2026-10-07T11:48:51+00:00,2026/20261007T114851Z__0e16365ddc82.html.gz
Arenal,2026-01-04,544.12,544.12,544.21,2026-10-07T11:48:51+00:00,2026/20261007T114851Z__0e16365ddc82.html.gz
Arenal,2026-01-05,544.1,544.11,544.24,2026-10-07T11:48:51+00:00,2026/20261007T114851Z__0e16365ddc82.html.gz
Arenal,2026-01-06,544.1,544.09,544.26,2026-10-07T11:48:51+00:00,2026/20261007T114851Z__0e16365ddc82.html.gz
Arenal,2026-01-07,544.08,544.07,544.29,2026-10-07T11:48:51+00:00,2026/20261007T114851Z__0e16365ddc82.html.gz
Arenal,2026-01-08,544.06,544.05,544.29,2026-10-07T11:48:51+00:00,2026/20261007T114851Z__0e16365ddc82.html.gz
Arenal,2026-01-09,544.02,544.04,544.28,2026-10-07T11:48:51+00:00,2026/20261007T114851Z__0e16365ddc82.html.gz
Arenal,2026-01-10,543.99,544.0,544.28,2026-10-07T11:48:51+00:00,2026/20261007T114851Z__0e16365ddc82.html.gz
Arenal,2026-01-11,543.96,543.96,544.28,2026-10-07T11:48:51+00:00,2026/20261007T114851Z__0e16365ddc82.html.gz
Arenal,2026-01-12,543.93,543.92,544.28,2026-10-07T11:48:51+00:00,2026/20261007T114851Z__0e16365ddc82.html.gz
Arenal,2026-01-13,543.9,543.89,544.28,2026-10-07T11:48:51+00:00,2026/20261007T114851Z__0e16365ddc82.html.gz
Arenal,2026-01-14,543.84,543.84,544.27,2026-10-07T11:48:51+00:00,2026/20261007T114851Z__0e16365ddc82.html.gz
Arenal,2026-01-15,543.79,543.8,544.26,2026-10-07T11:48:51+00:00,2026/20261007T114851Z__0e16365ddc82.html.gz
Arenal,2026-01-16,543.76,543.76,544.24,2026-10-07T11:48:51+00:00,2026/20261007T114851Z__0e16365ddc82.html.gz
Arenal,2026-01-17,543.74,543.73,544.23,2026-10-07T11:48:51+00:00,2026/20261007T114851Z__0e16365ddc82.html.gz
Arenal,2026-01-18,543.71,543.72,544.22,2026-10-07T11:48:51+00:00,2026/20261007T114851Z__0e16365ddc82.html.gz
Arenal,2026-01-19,543.7,543.67,544.2,2026-10-07T11:48:51+00:00,2026/20261007T114851Z__0e16365ddc82.html.gz
Arenal,2026-01-20,543.7,543.7,544.19,2026-10-07T11:48:51+00:00,2026/20261007T114851Z__0e16365ddc82.html.gz
Arenal,2026-01-21,543.7,543.69,544.17,2026-10-07T11:48:51+00:00,2026/20261007T114851Z__0e16365ddc82.html.gz
Arenal,2026-01-22,543.69,543.68,544.15,2026-10-07T11:48:51+00:00,2026/20261007T114851Z__0e16365ddc82.html.gz
Arenal,2026-01-23,543.64,543.66,544.13,2026-10-07T11:48:51+00:00,2026/20261007T114851Z__0e16365ddc82.html.gz
Arenal,2026-01-24,543.59,543.59,544.11,2026-10-07T11:48:51+00:00,2026/20261007T114851Z__0e16365ddc82.html.gz
Arenal,2026-01-25,543.54,543.53,544.08,2026-10-07T11:48:51+00:00,2026/20261007T114851Z__0e16365ddc82.html.gz
Arenal,2026-01-26,543.48,543.47,544.06,2026-10-07T11:48:51+00:00,2026/20261007T114851Z__0e16365ddc82.html.gz
Arenal,2026-01-27,543.41,543.4,544.04,2026-10-07T11:48:51+00:00,2026/20261007T114851Z__0e16365ddc82.html.gz
Arenal,2026-01-28,543.37,543.36,544.02,2026-10-07T11:48:51+00:00,2026/20261007T114851Z__0e16365ddc82.html.gz
Arenal,2026-01-29,543.31,543.31,543.98,2026-10-07T11:48:51+00:00,2026/20261007T114851Z__0e16365ddc82.html.gz
Arenal,2026-01-30,543.26,543.25,543.95,2026-10-07T11:48:51+00:00,2026/20261007T114851Z__0e16365ddc82.html.gz
Arenal,2026-01-31,543.21,543.21,543.91,2026-10-07T11:48:51+00:00,2026/20261007T114851Z__0e16365ddc82.html.gz
Arenal,2026-02-01,543.18,543.17,543.87,2026-10-07T11:48:51+00:00,2026/20261007T114851Z__0e16365ddc82.html.gz
Arenal,2026-02-02,543.17,543.18,543.84,2026-10-07T11:48:51+00:00,2026/20261007T114851Z__0e16365ddc82.html.gz
Arenal,2026-02-03,543.16,543.14,543.8,2026-10-07T11:48:51+00:00,2026/20261007T114851Z__0e16365ddc82.html.gz
Arenal,2026-02-04,543.17,543.16,543.77,2026-10-07T11:48:51+00:00,2026/20261007T114851Z__0e16365ddc82.html.gz
Arenal,2026-02-05,543.16,543.17,543.73,2026-10-07T11:48:51+00:00,2026/20261007T114851Z__0e16365ddc82.html.gz
Arenal,2026-02-06,543.18,543.17,543.68,2026-10-07T11:48:51+00:00,2026/20261007T114851Z__0e16365ddc82.html.gz
Arenal,2026-02-07,543.2,543.19,543.64,2026-10-07T11:48:51+00:00,2026/20261007T114851Z__0e16365ddc82.html.gz
Arenal,2026-02-08,543.21,543.23,543.6,2026-10-07T11:48:51+00:00,2026/20261007T114851Z__0e16365ddc82.html.gz
Arenal,2026-02-09,543.22,543.21,543.56,2026-10-07T11:48:51+00:00,2026/20261007T114851Z__0e16365ddc82.html.gz
Arenal,2026-02-10,543.22,543.21,543.52,2026-10-07T11:48:51+00:00,2026/20261007T114851Z__0e16365ddc82.html.gz
Arenal,2026-02-11,543.23,543.2,543.48,2026-10-07T11:48:51+00:00,2026/20261007T114851Z__0e16365ddc82.html.gz
Arenal,2026-02-12,543.25,543.23,543.42,2026-10-07T11:48:51+00:00,2026/20261007T114851Z__0e16365ddc82.html.gz
Arenal,2026-02-13,543.32,543.28,543.36,2026-10-07T11:48:51+00:00,2026/20261007T114851Z__0e16365ddc82.html.gz
Arenal,2026-02-14,543.38,543.37,543.3,2026-10-07T11:48:51+00:00,2026/20261007T114851Z__0e16365ddc82.html.gz
Arenal,2026-02-15,543.44,543.41,543.24,2026-10-07T11:48:51+00:00,2026/20261007T114851Z__0e16365ddc82.html.gz
Arenal,2026-02-16,543.46,543.46,543.18,2026-10-07T11:48:51+00:00,2026/20261007T114851Z__0e16365ddc82.html.gz
Arenal,2026-02-17,543.47,543.47,543.11,2026-10-07T11:48:51+00:00,2026/20261007T114851Z__0e16365ddc82.html.gz
Arenal,2026-02-18,543.47,543.48,543.05,2026-10-07T11:48:51+00:00,2026/20261007T114851Z__0e16365ddc82.html.gz
Arenal,2026-02-19,543.44,543.46,543.0,2026-10-07T11:48:51+00:00,2026/20261007T114851Z__0e16365ddc82.html.gz
Arenal,2026-02-20,543.45,543.43,542.95,2026-10-07T11:48:51+00:00,2026/20261007T114851Z__0e16365ddc82.html.gz
Arenal,2026-02-21,543.43,543.4,542.89,2026-10-07T11:48:51+00:00,2026/20261007T114851Z__0e16365ddc82.html.gz
Arenal,2026-02-22,543.43,543.43,542.84,2026-10-07T11:48:51+00:00,2026/20261007T114851Z__0e16365ddc82.html.gz
Arenal,2026-02-23,543.46,543.46,542.78,2026-10-07T11:48:51+00:00,2026/20261007T114851Z__0e16365ddc82.html.gz
Arenal,2026-02-24,543.46,543.47,542.73,2026-10-07T11:48:51+00:00,2026/20261007T114851Z__0e16365ddc82.html.gz
Arenal,2026-02-25,543.5,543.47,542.68,2026-10-07T11:48:51+00:00,2026/20261007T114851Z__0e16365ddc82.html.gz
Arenal,2026-02-26,543.53,543.51,542.62,2026-10-07T11:48:51+00:00,2026/20261007T114851Z__0e16365ddc82.html.gz
Arenal,2026-02-27,543.53,543.53,542.55,2026-10-07T11:48:51+00:00,2026/20261007T114851Z__0e16365ddc82.html.gz
Arenal,2026-02-28,543.51,543.52,542.49,2026-10-07T11:48:51+00:00,2026/20261007T114851Z__0e16365ddc82.html.gz
Arenal,2026-03-01,543.48,543.49,542.43,2026-10-07T11:48:51+00:00,2026/20261007T114851Z__0e16365ddc82.html.gz
Arenal,2026-03-02,543.47,543.47,542.37,2026-10-07T11:48:51+00:00,2026/20261007T114851Z__0e16365ddc82.html.gz
Arenal,2026-03-03,543.45,543.44,542.31,2026-10-07T11:48:51+00:00,2026/20261007T114851Z__0e16365ddc82.html.gz
Arenal,2026-03-04,543.41,543.41,542.24,2026-10-07T11:48:51+00:00,2026/20261007T114851Z__0e16365ddc82.html.gz
Arenal,2026-03-05,543.35,543.34,542.18,2026-10-07T11:48:51+00:00,2026/20261007T114851Z__0e16365ddc82.html.gz
Arenal,2026-03-06,543.3,543.29,542.11,2026-10-07T11:48:51+00:00,2026/20261007T114851Z__0e16365ddc82.html.gz
Arenal,2026-03-07,543.26,543.25,542.05,2026-10-07T11:48:51+00:00,2026/20261007T114851Z__0e16365ddc82.html.gz
Arenal,2026-03-08,543.2,543.19,541.98,2026-10-07T11:48:51+00:00,2026/20261007T114851Z__0e16365ddc82.html.gz
Arenal,2026-03-09,543.15,543.13,541.91,2026-10-07T11:48:51+00:00,2026/20261007T114851Z__0e16365ddc82.html.gz
Arenal,2026-03-10,543.09,543.09,541.85,2026-10-07T11:48:51+00:00,2026/20261007T114851Z__0e16365ddc82.html.gz
Arenal,2026-03-11,543.03,543.03,541.78,2026-10-07T11:48:51+00:00,2026/20261007T114851Z__0e16365ddc82.html.gz
Arenal,2026-03-12,542.96,542.97,541.71,2026-10-07T11:48:51+00:00,2026/20261007T114851Z__0e16365ddc82.html.gz
Arenal,2026-03-13,542.91,542.9,541.65,2026-10-07T11:48:51+00:00,2026/20261007T114851Z__0e16365ddc82.html.gz
Arenal,2026-03-14,542.84,542.85,541.58,2026-10-07T11:48:51+00:00,2026/20261007T114851Z__0e16365ddc82.html.gz
Arenal,2026-03-15,542.78,542.77,541.51,2026-10-07T11:48:51+00:00,2026/20261007T114851Z__0e16365ddc82.html.gz
Arenal,2026-03-16,542.71,542.71,541.44,2026-10-07T11:48:51+00:00,2026/20261007T114851Z__0e16365ddc82.html.gz
Arenal,2026-03-17,542.64,542.64,541.37,2026-10-07T11:48:51+00:00,2026/20261007T114851Z__0e16365ddc82.html.gz
Arenal,2026-03-18,542.57,542.57,541.3,2026-10-07T11:48:51+00:00,2026/20261007T114851Z__0e16365ddc82.html.gz
Arenal,2026-03-19,542.51,542.5,541.23,2026-10-07T11:48:51+00:00,2026/20261007T114851Z__0e16365ddc82.html.gz
Arenal,2026-03-20,542.45,542.44,541.16,2026-10-07T11:48:51+00:00,2026/20261007T114851Z__0e16365ddc82.html.gz
Arenal,2026-03-21,542.39,542.37,541.09,2026-10-07T11:48:51+00:00,2026/20261007T114851Z__0e16365ddc82.html.gz
Arenal,2026-03-22,542.32,542.32,541.02,2026-10-07T11:48:51+00:00,2026/20261007T114851Z__0e16365ddc82.html.gz
Arenal,2026-03-23,542.26,542.25,540.95,2026-10-07T11:48:51+00:00,2026/20261007T114851Z__0e16365ddc82.html.gz
Arenal,2026-03-24,542.19,542.19,540.88,2026-10-07T11:48:51+00:00,2026/20261007T114851Z__0e16365ddc82.html.gz
Arenal,2026-03-25,542.12,542.11,540.81,2026-10-07T11:48:51+00:00,2026/20261007T114851Z__0e16365ddc82.html.gz
Arenal,2026-03-26,542.05,542.04,540.73,2026-10-07T11:48:51+00:00,2026/20261007T114851Z__0e16365ddc82.html.gz
Arenal,2026-03-27,541.98,541.97,540.65,2026-10-07T11:48:51+00:00,2026/20261007T114851Z__0e16365ddc82.html.gz
Arenal,2026-03-28,541.91,541.91,540.57,2026-10-07T11:48:51+00:00,2026/20261007T114851Z__0e16365ddc82.html.gz
Arenal,2026-03-29,541.86,541.86,540.49,2026-10-07T11:48:51+00:00,2026/20261007T114851Z__0e16365ddc82.html.gz
Arenal,2026-03-30,541.81,541.79,540.41,2026-10-07T11:48:51+00:00,2026/20261007T114851Z__0e16365ddc82.html.gz
Arenal,2026-03-31,541.74,541.74,540.33,2026-10-07T11:48:51+00:00,2026/20261007T114851Z__0e16365ddc82.html.gz
Arenal,2026-04-01,541.68,541.67,540.25,2026-10-07T11:48:51+00:00,2026/20261007T114851Z__0e16365ddc82.html.gz
Arenal,2026-04-02,541.63,541.63,540.18,2026-10-07T11:48:51+00:00,2026/20261007T114851Z__0e16365ddc82.html.gz
Arenal,2026-04-03,541.57,541.57,540.1,2026-10-07T11:48:51+00:00,2026/20261007T114851Z__0e16365ddc82.html.gz
Arenal,2026-04-04,541.53,541.5,540.02,2026-10-07T11:48:51+00:00,2026/20261007T114851Z__0e16365ddc82.html.gz
Arenal,2026-04-05,541.49,541.5,539.95,2026-10-07T11:48:51+00:00,2026/20261007T114851Z__0e16365ddc82.html.gz
Arenal,2026-04-06,541.46,541.46,539.87,2026-10-07T11:48:51+00:00,2026/20261007T114851Z__0e16365ddc82.html.gz
Arenal,2026-04-07,541.39,541.39,539.79,2026-10-07T11:48:51+00:00,2026/20261007T114851Z__0e16365ddc82.html.gz
Arenal,2026-04-08,541.32,541.32,539.71,2026-10-07T11:48:51+00:00,2026/20261007T114851Z__0e16365ddc82.html.gz
Arenal,2026-04-09,541.25,541.25,539.63,2026-10-07T11:48:51+00:00,2026/20261007T114851Z__0e16365ddc82.html.gz
Arenal,2026-04-10,541.19,541.18,539.55,2026-10-07T11:48:51+00:00,2026/20261007T114851Z__0e16365ddc82.html.gz
Arenal,2026-04-11,541.14,541.13,539.47,2026-10-07T11:48:51+00:00,2026/20261007T114851Z__0e16365ddc82.html.gz
Arenal,2026-04-12,541.16,541.18,539.39,2026-10-07T11:48:51+00:00,2026/20261007T114851Z__0e16365ddc82.html.gz
Arenal,2026-04-13,541.19,541.18,539.31,2026-10-07T11:48:51+00:00,2026/20261007T114851Z__0e16365ddc82.html.gz
Arenal,2026-04-14,541.18,541.17,539.23,2026-10-07T11:48:51+00:00,2026/20261007T114851Z__0e16365ddc82.html.gz
Arenal,2026-04-15,541.13,541.13,539.15,2026-10-07T11:48:51+00:00,2026/20261007T114851Z__0e16365ddc82.html.gz
Arenal,2026-04-16,541.05,541.06,539.07,2026-10-07T11:48:51+00:00,2026/20261007T114851Z__0e16365ddc82.html.gz
Arenal,2026-04-17,540.98,540.99,538.99,2026-10-07T11:48:51+00:00,2026/20261007T114851Z__0e16365ddc82.html.gz
Arenal,2026-04-18,540.9,540.91,538.91,2026-10-07T11:48:51+00:00,2026/20261007T114851Z__0e16365ddc82.html.gz
Arenal,2026-04-19,540.82,540.83,538.83,2026-10-07T11:48:51+00:00,2026/20261007T114851Z__0e16365ddc82.html.gz
Arenal,2026-04-20,540.75,540.75,538.75,2026-10-07T11:48:51+00:00,2026/20261007T114851Z__0e16365ddc82.html.gz
Arenal,2026-04-21,540.67,540.67,538.66,2026-10-07T11:48:51+00:00,2026/20261007T114851Z__0e16365ddc82.html.gz
Arenal,2026-04-22,540.59,540.6,538.58,2026-10-07T11:48:51+00:00,2026/20261007T114851Z__0e16365ddc82.html.gz
Arenal,2026-04-23,540.52,540.52,538.51,2026-10-07T11:48:51+00:00,2026/20261007T114851Z__0e16365ddc82.html.gz
Arenal,2026-04-24,540.45,540.44,538.43,2026-10-07T11:48:51+00:00,2026/20261007T114851Z__0e16365ddc82.html.gz
Arenal,2026-04-25,540.37,540.38,538.35,2026-10-07T11:48:51+00:00,2026/20261007T114851Z__0e16365ddc82.html.gz
Arenal,2026-04-26,540.3,540.3,538.28,2026-10-07T11:48:51+00:00,2026/20261007T114851Z__0e16365ddc82.html.gz
Arenal,2026-04-27,540.24,540.22,538.2,2026-10-07T11:48:51+00:00,2026/20261007T114851Z__0e16365ddc82.html.gz
Arenal,2026-04-28,540.17,540.15,538.12,2026-10-07T11:48:51+00:00,2026/20261007T114851Z__0e16365ddc82.html.gz
Arenal,2026-04-29,540.09,540.11,538.05,2026-10-07T11:48:51+00:00,2026/20261007T114851Z__0e16365ddc82.html.gz
Arenal,2026-04-30,540.01,540.02,537.97,2026-10-07T11:48:51+00:00,2026/20261007T114851Z__0e16365ddc82.html.gz
Arenal,2026-05-01,539.94,539.94,537.9,2026-10-07T11:48:51+00:00,2026/20261007T114851Z__0e16365ddc82.html.gz
Arenal,2026-05-02,539.85,539.86,537.83,2026-10-07T11:48:51+00:00,2026/20261007T114851Z__0e16365ddc82.html.gz
Arenal,2026-05-03,539.78,539.78,537.75,2026-10-07T11:48:51+00:00,2026/20261007T114851Z__0e16365ddc82.html.gz
Arenal,2026-05-04,539.72,539.7,537.68,2026-10-07T11:48:51+00:00,2026/20261007T114851Z__0e16365ddc82.html.gz
Arenal,2026-05-05,539.69,539.65,537.61,2026-10-07T11:48:51+00:00,2026/20261007T114851Z__0e16365ddc82.html.gz
Arenal,2026-05-06,539.66,539.66,537.54,2026-10-07T11:48:51+00:00,2026/20261007T114851Z__0e16365ddc82.html.gz
Arenal,2026-05-07,539.61,539.61,537.47,2026-10-07T11:48:51+00:00,2026/20261007T114851Z__0e16365ddc82.html.gz
Arenal,2026-05-08,539.55,539.54,537.4,2026-10-07T11:48:51+00:00,2026/20261007T114851Z__0e16365ddc82.html.gz
Arenal,2026-05-09,539.5,539.49,537.33,2026-10-07T11:48:51+00:00,2026/20261007T114851Z__0e16365ddc82.html.gz
Arenal,2026-05-10,539.42,539.42,537.26,2026-10-07T11:48:51+00:00,2026/20261007T114851Z__0e16365ddc82.html.gz
Arenal,2026-05-11,539.33,539.34,537.19,2026-10-07T11:48:51+00:00,2026/20261007T114851Z__0e16365ddc82.html.gz
Arenal,2026-05-12,539.25,539.26,537.12,2026-10-07T11:48:51+00:00,2026/20261007T114851Z__0e16365ddc82.html.gz
Arenal,2026-05-13,539.17,539.18,537.05,2026-10-07T11:48:51+00:00,2026/20261007T114851Z__0e16365ddc82.html.gz
Arenal,2026-05-14,539.09,539.1,536.99,2026-10-07T11:48:51+00:00,2026/20261007T114851Z__0e16365ddc82.html.gz
Arenal,2026-05-15,539.01,539.01,536.93,2026-10-07T11:48:51+00:00,2026/20261007T114851Z__0e16365ddc82.html.gz
Arenal,2026-05-16,538.93,538.93,536.88,2026-10-07T11:48:51+00:00,2026/20261007T114851Z__0e16365ddc82.html.gz
Arenal,2026-05-17,538.86,538.85,536.82,2026-10-07T11:48:51+00:00,2026/20261007T114851Z__0e16365ddc82.html.gz
Arenal,2026-05-18,538.79,538.78,536.76,2026-10-07T11:48:51+00:00,2026/20261007T114851Z__0e16365ddc82.html.gz
Arenal,2026-05-19,538.72,538.72,536.7,2026-10-07T11:48:51+00:00,2026/20261007T114851Z__0e16365ddc82.html.gz
Arenal,2026-05-20,538.68,538.66,536.65,2026-10-07T11:48:51+00:00,2026/20261007T114851Z__0e16365ddc82.html.gz
Arenal,2026-05-21,538.68,538.66,536.61,2026-10-07T11:48:51+00:00,2026/20261007T114851Z__0e16365ddc82.html.gz
Arenal,2026-05-22,538.61,538.61,536.57,2026-10-07T11:48:51+00:00,2026/20261007T114851Z__0e16365ddc82.html.gz
Arenal,2026-05-23,538.54,538.54,536.54,2026-10-07T11:48:51+00:00,2026/20261007T114851Z__0e16365ddc82.html.gz
Arenal,2026-05-24,538.48,538.48,536.5,2026-10-07T11:48:51+00:00,2026/20261007T114851Z__0e16365ddc82.html.gz
Arenal,2026-05-25,538.45,538.42,536.46,2026-10-07T11:48:51+00:00,2026/20261007T114851Z__0e16365ddc82.html.gz
Arenal,2026-05-26,538.41,538.38,536.42,2026-10-07T11:48:51+00:00,2026/20261007T114851Z__0e16365ddc82.html.gz
Arenal,2026-05-27,538.34,538.35,536.39,2026-10-07T11:48:51+00:00,2026/20261007T114851Z__0e16365ddc82.html.gz
Arenal,2026-05-28,538.29,538.29,536.37,2026-10-07T11:48:51+00:00,2026/20261007T114851Z__0e16365ddc82.html.gz
Arenal,2026-05-29,538.23,538.22,536.35,2026-10-07T11:48:51+00:00,2026/20261007T114851Z__0e16365ddc82.html.gz
Arenal,2026-05-30,538.18,538.18,536.34,2026-10-07T11:48:51+00:00,2026/20261007T114851Z__0e16365ddc82.html.gz
Arenal,2026-05-31,538.15,538.16,536.32,2026-10-07T11:48:51+00:00,2026/20261007T114851Z__0e16365ddc82.html.gz
Arenal,2026-06-01,538.1,538.09,536.31,2026-10-07T11:48:51+00:00,2026/20261007T114851Z__0e16365ddc82.html.gz
Arenal,2026-06-02,538.03,538.03,536.29,2026-10-07T11:48:51+00:00,2026/20261007T114851Z__0e16365ddc82.html.gz
Arenal,2026-06-03,538.0,538.0,536.27,2026-10-07T11:48:51+00:00,2026/20261007T114851Z__0e16365ddc82.html.gz
Arenal,2026-06-04,537.97,537.96,536.26,2026-10-07T11:48:51+00:00,2026/20261007T114851Z__0e16365ddc82.html.gz
Arenal,2026-06-05,538.0,537.94,536.24,2026-10-07T11:48:51+00:00,2026/20261007T114851Z__0e16365ddc82.html.gz
Arenal,2026-06-06,537.97,537.96,536.23,2026-10-07T11:48:51+00:00,2026/20261007T114851Z__0e16365ddc82.html.gz
Arenal,2026-06-07,538.03,538.01,536.21,2026-10-07T11:48:51+00:00,2026/20261007T114851Z__0e16365ddc82.html.gz
Arenal,2026-06-08,538.04,538.03,536.2,2026-10-07T11:48:51+00:00,2026/20261007T114851Z__0e16365ddc82.html.gz
Arenal,2026-06-09,538.04,538.05,536.18,2026-10-07T11:48:51+00:00,2026/20261007T114851Z__0e16365ddc82.html.gz
Arenal,2026-06-10,538.0,538.0,536.17,2026-10-07T11:48:51+00:00,2026/20261007T114851Z__0e16365ddc82.html.gz
Arenal,2026-06-11,537.94,537.94,536.19,2026-10-07T11:48:51+00:00,2026/20261007T114851Z__0e16365ddc82.html.gz
Arenal,2026-06-12,537.89,537.88,536.21,2026-10-07T11:48:51+00:00,2026/20261007T114851Z__0e16365ddc82.html.gz
Arenal,2026-06-13,537.83,537.82,536.23,2026-10-07T11:48:51+00:00,2026/20261007T114851Z__0e16365ddc82.html.gz
Arenal,2026-06-14,537.77,537.75,536.26,2026-10-07T11:48:51+00:00,2026/20261007T114851Z__0e16365ddc82.html.gz
Arenal,2026-06-15,537.73,537.7,536.28,2026-10-07T11:48:51+00:00,2026/20261007T114851Z__0e16365ddc82.html.gz
Arenal,2026-06-16,537.68,537.66,536.3,2026-10-07T11:48:51+00:00,2026/20261007T114851Z__0e16365ddc82.html.gz
Arenal,2026-06-17,537.63,537.64,536.32,2026-10-07T11:48:51+00:00,2026/20261007T114851Z__0e16365ddc82.html.gz
Arenal,2026-06-18,537.58,537.57,536.34,2026-10-07T11:48:51+00:00,2026/20261007T114851Z__0e16365ddc82.html.gz
Arenal,2026-06-19,537.56,537.54,536.37,2026-10-07T11:48:51+00:00,2026/20261007T114851Z__0e16365ddc82.html.gz
Arenal,2026-06-20,537.51,537.52,536.39,2026-10-07T11:48:51+00:00,2026/20261007T114851Z__0e16365ddc82.html.gz
Arenal,2026-06-21,537.47,537.45,536.42,2026-10-07T11:48:51+00:00,2026/20261007T114851Z__0e16365ddc82.html.gz
Arenal,2026-06-22,537.5,537.43,536.44,2026-10-07T11:48:51+00:00,2026/20261007T114851Z__0e16365ddc82.html.gz
Arenal,2026-06-23,537.5,537.48,536.46,2026-10-07T11:48:51+00:00,2026/20261007T114851Z__0e16365ddc82.html.gz
Arenal,2026-06-24,537.46,537.45,536.49,2026-10-07T11:48:51+00:00,2026/20261007T114851Z__0e16365ddc82.html.gz
Arenal,2026-06-25,537.41,537.41,536.52,2026-10-07T11:48:51+00:00,2026/20261007T114851Z__0e16365ddc82.html.gz
Arenal,2026-06-26,537.36,537.35,536.55,2026-10-07T11:48:51+00:00,2026/20261007T114851Z__0e16365ddc82.html.gz
Arenal,2026-06-27,537.31,537.3,536.58,2026-10-07T11:48:51+00:00,2026/20261007T114851Z__0e16365ddc82.html.gz
Arenal,2026-06-28,537.34,537.3,536.62,2026-10-07T11:48:51+00:00,2026/20261007T114851Z__0e16365ddc82.html.gz
Arenal,2026-06-29,537.31,537.31,536.65,2026-10-07T11:48:51+00:00,2026/20261007T114851Z__0e16365ddc82.html.gz
Arenal,2026-06-30,537.26,537.27,536.68,2026-10-07T11:48:51+00:00,2026/20261007T114851Z__0e16365ddc82.html.gz
Arenal,2026-07-01,537.27,537.24,536.71,2026-10-07T11:48:51+00:00,2026/20261007T114851Z__0e16365ddc82.html.gz
Arenal,2026-07-02,537.3,537.28,536.74,2026-10-07T11:48:51+00:00,2026/20261007T114851Z__0e16365ddc82.html.gz
Arenal,2026-07-03,537.53,537.49,536.77,2026-10-07T11:48:51+00:00,2026/20261007T114851Z__0e16365ddc82.html.gz
Arenal,2026-07-04,537.72,537.68,536.79,2026-10-07T11:48:51+00:00,2026/20261007T114851Z__0e16365ddc82.html.gz
Arenal,2026-07-05,537.82,537.84,536.82,2026-10-07T11:48:51+00:00,2026/20261007T114851Z__0e16365ddc82.html.gz
Arenal,2026-07-06,537.89,537.89,536.84,2026-10-07T11:48:51+00:00,2026/20261007T114851Z__0e16365ddc82.html.gz
Arenal,2026-07-07,537.94,537.93,536.87,2026-10-07T11:48:51+00:00,2026/20261007T114851Z__0e16365ddc82.html.gz
Arenal,2026-07-08,537.95,537.94,536.9,2026-10-07T11:48:51+00:00,2026/20261007T114851Z__0e16365ddc82.html.gz
Arenal,2026-07-09,537.97,537.96,536.94,2026-10-07T11:48:51+00:00,2026/20261007T114851Z__0e16365ddc82.html.gz
Arenal,2026-07-10,538.06,538.03,536.98,2026-10-07T11:48:51+00:00,2026/20261007T114851Z__0e16365ddc82.html.gz
Arenal,2026-07-11,538.14,538.13,537.02,2026-10-07T11:48:51+00:00,2026/20261007T114851Z__0e16365ddc82.html.gz
Arenal,2026-07-12,538.19,538.17,537.06,2026-10-07T11:48:51+00:00,2026/20261007T114851Z__0e16365ddc82.html.gz
Arenal,2026-07-13,538.25,538.23,537.1,2026-10-07T11:48:51+00:00,2026/20261007T114851Z__0e16365ddc82.html.gz
Arenal,2026-07-14,538.3,538.29,537.14,2026-10-07T11:48:51+00:00,2026/20261007T114851Z__0e16365ddc82.html.gz
Arenal,2026-07-15,538.32,538.31,537.18,2026-10-07T11:48:51+00:00,2026/20261007T114851Z__0e16365ddc82.html.gz
Arenal,2026-07-16,538.33,538.34,537.22,2026-10-07T11:48:51+00:00,2026/20261007T114851Z__0e16365ddc82.html.gz
Arenal,2026-07-17,538.38,538.36,537.27,2026-10-07T11:48:51+00:00,2026/20261007T114851Z__0e16365ddc82.html.gz
Arenal,2026-07-18,538.47,538.44,537.31,2026-10-07T11:48:51+00:00,2026/20261007T114851Z__0e16365ddc82.html.gz
Arenal,2026-07-19,538.63,538.58,537.36,2026-10-07T11:48:51+00:00,2026/20261007T114851Z__0e16365ddc82.html.gz
Arenal,2026-07-20,538.75,538.74,537.4,2026-10-07T11:48:51+00:00,2026/20261007T114851Z__0e16365ddc82.html.gz
Arenal,2026-07-21,538.89,538.89,537.44,2026-10-07T11:48:51+00:00,2026/20261007T114851Z__0e16365ddc82.html.gz
Arenal,2026-07-22,539.03,539.0,537.49,2026-10-07T11:48:51+00:00,2026/20261007T114851Z__0e16365ddc82.html.gz
Arenal,2026-07-23,539.15,539.12,537.53,2026-10-07T11:48:51+00:00,2026/20261007T114851Z__0e16365ddc82.html.gz
Arenal,2026-07-24,539.25,539.25,537.56,2026-10-07T11:48:51+00:00,2026/20261007T114851Z__0e16365ddc82.html.gz
Arenal,2026-07-25,539.33,539.32,537.6,2026-10-07T11:48:51+00:00,2026/20261007T114851Z__0e16365ddc82.html.gz
Arenal,2026-07-26,539.4,539.4,537.63,2026-10-07T11:48:51+00:00,2026/20261007T114851Z__0e16365ddc82.html.gz
Arenal,2026-07-27,539.45,539.46,537.67,2026-10-07T11:48:51+00:00,2026/20261007T114851Z__0e16365ddc82.html.gz
Arenal,2026-07-28,539.49,539.51,537.71,2026-10-07T11:48:51+00:00,2026/20261007T114851Z__0e16365ddc82.html.gz
Arenal,2026-07-29,539.52,539.51,537.74,2026-10-07T11:48:51+00:00,2026/20261007T114851Z__0e16365ddc82.html.gz
Arenal,2026-07-30,539.54,539.54,537.79,2026-10-07T11:48:51+00:00,2026/20261007T114851Z__0e16365ddc82.html.gz
Arenal,2026-07-31,539.55,539.56,537.83,2026-10-07T11:48:51+00:00,2026/20261007T114851Z__0e16365ddc82.html.gz
Arenal,2026-08-01,539.57,539.55,537.88,2026-10-07T11:48:51+00:00,2026/20261007T114851Z__0e16365ddc82.html.gz
Arenal,2026-08-02,539.64,539.63,537.93,2026-10-07T11:48:51+00:00,2026/20261007T114851Z__0e16365ddc82.html.gz
Arenal,2026-08-03,539.72,539.71,537.97,2026-10-07T11:48:51+00:00,2026/20261007T114851Z__0e16365ddc82.html.gz
Arenal,2026-08-04,539.74,539.75,538.02,2026-10-07T11:48:51+00:00,2026/20261007T114851Z__0e16365ddc82.html.gz
Arenal,2026-08-05,539.78,539.78,538.07,2026-10-07T11:48:51+00:00,2026/20261007T114851Z__0e16365ddc82.html.gz
Arenal,2026-08-06,539.84,539.81,538.12,2026-10-07T11:48:51+00:00,2026/20261007T114851Z__0e16365ddc82.html.gz
Arenal,2026-08-07,539.93,539.9,538.17,2026-10-07T11:48:51+00:00,2026/20261007T114851Z__0e16365ddc82.html.gz
Arenal,2026-08-08,539.97,539.99,538.22,2026-10-07T11:48:51+00:00,2026/20261007T114851Z__0e16365ddc82.html.gz
Arenal,2026-08-09,540.04,540.03,538.28,2026-10-07T11:48:51+00:00,2026/20261007T114851Z__0e16365ddc82.html.gz
Arenal,2026-08-10,540.07,540.1,538.33,2026-10-07T11:48:51+00:00,2026/20261007T114851Z__0e16365ddc82.html.gz
Arenal,2026-08-11,540.1,540.09,538.38,2026-10-07T11:48:51+00:00,2026/20261007T114851Z__0e16365ddc82.html.gz
Arenal,2026-08-12,540.11,540.09,538.43,2026-10-07T11:48:51+00:00,2026/20261007T114851Z__0e16365ddc82.html.gz
Arenal,2026-08-13,540.13,540.13,538.47,2026-10-07T11:48:51+00:00,2026/20261007T114851Z__0e16365ddc82.html.gz
Arenal,2026-08-14,540.21,540.2,538.51,2026-10-07T11:48:51+00:00,2026/20261007T114851Z__0e16365ddc82.html.gz
Arenal,2026-08-15,540.26,540.24,538.54,2026-10-07T11:48:51+00:00,2026/20261007T114851Z__0e16365ddc82.html.gz
Arenal,2026-08-16,540.42,540.42,538.58,2026-10-07T11:48:51+00:00,2026/20261007T114851Z__0e16365ddc82.html.gz
Arenal,2026-08-17,540.74,540.76,538.62,2026-10-07T11:48:51+00:00,2026/20261007T114851Z__0e16365ddc82.html.gz
Arenal,2026-08-18,540.87,540.86,538.65,2026-10-07T11:48:51+00:00,2026/20261007T114851Z__0e16365ddc82.html.gz
Arenal,2026-08-19,540.98,541.0,538.69,2026-10-07T11:48:51+00:00,2026/20261007T114851Z__0e16365ddc82.html.gz
Arenal,2026-08-20,541.06,541.05,538.72,2026-10-07T11:48:51+00:00,2026/20261007T114851Z__0e16365ddc82.html.gz
Arenal,2026-08-21,541.16,541.15,538.76,2026-10-07T11:48:51+00:00,2026/20261007T114851Z__0e16365ddc82.html.gz
Arenal,2026-08-22,541.22,541.25,538.79,2026-10-07T11:48:51+00:00,2026/20261007T114851Z__0e16365ddc82.html.gz
Arenal,2026-08-23,541.28,541.28,538.82,2026-10-07T11:48:51+00:00,2026/20261007T114851Z__0e16365ddc82.html.gz
Arenal,2026-08-24,541.37,541.38,538.86,2026-10-07T11:48:51+00:00,2026/20261007T114851Z__0e16365ddc82.html.gz
Arenal,2026-08-25,541.4,541.42,538.89,2026-10-07T11:48:51+00:00,2026/20261007T114851Z__0e16365ddc82.html.gz
Arenal,2026-08-26,541.44,541.45,538.93,2026-10-07T11:48:51+00:00,2026/20261007T114851Z__0e16365ddc82.html.gz
Arenal,2026-08-27,541.49,541.47,538.96,2026-10-07T11:48:51+00:00,2026/20261007T114851Z__0e16365ddc82.html.gz
Arenal,2026-08-28,541.6,541.61,538.99,2026-10-07T11:48:51+00:00,2026/20261007T114851Z__0e16365ddc82.html.gz
Arenal,2026-08-29,541.72,541.73,539.02,2026-10-07T11:48:51+00:00,2026/20261007T114851Z__0e16365ddc82.html.gz
Arenal,2026-08-30,541.79,541.79,539.06,2026-10-07T11:48:51+00:00,2026/20261007T114851Z__0e16365ddc82.html.gz
Arenal,2026-08-31,541.9,541.87,539.09,2026-10-07T11:48:51+00:00,2026/20261007T114851Z__0e16365ddc82.html.gz
Arenal,2026-09-01,541.97,542.0,539.12,2026-10-07T11:48:51+00:00,2026/20261007T114851Z__0e16365ddc82.html.gz
Arenal,2026-09-02,542.02,542.03,539.16,2026-10-07T11:48:51+00:00,2026/20261007T114851Z__0e16365ddc82.html.gz
Arenal,2026-09-03,542.06,542.05,539.18,2026-10-07T11:48:51+00:00,2026/20261007T114851Z__0e16365ddc82.html.gz
Arenal,2026-09-04,542.13,542.13,539.2,2026-10-07T11:48:51+00:00,2026/20261007T114851Z__0e16365ddc82.html.gz
Arenal,2026-09-05,542.15,542.17,539.23,2026-10-07T11:48:51+00:00,2026/20261007T114851Z__0e16365ddc82.html.gz
Arenal,2026-09-06,542.17,542.18,539.25,2026-10-07T11:48:51+00:00,2026/20261007T114851Z__0e16365ddc82.html.gz
Arenal,2026-09-07,542.19,542.19,539.27,2026-10-07T11:48:51+00:00,2026/20261007T114851Z__0e16365ddc82.html.gz
Arenal,2026-09-08,542.2,542.19,539.3,2026-10-07T11:48:51+00:00,2026/20261007T114851Z__0e16365ddc82.html.gz
Arenal,2026-09-09,542.22,542.2,539.32,2026-10-07T11:48:51+00:00,2026/20261007T114851Z__0e16365ddc82.html.gz
Arenal,2026-09-10,542.29,542.24,539.36,2026-10-07T11:48:51+00:00,2026/20261007T114851Z__0e16365ddc82.html.gz
Arenal,2026-09-11,542.38,542.36,539.41,2026-10-07T11:48:51+00:00,2026/20261007T114851Z__0e16365ddc82.html.gz
Arenal,2026-09-12,542.41,542.41,539.45,2026-10-07T11:48:51+00:00,2026/20261007T114851Z__0e16365ddc82.html.gz
Arenal,2026-09-13,542.47,542.46,539.49,2026-10-07T11:48:51+00:00,2026/20261007T114851Z__0e16365ddc82.html.gz
Arenal,2026-09-14,542.5,542.52,539.54,2026-10-07T11:48:51+00:00,2026/20261007T114851Z__0e16365ddc82.html.gz
Arenal,2026-09-15,542.53,542.52,539.58,2026-10-07T11:48:51+00:00,2026/20261007T114851Z__0e16365ddc82.html.gz
Arenal,2026-09-16,542.6,542.62,539.62,2026-10-07T11:48:51+00:00,2026/20261007T114851Z__0e16365ddc82.html.gz
Arenal,2026-09-17,542.62,542.62,539.66,2026-10-07T11:48:51+00:00,2026/20261007T114851Z__0e16365ddc82.html.gz
Arenal,2026-09-18,542.64,542.62,539.71,2026-10-07T11:48:51+00:00,2026/20261007T114851Z__0e16365ddc82.html.gz
Arenal,2026-09-19,542.65,542.64,539.75,2026-10-07T11:48:51+00:00,2026/20261007T114851Z__0e16365ddc82.html.gz
Arenal,2026-09-20,542.66,542.66,539.79,2026-10-07T11:48:51+00:00,2026/20261007T114851Z__0e16365ddc82.html.gz
Arenal,2026-09-21,542.67,542.69,539.83,2026-10-07T11:48:51+00:00,2026/20261007T114851Z__0e16365ddc82.html.gz
Arenal,2026-09-22,542.65,542.65,539.87,2026-10-07T11:48:51+00:00,2026/20261007T114851Z__0e16365ddc82.html.gz
Arenal,2026-09-23,542.63,542.63,539.92,2026-10-07T11:48:51+00:00,2026/20261007T114851Z__0e16365ddc82.html.gz
Arenal,2026-09-24,542.69,542.59,539.95,2026-10-07T11:48:51+00:00,2026/20261007T114851Z__0e16365ddc82.html.gz
Arenal,2026-09-25,542.68,542.69,539.99,2026-10-07T11:48:51+00:00,2026/20261007T114851Z__0e16365ddc82.html.gz
Arenal,2026-09-26,542.7,542.65,540.03,2026-10-07T11:48:51+00:00,2026/20261007T114851Z__0e16365ddc82.html.gz
Arenal,2026-09-27,542.86,542.82,540.06,2026-10-07T11:48:51+00:00,2026/20261007T114851Z__0e16365ddc82.html.gz
Arenal,2026-09-28,542.92,542.95,540.1,2026-10-07T11:48:51+00:00,2026/20261007T114851Z__0e16365ddc82.html.gz
Arenal,2026-09-29,542.99,542.93,540.14,2026-10-07T11:48:51+00:00,2026/20261007T114851Z__0e16365ddc82.html.gz
Arenal,2026-09-30,543.01,543.01,540.18,2026-10-07T11:48:51+00:00,2026/20261007T114851Z__0e16365ddc82.html.gz
Arenal,2026-10-01,543.04,543.05,540.22,2026-10-07T11:48:51+00:00,2026/20261007T114851Z__0e16365ddc82.html.gz
Arenal,2026-10-02,543.08,543.06,540.26,2026-10-07T11:48:51+00:00,2026/20261007T114851Z__0e16365ddc82.html.gz
Arenal,2026-10-03,543.06,543.05,540.31,2026-10-07T11:48:51+00:00,2026/20261007T114851Z__0e16365ddc82.html.gz
Arenal,2026-10-04,543.04,543.05,540.35,2026-10-07T11:48:51+00:00,2026/20261007T114851Z__0e16365ddc82.html.gz
Arenal,2026-10-05,543.05,543.03,540.4,2026-10-07T11:48:51+00:00,2026/20261007T114851Z__0e16365ddc82.html.gz
Arenal,2026-10-06,543.07,543.06,540.44,2026-10-07T11:48:51+00:00,2026/20261007T114851Z__0e16365ddc82.html.gz
Arenal,2026-10-07,543.07,,540.49,2026-10-07T11:48:51+00:00,2026/20261007T114851Z__0e16365ddc82.html.gz
Cachí,2026-01-01,989.87,989.48,989.79,2026-10-07T11:48:51+00:00,2026/20261007T114851Z__0e16365ddc82.html.gz
Cachí,2026-01-02,989.99,990.0,989.73,2026-10-07T11:48:51+00:00,2026/20261007T114851Z__0e16365ddc82.html.gz
Cachí,2026-01-03,990.05,989.79,989.66,2026-10-07T11:48:51+00:00,2026/20261007T114851Z__0e16365ddc82.html.gz
Cachí,2026-01-04,989.74,989.75,989.6,2026-10-07T11:48:51+00:00,2026/20261007T114851Z__0e16365ddc82.html.gz
Cachí,2026-01-05,989.86,989.74,989.53,2026-10-07T11:48:51+00:00,2026/20261007T114851Z__0e16365ddc82.html.gz
Cachí,2026-01-06,989.82,989.61,989.47,2026-10-07T11:48:51+00:00,2026/20261007T114851Z__0e16365ddc82.html.gz
Cachí,2026-01-07,989.65,989.43,989.4,2026-10-07T11:48:51+00:00,2026/20261007T114851Z__0e16365ddc82.html.gz
Cachí,2026-01-08,989.51,989.44,989.32,2026-10-07T11:48:51+00:00,2026/20261007T114851Z__0e16365ddc82.html.gz
Cachí,2026-01-09,989.09,989.2,989.25,2026-10-07T11:48:51+00:00,2026/20261007T114851Z__0e16365ddc82.html.gz
Cachí,2026-01-10,988.73,988.65,989.17,2026-10-07T11:48:51+00:00,2026/20261007T114851Z__0e16365ddc82.html.gz
Cachí,2026-01-11,988.28,988.31,989.1,2026-10-07T11:48:51+00:00,2026/20261007T114851Z__0e16365ddc82.html.gz
Cachí,2026-01-12,988.31,988.38,989.02,2026-10-07T11:48:51+00:00,2026/20261007T114851Z__0e16365ddc82.html.gz
Cachí,2026-01-13,988.06,988.18,988.95,2026-10-07T11:48:51+00:00,2026/20261007T114851Z__0e16365ddc82.html.gz
Cachí,2026-01-14,988.07,988.09,988.87,2026-10-07T11:48:51+00:00,2026/20261007T114851Z__0e16365ddc82.html.gz
Cachí,2026-01-15,988.01,988.06,988.89,2026-10-07T11:48:51+00:00,2026/20261007T114851Z__0e16365ddc82.html.gz
Cachí,2026-01-16,988.0,988.07,988.91,2026-10-07T11:48:51+00:00,2026/20261007T114851Z__0e16365ddc82.html.gz
Cachí,2026-01-17,988.17,988.1,988.92,2026-10-07T11:48:51+00:00,2026/20261007T114851Z__0e16365ddc82.html.gz
Cachí,2026-01-18,988.17,988.13,988.94,2026-10-07T11:48:51+00:00,2026/20261007T114851Z__0e16365ddc82.html.gz
Cachí,2026-01-19,988.85,988.86,988.96,2026-10-07T11:48:51+00:00,2026/20261007T114851Z__0e16365ddc82.html.gz
Cachí,2026-01-20,989.88,989.79,988.97,2026-10-07T11:48:51+00:00,2026/20261007T114851Z__0e16365ddc82.html.gz
Cachí,2026-01-21,989.93,989.9,988.99,2026-10-07T11:48:51+00:00,2026/20261007T114851Z__0e16365ddc82.html.gz
Cachí,2026-01-22,989.93,989.91,988.96,2026-10-07T11:48:51+00:00,2026/20261007T114851Z__0e16365ddc82.html.gz
Cachí,2026-01-23,989.62,989.36,988.93,2026-10-07T11:48:51+00:00,2026/20261007T114851Z__0e16365ddc82.html.gz
Cachí,2026-01-24,989.1,988.98,988.91,2026-10-07T11:48:51+00:00,2026/20261007T114851Z__0e16365ddc82.html.gz
Cachí,2026-01-25,988.91,988.97,988.88,2026-10-07T11:48:51+00:00,2026/20261007T114851Z__0e16365ddc82.html.gz
Cachí,2026-01-26,988.5,988.5,988.85,2026-10-07T11:48:51+00:00,2026/20261007T114851Z__0e16365ddc82.html.gz
Cachí,2026-01-27,987.94,987.98,988.83,2026-10-07T11:48:51+00:00,2026/20261007T114851Z__0e16365ddc82.html.gz
Cachí,2026-01-28,987.97,987.98,988.8,2026-10-07T11:48:51+00:00,2026/20261007T114851Z__0e16365ddc82.html.gz
Cachí,2026-01-29,987.94,988.04,988.8,2026-10-07T11:48:51+00:00,2026/20261007T114851Z__0e16365ddc82.html.gz
Cachí,2026-01-30,987.96,987.94,988.8,2026-10-07T11:48:51+00:00,2026/20261007T114851Z__0e16365ddc82.html.gz
Cachí,2026-01-31,987.94,987.94,988.8,2026-10-07T11:48:51+00:00,2026/20261007T114851Z__0e16365ddc82.html.gz
Cachí,2026-02-01,988.1,988.05,988.81,2026-10-07T11:48:51+00:00,2026/20261007T114851Z__0e16365ddc82.html.gz
Cachí,2026-02-02,989.49,989.44,988.81,2026-10-07T11:48:51+00:00,2026/20261007T114851Z__0e16365ddc82.html.gz
Cachí,2026-02-03,990.04,989.8,988.81,2026-10-07T11:48:51+00:00,2026/20261007T114851Z__0e16365ddc82.html.gz
Cachí,2026-02-04,989.95,989.77,988.81,2026-10-07T11:48:51+00:00,2026/20261007T114851Z__0e16365ddc82.html.gz
Cachí,2026-02-05,989.74,989.52,988.78,2026-10-07T11:48:51+00:00,2026/20261007T114851Z__0e16365ddc82.html.gz
Cachí,2026-02-06,989.61,989.33,988.76,2026-10-07T11:48:51+00:00,2026/20261007T114851Z__0e16365ddc82.html.gz
Cachí,2026-02-07,989.96,989.73,988.73,2026-10-07T11:48:51+00:00,2026/20261007T114851Z__0e16365ddc82.html.gz
Cachí,2026-02-08,989.91,989.95,988.7,2026-10-07T11:48:51+00:00,2026/20261007T114851Z__0e16365ddc82.html.gz
Cachí,2026-02-09,989.9,989.96,988.68,2026-10-07T11:48:51+00:00,2026/20261007T114851Z__0e16365ddc82.html.gz
Cachí,2026-02-10,989.99,989.78,988.65,2026-10-07T11:48:51+00:00,2026/20261007T114851Z__0e16365ddc82.html.gz
Cachí,2026-02-11,989.98,989.99,988.63,2026-10-07T11:48:51+00:00,2026/20261007T114851Z__0e16365ddc82.html.gz
Cachí,2026-02-12,989.9,990.0,988.62,2026-10-07T11:48:51+00:00,2026/20261007T114851Z__0e16365ddc82.html.gz
Cachí,2026-02-13,989.99,990.0,988.62,2026-10-07T11:48:51+00:00,2026/20261007T114851Z__0e16365ddc82.html.gz
Cachí,2026-02-14,989.97,990.0,988.61,2026-10-07T11:48:51+00:00,2026/20261007T114851Z__0e16365ddc82.html.gz
Cachí,2026-02-15,989.97,990.0,988.61,2026-10-07T11:48:51+00:00,2026/20261007T114851Z__0e16365ddc82.html.gz
Cachí,2026-02-16,990.1,990.0,988.6,2026-10-07T11:48:51+00:00,2026/20261007T114851Z__0e16365ddc82.html.gz
Cachí,2026-02-17,989.89,989.76,988.6,2026-10-07T11:48:51+00:00,2026/20261007T114851Z__0e16365ddc82.html.gz
Cachí,2026-02-18,989.75,989.8,988.59,2026-10-07T11:48:51+00:00,2026/20261007T114851Z__0e16365ddc82.html.gz
Cachí,2026-02-19,989.67,989.58,988.67,2026-10-07T11:48:51+00:00,2026/20261007T114851Z__0e16365ddc82.html.gz
Cachí,2026-02-20,989.48,989.41,988.74,2026-10-07T11:48:51+00:00,2026/20261007T114851Z__0e16365ddc82.html.gz
Cachí,2026-02-21,989.27,989.05,988.82,2026-10-07T11:48:51+00:00,2026/20261007T114851Z__0e16365ddc82.html.gz
Cachí,2026-02-22,989.58,989.35,988.9,2026-10-07T11:48:51+00:00,2026/20261007T114851Z__0e16365ddc82.html.gz
Cachí,2026-02-23,989.99,989.88,988.97,2026-10-07T11:48:51+00:00,2026/20261007T114851Z__0e16365ddc82.html.gz
Cachí,2026-02-24,989.9,989.92,989.05,2026-10-07T11:48:51+00:00,2026/20261007T114851Z__0e16365ddc82.html.gz
Cachí,2026-02-25,989.95,989.8,989.12,2026-10-07T11:48:51+00:00,2026/20261007T114851Z__0e16365ddc82.html.gz
Cachí,2026-02-26,989.91,989.78,989.19,2026-10-07T11:48:51+00:00,2026/20261007T114851Z__0e16365ddc82.html.gz
Cachí,2026-02-27,989.73,989.68,989.26,2026-10-07T11:48:51+00:00,2026/20261007T114851Z__0e16365ddc82.html.gz
Cachí,2026-02-28,989.82,989.66,989.33,2026-10-07T11:48:51+00:00,2026/20261007T114851Z__0e16365ddc82.html.gz
Cachí,2026-03-01,989.8,989.67,989.4,2026-10-07T11:48:51+00:00,2026/20261007T114851Z__0e16365ddc82.html.gz
Cachí,2026-03-02,989.88,989.72,989.46,2026-10-07T11:48:51+00:00,2026/20261007T114851Z__0e16365ddc82.html.gz
Cachí,2026-03-03,989.43,989.33,989.53,2026-10-07T11:48:51+00:00,2026/20261007T114851Z__0e16365ddc82.html.gz
Cachí,2026-03-04,989.12,989.03,989.6,2026-10-07T11:48:51+00:00,2026/20261007T114851Z__0e16365ddc82.html.gz
Cachí,2026-03-05,988.7,988.84,989.56,2026-10-07T11:48:51+00:00,2026/20261007T114851Z__0e16365ddc82.html.gz
Cachí,2026-03-06,988.19,988.32,989.51,2026-10-07T11:48:51+00:00,2026/20261007T114851Z__0e16365ddc82.html.gz
Cachí,2026-03-07,988.09,988.05,989.47,2026-10-07T11:48:51+00:00,2026/20261007T114851Z__0e16365ddc82.html.gz
Cachí,2026-03-08,987.96,988.01,989.43,2026-10-07T11:48:51+00:00,2026/20261007T114851Z__0e16365ddc82.html.gz
Cachí,2026-03-09,988.14,988.23,989.39,2026-10-07T11:48:51+00:00,2026/20261007T114851Z__0e16365ddc82.html.gz
Cachí,2026-03-10,988.09,988.12,989.34,2026-10-07T11:48:51+00:00,2026/20261007T114851Z__0e16365ddc82.html.gz
Cachí,2026-03-11,988.07,988.14,989.3,2026-10-07T11:48:51+00:00,2026/20261007T114851Z__0e16365ddc82.html.gz
Cachí,2026-03-12,988.13,988.17,989.3,2026-10-07T11:48:51+00:00,2026/20261007T114851Z__0e16365ddc82.html.gz
Cachí,2026-03-13,988.19,988.17,989.3,2026-10-07T11:48:51+00:00,2026/20261007T114851Z__0e16365ddc82.html.gz
Cachí,2026-03-14,988.32,988.49,989.31,2026-10-07T11:48:51+00:00,2026/20261007T114851Z__0e16365ddc82.html.gz
Cachí,2026-03-15,988.44,988.47,989.31,2026-10-07T11:48:51+00:00,2026/20261007T114851Z__0e16365ddc82.html.gz
Cachí,2026-03-16,988.69,988.76,989.31,2026-10-07T11:48:51+00:00,2026/20261007T114851Z__0e16365ddc82.html.gz
Cachí,2026-03-17,988.23,988.21,989.31,2026-10-07T11:48:51+00:00,2026/20261007T114851Z__0e16365ddc82.html.gz
Cachí,2026-03-18,987.96,988.02,989.31,2026-10-07T11:48:51+00:00,2026/20261007T114851Z__0e16365ddc82.html.gz
Cachí,2026-03-19,987.93,988.01,989.26,2026-10-07T11:48:51+00:00,2026/20261007T114851Z__0e16365ddc82.html.gz
Cachí,2026-03-20,987.96,988.02,989.21,2026-10-07T11:48:51+00:00,2026/20261007T114851Z__0e16365ddc82.html.gz
Cachí,2026-03-21,988.1,988.02,989.17,2026-10-07T11:48:51+00:00,2026/20261007T114851Z__0e16365ddc82.html.gz
Cachí,2026-03-22,988.1,988.06,989.12,2026-10-07T11:48:51+00:00,2026/20261007T114851Z__0e16365ddc82.html.gz
Cachí,2026-03-23,988.34,988.28,989.07,2026-10-07T11:48:51+00:00,2026/20261007T114851Z__0e16365ddc82.html.gz
Cachí,2026-03-24,988.49,988.47,989.02,2026-10-07T11:48:51+00:00,2026/20261007T114851Z__0e16365ddc82.html.gz
Cachí,2026-03-25,988.43,988.47,988.98,2026-10-07T11:48:51+00:00,2026/20261007T114851Z__0e16365ddc82.html.gz
Cachí,2026-03-26,988.31,988.29,988.89,2026-10-07T11:48:51+00:00,2026/20261007T114851Z__0e16365ddc82.html.gz
Cachí,2026-03-27,988.28,988.33,988.81,2026-10-07T11:48:51+00:00,2026/20261007T114851Z__0e16365ddc82.html.gz
Cachí,2026-03-28,988.32,988.33,988.73,2026-10-07T11:48:51+00:00,2026/20261007T114851Z__0e16365ddc82.html.gz
Cachí,2026-03-29,988.42,988.4,988.65,2026-10-07T11:48:51+00:00,2026/20261007T114851Z__0e16365ddc82.html.gz
Cachí,2026-03-30,988.5,988.52,988.56,2026-10-07T11:48:51+00:00,2026/20261007T114851Z__0e16365ddc82.html.gz
Cachí,2026-03-31,988.68,988.69,988.48,2026-10-07T11:48:51+00:00,2026/20261007T114851Z__0e16365ddc82.html.gz
Cachí,2026-04-01,988.76,988.68,988.4,2026-10-07T11:48:51+00:00,2026/20261007T114851Z__0e16365ddc82.html.gz
Cachí,2026-04-02,989.04,988.78,988.2,2026-10-07T11:48:51+00:00,2026/20261007T114851Z__0e16365ddc82.html.gz
Cachí,2026-04-03,989.4,989.17,988.0,2026-10-07T11:48:51+00:00,2026/20261007T114851Z__0e16365ddc82.html.gz
Cachí,2026-04-04,989.76,989.65,987.8,2026-10-07T11:48:51+00:00,2026/20261007T114851Z__0e16365ddc82.html.gz
Cachí,2026-04-05,989.9,989.95,987.6,2026-10-07T11:48:51+00:00,2026/20261007T114851Z__0e16365ddc82.html.gz
Cachí,2026-04-06,989.88,989.99,987.4,2026-10-07T11:48:51+00:00,2026/20261007T114851Z__0e16365ddc82.html.gz
Cachí,2026-04-07,989.49,989.53,987.2,2026-10-07T11:48:51+00:00,2026/20261007T114851Z__0e16365ddc82.html.gz
Cachí,2026-04-08,989.08,989.07,987.0,2026-10-07T11:48:51+00:00,2026/20261007T114851Z__0e16365ddc82.html.gz
Cachí,2026-04-09,988.86,988.86,987.22,2026-10-07T11:48:51+00:00,2026/20261007T114851Z__0e16365ddc82.html.gz
Cachí,2026-04-10,988.7,988.61,987.43,2026-10-07T11:48:51+00:00,2026/20261007T114851Z__0e16365ddc82.html.gz
Cachí,2026-04-11,988.48,988.34,987.65,2026-10-07T11:48:51+00:00,2026/20261007T114851Z__0e16365ddc82.html.gz
Cachí,2026-04-12,988.54,988.42,987.86,2026-10-07T11:48:51+00:00,2026/20261007T114851Z__0e16365ddc82.html.gz
Cachí,2026-04-13,989.48,988.65,988.08,2026-10-07T11:48:51+00:00,2026/20261007T114851Z__0e16365ddc82.html.gz
Cachí,2026-04-14,989.3,989.22,988.29,2026-10-07T11:48:51+00:00,2026/20261007T114851Z__0e16365ddc82.html.gz
Cachí,2026-04-15,989.0,989.04,988.51,2026-10-07T11:48:51+00:00,2026/20261007T114851Z__0e16365ddc82.html.gz
Cachí,2026-04-16,988.61,988.75,988.36,2026-10-07T11:48:51+00:00,2026/20261007T114851Z__0e16365ddc82.html.gz
Cachí,2026-04-17,988.44,988.44,988.21,2026-10-07T11:48:51+00:00,2026/20261007T114851Z__0e16365ddc82.html.gz
Cachí,2026-04-18,988.33,988.33,988.07,2026-10-07T11:48:51+00:00,2026/20261007T114851Z__0e16365ddc82.html.gz
Cachí,2026-04-19,988.2,988.3,987.92,2026-10-07T11:48:51+00:00,2026/20261007T114851Z__0e16365ddc82.html.gz
Cachí,2026-04-20,988.15,988.22,987.77,2026-10-07T11:48:51+00:00,2026/20261007T114851Z__0e16365ddc82.html.gz
Cachí,2026-04-21,988.01,988.14,987.62,2026-10-07T11:48:51+00:00,2026/20261007T114851Z__0e16365ddc82.html.gz
Cachí,2026-04-22,987.97,987.99,987.48,2026-10-07T11:48:51+00:00,2026/20261007T114851Z__0e16365ddc82.html.gz
Cachí,2026-04-23,987.64,987.62,987.21,2026-10-07T11:48:51+00:00,2026/20261007T114851Z__0e16365ddc82.html.gz
Cachí,2026-04-24,987.77,987.73,986.93,2026-10-07T11:48:51+00:00,2026/20261007T114851Z__0e16365ddc82.html.gz
Cachí,2026-04-25,987.74,987.54,986.66,2026-10-07T11:48:51+00:00,2026/20261007T114851Z__0e16365ddc82.html.gz
Cachí,2026-04-26,987.32,987.37,986.39,2026-10-07T11:48:51+00:00,2026/20261007T114851Z__0e16365ddc82.html.gz
Cachí,2026-04-27,987.32,987.3,986.12,2026-10-07T11:48:51+00:00,2026/20261007T114851Z__0e16365ddc82.html.gz
Cachí,2026-04-28,987.17,987.2,985.85,2026-10-07T11:48:51+00:00,2026/20261007T114851Z__0e16365ddc82.html.gz
Cachí,2026-04-29,987.1,987.01,985.58,2026-10-07T11:48:51+00:00,2026/20261007T114851Z__0e16365ddc82.html.gz
Cachí,2026-04-30,986.96,987.07,985.58,2026-10-07T11:48:51+00:00,2026/20261007T114851Z__0e16365ddc82.html.gz
Cachí,2026-05-01,987.03,986.92,985.59,2026-10-07T11:48:51+00:00,2026/20261007T114851Z__0e16365ddc82.html.gz
Cachí,2026-05-02,986.95,987.04,985.59,2026-10-07T11:48:51+00:00,2026/20261007T114851Z__0e16365ddc82.html.gz
Cachí,2026-05-03,987.08,987.01,985.59,2026-10-07T11:48:51+00:00,2026/20261007T114851Z__0e16365ddc82.html.gz
Cachí,2026-05-04,987.34,987.08,985.59,2026-10-07T11:48:51+00:00,2026/20261007T114851Z__0e16365ddc82.html.gz
Cachí,2026-05-05,988.35,987.55,985.6,2026-10-07T11:48:51+00:00,2026/20261007T114851Z__0e16365ddc82.html.gz
Cachí,2026-05-06,988.84,988.62,985.6,2026-10-07T11:48:51+00:00,2026/20261007T114851Z__0e16365ddc82.html.gz
Cachí,2026-05-07,988.54,988.41,985.37,2026-10-07T11:48:51+00:00,2026/20261007T114851Z__0e16365ddc82.html.gz
Cachí,2026-05-08,988.28,988.24,985.13,2026-10-07T11:48:51+00:00,2026/20261007T114851Z__0e16365ddc82.html.gz
Cachí,2026-05-09,987.9,987.96,984.9,2026-10-07T11:48:51+00:00,2026/20261007T114851Z__0e16365ddc82.html.gz
Cachí,2026-05-10,987.56,987.49,984.66,2026-10-07T11:48:51+00:00,2026/20261007T114851Z__0e16365ddc82.html.gz
Cachí,2026-05-11,987.41,987.35,984.43,2026-10-07T11:48:51+00:00,2026/20261007T114851Z__0e16365ddc82.html.gz
Cachí,2026-05-12,986.64,986.66,984.19,2026-10-07T11:48:51+00:00,2026/20261007T114851Z__0e16365ddc82.html.gz
Cachí,2026-05-13,986.03,986.0,983.96,2026-10-07T11:48:51+00:00,2026/20261007T114851Z__0e16365ddc82.html.gz
Cachí,2026-05-14,985.63,985.63,983.83,2026-10-07T11:48:51+00:00,2026/20261007T114851Z__0e16365ddc82.html.gz
Cachí,2026-05-15,985.45,985.42,983.71,2026-10-07T11:48:51+00:00,2026/20261007T114851Z__0e16365ddc82.html.gz
Cachí,2026-05-16,985.33,985.16,983.58,2026-10-07T11:48:51+00:00,2026/20261007T114851Z__0e16365ddc82.html.gz
Cachí,2026-05-17,985.14,984.88,983.45,2026-10-07T11:48:51+00:00,2026/20261007T114851Z__0e16365ddc82.html.gz
Cachí,2026-05-18,985.19,984.86,983.32,2026-10-07T11:48:51+00:00,2026/20261007T114851Z__0e16365ddc82.html.gz
Cachí,2026-05-19,985.17,985.07,983.2,2026-10-07T11:48:51+00:00,2026/20261007T114851Z__0e16365ddc82.html.gz
Cachí,2026-05-20,984.63,984.55,983.07,2026-10-07T11:48:51+00:00,2026/20261007T114851Z__0e16365ddc82.html.gz
Cachí,2026-05-21,985.7,985.7,983.05,2026-10-07T11:48:51+00:00,2026/20261007T114851Z__0e16365ddc82.html.gz
Cachí,2026-05-22,985.67,985.37,983.04,2026-10-07T11:48:51+00:00,2026/20261007T114851Z__0e16365ddc82.html.gz
Cachí,2026-05-23,985.47,985.42,983.02,2026-10-07T11:48:51+00:00,2026/20261007T114851Z__0e16365ddc82.html.gz
Cachí,2026-05-24,985.33,985.13,983.01,2026-10-07T11:48:51+00:00,2026/20261007T114851Z__0e16365ddc82.html.gz
Cachí,2026-05-25,985.43,985.0,982.99,2026-10-07T11:48:51+00:00,2026/20261007T114851Z__0e16365ddc82.html.gz
Cachí,2026-05-26,985.28,985.16,982.97,2026-10-07T11:48:51+00:00,2026/20261007T114851Z__0e16365ddc82.html.gz
Cachí,2026-05-27,984.37,984.51,982.96,2026-10-07T11:48:51+00:00,2026/20261007T114851Z__0e16365ddc82.html.gz
Cachí,2026-05-28,983.99,983.93,983.06,2026-10-07T11:48:51+00:00,2026/20261007T114851Z__0e16365ddc82.html.gz
Cachí,2026-05-29,984.33,984.1,983.17,2026-10-07T11:48:51+00:00,2026/20261007T114851Z__0e16365ddc82.html.gz
Cachí,2026-05-30,984.63,984.53,983.28,2026-10-07T11:48:51+00:00,2026/20261007T114851Z__0e16365ddc82.html.gz
Cachí,2026-05-31,983.95,983.76,983.38,2026-10-07T11:48:51+00:00,2026/20261007T114851Z__0e16365ddc82.html.gz
Cachí,2026-06-01,983.29,983.19,983.49,2026-10-07T11:48:51+00:00,2026/20261007T114851Z__0e16365ddc82.html.gz
Cachí,2026-06-02,982.48,982.48,983.59,2026-10-07T11:48:51+00:00,2026/20261007T114851Z__0e16365ddc82.html.gz
Cachí,2026-06-03,981.84,981.7,983.7,2026-10-07T11:48:51+00:00,2026/20261007T114851Z__0e16365ddc82.html.gz
Cachí,2026-06-04,982.81,981.7,983.98,2026-10-07T11:48:51+00:00,2026/20261007T114851Z__0e16365ddc82.html.gz
Cachí,2026-06-05,984.27,984.04,984.26,2026-10-07T11:48:51+00:00,2026/20261007T114851Z__0e16365ddc82.html.gz
Cachí,2026-06-06,985.14,984.41,984.54,2026-10-07T11:48:51+00:00,2026/20261007T114851Z__0e16365ddc82.html.gz
Cachí,2026-06-07,986.18,985.85,984.82,2026-10-07T11:48:51+00:00,2026/20261007T114851Z__0e16365ddc82.html.gz
Cachí,2026-06-08,986.36,986.35,985.1,2026-10-07T11:48:51+00:00,2026/20261007T114851Z__0e16365ddc82.html.gz
Cachí,2026-06-09,986.34,986.26,985.38,2026-10-07T11:48:51+00:00,2026/20261007T114851Z__0e16365ddc82.html.gz
Cachí,2026-06-10,986.7,986.19,985.66,2026-10-07T11:48:51+00:00,2026/20261007T114851Z__0e16365ddc82.html.gz
Cachí,2026-06-11,986.92,986.73,985.91,2026-10-07T11:48:51+00:00,2026/20261007T114851Z__0e16365ddc82.html.gz
Cachí,2026-06-12,986.74,986.71,986.16,2026-10-07T11:48:51+00:00,2026/20261007T114851Z__0e16365ddc82.html.gz
Cachí,2026-06-13,986.38,986.33,986.41,2026-10-07T11:48:51+00:00,2026/20261007T114851Z__0e16365ddc82.html.gz
Cachí,2026-06-14,985.92,985.77,986.66,2026-10-07T11:48:51+00:00,2026/20261007T114851Z__0e16365ddc82.html.gz
Cachí,2026-06-15,985.93,985.93,986.91,2026-10-07T11:48:51+00:00,2026/20261007T114851Z__0e16365ddc82.html.gz
Cachí,2026-06-16,985.45,985.51,987.16,2026-10-07T11:48:51+00:00,2026/20261007T114851Z__0e16365ddc82.html.gz
Cachí,2026-06-17,985.26,984.9,987.42,2026-10-07T11:48:51+00:00,2026/20261007T114851Z__0e16365ddc82.html.gz
Cachí,2026-06-18,985.02,984.95,987.59,2026-10-07T11:48:51+00:00,2026/20261007T114851Z__0e16365ddc82.html.gz
Cachí,2026-06-19,984.64,984.46,987.76,2026-10-07T11:48:51+00:00,2026/20261007T114851Z__0e16365ddc82.html.gz
Cachí,2026-06-20,984.21,984.13,987.94,2026-10-07T11:48:51+00:00,2026/20261007T114851Z__0e16365ddc82.html.gz
Cachí,2026-06-21,983.76,983.69,988.11,2026-10-07T11:48:51+00:00,2026/20261007T114851Z__0e16365ddc82.html.gz
Cachí,2026-06-22,983.23,983.25,988.29,2026-10-07T11:48:51+00:00,2026/20261007T114851Z__0e16365ddc82.html.gz
Cachí,2026-06-23,982.74,982.61,988.46,2026-10-07T11:48:51+00:00,2026/20261007T114851Z__0e16365ddc82.html.gz
Cachí,2026-06-24,981.91,981.78,988.64,2026-10-07T11:48:51+00:00,2026/20261007T114851Z__0e16365ddc82.html.gz
Cachí,2026-06-25,980.99,980.84,988.75,2026-10-07T11:48:51+00:00,2026/20261007T114851Z__0e16365ddc82.html.gz
Cachí,2026-06-26,980.01,979.79,988.86,2026-10-07T11:48:51+00:00,2026/20261007T114851Z__0e16365ddc82.html.gz
Cachí,2026-06-27,978.8,978.68,988.98,2026-10-07T11:48:51+00:00,2026/20261007T114851Z__0e16365ddc82.html.gz
Cachí,2026-06-28,978.28,978.15,989.09,2026-10-07T11:48:51+00:00,2026/20261007T114851Z__0e16365ddc82.html.gz
Cachí,2026-06-29,978.23,978.24,989.2,2026-10-07T11:48:51+00:00,2026/20261007T114851Z__0e16365ddc82.html.gz
Cachí,2026-06-30,977.88,978.01,989.32,2026-10-07T11:48:51+00:00,2026/20261007T114851Z__0e16365ddc82.html.gz
Cachí,2026-07-01,977.72,977.88,989.43,2026-10-07T11:48:51+00:00,2026/20261007T114851Z__0e16365ddc82.html.gz
Cachí,2026-07-02,977.93,977.88,989.51,2026-10-07T11:48:51+00:00,2026/20261007T114851Z__0e16365ddc82.html.gz
Cachí,2026-07-03,980.49,979.86,989.59,2026-10-07T11:48:51+00:00,2026/20261007T114851Z__0e16365ddc82.html.gz
Cachí,2026-07-04,983.06,982.76,989.67,2026-10-07T11:48:51+00:00,2026/20261007T114851Z__0e16365ddc82.html.gz
Cachí,2026-07-05,984.28,984.57,989.75,2026-10-07T11:48:51+00:00,2026/20261007T114851Z__0e16365ddc82.html.gz
Cachí,2026-07-06,984.34,983.95,989.84,2026-10-07T11:48:51+00:00,2026/20261007T114851Z__0e16365ddc82.html.gz
Cachí,2026-07-07,983.92,983.72,989.92,2026-10-07T11:48:51+00:00,2026/20261007T114851Z__0e16365ddc82.html.gz
Cachí,2026-07-08,983.31,983.16,990.0,2026-10-07T11:48:51+00:00,2026/20261007T114851Z__0e16365ddc82.html.gz
Cachí,2026-07-09,982.54,982.5,989.99,2026-10-07T11:48:51+00:00,2026/20261007T114851Z__0e16365ddc82.html.gz
Cachí,2026-07-10,983.02,982.5,989.98,2026-10-07T11:48:51+00:00,2026/20261007T114851Z__0e16365ddc82.html.gz
Cachí,2026-07-11,984.52,983.19,989.96,2026-10-07T11:48:51+00:00,2026/20261007T114851Z__0e16365ddc82.html.gz
Cachí,2026-07-12,985.2,984.5,989.95,2026-10-07T11:48:51+00:00,2026/20261007T114851Z__0e16365ddc82.html.gz
Cachí,2026-07-13,985.58,985.49,989.94,2026-10-07T11:48:51+00:00,2026/20261007T114851Z__0e16365ddc82.html.gz
Cachí,2026-07-14,985.67,985.47,989.93,2026-10-07T11:48:51+00:00,2026/20261007T114851Z__0e16365ddc82.html.gz
Cachí,2026-07-15,985.53,985.51,989.92,2026-10-07T11:48:51+00:00,2026/20261007T114851Z__0e16365ddc82.html.gz
Cachí,2026-07-16,985.67,985.21,989.93,2026-10-07T11:48:51+00:00,2026/20261007T114851Z__0e16365ddc82.html.gz
Cachí,2026-07-17,985.53,985.35,989.94,2026-10-07T11:48:51+00:00,2026/20261007T114851Z__0e16365ddc82.html.gz
Cachí,2026-07-18,986.17,985.73,989.95,2026-10-07T11:48:51+00:00,2026/20261007T114851Z__0e16365ddc82.html.gz
Cachí,2026-07-19,987.43,986.76,989.96,2026-10-07T11:48:51+00:00,2026/20261007T114851Z__0e16365ddc82.html.gz
Cachí,2026-07-20,989.29,989.21,989.98,2026-10-07T11:48:51+00:00,2026/20261007T114851Z__0e16365ddc82.html.gz
Cachí,2026-07-21,989.86,989.77,989.99,2026-10-07T11:48:51+00:00,2026/20261007T114851Z__0e16365ddc82.html.gz
Cachí,2026-07-22,989.85,989.84,990.0,2026-10-07T11:48:51+00:00,2026/20261007T114851Z__0e16365ddc82.html.gz
Cachí,2026-07-23,989.88,989.81,989.96,2026-10-07T11:48:51+00:00,2026/20261007T114851Z__0e16365ddc82.html.gz
Cachí,2026-07-24,989.77,989.83,989.92,2026-10-07T11:48:51+00:00,2026/20261007T114851Z__0e16365ddc82.html.gz
Cachí,2026-07-25,989.8,989.83,989.88,2026-10-07T11:48:51+00:00,2026/20261007T114851Z__0e16365ddc82.html.gz
Cachí,2026-07-26,989.9,989.83,989.84,2026-10-07T11:48:51+00:00,2026/20261007T114851Z__0e16365ddc82.html.gz
Cachí,2026-07-27,989.89,989.82,989.8,2026-10-07T11:48:51+00:00,2026/20261007T114851Z__0e16365ddc82.html.gz
Cachí,2026-07-28,989.99,989.95,989.76,2026-10-07T11:48:51+00:00,2026/20261007T114851Z__0e16365ddc82.html.gz
Cachí,2026-07-29,990.01,989.9,989.72,2026-10-07T11:48:51+00:00,2026/20261007T114851Z__0e16365ddc82.html.gz
Cachí,2026-07-30,989.9,989.87,989.75,2026-10-07T11:48:51+00:00,2026/20261007T114851Z__0e16365ddc82.html.gz
Cachí,2026-07-31,989.72,989.61,989.79,2026-10-07T11:48:51+00:00,2026/20261007T114851Z__0e16365ddc82.html.gz
Cachí,2026-08-01,989.58,989.47,989.82,2026-10-07T11:48:51+00:00,2026/20261007T114851Z__0e16365ddc82.html.gz
Cachí,2026-08-02,989.84,990.0,989.85,2026-10-07T11:48:51+00:00,2026/20261007T114851Z__0e16365ddc82.html.gz
Cachí,2026-08-03,989.91,989.89,989.88,2026-10-07T11:48:51+00:00,2026/20261007T114851Z__0e16365ddc82.html.gz
Cachí,2026-08-04,989.81,989.64,989.91,2026-10-07T11:48:51+00:00,2026/20261007T114851Z__0e16365ddc82.html.gz
Cachí,2026-08-05,989.94,989.61,989.94,2026-10-07T11:48:51+00:00,2026/20261007T114851Z__0e16365ddc82.html.gz
Cachí,2026-08-06,989.95,989.91,989.93,2026-10-07T11:48:51+00:00,2026/20261007T114851Z__0e16365ddc82.html.gz
Cachí,2026-08-07,989.91,989.89,989.93,2026-10-07T11:48:51+00:00,2026/20261007T114851Z__0e16365ddc82.html.gz
Cachí,2026-08-08,989.85,989.9,989.92,2026-10-07T11:48:51+00:00,2026/20261007T114851Z__0e16365ddc82.html.gz
Cachí,2026-08-09,989.76,989.7,989.92,2026-10-07T11:48:51+00:00,2026/20261007T114851Z__0e16365ddc82.html.gz
Cachí,2026-08-10,989.86,989.74,989.91,2026-10-07T11:48:51+00:00,2026/20261007T114851Z__0e16365ddc82.html.gz
Cachí,2026-08-11,989.62,989.59,989.9,2026-10-07T11:48:51+00:00,2026/20261007T114851Z__0e16365ddc82.html.gz
Cachí,2026-08-12,989.31,989.23,989.9,2026-10-07T11:48:51+00:00,2026/20261007T114851Z__0e16365ddc82.html.gz
Cachí,2026-08-13,989.06,988.92,989.91,2026-10-07T11:48:51+00:00,2026/20261007T114851Z__0e16365ddc82.html.gz
Cachí,2026-08-14,988.9,988.73,989.93,2026-10-07T11:48:51+00:00,2026/20261007T114851Z__0e16365ddc82.html.gz
Cachí,2026-08-15,988.77,988.59,989.94,2026-10-07T11:48:51+00:00,2026/20261007T114851Z__0e16365ddc82.html.gz
Cachí,2026-08-16,989.96,989.5,989.96,2026-10-07T11:48:51+00:00,2026/20261007T114851Z__0e16365ddc82.html.gz
Cachí,2026-08-17,989.93,989.7,989.97,2026-10-07T11:48:51+00:00,2026/20261007T114851Z__0e16365ddc82.html.gz
Cachí,2026-08-18,989.72,990.0,989.99,2026-10-07T11:48:51+00:00,2026/20261007T114851Z__0e16365ddc82.html.gz
Cachí,2026-08-19,989.7,989.82,990.0,2026-10-07T11:48:51+00:00,2026/20261007T114851Z__0e16365ddc82.html.gz
Cachí,2026-08-20,989.72,989.74,989.97,2026-10-07T11:48:51+00:00,2026/20261007T114851Z__0e16365ddc82.html.gz
Cachí,2026-08-21,989.73,989.85,989.94,2026-10-07T11:48:51+00:00,2026/20261007T114851Z__0e16365ddc82.html.gz
Cachí,2026-08-22,989.91,989.9,989.91,2026-10-07T11:48:51+00:00,2026/20261007T114851Z__0e16365ddc82.html.gz
Cachí,2026-08-23,989.91,989.91,989.88,2026-10-07T11:48:51+00:00,2026/20261007T114851Z__0e16365ddc82.html.gz
Cachí,2026-08-24,989.95,989.91,989.85,2026-10-07T11:48:51+00:00,2026/20261007T114851Z__0e16365ddc82.html.gz
Cachí,2026-08-25,989.92,989.91,989.81,2026-10-07T11:48:51+00:00,2026/20261007T114851Z__0e16365ddc82.html.gz
Cachí,2026-08-26,989.89,989.88,989.78,2026-10-07T11:48:51+00:00,2026/20261007T114851Z__0e16365ddc82.html.gz
Cachí,2026-08-27,989.88,989.87,989.78,2026-10-07T11:48:51+00:00,2026/20261007T114851Z__0e16365ddc82.html.gz
Cachí,2026-08-28,989.88,989.86,989.78,2026-10-07T11:48:51+00:00,2026/20261007T114851Z__0e16365ddc82.html.gz
Cachí,2026-08-29,989.89,989.79,989.78,2026-10-07T11:48:51+00:00,2026/20261007T114851Z__0e16365ddc82.html.gz
Cachí,2026-08-30,989.83,989.79,989.78,2026-10-07T11:48:51+00:00,2026/20261007T114851Z__0e16365ddc82.html.gz
Cachí,2026-08-31,989.88,989.85,989.78,2026-10-07T11:48:51+00:00,2026/20261007T114851Z__0e16365ddc82.html.gz
Cachí,2026-09-01,989.88,990.0,989.78,2026-10-07T11:48:51+00:00,2026/20261007T114851Z__0e16365ddc82.html.gz
Cachí,2026-09-02,989.76,989.79,989.78,2026-10-07T11:48:51+00:00,2026/20261007T114851Z__0e16365ddc82.html.gz
Cachí,2026-09-03,989.84,989.68,989.8,2026-10-07T11:48:51+00:00,2026/20261007T114851Z__0e16365ddc82.html.gz
Cachí,2026-09-04,989.9,989.91,989.83,2026-10-07T11:48:51+00:00,2026/20261007T114851Z__0e16365ddc82.html.gz
Cachí,2026-09-05,989.88,989.89,989.85,2026-10-07T11:48:51+00:00,2026/20261007T114851Z__0e16365ddc82.html.gz
Cachí,2026-09-06,989.94,989.69,989.88,2026-10-07T11:48:51+00:00,2026/20261007T114851Z__0e16365ddc82.html.gz
Cachí,2026-09-07,989.88,989.85,989.9,2026-10-07T11:48:51+00:00,2026/20261007T114851Z__0e16365ddc82.html.gz
Cachí,2026-09-08,989.82,989.77,989.93,2026-10-07T11:48:51+00:00,2026/20261007T114851Z__0e16365ddc82.html.gz
Cachí,2026-09-09,989.66,989.7,989.95,2026-10-07T11:48:51+00:00,2026/20261007T114851Z__0e16365ddc82.html.gz
Cachí,2026-09-10,989.64,989.54,989.96,2026-10-07T11:48:51+00:00,2026/20261007T114851Z__0e16365ddc82.html.gz
Cachí,2026-09-11,989.63,989.66,989.97,2026-10-07T11:48:51+00:00,2026/20261007T114851Z__0e16365ddc82.html.gz
Cachí,2026-09-12,989.7,989.58,989.97,2026-10-07T11:48:51+00:00,2026/20261007T114851Z__0e16365ddc82.html.gz
Cachí,2026-09-13,989.86,989.5,989.98,2026-10-07T11:48:51+00:00,2026/20261007T114851Z__0e16365ddc82.html.gz
Cachí,2026-09-14,989.85,989.9,989.99,2026-10-07T11:48:51+00:00,2026/20261007T114851Z__0e16365ddc82.html.gz
Cachí,2026-09-15,989.74,989.73,989.99,2026-10-07T11:48:51+00:00,2026/20261007T114851Z__0e16365ddc82.html.gz
Cachí,2026-09-16,989.63,989.62,990.0,2026-10-07T11:48:51+00:00,2026/20261007T114851Z__0e16365ddc82.html.gz
Cachí,2026-09-17,989.58,989.48,990.0,2026-10-07T11:48:51+00:00,2026/20261007T114851Z__0e16365ddc82.html.gz
Cachí,2026-09-18,989.62,989.48,990.0,2026-10-07T11:48:51+00:00,2026/20261007T114851Z__0e16365ddc82.html.gz
Cachí,2026-09-19,989.92,989.49,990.0,2026-10-07T11:48:51+00:00,2026/20261007T114851Z__0e16365ddc82.html.gz
Cachí,2026-09-20,989.75,989.81,990.0,2026-10-07T11:48:51+00:00,2026/20261007T114851Z__0e16365ddc82.html.gz
Cachí,2026-09-21,989.89,989.98,990.0,2026-10-07T11:48:51+00:00,2026/20261007T114851Z__0e16365ddc82.html.gz
Cachí,2026-09-22,989.85,990.0,990.0,2026-10-07T11:48:51+00:00,2026/20261007T114851Z__0e16365ddc82.html.gz
Cachí,2026-09-23,989.95,989.85,990.0,2026-10-07T11:48:51+00:00,2026/20261007T114851Z__0e16365ddc82.html.gz
Cachí,2026-09-24,989.89,989.81,990.0,2026-10-07T11:48:51+00:00,2026/20261007T114851Z__0e16365ddc82.html.gz
Cachí,2026-09-25,989.87,989.81,990.0,2026-10-07T11:48:51+00:00,2026/20261007T114851Z__0e16365ddc82.html.gz
Cachí,2026-09-26,989.89,989.81,990.0,2026-10-07T11:48:51+00:00,2026/20261007T114851Z__0e16365ddc82.html.gz
Cachí,2026-09-27,989.87,989.81,990.0,2026-10-07T11:48:51+00:00,2026/20261007T114851Z__0e16365ddc82.html.gz
Cachí,2026-09-28,989.92,989.85,990.0,2026-10-07T11:48:51+00:00,2026/20261007T114851Z__0e16365ddc82.html.gz
Cachí,2026-09-29,989.92,989.81,990.0,2026-10-07T11:48:51+00:00,2026/20261007T114851Z__0e16365ddc82.html.gz
Cachí,2026-09-30,989.83,989.81,990.0,2026-10-07T11:48:51+00:00,2026/20261007T114851Z__0e16365ddc82.html.gz
Cachí,2026-10-01,989.86,990.0,990.0,2026-10-07T11:48:51+00:00,2026/20261007T114851Z__0e16365ddc82.html.gz
Cachí,2026-10-02,989.88,990.0,990.0,2026-10-07T11:48:51+00:00,2026/20261007T114851Z__0e16365ddc82.html.gz
Cachí,2026-10-03,989.9,990.0,990.0,2026-10-07T11:48:51+00:00,2026/20261007T114851Z__0e16365ddc82.html.gz
Cachí,2026-10-04,989.97,990.0,990.0,2026-10-07T11:48:51+00:00,2026/20261007T114851Z__0e16365ddc82.html.gz
Cachí,2026-10-05,989.92,990.0,990.0,2026-10-07T11:48:51+00:00,2026/20261007T114851Z__0e16365ddc82.html.gz
Cachí,2026-10-06,989.97,989.81,990.0,2026-10-07T11:48:51+00:00,2026/20261007T114851Z__0e16365ddc82.html.gz
Cachí,2026-10-07,989.95,,990.0,2026-10-07T11:48:51+00:00,2026/20261007T114851Z__0e16365ddc82.html.gz
Pirrís,2026-01-01,1204.8,1204.79,1204.7,2026-10-07T11:48:51+00:00,2026/20261007T114851Z__0e16365ddc82.html.gz
Pirrís,2026-01-02,1204.93,1204.94,1204.6,2026-10-07T11:48:51+00:00,2026/20261007T114851Z__0e16365ddc82.html.gz
Pirrís,2026-01-03,1204.91,1204.84,1204.51,2026-10-07T11:48:51+00:00,2026/20261007T114851Z__0e16365ddc82.html.gz
Pirrís,2026-01-04,1204.9,1204.92,1204.41,2026-10-07T11:48:51+00:00,2026/20261007T114851Z__0e16365ddc82.html.gz
Pirrís,2026-01-05,1204.91,1204.92,1204.32,2026-10-07T11:48:51+00:00,2026/20261007T114851Z__0e16365ddc82.html.gz
Pirrís,2026-01-06,1204.88,1204.8,1204.22,2026-10-07T11:48:51+00:00,2026/20261007T114851Z__0e16365ddc82.html.gz
Pirrís,2026-01-07,1204.8,1204.57,1204.13,2026-10-07T11:48:51+00:00,2026/20261007T114851Z__0e16365ddc82.html.gz
Pirrís,2026-01-08,1204.61,1204.59,1204.01,2026-10-07T11:48:51+00:00,2026/20261007T114851Z__0e16365ddc82.html.gz
Pirrís,2026-01-09,1204.42,1204.49,1203.89,2026-10-07T11:48:51+00:00,2026/20261007T114851Z__0e16365ddc82.html.gz
Pirrís,2026-01-10,1204.05,1203.98,1203.77,2026-10-07T11:48:51+00:00,2026/20261007T114851Z__0e16365ddc82.html.gz
Pirrís,2026-01-11,1203.79,1203.69,1203.64,2026-10-07T11:48:51+00:00,2026/20261007T114851Z__0e16365ddc82.html.gz
Pirrís,2026-01-12,1203.66,1203.58,1203.52,2026-10-07T11:48:51+00:00,2026/20261007T114851Z__0e16365ddc82.html.gz
Pirrís,2026-01-13,1203.22,1203.22,1203.4,2026-10-07T11:48:51+00:00,2026/20261007T114851Z__0e16365ddc82.html.gz
Pirrís,2026-01-14,1203.19,1203.21,1203.28,2026-10-07T11:48:51+00:00,2026/20261007T114851Z__0e16365ddc82.html.gz
Pirrís,2026-01-15,1203.27,1203.23,1203.29,2026-10-07T11:48:51+00:00,2026/20261007T114851Z__0e16365ddc82.html.gz
Pirrís,2026-01-16,1203.29,1203.21,1203.31,2026-10-07T11:48:51+00:00,2026/20261007T114851Z__0e16365ddc82.html.gz
Pirrís,2026-01-17,1203.32,1203.24,1203.32,2026-10-07T11:48:51+00:00,2026/20261007T114851Z__0e16365ddc82.html.gz
Pirrís,2026-01-18,1203.31,1203.26,1203.33,2026-10-07T11:48:51+00:00,2026/20261007T114851Z__0e16365ddc82.html.gz
Pirrís,2026-01-19,1203.51,1203.53,1203.34,2026-10-07T11:48:51+00:00,2026/20261007T114851Z__0e16365ddc82.html.gz
Pirrís,2026-01-20,1203.66,1203.56,1203.36,2026-10-07T11:48:51+00:00,2026/20261007T114851Z__0e16365ddc82.html.gz
Pirrís,2026-01-21,1203.79,1203.72,1203.37,2026-10-07T11:48:51+00:00,2026/20261007T114851Z__0e16365ddc82.html.gz
Pirrís,2026-01-22,1204.02,1204.05,1203.38,2026-10-07T11:48:51+00:00,2026/20261007T114851Z__0e16365ddc82.html.gz
Pirrís,2026-01-23,1204.26,1204.3,1203.38,2026-10-07T11:48:51+00:00,2026/20261007T114851Z__0e16365ddc82.html.gz
Pirrís,2026-01-24,1204.47,1204.49,1203.39,2026-10-07T11:48:51+00:00,2026/20261007T114851Z__0e16365ddc82.html.gz
Pirrís,2026-01-25,1204.41,1204.39,1203.39,2026-10-07T11:48:51+00:00,2026/20261007T114851Z__0e16365ddc82.html.gz
Pirrís,2026-01-26,1204.4,1204.38,1203.4,2026-10-07T11:48:51+00:00,2026/20261007T114851Z__0e16365ddc82.html.gz
Pirrís,2026-01-27,1203.74,1203.71,1203.4,2026-10-07T11:48:51+00:00,2026/20261007T114851Z__0e16365ddc82.html.gz
Pirrís,2026-01-28,1203.64,1203.67,1203.41,2026-10-07T11:48:51+00:00,2026/20261007T114851Z__0e16365ddc82.html.gz
Pirrís,2026-01-29,1203.59,1203.64,1203.43,2026-10-07T11:48:51+00:00,2026/20261007T114851Z__0e16365ddc82.html.gz
Pirrís,2026-01-30,1203.63,1203.61,1203.45,2026-10-07T11:48:51+00:00,2026/20261007T114851Z__0e16365ddc82.html.gz
Pirrís,2026-01-31,1203.64,1203.57,1203.47,2026-10-07T11:48:51+00:00,2026/20261007T114851Z__0e16365ddc82.html.gz
Pirrís,2026-02-01,1203.72,1203.56,1203.48,2026-10-07T11:48:51+00:00,2026/20261007T114851Z__0e16365ddc82.html.gz
Pirrís,2026-02-02,1203.96,1204.01,1203.5,2026-10-07T11:48:51+00:00,2026/20261007T114851Z__0e16365ddc82.html.gz
Pirrís,2026-02-03,1204.23,1204.31,1203.52,2026-10-07T11:48:51+00:00,2026/20261007T114851Z__0e16365ddc82.html.gz
Pirrís,2026-02-04,1204.48,1204.33,1203.54,2026-10-07T11:48:51+00:00,2026/20261007T114851Z__0e16365ddc82.html.gz
Pirrís,2026-02-05,1204.72,1204.6,1203.52,2026-10-07T11:48:51+00:00,2026/20261007T114851Z__0e16365ddc82.html.gz
Pirrís,2026-02-06,1204.84,1204.79,1203.5,2026-10-07T11:48:51+00:00,2026/20261007T114851Z__0e16365ddc82.html.gz
Pirrís,2026-02-07,1204.88,1204.86,1203.48,2026-10-07T11:48:51+00:00,2026/20261007T114851Z__0e16365ddc82.html.gz
Pirrís,2026-02-08,1204.89,1204.88,1203.46,2026-10-07T11:48:51+00:00,2026/20261007T114851Z__0e16365ddc82.html.gz
Pirrís,2026-02-09,1204.88,1204.91,1203.44,2026-10-07T11:48:51+00:00,2026/20261007T114851Z__0e16365ddc82.html.gz
Pirrís,2026-02-10,1204.85,1204.79,1203.42,2026-10-07T11:48:51+00:00,2026/20261007T114851Z__0e16365ddc82.html.gz
Pirrís,2026-02-11,1204.94,1204.94,1203.4,2026-10-07T11:48:51+00:00,2026/20261007T114851Z__0e16365ddc82.html.gz
Pirrís,2026-02-12,1204.93,1204.93,1203.41,2026-10-07T11:48:51+00:00,2026/20261007T114851Z__0e16365ddc82.html.gz
Pirrís,2026-02-13,1204.95,1204.95,1203.43,2026-10-07T11:48:51+00:00,2026/20261007T114851Z__0e16365ddc82.html.gz
Pirrís,2026-02-14,1204.92,1204.95,1203.44,2026-10-07T11:48:51+00:00,2026/20261007T114851Z__0e16365ddc82.html.gz
Pirrís,2026-02-15,1204.94,1204.93,1203.46,2026-10-07T11:48:51+00:00,2026/20261007T114851Z__0e16365ddc82.html.gz
Pirrís,2026-02-16,1204.87,1204.88,1203.47,2026-10-07T11:48:51+00:00,2026/20261007T114851Z__0e16365ddc82.html.gz
Pirrís,2026-02-17,1204.81,1204.81,1203.49,2026-10-07T11:48:51+00:00,2026/20261007T114851Z__0e16365ddc82.html.gz
Pirrís,2026-02-18,1204.79,1204.8,1203.5,2026-10-07T11:48:51+00:00,2026/20261007T114851Z__0e16365ddc82.html.gz
Pirrís,2026-02-19,1204.71,1204.68,1203.54,2026-10-07T11:48:51+00:00,2026/20261007T114851Z__0e16365ddc82.html.gz
Pirrís,2026-02-20,1204.6,1204.48,1203.57,2026-10-07T11:48:51+00:00,2026/20261007T114851Z__0e16365ddc82.html.gz
Pirrís,2026-02-21,1204.33,1204.07,1203.61,2026-10-07T11:48:51+00:00,2026/20261007T114851Z__0e16365ddc82.html.gz
Pirrís,2026-02-22,1204.39,1204.31,1203.65,2026-10-07T11:48:51+00:00,2026/20261007T114851Z__0e16365ddc82.html.gz
Pirrís,2026-02-23,1204.6,1204.61,1203.69,2026-10-07T11:48:51+00:00,2026/20261007T114851Z__0e16365ddc82.html.gz
Pirrís,2026-02-24,1204.81,1204.86,1203.72,2026-10-07T11:48:51+00:00,2026/20261007T114851Z__0e16365ddc82.html.gz
Pirrís,2026-02-25,1204.91,1204.88,1203.76,2026-10-07T11:48:51+00:00,2026/20261007T114851Z__0e16365ddc82.html.gz
Pirrís,2026-02-26,1204.91,1204.94,1203.87,2026-10-07T11:48:51+00:00,2026/20261007T114851Z__0e16365ddc82.html.gz
Pirrís,2026-02-27,1204.91,1204.91,1203.98,2026-10-07T11:48:51+00:00,2026/20261007T114851Z__0e16365ddc82.html.gz
Pirrís,2026-02-28,1204.88,1204.82,1204.09,2026-10-07T11:48:51+00:00,2026/20261007T114851Z__0e16365ddc82.html.gz
Pirrís,2026-03-01,1204.89,1204.9,1204.19,2026-10-07T11:48:51+00:00,2026/20261007T114851Z__0e16365ddc82.html.gz
Pirrís,2026-03-02,1204.85,1204.9,1204.3,2026-10-07T11:48:51+00:00,2026/20261007T114851Z__0e16365ddc82.html.gz
Pirrís,2026-03-03,1204.72,1204.7,1204.41,2026-10-07T11:48:51+00:00,2026/20261007T114851Z__0e16365ddc82.html.gz
Pirrís,2026-03-04,1204.55,1204.51,1204.52,2026-10-07T11:48:51+00:00,2026/20261007T114851Z__0e16365ddc82.html.gz
Pirrís,2026-03-05,1204.33,1204.3,1204.39,2026-10-07T11:48:51+00:00,2026/20261007T114851Z__0e16365ddc82.html.gz
Pirrís,2026-03-06,1204.02,1203.95,1204.26,2026-10-07T11:48:51+00:00,2026/20261007T114851Z__0e16365ddc82.html.gz
Pirrís,2026-03-07,1203.83,1203.61,1204.13,2026-10-07T11:48:51+00:00,2026/20261007T114851Z__0e16365ddc82.html.gz
Pirrís,2026-03-08,1203.49,1203.51,1204.01,2026-10-07T11:48:51+00:00,2026/20261007T114851Z__0e16365ddc82.html.gz
Pirrís,2026-03-09,1203.46,1203.51,1203.88,2026-10-07T11:48:51+00:00,2026/20261007T114851Z__0e16365ddc82.html.gz
Pirrís,2026-03-10,1203.39,1203.46,1203.75,2026-10-07T11:48:51+00:00,2026/20261007T114851Z__0e16365ddc82.html.gz
Pirrís,2026-03-11,1203.41,1203.37,1203.62,2026-10-07T11:48:51+00:00,2026/20261007T114851Z__0e16365ddc82.html.gz
Pirrís,2026-03-12,1203.44,1203.45,1203.58,2026-10-07T11:48:51+00:00,2026/20261007T114851Z__0e16365ddc82.html.gz
Pirrís,2026-03-13,1203.41,1203.49,1203.54,2026-10-07T11:48:51+00:00,2026/20261007T114851Z__0e16365ddc82.html.gz
Pirrís,2026-03-14,1203.41,1203.45,1203.5,2026-10-07T11:48:51+00:00,2026/20261007T114851Z__0e16365ddc82.html.gz
Pirrís,2026-03-15,1203.48,1203.48,1203.47,2026-10-07T11:48:51+00:00,2026/20261007T114851Z__0e16365ddc82.html.gz
Pirrís,2026-03-16,1203.6,1203.62,1203.43,2026-10-07T11:48:51+00:00,2026/20261007T114851Z__0e16365ddc82.html.gz
Pirrís,2026-03-17,1203.32,1203.26,1203.39,2026-10-07T11:48:51+00:00,2026/20261007T114851Z__0e16365ddc82.html.gz
Pirrís,2026-03-18,1202.97,1203.01,1203.35,2026-10-07T11:48:51+00:00,2026/20261007T114851Z__0e16365ddc82.html.gz
Pirrís,2026-03-19,1202.9,1203.01,1203.34,2026-10-07T11:48:51+00:00,2026/20261007T114851Z__0e16365ddc82.html.gz
Pirrís,2026-03-20,1202.97,1203.01,1203.34,2026-10-07T11:48:51+00:00,2026/20261007T114851Z__0e16365ddc82.html.gz
Pirrís,2026-03-21,1203.01,1203.01,1203.33,2026-10-07T11:48:51+00:00,2026/20261007T114851Z__0e16365ddc82.html.gz
Pirrís,2026-03-22,1203.03,1203.01,1203.33,2026-10-07T11:48:51+00:00,2026/20261007T114851Z__0e16365ddc82.html.gz
Pirrís,2026-03-23,1203.17,1203.21,1203.32,2026-10-07T11:48:51+00:00,2026/20261007T114851Z__0e16365ddc82.html.gz
Pirrís,2026-03-24,1203.17,1203.2,1203.32,2026-10-07T11:48:51+00:00,2026/20261007T114851Z__0e16365ddc82.html.gz
Pirrís,2026-03-25,1203.17,1203.18,1203.31,2026-10-07T11:48:51+00:00,2026/20261007T114851Z__0e16365ddc82.html.gz
Pirrís,2026-03-26,1203.09,1203.11,1203.29,2026-10-07T11:48:51+00:00,2026/20261007T114851Z__0e16365ddc82.html.gz
Pirrís,2026-03-27,1203.09,1203.12,1203.28,2026-10-07T11:48:51+00:00,2026/20261007T114851Z__0e16365ddc82.html.gz
Pirrís,2026-03-28,1203.15,1203.17,1203.26,2026-10-07T11:48:51+00:00,2026/20261007T114851Z__0e16365ddc82.html.gz
Pirrís,2026-03-29,1203.17,1203.18,1203.25,2026-10-07T11:48:51+00:00,2026/20261007T114851Z__0e16365ddc82.html.gz
Pirrís,2026-03-30,1203.21,1203.25,1203.23,2026-10-07T11:48:51+00:00,2026/20261007T114851Z__0e16365ddc82.html.gz
Pirrís,2026-03-31,1203.33,1203.34,1203.22,2026-10-07T11:48:51+00:00,2026/20261007T114851Z__0e16365ddc82.html.gz
Pirrís,2026-04-01,1203.44,1203.41,1203.2,2026-10-07T11:48:51+00:00,2026/20261007T114851Z__0e16365ddc82.html.gz
Pirrís,2026-04-02,1203.54,1203.45,1203.19,2026-10-07T11:48:51+00:00,2026/20261007T114851Z__0e16365ddc82.html.gz
Pirrís,2026-04-03,1203.71,1203.66,1203.19,2026-10-07T11:48:51+00:00,2026/20261007T114851Z__0e16365ddc82.html.gz
Pirrís,2026-04-04,1203.86,1203.86,1203.18,2026-10-07T11:48:51+00:00,2026/20261007T114851Z__0e16365ddc82.html.gz
Pirrís,2026-04-05,1204.05,1204.03,1203.18,2026-10-07T11:48:51+00:00,2026/20261007T114851Z__0e16365ddc82.html.gz
Pirrís,2026-04-06,1204.23,1204.24,1203.17,2026-10-07T11:48:51+00:00,2026/20261007T114851Z__0e16365ddc82.html.gz
Pirrís,2026-04-07,1204.1,1204.0,1203.17,2026-10-07T11:48:51+00:00,2026/20261007T114851Z__0e16365ddc82.html.gz
Pirrís,2026-04-08,1203.73,1203.64,1203.16,2026-10-07T11:48:51+00:00,2026/20261007T114851Z__0e16365ddc82.html.gz
Pirrís,2026-04-09,1203.59,1203.44,1203.14,2026-10-07T11:48:51+00:00,2026/20261007T114851Z__0e16365ddc82.html.gz
Pirrís,2026-04-10,1203.41,1203.27,1203.13,2026-10-07T11:48:51+00:00,2026/20261007T114851Z__0e16365ddc82.html.gz
Pirrís,2026-04-11,1203.41,1203.08,1203.11,2026-10-07T11:48:51+00:00,2026/20261007T114851Z__0e16365ddc82.html.gz
Pirrís,2026-04-12,1203.55,1203.56,1203.09,2026-10-07T11:48:51+00:00,2026/20261007T114851Z__0e16365ddc82.html.gz
Pirrís,2026-04-13,1203.68,1203.68,1203.07,2026-10-07T11:48:51+00:00,2026/20261007T114851Z__0e16365ddc82.html.gz
Pirrís,2026-04-14,1203.82,1203.7,1203.06,2026-10-07T11:48:51+00:00,2026/20261007T114851Z__0e16365ddc82.html.gz
Pirrís,2026-04-15,1203.48,1203.41,1203.04,2026-10-07T11:48:51+00:00,2026/20261007T114851Z__0e16365ddc82.html.gz
Pirrís,2026-04-16,1203.04,1203.1,1202.19,2026-10-07T11:48:51+00:00,2026/20261007T114851Z__0e16365ddc82.html.gz
Pirrís,2026-04-17,1202.98,1203.01,1201.33,2026-10-07T11:48:51+00:00,2026/20261007T114851Z__0e16365ddc82.html.gz
Pirrís,2026-04-18,1203.0,1202.97,1200.48,2026-10-07T11:48:51+00:00,2026/20261007T114851Z__0e16365ddc82.html.gz
Pirrís,2026-04-19,1202.3,1202.0,1199.63,2026-10-07T11:48:51+00:00,2026/20261007T114851Z__0e16365ddc82.html.gz
Pirrís,2026-04-20,1201.65,1201.4,1198.78,2026-10-07T11:48:51+00:00,2026/20261007T114851Z__0e16365ddc82.html.gz
Pirrís,2026-04-21,1200.87,1200.72,1197.92,2026-10-07T11:48:51+00:00,2026/20261007T114851Z__0e16365ddc82.html.gz
Pirrís,2026-04-22,1199.92,1199.69,1197.07,2026-10-07T11:48:51+00:00,2026/20261007T114851Z__0e16365ddc82.html.gz
Pirrís,2026-04-23,1199.18,1198.93,1196.49,2026-10-07T11:48:51+00:00,2026/20261007T114851Z__0e16365ddc82.html.gz
Pirrís,2026-04-24,1198.74,1198.52,1195.92,2026-10-07T11:48:51+00:00,2026/20261007T114851Z__0e16365ddc82.html.gz
Pirrís,2026-04-25,1197.7,1197.66,1195.34,2026-10-07T11:48:51+00:00,2026/20261007T114851Z__0e16365ddc82.html.gz
Pirrís,2026-04-26,1196.82,1196.73,1194.76,2026-10-07T11:48:51+00:00,2026/20261007T114851Z__0e16365ddc82.html.gz
Pirrís,2026-04-27,1196.2,1196.2,1194.18,2026-10-07T11:48:51+00:00,2026/20261007T114851Z__0e16365ddc82.html.gz
Pirrís,2026-04-28,1195.4,1195.14,1193.61,2026-10-07T11:48:51+00:00,2026/20261007T114851Z__0e16365ddc82.html.gz
Pirrís,2026-04-29,1194.4,1194.35,1193.03,2026-10-07T11:48:51+00:00,2026/20261007T114851Z__0e16365ddc82.html.gz
Pirrís,2026-04-30,1193.41,1193.35,1192.56,2026-10-07T11:48:51+00:00,2026/20261007T114851Z__0e16365ddc82.html.gz
Pirrís,2026-05-01,1193.02,1192.79,1192.08,2026-10-07T11:48:51+00:00,2026/20261007T114851Z__0e16365ddc82.html.gz
Pirrís,2026-05-02,1192.61,1192.46,1191.61,2026-10-07T11:48:51+00:00,2026/20261007T114851Z__0e16365ddc82.html.gz
Pirrís,2026-05-03,1192.15,1191.85,1191.13,2026-10-07T11:48:51+00:00,2026/20261007T114851Z__0e16365ddc82.html.gz
Pirrís,2026-05-04,1192.02,1192.01,1190.66,2026-10-07T11:48:51+00:00,2026/20261007T114851Z__0e16365ddc82.html.gz
Pirrís,2026-05-05,1191.74,1191.38,1190.18,2026-10-07T11:48:51+00:00,2026/20261007T114851Z__0e16365ddc82.html.gz
Pirrís,2026-05-06,1191.42,1191.2,1189.71,2026-10-07T11:48:51+00:00,2026/20261007T114851Z__0e16365ddc82.html.gz
Pirrís,2026-05-07,1191.12,1191.1,1189.19,2026-10-07T11:48:51+00:00,2026/20261007T114851Z__0e16365ddc82.html.gz
Pirrís,2026-05-08,1190.49,1190.38,1188.67,2026-10-07T11:48:51+00:00,2026/20261007T114851Z__0e16365ddc82.html.gz
Pirrís,2026-05-09,1190.05,1190.08,1188.15,2026-10-07T11:48:51+00:00,2026/20261007T114851Z__0e16365ddc82.html.gz
Pirrís,2026-05-10,1189.44,1189.31,1187.63,2026-10-07T11:48:51+00:00,2026/20261007T114851Z__0e16365ddc82.html.gz
Pirrís,2026-05-11,1189.04,1189.04,1187.11,2026-10-07T11:48:51+00:00,2026/20261007T114851Z__0e16365ddc82.html.gz
Pirrís,2026-05-12,1187.96,1187.94,1186.59,2026-10-07T11:48:51+00:00,2026/20261007T114851Z__0e16365ddc82.html.gz
Pirrís,2026-05-13,1187.06,1186.97,1186.07,2026-10-07T11:48:51+00:00,2026/20261007T114851Z__0e16365ddc82.html.gz
Pirrís,2026-05-14,1186.01,1186.01,1185.66,2026-10-07T11:48:51+00:00,2026/20261007T114851Z__0e16365ddc82.html.gz
Pirrís,2026-05-15,1185.53,1185.45,1185.24,2026-10-07T11:48:51+00:00,2026/20261007T114851Z__0e16365ddc82.html.gz
Pirrís,2026-05-16,1185.08,1185.08,1184.83,2026-10-07T11:48:51+00:00,2026/20261007T114851Z__0e16365ddc82.html.gz
Pirrís,2026-05-17,1184.72,1184.63,1184.41,2026-10-07T11:48:51+00:00,2026/20261007T114851Z__0e16365ddc82.html.gz
Pirrís,2026-05-18,1184.51,1184.41,1184.0,2026-10-07T11:48:51+00:00,2026/20261007T114851Z__0e16365ddc82.html.gz
Pirrís,2026-05-19,1184.14,1184.19,1183.58,2026-10-07T11:48:51+00:00,2026/20261007T114851Z__0e16365ddc82.html.gz
Pirrís,2026-05-20,1183.68,1183.66,1183.17,2026-10-07T11:48:51+00:00,2026/20261007T114851Z__0e16365ddc82.html.gz
Pirrís,2026-05-21,1183.87,1183.69,1182.81,2026-10-07T11:48:51+00:00,2026/20261007T114851Z__0e16365ddc82.html.gz
Pirrís,2026-05-22,1183.73,1183.61,1182.46,2026-10-07T11:48:51+00:00,2026/20261007T114851Z__0e16365ddc82.html.gz
Pirrís,2026-05-23,1183.56,1183.55,1182.1,2026-10-07T11:48:51+00:00,2026/20261007T114851Z__0e16365ddc82.html.gz
Pirrís,2026-05-24,1183.49,1183.47,1181.74,2026-10-07T11:48:51+00:00,2026/20261007T114851Z__0e16365ddc82.html.gz
Pirrís,2026-05-25,1183.46,1183.45,1181.38,2026-10-07T11:48:51+00:00,2026/20261007T114851Z__0e16365ddc82.html.gz
Pirrís,2026-05-26,1183.37,1183.36,1181.03,2026-10-07T11:48:51+00:00,2026/20261007T114851Z__0e16365ddc82.html.gz
Pirrís,2026-05-27,1182.94,1182.97,1180.67,2026-10-07T11:48:51+00:00,2026/20261007T114851Z__0e16365ddc82.html.gz
Pirrís,2026-05-28,1183.11,1183.0,1180.28,2026-10-07T11:48:51+00:00,2026/20261007T114851Z__0e16365ddc82.html.gz
Pirrís,2026-05-29,1182.64,1182.6,1179.88,2026-10-07T11:48:51+00:00,2026/20261007T114851Z__0e16365ddc82.html.gz
Pirrís,2026-05-30,1181.77,1181.83,1179.49,2026-10-07T11:48:51+00:00,2026/20261007T114851Z__0e16365ddc82.html.gz
Pirrís,2026-05-31,1181.21,1180.91,1179.09,2026-10-07T11:48:51+00:00,2026/20261007T114851Z__0e16365ddc82.html.gz
Pirrís,2026-06-01,1180.75,1180.71,1178.7,2026-10-07T11:48:51+00:00,2026/20261007T114851Z__0e16365ddc82.html.gz
Pirrís,2026-06-02,1179.77,1179.8,1178.3,2026-10-07T11:48:51+00:00,2026/20261007T114851Z__0e16365ddc82.html.gz
Pirrís,2026-06-03,1179.02,1178.94,1177.91,2026-10-07T11:48:51+00:00,2026/20261007T114851Z__0e16365ddc82.html.gz
Pirrís,2026-06-04,1181.02,1180.42,1177.31,2026-10-07T11:48:51+00:00,2026/20261007T114851Z__0e16365ddc82.html.gz
Pirrís,2026-06-05,1181.18,1180.91,1176.72,2026-10-07T11:48:51+00:00,2026/20261007T114851Z__0e16365ddc82.html.gz
Pirrís,2026-06-06,1180.73,1180.33,1176.12,2026-10-07T11:48:51+00:00,2026/20261007T114851Z__0e16365ddc82.html.gz
Pirrís,2026-06-07,1180.96,1180.62,1175.52,2026-10-07T11:48:51+00:00,2026/20261007T114851Z__0e16365ddc82.html.gz
Pirrís,2026-06-08,1182.16,1181.26,1174.92,2026-10-07T11:48:51+00:00,2026/20261007T114851Z__0e16365ddc82.html.gz
Pirrís,2026-06-09,1181.98,1181.48,1174.33,2026-10-07T11:48:51+00:00,2026/20261007T114851Z__0e16365ddc82.html.gz
Pirrís,2026-06-10,1181.79,1181.11,1173.73,2026-10-07T11:48:51+00:00,2026/20261007T114851Z__0e16365ddc82.html.gz
Pirrís,2026-06-11,1180.97,1180.99,1173.7,2026-10-07T11:48:51+00:00,2026/20261007T114851Z__0e16365ddc82.html.gz
Pirrís,2026-06-12,1179.6,1179.52,1173.66,2026-10-07T11:48:51+00:00,2026/20261007T114851Z__0e16365ddc82.html.gz
Pirrís,2026-06-13,1178.14,1177.56,1173.63,2026-10-07T11:48:51+00:00,2026/20261007T114851Z__0e16365ddc82.html.gz
Pirrís,2026-06-14,1176.77,1176.7,1173.6,2026-10-07T11:48:51+00:00,2026/20261007T114851Z__0e16365ddc82.html.gz
Pirrís,2026-06-15,1176.11,1176.14,1173.57,2026-10-07T11:48:51+00:00,2026/20261007T114851Z__0e16365ddc82.html.gz
Pirrís,2026-06-16,1175.23,1175.15,1173.53,2026-10-07T11:48:51+00:00,2026/20261007T114851Z__0e16365ddc82.html.gz
Pirrís,2026-06-17,1174.98,1174.71,1173.5,2026-10-07T11:48:51+00:00,2026/20261007T114851Z__0e16365ddc82.html.gz
Pirrís,2026-06-18,1174.27,1174.26,1173.73,2026-10-07T11:48:51+00:00,2026/20261007T114851Z__0e16365ddc82.html.gz
Pirrís,2026-06-19,1173.5,1173.33,1173.97,2026-10-07T11:48:51+00:00,2026/20261007T114851Z__0e16365ddc82.html.gz
Pirrís,2026-06-20,1172.76,1172.93,1174.2,2026-10-07T11:48:51+00:00,2026/20261007T114851Z__0e16365ddc82.html.gz
Pirrís,2026-06-21,1172.32,1172.21,1174.43,2026-10-07T11:48:51+00:00,2026/20261007T114851Z__0e16365ddc82.html.gz
Pirrís,2026-06-22,1172.25,1171.94,1174.66,2026-10-07T11:48:51+00:00,2026/20261007T114851Z__0e16365ddc82.html.gz
Pirrís,2026-06-23,1172.05,1171.92,1174.9,2026-10-07T11:48:51+00:00,2026/20261007T114851Z__0e16365ddc82.html.gz
Pirrís,2026-06-24,1170.87,1170.95,1175.13,2026-10-07T11:48:51+00:00,2026/20261007T114851Z__0e16365ddc82.html.gz
Pirrís,2026-06-25,1170.0,1169.83,1175.84,2026-10-07T11:48:51+00:00,2026/20261007T114851Z__0e16365ddc82.html.gz
Pirrís,2026-06-26,1169.92,1169.84,1176.54,2026-10-07T11:48:51+00:00,2026/20261007T114851Z__0e16365ddc82.html.gz
Pirrís,2026-06-27,1170.0,1170.03,1177.25,2026-10-07T11:48:51+00:00,2026/20261007T114851Z__0e16365ddc82.html.gz
Pirrís,2026-06-28,1170.06,1170.03,1177.96,2026-10-07T11:48:51+00:00,2026/20261007T114851Z__0e16365ddc82.html.gz
Pirrís,2026-06-29,1170.65,1170.66,1178.67,2026-10-07T11:48:51+00:00,2026/20261007T114851Z__0e16365ddc82.html.gz
Pirrís,2026-06-30,1170.43,1170.52,1179.37,2026-10-07T11:48:51+00:00,2026/20261007T114851Z__0e16365ddc82.html.gz
Pirrís,2026-07-01,1170.27,1170.33,1180.08,2026-10-07T11:48:51+00:00,2026/20261007T114851Z__0e16365ddc82.html.gz
Pirrís,2026-07-02,1170.46,1170.37,1180.56,2026-10-07T11:48:51+00:00,2026/20261007T114851Z__0e16365ddc82.html.gz
Pirrís,2026-07-03,1171.05,1170.97,1181.05,2026-10-07T11:48:51+00:00,2026/20261007T114851Z__0e16365ddc82.html.gz
Pirrís,2026-07-04,1171.82,1171.84,1181.53,2026-10-07T11:48:51+00:00,2026/20261007T114851Z__0e16365ddc82.html.gz
Pirrís,2026-07-05,1172.49,1172.52,1182.02,2026-10-07T11:48:51+00:00,2026/20261007T114851Z__0e16365ddc82.html.gz
Pirrís,2026-07-06,1173.15,1173.15,1182.5,2026-10-07T11:48:51+00:00,2026/20261007T114851Z__0e16365ddc82.html.gz
Pirrís,2026-07-07,1173.18,1173.13,1182.99,2026-10-07T11:48:51+00:00,2026/20261007T114851Z__0e16365ddc82.html.gz
Pirrís,2026-07-08,1172.99,1172.82,1183.47,2026-10-07T11:48:51+00:00,2026/20261007T114851Z__0e16365ddc82.html.gz
Pirrís,2026-07-09,1171.94,1171.92,1183.53,2026-10-07T11:48:51+00:00,2026/20261007T114851Z__0e16365ddc82.html.gz
Pirrís,2026-07-10,1172.0,1171.92,1183.58,2026-10-07T11:48:51+00:00,2026/20261007T114851Z__0e16365ddc82.html.gz
Pirrís,2026-07-11,1173.65,1172.49,1183.64,2026-10-07T11:48:51+00:00,2026/20261007T114851Z__0e16365ddc82.html.gz
Pirrís,2026-07-12,1174.15,1173.55,1183.7,2026-10-07T11:48:51+00:00,2026/20261007T114851Z__0e16365ddc82.html.gz
Pirrís,2026-07-13,1174.1,1173.64,1183.76,2026-10-07T11:48:51+00:00,2026/20261007T114851Z__0e16365ddc82.html.gz
Pirrís,2026-07-14,1173.84,1173.79,1183.81,2026-10-07T11:48:51+00:00,2026/20261007T114851Z__0e16365ddc82.html.gz
Pirrís,2026-07-15,1174.24,1174.03,1183.87,2026-10-07T11:48:51+00:00,2026/20261007T114851Z__0e16365ddc82.html.gz
Pirrís,2026-07-16,1174.17,1174.21,1184.09,2026-10-07T11:48:51+00:00,2026/20261007T114851Z__0e16365ddc82.html.gz
Pirrís,2026-07-17,1174.26,1174.21,1184.31,2026-10-07T11:48:51+00:00,2026/20261007T114851Z__0e16365ddc82.html.gz
Pirrís,2026-07-18,1174.73,1174.67,1184.53,2026-10-07T11:48:51+00:00,2026/20261007T114851Z__0e16365ddc82.html.gz
Pirrís,2026-07-19,1175.35,1175.33,1184.75,2026-10-07T11:48:51+00:00,2026/20261007T114851Z__0e16365ddc82.html.gz
Pirrís,2026-07-20,1175.93,1175.99,1184.97,2026-10-07T11:48:51+00:00,2026/20261007T114851Z__0e16365ddc82.html.gz
Pirrís,2026-07-21,1176.53,1176.39,1185.19,2026-10-07T11:48:51+00:00,2026/20261007T114851Z__0e16365ddc82.html.gz
Pirrís,2026-07-22,1177.11,1176.88,1185.41,2026-10-07T11:48:51+00:00,2026/20261007T114851Z__0e16365ddc82.html.gz
Pirrís,2026-07-23,1177.95,1177.58,1185.56,2026-10-07T11:48:51+00:00,2026/20261007T114851Z__0e16365ddc82.html.gz
Pirrís,2026-07-24,1179.16,1178.83,1185.71,2026-10-07T11:48:51+00:00,2026/20261007T114851Z__0e16365ddc82.html.gz
Pirrís,2026-07-25,1180.17,1179.73,1185.86,2026-10-07T11:48:51+00:00,2026/20261007T114851Z__0e16365ddc82.html.gz
Pirrís,2026-07-26,1181.0,1180.92,1186.01,2026-10-07T11:48:51+00:00,2026/20261007T114851Z__0e16365ddc82.html.gz
Pirrís,2026-07-27,1181.63,1181.43,1186.16,2026-10-07T11:48:51+00:00,2026/20261007T114851Z__0e16365ddc82.html.gz
Pirrís,2026-07-28,1181.99,1181.92,1186.31,2026-10-07T11:48:51+00:00,2026/20261007T114851Z__0e16365ddc82.html.gz
Pirrís,2026-07-29,1182.15,1182.01,1186.46,2026-10-07T11:48:51+00:00,2026/20261007T114851Z__0e16365ddc82.html.gz
Pirrís,2026-07-30,1182.39,1182.37,1186.68,2026-10-07T11:48:51+00:00,2026/20261007T114851Z__0e16365ddc82.html.gz
Pirrís,2026-07-31,1182.49,1182.53,1186.89,2026-10-07T11:48:51+00:00,2026/20261007T114851Z__0e16365ddc82.html.gz
Pirrís,2026-08-01,1182.7,1182.48,1187.11,2026-10-07T11:48:51+00:00,2026/20261007T114851Z__0e16365ddc82.html.gz
Pirrís,2026-08-02,1183.17,1183.22,1187.33,2026-10-07T11:48:51+00:00,2026/20261007T114851Z__0e16365ddc82.html.gz
Pirrís,2026-08-03,1183.6,1183.56,1187.55,2026-10-07T11:48:51+00:00,2026/20261007T114851Z__0e16365ddc82.html.gz
Pirrís,2026-08-04,1183.68,1183.71,1187.76,2026-10-07T11:48:51+00:00,2026/20261007T114851Z__0e16365ddc82.html.gz
Pirrís,2026-08-05,1183.69,1183.61,1187.98,2026-10-07T11:48:51+00:00,2026/20261007T114851Z__0e16365ddc82.html.gz
Pirrís,2026-08-06,1183.7,1183.61,1188.59,2026-10-07T11:48:51+00:00,2026/20261007T114851Z__0e16365ddc82.html.gz
Pirrís,2026-08-07,1184.0,1183.9,1189.19,2026-10-07T11:48:51+00:00,2026/20261007T114851Z__0e16365ddc82.html.gz
Pirrís,2026-08-08,1184.39,1184.31,1189.8,2026-10-07T11:48:51+00:00,2026/20261007T114851Z__0e16365ddc82.html.gz
Pirrís,2026-08-09,1184.76,1184.71,1190.4,2026-10-07T11:48:51+00:00,2026/20261007T114851Z__0e16365ddc82.html.gz
Pirrís,2026-08-10,1185.1,1185.11,1191.01,2026-10-07T11:48:51+00:00,2026/20261007T114851Z__0e16365ddc82.html.gz
Pirrís,2026-08-11,1185.23,1185.11,1191.61,2026-10-07T11:48:51+00:00,2026/20261007T114851Z__0e16365ddc82.html.gz
Pirrís,2026-08-12,1185.12,1185.12,1192.22,2026-10-07T11:48:51+00:00,2026/20261007T114851Z__0e16365ddc82.html.gz
Pirrís,2026-08-13,1185.19,1185.19,1192.63,2026-10-07T11:48:51+00:00,2026/20261007T114851Z__0e16365ddc82.html.gz
Pirrís,2026-08-14,1185.43,1185.35,1193.05,2026-10-07T11:48:51+00:00,2026/20261007T114851Z__0e16365ddc82.html.gz
Pirrís,2026-08-15,1185.62,1185.52,1193.46,2026-10-07T11:48:51+00:00,2026/20261007T114851Z__0e16365ddc82.html.gz
Pirrís,2026-08-16,1186.11,1186.01,1193.88,2026-10-07T11:48:51+00:00,2026/20261007T114851Z__0e16365ddc82.html.gz
Pirrís,2026-08-17,1186.67,1186.72,1194.29,2026-10-07T11:48:51+00:00,2026/20261007T114851Z__0e16365ddc82.html.gz
Pirrís,2026-08-18,1187.28,1187.12,1194.71,2026-10-07T11:48:51+00:00,2026/20261007T114851Z__0e16365ddc82.html.gz
Pirrís,2026-08-19,1187.7,1187.52,1195.12,2026-10-07T11:48:51+00:00,2026/20261007T114851Z__0e16365ddc82.html.gz
Pirrís,2026-08-20,1188.02,1187.97,1195.38,2026-10-07T11:48:51+00:00,2026/20261007T114851Z__0e16365ddc82.html.gz
Pirrís,2026-08-21,1188.29,1188.35,1195.64,2026-10-07T11:48:51+00:00,2026/20261007T114851Z__0e16365ddc82.html.gz
Pirrís,2026-08-22,1188.61,1188.66,1195.9,2026-10-07T11:48:51+00:00,2026/20261007T114851Z__0e16365ddc82.html.gz
Pirrís,2026-08-23,1188.93,1188.81,1196.17,2026-10-07T11:48:51+00:00,2026/20261007T114851Z__0e16365ddc82.html.gz
Pirrís,2026-08-24,1189.25,1189.21,1196.43,2026-10-07T11:48:51+00:00,2026/20261007T114851Z__0e16365ddc82.html.gz
Pirrís,2026-08-25,1189.51,1189.54,1196.69,2026-10-07T11:48:51+00:00,2026/20261007T114851Z__0e16365ddc82.html.gz
Pirrís,2026-08-26,1189.76,1189.79,1196.95,2026-10-07T11:48:51+00:00,2026/20261007T114851Z__0e16365ddc82.html.gz
Pirrís,2026-08-27,1190.0,1190.02,1196.96,2026-10-07T11:48:51+00:00,2026/20261007T114851Z__0e16365ddc82.html.gz
Pirrís,2026-08-28,1190.23,1190.26,1196.98,2026-10-07T11:48:51+00:00,2026/20261007T114851Z__0e16365ddc82.html.gz
Pirrís,2026-08-29,1190.52,1190.52,1196.99,2026-10-07T11:48:51+00:00,2026/20261007T114851Z__0e16365ddc82.html.gz
Pirrís,2026-08-30,1190.81,1190.82,1197.01,2026-10-07T11:48:51+00:00,2026/20261007T114851Z__0e16365ddc82.html.gz
Pirrís,2026-08-31,1191.09,1191.09,1197.02,2026-10-07T11:48:51+00:00,2026/20261007T114851Z__0e16365ddc82.html.gz
Pirrís,2026-09-01,1191.36,1191.34,1197.04,2026-10-07T11:48:51+00:00,2026/20261007T114851Z__0e16365ddc82.html.gz
Pirrís,2026-09-02,1191.6,1191.6,1197.05,2026-10-07T11:48:51+00:00,2026/20261007T114851Z__0e16365ddc82.html.gz
Pirrís,2026-09-03,1191.81,1191.81,1196.98,2026-10-07T11:48:51+00:00,2026/20261007T114851Z__0e16365ddc82.html.gz
Pirrís,2026-09-04,1192.05,1192.05,1196.92,2026-10-07T11:48:51+00:00,2026/20261007T114851Z__0e16365ddc82.html.gz
Pirrís,2026-09-05,1192.07,1192.31,1196.85,2026-10-07T11:48:51+00:00,2026/20261007T114851Z__0e16365ddc82.html.gz
Pirrís,2026-09-06,1192.3,1192.21,1196.78,2026-10-07T11:48:51+00:00,2026/20261007T114851Z__0e16365ddc82.html.gz
Pirrís,2026-09-07,1192.57,1192.51,1196.71,2026-10-07T11:48:51+00:00,2026/20261007T114851Z__0e16365ddc82.html.gz
Pirrís,2026-09-08,1192.71,1192.85,1196.65,2026-10-07T11:48:51+00:00,2026/20261007T114851Z__0e16365ddc82.html.gz
Pirrís,2026-09-09,1192.72,1192.84,1196.58,2026-10-07T11:48:51+00:00,2026/20261007T114851Z__0e16365ddc82.html.gz
Pirrís,2026-09-10,1192.89,1192.89,1196.71,2026-10-07T11:48:51+00:00,2026/20261007T114851Z__0e16365ddc82.html.gz
Pirrís,2026-09-11,1193.18,1193.14,1196.83,2026-10-07T11:48:51+00:00,2026/20261007T114851Z__0e16365ddc82.html.gz
Pirrís,2026-09-12,1193.44,1193.41,1196.96,2026-10-07T11:48:51+00:00,2026/20261007T114851Z__0e16365ddc82.html.gz
Pirrís,2026-09-13,1193.73,1193.69,1197.08,2026-10-07T11:48:51+00:00,2026/20261007T114851Z__0e16365ddc82.html.gz
Pirrís,2026-09-14,1194.08,1194.07,1197.21,2026-10-07T11:48:51+00:00,2026/20261007T114851Z__0e16365ddc82.html.gz
Pirrís,2026-09-15,1194.47,1194.41,1197.33,2026-10-07T11:48:51+00:00,2026/20261007T114851Z__0e16365ddc82.html.gz
Pirrís,2026-09-16,1194.72,1194.76,1197.46,2026-10-07T11:48:51+00:00,2026/20261007T114851Z__0e16365ddc82.html.gz
Pirrís,2026-09-17,1195.08,1195.01,1197.53,2026-10-07T11:48:51+00:00,2026/20261007T114851Z__0e16365ddc82.html.gz
Pirrís,2026-09-18,1195.31,1195.31,1197.61,2026-10-07T11:48:51+00:00,2026/20261007T114851Z__0e16365ddc82.html.gz
Pirrís,2026-09-19,1195.95,1195.62,1197.68,2026-10-07T11:48:51+00:00,2026/20261007T114851Z__0e16365ddc82.html.gz
Pirrís,2026-09-20,1196.86,1196.52,1197.76,2026-10-07T11:48:51+00:00,2026/20261007T114851Z__0e16365ddc82.html.gz
Pirrís,2026-09-21,1198.2,1197.43,1197.83,2026-10-07T11:48:51+00:00,2026/20261007T114851Z__0e16365ddc82.html.gz
Pirrís,2026-09-22,1199.06,1199.05,1197.91,2026-10-07T11:48:51+00:00,2026/20261007T114851Z__0e16365ddc82.html.gz
Pirrís,2026-09-23,1199.58,1199.67,1197.98,2026-10-07T11:48:51+00:00,2026/20261007T114851Z__0e16365ddc82.html.gz
Pirrís,2026-09-24,1200.34,1200.16,1198.09,2026-10-07T11:48:51+00:00,2026/20261007T114851Z__0e16365ddc82.html.gz
Pirrís,2026-09-25,1201.05,1201.01,1198.19,2026-10-07T11:48:51+00:00,2026/20261007T114851Z__0e16365ddc82.html.gz
Pirrís,2026-09-26,1202.04,1201.69,1198.3,2026-10-07T11:48:51+00:00,2026/20261007T114851Z__0e16365ddc82.html.gz
Pirrís,2026-09-27,1203.85,1203.47,1198.41,2026-10-07T11:48:51+00:00,2026/20261007T114851Z__0e16365ddc82.html.gz
Pirrís,2026-09-28,1204.21,1203.64,1198.52,2026-10-07T11:48:51+00:00,2026/20261007T114851Z__0e16365ddc82.html.gz
Pirrís,2026-09-29,1204.1,1203.91,1198.62,2026-10-07T11:48:51+00:00,2026/20261007T114851Z__0e16365ddc82.html.gz
Pirrís,2026-09-30,1204.27,1203.96,1198.73,2026-10-07T11:48:51+00:00,2026/20261007T114851Z__0e16365ddc82.html.gz
Pirrís,2026-10-01,1204.28,1203.92,1198.88,2026-10-07T11:48:51+00:00,2026/20261007T114851Z__0e16365ddc82.html.gz
Pirrís,2026-10-02,1204.08,1203.91,1199.02,2026-10-07T11:48:51+00:00,2026/20261007T114851Z__0e16365ddc82.html.gz
Pirrís,2026-10-03,1204.09,1203.92,1199.17,2026-10-07T11:48:51+00:00,2026/20261007T114851Z__0e16365ddc82.html.gz
Pirrís,2026-10-04,1204.04,1203.95,1199.31,2026-10-07T11:48:51+00:00,2026/20261007T114851Z__0e16365ddc82.html.gz
Pirrís,2026-10-05,1204.03,1204.0,1199.46,2026-10-07T11:48:51+00:00,2026/20261007T114851Z__0e16365ddc82.html.gz
Pirrís,2026-10-06,1204.1,1204.0,1199.6,2026-10-07T11:48:51+00:00,2026/20261007T114851Z__0e16365ddc82.html.gz
Pirrís,2026-10-07,1204.05,,1199.75,2026-10-07T11:48:51+00:00,2026/20261007T114851Z__0e16365ddc82.html.gz
Reventazón,2026-01-01,254.6,254.4,254.45,2026-10-07T11:48:51+00:00,2026/20261007T114851Z__0e16365ddc82.html.gz
Reventazón,2026-01-02,255.04,254.95,254.3,2026-10-07T11:48:51+00:00,2026/20261007T114851Z__0e16365ddc82.html.gz
Reventazón,2026-01-03,254.91,254.93,254.15,2026-10-07T11:48:51+00:00,2026/20261007T114851Z__0e16365ddc82.html.gz
Reventazón,2026-01-04,254.91,254.88,254.0,2026-10-07T11:48:51+00:00,2026/20261007T114851Z__0e16365ddc82.html.gz
Reventazón,2026-01-05,255.02,254.92,253.85,2026-10-07T11:48:51+00:00,2026/20261007T114851Z__0e16365ddc82.html.gz
Reventazón,2026-01-06,254.98,254.8,253.7,2026-10-07T11:48:51+00:00,2026/20261007T114851Z__0e16365ddc82.html.gz
Reventazón,2026-01-07,254.85,254.78,253.55,2026-10-07T11:48:51+00:00,2026/20261007T114851Z__0e16365ddc82.html.gz
Reventazón,2026-01-08,254.54,254.46,253.4,2026-10-07T11:48:51+00:00,2026/20261007T114851Z__0e16365ddc82.html.gz
Reventazón,2026-01-09,254.18,254.16,253.26,2026-10-07T11:48:51+00:00,2026/20261007T114851Z__0e16365ddc82.html.gz
Reventazón,2026-01-10,253.92,253.91,253.11,2026-10-07T11:48:51+00:00,2026/20261007T114851Z__0e16365ddc82.html.gz
Reventazón,2026-01-11,252.98,252.96,252.96,2026-10-07T11:48:51+00:00,2026/20261007T114851Z__0e16365ddc82.html.gz
Reventazón,2026-01-12,252.35,252.36,252.82,2026-10-07T11:48:51+00:00,2026/20261007T114851Z__0e16365ddc82.html.gz
Reventazón,2026-01-13,252.43,252.33,252.67,2026-10-07T11:48:51+00:00,2026/20261007T114851Z__0e16365ddc82.html.gz
Reventazón,2026-01-14,252.64,252.61,252.53,2026-10-07T11:48:51+00:00,2026/20261007T114851Z__0e16365ddc82.html.gz
Reventazón,2026-01-15,253.04,253.09,252.38,2026-10-07T11:48:51+00:00,2026/20261007T114851Z__0e16365ddc82.html.gz
Reventazón,2026-01-16,253.35,253.39,252.23,2026-10-07T11:48:51+00:00,2026/20261007T114851Z__0e16365ddc82.html.gz
Reventazón,2026-01-17,253.66,253.74,252.09,2026-10-07T11:48:51+00:00,2026/20261007T114851Z__0e16365ddc82.html.gz
Reventazón,2026-01-18,253.95,253.97,251.94,2026-10-07T11:48:51+00:00,2026/20261007T114851Z__0e16365ddc82.html.gz
Reventazón,2026-01-19,254.09,253.7,251.79,2026-10-07T11:48:51+00:00,2026/20261007T114851Z__0e16365ddc82.html.gz
Reventazón,2026-01-20,254.93,254.77,251.65,2026-10-07T11:48:51+00:00,2026/20261007T114851Z__0e16365ddc82.html.gz
Reventazón,2026-01-21,254.94,254.77,251.5,2026-10-07T11:48:51+00:00,2026/20261007T114851Z__0e16365ddc82.html.gz
Reventazón,2026-01-22,254.96,254.96,251.6,2026-10-07T11:48:51+00:00,2026/20261007T114851Z__0e16365ddc82.html.gz
Reventazón,2026-01-23,254.82,254.78,251.7,2026-10-07T11:48:51+00:00,2026/20261007T114851Z__0e16365ddc82.html.gz
Reventazón,2026-01-24,254.79,254.78,251.81,2026-10-07T11:48:51+00:00,2026/20261007T114851Z__0e16365ddc82.html.gz
Reventazón,2026-01-25,254.76,254.78,251.91,2026-10-07T11:48:51+00:00,2026/20261007T114851Z__0e16365ddc82.html.gz
Reventazón,2026-01-26,254.32,254.38,252.01,2026-10-07T11:48:51+00:00,2026/20261007T114851Z__0e16365ddc82.html.gz
Reventazón,2026-01-27,254.05,254.08,252.11,2026-10-07T11:48:51+00:00,2026/20261007T114851Z__0e16365ddc82.html.gz
Reventazón,2026-01-28,254.27,254.28,252.21,2026-10-07T11:48:51+00:00,2026/20261007T114851Z__0e16365ddc82.html.gz
Reventazón,2026-01-29,254.22,254.24,252.23,2026-10-07T11:48:51+00:00,2026/20261007T114851Z__0e16365ddc82.html.gz
Reventazón,2026-01-30,254.3,254.27,252.24,2026-10-07T11:48:51+00:00,2026/20261007T114851Z__0e16365ddc82.html.gz
Reventazón,2026-01-31,254.26,254.32,252.26,2026-10-07T11:48:51+00:00,2026/20261007T114851Z__0e16365ddc82.html.gz
Reventazón,2026-02-01,254.26,254.04,252.27,2026-10-07T11:48:51+00:00,2026/20261007T114851Z__0e16365ddc82.html.gz
Reventazón,2026-02-02,254.61,254.58,252.29,2026-10-07T11:48:51+00:00,2026/20261007T114851Z__0e16365ddc82.html.gz
Reventazón,2026-02-03,254.94,254.78,252.3,2026-10-07T11:48:51+00:00,2026/20261007T114851Z__0e16365ddc82.html.gz
Reventazón,2026-02-04,254.92,254.88,252.32,2026-10-07T11:48:51+00:00,2026/20261007T114851Z__0e16365ddc82.html.gz
Reventazón,2026-02-05,254.99,254.87,252.21,2026-10-07T11:48:51+00:00,2026/20261007T114851Z__0e16365ddc82.html.gz
Reventazón,2026-02-06,255.03,254.73,252.11,2026-10-07T11:48:51+00:00,2026/20261007T114851Z__0e16365ddc82.html.gz
Reventazón,2026-02-07,254.96,254.73,252.0,2026-10-07T11:48:51+00:00,2026/20261007T114851Z__0e16365ddc82.html.gz
Reventazón,2026-02-08,255.02,254.94,251.9,2026-10-07T11:48:51+00:00,2026/20261007T114851Z__0e16365ddc82.html.gz
Reventazón,2026-02-09,254.97,254.93,251.8,2026-10-07T11:48:51+00:00,2026/20261007T114851Z__0e16365ddc82.html.gz
Reventazón,2026-02-10,254.91,254.9,251.69,2026-10-07T11:48:51+00:00,2026/20261007T114851Z__0e16365ddc82.html.gz
Reventazón,2026-02-11,255.26,254.98,251.59,2026-10-07T11:48:51+00:00,2026/20261007T114851Z__0e16365ddc82.html.gz
Reventazón,2026-02-12,254.87,254.99,251.62,2026-10-07T11:48:51+00:00,2026/20261007T114851Z__0e16365ddc82.html.gz
Reventazón,2026-02-13,254.96,254.94,251.66,2026-10-07T11:48:51+00:00,2026/20261007T114851Z__0e16365ddc82.html.gz
Reventazón,2026-02-14,254.79,254.99,251.7,2026-10-07T11:48:51+00:00,2026/20261007T114851Z__0e16365ddc82.html.gz
Reventazón,2026-02-15,254.85,254.97,251.74,2026-10-07T11:48:51+00:00,2026/20261007T114851Z__0e16365ddc82.html.gz
Reventazón,2026-02-16,254.91,254.88,251.77,2026-10-07T11:48:51+00:00,2026/20261007T114851Z__0e16365ddc82.html.gz
Reventazón,2026-02-17,254.95,254.83,251.81,2026-10-07T11:48:51+00:00,2026/20261007T114851Z__0e16365ddc82.html.gz
Reventazón,2026-02-18,254.87,254.83,251.85,2026-10-07T11:48:51+00:00,2026/20261007T114851Z__0e16365ddc82.html.gz
Reventazón,2026-02-19,254.86,254.76,251.98,2026-10-07T11:48:51+00:00,2026/20261007T114851Z__0e16365ddc82.html.gz
Reventazón,2026-02-20,254.73,254.57,252.12,2026-10-07T11:48:51+00:00,2026/20261007T114851Z__0e16365ddc82.html.gz
Reventazón,2026-02-21,254.58,254.23,252.26,2026-10-07T11:48:51+00:00,2026/20261007T114851Z__0e16365ddc82.html.gz
Reventazón,2026-02-22,255.08,254.56,252.4,2026-10-07T11:48:51+00:00,2026/20261007T114851Z__0e16365ddc82.html.gz
Reventazón,2026-02-23,254.92,254.84,252.54,2026-10-07T11:48:51+00:00,2026/20261007T114851Z__0e16365ddc82.html.gz
Reventazón,2026-02-24,254.97,254.77,252.68,2026-10-07T11:48:51+00:00,2026/20261007T114851Z__0e16365ddc82.html.gz
Reventazón,2026-02-25,255.01,254.8,252.82,2026-10-07T11:48:51+00:00,2026/20261007T114851Z__0e16365ddc82.html.gz
Reventazón,2026-02-26,254.9,254.81,253.0,2026-10-07T11:48:51+00:00,2026/20261007T114851Z__0e16365ddc82.html.gz
Reventazón,2026-02-27,254.81,254.79,253.19,2026-10-07T11:48:51+00:00,2026/20261007T114851Z__0e16365ddc82.html.gz
Reventazón,2026-02-28,254.82,254.74,253.37,2026-10-07T11:48:51+00:00,2026/20261007T114851Z__0e16365ddc82.html.gz
Reventazón,2026-03-01,254.88,254.78,253.56,2026-10-07T11:48:51+00:00,2026/20261007T114851Z__0e16365ddc82.html.gz
Reventazón,2026-03-02,254.77,254.69,253.75,2026-10-07T11:48:51+00:00,2026/20261007T114851Z__0e16365ddc82.html.gz
Reventazón,2026-03-03,254.73,254.67,253.75,2026-10-07T11:48:51+00:00,2026/20261007T114851Z__0e16365ddc82.html.gz
Reventazón,2026-03-04,254.56,254.48,254.12,2026-10-07T11:48:51+00:00,2026/20261007T114851Z__0e16365ddc82.html.gz
Reventazón,2026-03-05,254.38,254.42,254.06,2026-10-07T11:48:51+00:00,2026/20261007T114851Z__0e16365ddc82.html.gz
Reventazón,2026-03-06,254.01,254.08,253.99,2026-10-07T11:48:51+00:00,2026/20261007T114851Z__0e16365ddc82.html.gz
Reventazón,2026-03-07,254.53,254.38,253.93,2026-10-07T11:48:51+00:00,2026/20261007T114851Z__0e16365ddc82.html.gz
Reventazón,2026-03-08,254.51,254.48,253.87,2026-10-07T11:48:51+00:00,2026/20261007T114851Z__0e16365ddc82.html.gz
Reventazón,2026-03-09,254.52,254.46,253.81,2026-10-07T11:48:51+00:00,2026/20261007T114851Z__0e16365ddc82.html.gz
Reventazón,2026-03-10,254.43,254.42,253.75,2026-10-07T11:48:51+00:00,2026/20261007T114851Z__0e16365ddc82.html.gz
Reventazón,2026-03-11,254.39,254.38,253.68,2026-10-07T11:48:51+00:00,2026/20261007T114851Z__0e16365ddc82.html.gz
Reventazón,2026-03-12,254.44,254.38,253.61,2026-10-07T11:48:51+00:00,2026/20261007T114851Z__0e16365ddc82.html.gz
Reventazón,2026-03-13,254.25,254.38,253.55,2026-10-07T11:48:51+00:00,2026/20261007T114851Z__0e16365ddc82.html.gz
Reventazón,2026-03-14,254.29,254.21,253.48,2026-10-07T11:48:51+00:00,2026/20261007T114851Z__0e16365ddc82.html.gz
Reventazón,2026-03-15,254.29,254.25,253.41,2026-10-07T11:48:51+00:00,2026/20261007T114851Z__0e16365ddc82.html.gz
Reventazón,2026-03-16,253.94,253.91,253.34,2026-10-07T11:48:51+00:00,2026/20261007T114851Z__0e16365ddc82.html.gz
Reventazón,2026-03-17,253.91,253.88,253.27,2026-10-07T11:48:51+00:00,2026/20261007T114851Z__0e16365ddc82.html.gz
Reventazón,2026-03-18,253.78,253.88,253.2,2026-10-07T11:48:51+00:00,2026/20261007T114851Z__0e16365ddc82.html.gz
Reventazón,2026-03-19,254.04,253.88,253.11,2026-10-07T11:48:51+00:00,2026/20261007T114851Z__0e16365ddc82.html.gz
Reventazón,2026-03-20,254.17,254.02,253.02,2026-10-07T11:48:51+00:00,2026/20261007T114851Z__0e16365ddc82.html.gz
Reventazón,2026-03-21,254.3,254.1,252.93,2026-10-07T11:48:51+00:00,2026/20261007T114851Z__0e16365ddc82.html.gz
Reventazón,2026-03-22,254.32,254.04,252.84,2026-10-07T11:48:51+00:00,2026/20261007T114851Z__0e16365ddc82.html.gz
Reventazón,2026-03-23,254.06,253.88,252.75,2026-10-07T11:48:51+00:00,2026/20261007T114851Z__0e16365ddc82.html.gz
Reventazón,2026-03-24,254.21,254.16,252.66,2026-10-07T11:48:51+00:00,2026/20261007T114851Z__0e16365ddc82.html.gz
Reventazón,2026-03-25,254.47,254.42,252.57,2026-10-07T11:48:51+00:00,2026/20261007T114851Z__0e16365ddc82.html.gz
Reventazón,2026-03-26,254.45,254.42,252.32,2026-10-07T11:48:51+00:00,2026/20261007T114851Z__0e16365ddc82.html.gz
Reventazón,2026-03-27,254.48,254.42,252.08,2026-10-07T11:48:51+00:00,2026/20261007T114851Z__0e16365ddc82.html.gz
Reventazón,2026-03-28,254.42,254.45,251.83,2026-10-07T11:48:51+00:00,2026/20261007T114851Z__0e16365ddc82.html.gz
Reventazón,2026-03-29,254.48,254.38,251.59,2026-10-07T11:48:51+00:00,2026/20261007T114851Z__0e16365ddc82.html.gz
Reventazón,2026-03-30,254.33,254.35,251.34,2026-10-07T11:48:51+00:00,2026/20261007T114851Z__0e16365ddc82.html.gz
Reventazón,2026-03-31,254.45,254.44,251.1,2026-10-07T11:48:51+00:00,2026/20261007T114851Z__0e16365ddc82.html.gz
Reventazón,2026-04-01,254.52,254.43,250.85,2026-10-07T11:48:51+00:00,2026/20261007T114851Z__0e16365ddc82.html.gz
Reventazón,2026-04-02,254.69,254.71,250.74,2026-10-07T11:48:51+00:00,2026/20261007T114851Z__0e16365ddc82.html.gz
Reventazón,2026-04-03,254.79,254.56,250.63,2026-10-07T11:48:51+00:00,2026/20261007T114851Z__0e16365ddc82.html.gz
Reventazón,2026-04-04,254.91,254.73,250.52,2026-10-07T11:48:51+00:00,2026/20261007T114851Z__0e16365ddc82.html.gz
Reventazón,2026-04-05,254.88,254.88,250.41,2026-10-07T11:48:51+00:00,2026/20261007T114851Z__0e16365ddc82.html.gz
Reventazón,2026-04-06,254.94,254.96,250.29,2026-10-07T11:48:51+00:00,2026/20261007T114851Z__0e16365ddc82.html.gz
Reventazón,2026-04-07,254.77,254.73,250.18,2026-10-07T11:48:51+00:00,2026/20261007T114851Z__0e16365ddc82.html.gz
Reventazón,2026-04-08,254.44,254.45,250.07,2026-10-07T11:48:51+00:00,2026/20261007T114851Z__0e16365ddc82.html.gz
Reventazón,2026-04-09,254.48,254.4,250.37,2026-10-07T11:48:51+00:00,2026/20261007T114851Z__0e16365ddc82.html.gz
Reventazón,2026-04-10,254.41,254.28,250.67,2026-10-07T11:48:51+00:00,2026/20261007T114851Z__0e16365ddc82.html.gz
Reventazón,2026-04-11,254.8,254.23,250.97,2026-10-07T11:48:51+00:00,2026/20261007T114851Z__0e16365ddc82.html.gz
Reventazón,2026-04-12,254.69,254.71,251.27,2026-10-07T11:48:51+00:00,2026/20261007T114851Z__0e16365ddc82.html.gz
Reventazón,2026-04-13,254.99,254.96,251.57,2026-10-07T11:48:51+00:00,2026/20261007T114851Z__0e16365ddc82.html.gz
Reventazón,2026-04-14,254.85,254.67,251.86,2026-10-07T11:48:51+00:00,2026/20261007T114851Z__0e16365ddc82.html.gz
Reventazón,2026-04-15,254.54,254.67,252.16,2026-10-07T11:48:51+00:00,2026/20261007T114851Z__0e16365ddc82.html.gz
Reventazón,2026-04-16,254.47,254.48,252.02,2026-10-07T11:48:51+00:00,2026/20261007T114851Z__0e16365ddc82.html.gz
Reventazón,2026-04-17,254.77,254.48,251.88,2026-10-07T11:48:51+00:00,2026/20261007T114851Z__0e16365ddc82.html.gz
Reventazón,2026-04-18,254.83,254.58,251.74,2026-10-07T11:48:51+00:00,2026/20261007T114851Z__0e16365ddc82.html.gz
Reventazón,2026-04-19,254.54,254.48,251.6,2026-10-07T11:48:51+00:00,2026/20261007T114851Z__0e16365ddc82.html.gz
Reventazón,2026-04-20,254.34,254.28,251.46,2026-10-07T11:48:51+00:00,2026/20261007T114851Z__0e16365ddc82.html.gz
Reventazón,2026-04-21,254.21,254.17,251.32,2026-10-07T11:48:51+00:00,2026/20261007T114851Z__0e16365ddc82.html.gz
Reventazón,2026-04-22,254.1,254.05,251.18,2026-10-07T11:48:51+00:00,2026/20261007T114851Z__0e16365ddc82.html.gz
Reventazón,2026-04-23,254.07,254.02,251.06,2026-10-07T11:48:51+00:00,2026/20261007T114851Z__0e16365ddc82.html.gz
Reventazón,2026-04-24,254.07,254.03,250.93,2026-10-07T11:48:51+00:00,2026/20261007T114851Z__0e16365ddc82.html.gz
Reventazón,2026-04-25,253.98,253.97,250.81,2026-10-07T11:48:51+00:00,2026/20261007T114851Z__0e16365ddc82.html.gz
Reventazón,2026-04-26,253.93,253.94,250.69,2026-10-07T11:48:51+00:00,2026/20261007T114851Z__0e16365ddc82.html.gz
Reventazón,2026-04-27,253.75,253.67,250.56,2026-10-07T11:48:51+00:00,2026/20261007T114851Z__0e16365ddc82.html.gz
Reventazón,2026-04-28,253.74,253.69,250.44,2026-10-07T11:48:51+00:00,2026/20261007T114851Z__0e16365ddc82.html.gz
Reventazón,2026-04-29,253.72,253.69,250.31,2026-10-07T11:48:51+00:00,2026/20261007T114851Z__0e16365ddc82.html.gz
Reventazón,2026-04-30,253.65,253.7,250.43,2026-10-07T11:48:51+00:00,2026/20261007T114851Z__0e16365ddc82.html.gz
Reventazón,2026-05-01,253.62,253.68,250.55,2026-10-07T11:48:51+00:00,2026/20261007T114851Z__0e16365ddc82.html.gz
Reventazón,2026-05-02,253.73,253.68,250.67,2026-10-07T11:48:51+00:00,2026/20261007T114851Z__0e16365ddc82.html.gz
Reventazón,2026-05-03,253.55,253.68,250.79,2026-10-07T11:48:51+00:00,2026/20261007T114851Z__0e16365ddc82.html.gz
Reventazón,2026-05-04,253.97,253.73,250.91,2026-10-07T11:48:51+00:00,2026/20261007T114851Z__0e16365ddc82.html.gz
Reventazón,2026-05-05,254.35,254.13,251.03,2026-10-07T11:48:51+00:00,2026/20261007T114851Z__0e16365ddc82.html.gz
Reventazón,2026-05-06,254.76,254.57,251.15,2026-10-07T11:48:51+00:00,2026/20261007T114851Z__0e16365ddc82.html.gz
Reventazón,2026-05-07,254.36,254.21,251.06,2026-10-07T11:48:51+00:00,2026/20261007T114851Z__0e16365ddc82.html.gz
Reventazón,2026-05-08,254.11,253.96,250.97,2026-10-07T11:48:51+00:00,2026/20261007T114851Z__0e16365ddc82.html.gz
Reventazón,2026-05-09,253.63,253.68,250.87,2026-10-07T11:48:51+00:00,2026/20261007T114851Z__0e16365ddc82.html.gz
Reventazón,2026-05-10,253.59,253.28,250.78,2026-10-07T11:48:51+00:00,2026/20261007T114851Z__0e16365ddc82.html.gz
Reventazón,2026-05-11,253.25,253.38,250.69,2026-10-07T11:48:51+00:00,2026/20261007T114851Z__0e16365ddc82.html.gz
Reventazón,2026-05-12,253.34,253.1,250.59,2026-10-07T11:48:51+00:00,2026/20261007T114851Z__0e16365ddc82.html.gz
Reventazón,2026-05-13,253.33,253.27,250.5,2026-10-07T11:48:51+00:00,2026/20261007T114851Z__0e16365ddc82.html.gz
Reventazón,2026-05-14,253.11,253.08,250.54,2026-10-07T11:48:51+00:00,2026/20261007T114851Z__0e16365ddc82.html.gz
Reventazón,2026-05-15,253.1,253.06,250.57,2026-10-07T11:48:51+00:00,2026/20261007T114851Z__0e16365ddc82.html.gz
Reventazón,2026-05-16,252.91,252.88,250.61,2026-10-07T11:48:51+00:00,2026/20261007T114851Z__0e16365ddc82.html.gz
Reventazón,2026-05-17,252.95,252.89,250.64,2026-10-07T11:48:51+00:00,2026/20261007T114851Z__0e16365ddc82.html.gz
Reventazón,2026-05-18,252.79,252.69,250.68,2026-10-07T11:48:51+00:00,2026/20261007T114851Z__0e16365ddc82.html.gz
Reventazón,2026-05-19,253.02,252.77,250.72,2026-10-07T11:48:51+00:00,2026/20261007T114851Z__0e16365ddc82.html.gz
Reventazón,2026-05-20,252.81,252.82,250.75,2026-10-07T11:48:51+00:00,2026/20261007T114851Z__0e16365ddc82.html.gz
Reventazón,2026-05-21,254.82,254.96,250.85,2026-10-07T11:48:51+00:00,2026/20261007T114851Z__0e16365ddc82.html.gz
Reventazón,2026-05-22,254.41,254.37,250.95,2026-10-07T11:48:51+00:00,2026/20261007T114851Z__0e16365ddc82.html.gz
Reventazón,2026-05-23,253.65,253.6,251.05,2026-10-07T11:48:51+00:00,2026/20261007T114851Z__0e16365ddc82.html.gz
Reventazón,2026-05-24,253.13,253.03,251.14,2026-10-07T11:48:51+00:00,2026/20261007T114851Z__0e16365ddc82.html.gz
Reventazón,2026-05-25,253.09,252.81,251.24,2026-10-07T11:48:51+00:00,2026/20261007T114851Z__0e16365ddc82.html.gz
Reventazón,2026-05-26,252.94,252.79,251.34,2026-10-07T11:48:51+00:00,2026/20261007T114851Z__0e16365ddc82.html.gz
Reventazón,2026-05-27,252.55,252.5,251.44,2026-10-07T11:48:51+00:00,2026/20261007T114851Z__0e16365ddc82.html.gz
Reventazón,2026-05-28,252.44,252.27,251.62,2026-10-07T11:48:51+00:00,2026/20261007T114851Z__0e16365ddc82.html.gz
Reventazón,2026-05-29,252.76,252.7,251.81,2026-10-07T11:48:51+00:00,2026/20261007T114851Z__0e16365ddc82.html.gz
Reventazón,2026-05-30,253.06,252.91,252.0,2026-10-07T11:48:51+00:00,2026/20261007T114851Z__0e16365ddc82.html.gz
Reventazón,2026-05-31,252.9,252.83,252.18,2026-10-07T11:48:51+00:00,2026/20261007T114851Z__0e16365ddc82.html.gz
Reventazón,2026-06-01,252.88,252.78,252.37,2026-10-07T11:48:51+00:00,2026/20261007T114851Z__0e16365ddc82.html.gz
Reventazón,2026-06-02,252.52,252.51,252.56,2026-10-07T11:48:51+00:00,2026/20261007T114851Z__0e16365ddc82.html.gz
Reventazón,2026-06-03,252.41,252.39,252.74,2026-10-07T11:48:51+00:00,2026/20261007T114851Z__0e16365ddc82.html.gz
Reventazón,2026-06-04,252.25,251.96,252.48,2026-10-07T11:48:51+00:00,2026/20261007T114851Z__0e16365ddc82.html.gz
Reventazón,2026-06-05,252.9,252.61,252.21,2026-10-07T11:48:51+00:00,2026/20261007T114851Z__0e16365ddc82.html.gz
Reventazón,2026-06-06,253.26,252.86,251.95,2026-10-07T11:48:51+00:00,2026/20261007T114851Z__0e16365ddc82.html.gz
Reventazón,2026-06-07,253.74,253.15,251.68,2026-10-07T11:48:51+00:00,2026/20261007T114851Z__0e16365ddc82.html.gz
Reventazón,2026-06-08,254.31,254.08,251.41,2026-10-07T11:48:51+00:00,2026/20261007T114851Z__0e16365ddc82.html.gz
Reventazón,2026-06-09,253.94,253.59,251.15,2026-10-07T11:48:51+00:00,2026/20261007T114851Z__0e16365ddc82.html.gz
Reventazón,2026-06-10,253.89,253.68,250.88,2026-10-07T11:48:51+00:00,2026/20261007T114851Z__0e16365ddc82.html.gz
Reventazón,2026-06-11,253.61,253.18,250.9,2026-10-07T11:48:51+00:00,2026/20261007T114851Z__0e16365ddc82.html.gz
Reventazón,2026-06-12,252.82,252.59,250.92,2026-10-07T11:48:51+00:00,2026/20261007T114851Z__0e16365ddc82.html.gz
Reventazón,2026-06-13,251.94,251.98,250.93,2026-10-07T11:48:51+00:00,2026/20261007T114851Z__0e16365ddc82.html.gz
Reventazón,2026-06-14,251.94,251.98,250.95,2026-10-07T11:48:51+00:00,2026/20261007T114851Z__0e16365ddc82.html.gz
Reventazón,2026-06-15,251.89,251.98,250.97,2026-10-07T11:48:51+00:00,2026/20261007T114851Z__0e16365ddc82.html.gz
Reventazón,2026-06-16,251.87,251.85,250.98,2026-10-07T11:48:51+00:00,2026/20261007T114851Z__0e16365ddc82.html.gz
Reventazón,2026-06-17,251.66,251.64,251.0,2026-10-07T11:48:51+00:00,2026/20261007T114851Z__0e16365ddc82.html.gz
Reventazón,2026-06-18,251.62,251.63,251.07,2026-10-07T11:48:51+00:00,2026/20261007T114851Z__0e16365ddc82.html.gz
Reventazón,2026-06-19,251.72,251.58,251.14,2026-10-07T11:48:51+00:00,2026/20261007T114851Z__0e16365ddc82.html.gz
Reventazón,2026-06-20,251.63,251.58,251.21,2026-10-07T11:48:51+00:00,2026/20261007T114851Z__0e16365ddc82.html.gz
Reventazón,2026-06-21,251.73,251.68,251.29,2026-10-07T11:48:51+00:00,2026/20261007T114851Z__0e16365ddc82.html.gz
Reventazón,2026-06-22,251.82,251.71,251.36,2026-10-07T11:48:51+00:00,2026/20261007T114851Z__0e16365ddc82.html.gz
Reventazón,2026-06-23,252.05,251.98,251.43,2026-10-07T11:48:51+00:00,2026/20261007T114851Z__0e16365ddc82.html.gz
Reventazón,2026-06-24,251.91,251.93,251.5,2026-10-07T11:48:51+00:00,2026/20261007T114851Z__0e16365ddc82.html.gz
Reventazón,2026-06-25,251.96,251.86,251.74,2026-10-07T11:48:51+00:00,2026/20261007T114851Z__0e16365ddc82.html.gz
Reventazón,2026-06-26,252.0,251.97,251.97,2026-10-07T11:48:51+00:00,2026/20261007T114851Z__0e16365ddc82.html.gz
Reventazón,2026-06-27,251.98,251.99,252.21,2026-10-07T11:48:51+00:00,2026/20261007T114851Z__0e16365ddc82.html.gz
Reventazón,2026-06-28,252.34,252.13,252.44,2026-10-07T11:48:51+00:00,2026/20261007T114851Z__0e16365ddc82.html.gz
Reventazón,2026-06-29,252.16,252.18,252.68,2026-10-07T11:48:51+00:00,2026/20261007T114851Z__0e16365ddc82.html.gz
Reventazón,2026-06-30,252.12,252.13,252.91,2026-10-07T11:48:51+00:00,2026/20261007T114851Z__0e16365ddc82.html.gz
Reventazón,2026-07-01,252.11,252.08,253.15,2026-10-07T11:48:51+00:00,2026/20261007T114851Z__0e16365ddc82.html.gz
Reventazón,2026-07-02,252.69,252.26,253.06,2026-10-07T11:48:51+00:00,2026/20261007T114851Z__0e16365ddc82.html.gz
Reventazón,2026-07-03,254.27,253.87,252.96,2026-10-07T11:48:51+00:00,2026/20261007T114851Z__0e16365ddc82.html.gz
Reventazón,2026-07-04,255.0,254.97,252.87,2026-10-07T11:48:51+00:00,2026/20261007T114851Z__0e16365ddc82.html.gz
Reventazón,2026-07-05,254.73,254.77,252.78,2026-10-07T11:48:51+00:00,2026/20261007T114851Z__0e16365ddc82.html.gz
Reventazón,2026-07-06,254.45,254.41,252.69,2026-10-07T11:48:51+00:00,2026/20261007T114851Z__0e16365ddc82.html.gz
Reventazón,2026-07-07,254.15,253.86,252.59,2026-10-07T11:48:51+00:00,2026/20261007T114851Z__0e16365ddc82.html.gz
Reventazón,2026-07-08,253.74,253.59,252.5,2026-10-07T11:48:51+00:00,2026/20261007T114851Z__0e16365ddc82.html.gz
Reventazón,2026-07-09,253.26,253.28,252.5,2026-10-07T11:48:51+00:00,2026/20261007T114851Z__0e16365ddc82.html.gz
Reventazón,2026-07-10,253.47,252.78,252.5,2026-10-07T11:48:51+00:00,2026/20261007T114851Z__0e16365ddc82.html.gz
Reventazón,2026-07-11,253.74,253.47,252.51,2026-10-07T11:48:51+00:00,2026/20261007T114851Z__0e16365ddc82.html.gz
Reventazón,2026-07-12,253.45,253.32,252.51,2026-10-07T11:48:51+00:00,2026/20261007T114851Z__0e16365ddc82.html.gz
Reventazón,2026-07-13,253.2,252.99,252.51,2026-10-07T11:48:51+00:00,2026/20261007T114851Z__0e16365ddc82.html.gz
Reventazón,2026-07-14,253.37,253.08,252.51,2026-10-07T11:48:51+00:00,2026/20261007T114851Z__0e16365ddc82.html.gz
Reventazón,2026-07-15,253.13,253.13,252.51,2026-10-07T11:48:51+00:00,2026/20261007T114851Z__0e16365ddc82.html.gz
Reventazón,2026-07-16,252.82,252.78,252.59,2026-10-07T11:48:51+00:00,2026/20261007T114851Z__0e16365ddc82.html.gz
Reventazón,2026-07-17,253.46,252.43,252.67,2026-10-07T11:48:51+00:00,2026/20261007T114851Z__0e16365ddc82.html.gz
Reventazón,2026-07-18,254.93,254.93,252.75,2026-10-07T11:48:51+00:00,2026/20261007T114851Z__0e16365ddc82.html.gz
Reventazón,2026-07-19,254.82,255.0,252.83,2026-10-07T11:48:51+00:00,2026/20261007T114851Z__0e16365ddc82.html.gz
Reventazón,2026-07-20,255.33,254.97,252.91,2026-10-07T11:48:51+00:00,2026/20261007T114851Z__0e16365ddc82.html.gz
Reventazón,2026-07-21,254.75,254.7,252.99,2026-10-07T11:48:51+00:00,2026/20261007T114851Z__0e16365ddc82.html.gz
Reventazón,2026-07-22,254.85,254.62,253.07,2026-10-07T11:48:51+00:00,2026/20261007T114851Z__0e16365ddc82.html.gz
Reventazón,2026-07-23,254.89,254.7,253.15,2026-10-07T11:48:51+00:00,2026/20261007T114851Z__0e16365ddc82.html.gz
Reventazón,2026-07-24,255.43,254.96,253.24,2026-10-07T11:48:51+00:00,2026/20261007T114851Z__0e16365ddc82.html.gz
Reventazón,2026-07-25,254.79,254.6,253.32,2026-10-07T11:48:51+00:00,2026/20261007T114851Z__0e16365ddc82.html.gz
Reventazón,2026-07-26,254.76,254.74,253.41,2026-10-07T11:48:51+00:00,2026/20261007T114851Z__0e16365ddc82.html.gz
Reventazón,2026-07-27,254.76,254.68,253.49,2026-10-07T11:48:51+00:00,2026/20261007T114851Z__0e16365ddc82.html.gz
Reventazón,2026-07-28,254.75,254.74,253.57,2026-10-07T11:48:51+00:00,2026/20261007T114851Z__0e16365ddc82.html.gz
Reventazón,2026-07-29,255.07,254.1,253.66,2026-10-07T11:48:51+00:00,2026/20261007T114851Z__0e16365ddc82.html.gz
Reventazón,2026-07-30,254.84,254.74,253.71,2026-10-07T11:48:51+00:00,2026/20261007T114851Z__0e16365ddc82.html.gz
Reventazón,2026-07-31,254.23,254.33,253.76,2026-10-07T11:48:51+00:00,2026/20261007T114851Z__0e16365ddc82.html.gz
Reventazón,2026-08-01,253.95,253.4,253.81,2026-10-07T11:48:51+00:00,2026/20261007T114851Z__0e16365ddc82.html.gz
Reventazón,2026-08-02,254.8,254.9,253.85,2026-10-07T11:48:51+00:00,2026/20261007T114851Z__0e16365ddc82.html.gz
Reventazón,2026-08-03,254.64,254.8,253.9,2026-10-07T11:48:51+00:00,2026/20261007T114851Z__0e16365ddc82.html.gz
Reventazón,2026-08-04,254.61,254.34,253.95,2026-10-07T11:48:51+00:00,2026/20261007T114851Z__0e16365ddc82.html.gz
Reventazón,2026-08-05,254.15,253.99,254.0,2026-10-07T11:48:51+00:00,2026/20261007T114851Z__0e16365ddc82.html.gz
Reventazón,2026-08-06,253.99,253.71,254.04,2026-10-07T11:48:51+00:00,2026/20261007T114851Z__0e16365ddc82.html.gz
Reventazón,2026-08-07,254.99,254.24,254.08,2026-10-07T11:48:51+00:00,2026/20261007T114851Z__0e16365ddc82.html.gz
Reventazón,2026-08-08,254.68,254.46,254.12,2026-10-07T11:48:51+00:00,2026/20261007T114851Z__0e16365ddc82.html.gz
Reventazón,2026-08-09,255.06,254.3,254.16,2026-10-07T11:48:51+00:00,2026/20261007T114851Z__0e16365ddc82.html.gz
Reventazón,2026-08-10,254.7,254.35,254.2,2026-10-07T11:48:51+00:00,2026/20261007T114851Z__0e16365ddc82.html.gz
Reventazón,2026-08-11,254.13,254.01,254.24,2026-10-07T11:48:51+00:00,2026/20261007T114851Z__0e16365ddc82.html.gz
Reventazón,2026-08-12,253.49,253.36,254.28,2026-10-07T11:48:51+00:00,2026/20261007T114851Z__0e16365ddc82.html.gz
Reventazón,2026-08-13,253.02,253.06,254.27,2026-10-07T11:48:51+00:00,2026/20261007T114851Z__0e16365ddc82.html.gz
Reventazón,2026-08-14,252.78,252.78,254.25,2026-10-07T11:48:51+00:00,2026/20261007T114851Z__0e16365ddc82.html.gz
Reventazón,2026-08-15,253.01,252.53,254.24,2026-10-07T11:48:51+00:00,2026/20261007T114851Z__0e16365ddc82.html.gz
Reventazón,2026-08-16,256.02,254.94,254.22,2026-10-07T11:48:51+00:00,2026/20261007T114851Z__0e16365ddc82.html.gz
Reventazón,2026-08-17,254.59,254.8,254.21,2026-10-07T11:48:51+00:00,2026/20261007T114851Z__0e16365ddc82.html.gz
Reventazón,2026-08-18,254.7,254.78,254.19,2026-10-07T11:48:51+00:00,2026/20261007T114851Z__0e16365ddc82.html.gz
Reventazón,2026-08-19,254.58,254.59,254.18,2026-10-07T11:48:51+00:00,2026/20261007T114851Z__0e16365ddc82.html.gz
Reventazón,2026-08-20,254.59,254.35,254.03,2026-10-07T11:48:51+00:00,2026/20261007T114851Z__0e16365ddc82.html.gz
Reventazón,2026-08-21,254.39,254.33,253.88,2026-10-07T11:48:51+00:00,2026/20261007T114851Z__0e16365ddc82.html.gz
Reventazón,2026-08-22,254.39,254.27,253.73,2026-10-07T11:48:51+00:00,2026/20261007T114851Z__0e16365ddc82.html.gz
Reventazón,2026-08-23,254.05,253.95,253.58,2026-10-07T11:48:51+00:00,2026/20261007T114851Z__0e16365ddc82.html.gz
Reventazón,2026-08-24,254.53,254.72,253.43,2026-10-07T11:48:51+00:00,2026/20261007T114851Z__0e16365ddc82.html.gz
Reventazón,2026-08-25,254.56,254.57,253.28,2026-10-07T11:48:51+00:00,2026/20261007T114851Z__0e16365ddc82.html.gz
Reventazón,2026-08-26,254.43,254.39,253.13,2026-10-07T11:48:51+00:00,2026/20261007T114851Z__0e16365ddc82.html.gz
Reventazón,2026-08-27,253.99,253.67,253.19,2026-10-07T11:48:51+00:00,2026/20261007T114851Z__0e16365ddc82.html.gz
Reventazón,2026-08-28,254.29,254.12,253.24,2026-10-07T11:48:51+00:00,2026/20261007T114851Z__0e16365ddc82.html.gz
Reventazón,2026-08-29,255.02,254.65,253.29,2026-10-07T11:48:51+00:00,2026/20261007T114851Z__0e16365ddc82.html.gz
Reventazón,2026-08-30,254.8,254.79,253.34,2026-10-07T11:48:51+00:00,2026/20261007T114851Z__0e16365ddc82.html.gz
Reventazón,2026-08-31,254.86,254.8,253.4,2026-10-07T11:48:51+00:00,2026/20261007T114851Z__0e16365ddc82.html.gz
Reventazón,2026-09-01,254.46,254.48,253.45,2026-10-07T11:48:51+00:00,2026/20261007T114851Z__0e16365ddc82.html.gz
Reventazón,2026-09-02,254.24,254.2,253.5,2026-10-07T11:48:51+00:00,2026/20261007T114851Z__0e16365ddc82.html.gz
Reventazón,2026-09-03,253.99,253.59,253.42,2026-10-07T11:48:51+00:00,2026/20261007T114851Z__0e16365ddc82.html.gz
Reventazón,2026-09-04,253.89,253.79,253.34,2026-10-07T11:48:51+00:00,2026/20261007T114851Z__0e16365ddc82.html.gz
Reventazón,2026-09-05,253.47,253.29,253.27,2026-10-07T11:48:51+00:00,2026/20261007T114851Z__0e16365ddc82.html.gz
Reventazón,2026-09-06,253.02,252.99,253.19,2026-10-07T11:48:51+00:00,2026/20261007T114851Z__0e16365ddc82.html.gz
Reventazón,2026-09-07,253.18,253.29,253.11,2026-10-07T11:48:51+00:00,2026/20261007T114851Z__0e16365ddc82.html.gz
Reventazón,2026-09-08,252.58,252.48,253.03,2026-10-07T11:48:51+00:00,2026/20261007T114851Z__0e16365ddc82.html.gz
Reventazón,2026-09-09,252.14,252.24,252.95,2026-10-07T11:48:51+00:00,2026/20261007T114851Z__0e16365ddc82.html.gz
Reventazón,2026-09-10,252.74,252.54,253.16,2026-10-07T11:48:51+00:00,2026/20261007T114851Z__0e16365ddc82.html.gz
Reventazón,2026-09-11,253.08,253.13,253.37,2026-10-07T11:48:51+00:00,2026/20261007T114851Z__0e16365ddc82.html.gz
Reventazón,2026-09-12,253.02,252.87,253.57,2026-10-07T11:48:51+00:00,2026/20261007T114851Z__0e16365ddc82.html.gz
Reventazón,2026-09-13,253.16,252.87,253.78,2026-10-07T11:48:51+00:00,2026/20261007T114851Z__0e16365ddc82.html.gz
Reventazón,2026-09-14,253.67,253.77,253.99,2026-10-07T11:48:51+00:00,2026/20261007T114851Z__0e16365ddc82.html.gz
Reventazón,2026-09-15,253.53,253.41,254.19,2026-10-07T11:48:51+00:00,2026/20261007T114851Z__0e16365ddc82.html.gz
Reventazón,2026-09-16,254.04,254.2,254.4,2026-10-07T11:48:51+00:00,2026/20261007T114851Z__0e16365ddc82.html.gz
Reventazón,2026-09-17,253.73,253.69,254.35,2026-10-07T11:48:51+00:00,2026/20261007T114851Z__0e16365ddc82.html.gz
Reventazón,2026-09-18,253.04,252.99,254.31,2026-10-07T11:48:51+00:00,2026/20261007T114851Z__0e16365ddc82.html.gz
Reventazón,2026-09-19,253.15,252.97,254.27,2026-10-07T11:48:51+00:00,2026/20261007T114851Z__0e16365ddc82.html.gz
Reventazón,2026-09-20,253.67,252.79,254.22,2026-10-07T11:48:51+00:00,2026/20261007T114851Z__0e16365ddc82.html.gz
Reventazón,2026-09-21,254.71,254.85,254.18,2026-10-07T11:48:51+00:00,2026/20261007T114851Z__0e16365ddc82.html.gz
Reventazón,2026-09-22,254.46,254.32,254.13,2026-10-07T11:48:51+00:00,2026/20261007T114851Z__0e16365ddc82.html.gz
Reventazón,2026-09-23,254.28,253.97,254.09,2026-10-07T11:48:51+00:00,2026/20261007T114851Z__0e16365ddc82.html.gz
Reventazón,2026-09-24,253.6,253.64,253.47,2026-10-07T11:48:51+00:00,2026/20261007T114851Z__0e16365ddc82.html.gz
Reventazón,2026-09-25,253.95,253.33,252.85,2026-10-07T11:48:51+00:00,2026/20261007T114851Z__0e16365ddc82.html.gz
Reventazón,2026-09-26,255.61,253.38,252.23,2026-10-07T11:48:51+00:00,2026/20261007T114851Z__0e16365ddc82.html.gz
Reventazón,2026-09-27,255.69,254.93,251.62,2026-10-07T11:48:51+00:00,2026/20261007T114851Z__0e16365ddc82.html.gz
Reventazón,2026-09-28,255.06,254.79,251.0,2026-10-07T11:48:51+00:00,2026/20261007T114851Z__0e16365ddc82.html.gz
Reventazón,2026-09-29,255.11,254.33,250.38,2026-10-07T11:48:51+00:00,2026/20261007T114851Z__0e16365ddc82.html.gz
Reventazón,2026-09-30,255.04,254.64,249.76,2026-10-07T11:48:51+00:00,2026/20261007T114851Z__0e16365ddc82.html.gz
Reventazón,2026-10-01,255.16,254.74,249.79,2026-10-07T11:48:51+00:00,2026/20261007T114851Z__0e16365ddc82.html.gz
Reventazón,2026-10-02,254.53,254.46,249.81,2026-10-07T11:48:51+00:00,2026/20261007T114851Z__0e16365ddc82.html.gz
Reventazón,2026-10-03,254.86,253.99,249.83,2026-10-07T11:48:51+00:00,2026/20261007T114851Z__0e16365ddc82.html.gz
Reventazón,2026-10-04,254.45,254.48,249.86,2026-10-07T11:48:51+00:00,2026/20261007T114851Z__0e16365ddc82.html.gz
Reventazón,2026-10-05,254.24,254.08,249.88,2026-10-07T11:48:51+00:00,2026/20261007T114851Z__0e16365ddc82.html.gz
Reventazón,2026-10-06,254.13,253.96,249.91,2026-10-07T11:48:51+00:00,2026/20261007T114851Z__0e16365ddc82.html.gz
Reventazón,2026-10-07,253.54,,249.93,2026-10-07T11:48:51+00:00,2026/20261007T114851Z__0e16365ddc82.html.gz
