obs_date,reservoir_id,variable,value,source_kind,bulletin_file,fetched_at
2022-12-21,CAHORA BASSA,storage_pct,80.61,prose,BH013_21.12.2022.pdf,2026-08-16 05:16:21Z
2022-12-21,CHICAMBA,storage_pct,52.7,prose,BH013_21.12.2022.pdf,2026-08-16 05:16:21Z
2022-12-21,MUDA,outflow_m3s,1.5,prose,BH013_21.12.2022.pdf,2026-08-16 05:16:21Z
2022-12-21,MUDA,storage_pct,68.2,prose,BH013_21.12.2022.pdf,2026-08-16 05:16:21Z
2022-12-22,CAHORA BASSA,storage_pct,80.61,prose,BH014_22.12.2022.pdf,2026-08-16 05:16:21Z
2022-12-22,CHICAMBA,storage_pct,52.9,prose,BH014_22.12.2022.pdf,2026-08-16 05:16:21Z
2022-12-22,MUDA,outflow_m3s,1.5,prose,BH014_22.12.2022.pdf,2026-08-16 05:16:21Z
2022-12-22,MUDA,storage_pct,68.2,prose,BH014_22.12.2022.pdf,2026-08-16 05:16:21Z
2022-12-27,CAHORA BASSA,storage_pct,80.29,prose,BH016_27.12.2022.pdf,2026-08-16 05:16:21Z
2022-12-27,CHICAMBA,storage_pct,53.24,prose,BH016_27.12.2022.pdf,2026-08-16 05:16:21Z
2022-12-27,MUDA,outflow_m3s,1.5,prose,BH016_27.12.2022.pdf,2026-08-16 05:16:21Z
2022-12-28,CAHORA BASSA,storage_pct,80.15,prose,BH017_28.12.2022.pdf,2026-08-16 05:16:21Z
2022-12-28,CHICAMBA,storage_pct,53.17,prose,BH017_28.12.2022.pdf,2026-08-16 05:16:21Z
2022-12-28,MUDA,outflow_m3s,1.5,prose,BH017_28.12.2022.pdf,2026-08-16 05:16:21Z
2022-12-28,MUDA,storage_pct,73.16,prose,BH017_28.12.2022.pdf,2026-08-16 05:16:21Z
2022-12-29,CAHORA BASSA,storage_pct,80.06,prose,BH018_29.12.2022.pdf,2026-08-16 05:16:21Z
2022-12-29,CHICAMBA,storage_pct,53.13,prose,BH018_29.12.2022.pdf,2026-08-16 05:16:21Z
2022-12-29,MUDA,outflow_m3s,1.5,prose,BH018_29.12.2022.pdf,2026-08-16 05:16:21Z
2022-12-29,MUDA,storage_pct,73.16,prose,BH018_29.12.2022.pdf,2026-08-16 05:16:21Z
2022-12-30,CAHORA BASSA,storage_pct,80.02,prose,BH019_30.12.2022.pdf,2026-08-16 05:16:21Z
2022-12-30,CHICAMBA,storage_pct,53.05,prose,BH019_30.12.2022.pdf,2026-08-16 05:16:21Z
2022-12-30,MUDA,outflow_m3s,1.5,prose,BH019_30.12.2022.pdf,2026-08-16 05:16:21Z
2022-12-30,MUDA,storage_pct,73.03,prose,BH019_30.12.2022.pdf,2026-08-16 05:16:21Z
2023-01-03,CAHORA BASSA,storage_pct,80.15,prose,BH020_03.01.2023.pdf,2026-08-16 05:16:21Z
2023-01-03,MUDA,outflow_m3s,1.5,prose,BH020_03.01.2023.pdf,2026-08-16 05:16:21Z
2023-01-03,MUDA,storage_pct,73.16,prose,BH020_03.01.2023.pdf,2026-08-16 05:16:21Z
2023-01-04,CAHORA BASSA,storage_pct,80.15,prose,BH021_04.01.2023.pdf,2026-08-16 05:16:21Z
2023-01-04,CHICAMBA,storage_pct,52.9,prose,BH021_04.01.2023.pdf,2026-08-16 05:16:21Z
2023-01-04,MUDA,outflow_m3s,1.5,prose,BH021_04.01.2023.pdf,2026-08-16 05:16:21Z
2023-01-04,MUDA,storage_pct,72.13,prose,BH021_04.01.2023.pdf,2026-08-16 05:16:21Z
2023-01-05,CAHORA BASSA,storage_pct,80.2,prose,BH022_05.01.2023.pdf,2026-08-16 05:16:21Z
2023-01-05,CHICAMBA,storage_pct,52.86,prose,BH022_05.01.2023.pdf,2026-08-16 05:16:21Z
2023-01-05,MUDA,outflow_m3s,1.5,prose,BH022_05.01.2023.pdf,2026-08-16 05:16:21Z
2023-01-05,MUDA,storage_pct,72.13,prose,BH022_05.01.2023.pdf,2026-08-16 05:16:21Z
2023-01-06,CAHORA BASSA,storage_pct,80.25,prose,BH023_06.01.2023.pdf,2026-08-16 05:16:21Z
2023-01-06,CHICAMBA,storage_pct,52.86,prose,BH023_06.01.2023.pdf,2026-08-16 05:16:21Z
2023-01-06,MUDA,outflow_m3s,1.5,prose,BH023_06.01.2023.pdf,2026-08-16 05:16:21Z
2023-01-06,MUDA,storage_pct,72.13,prose,BH023_06.01.2023.pdf,2026-08-16 05:16:21Z
2023-01-07,CAHORA BASSA,storage_pct,80.25,prose,BH024_07.01.2023.pdf,2026-08-16 05:16:21Z
2023-01-07,CHICAMBA,storage_pct,52.86,prose,BH024_07.01.2023.pdf,2026-08-16 05:16:21Z
2023-01-07,MUDA,outflow_m3s,1.5,prose,BH024_07.01.2023.pdf,2026-08-16 05:16:21Z
2023-01-07,MUDA,storage_pct,72.13,prose,BH024_07.01.2023.pdf,2026-08-16 05:16:21Z
2023-01-09,CAHORA BASSA,storage_pct,80.57,prose,BH025_09.01.2023.pdf,2026-08-16 05:16:21Z
2023-01-09,CHICAMBA,storage_pct,53.78,prose,BH025_09.01.2023.pdf,2026-08-16 05:16:21Z
2023-01-09,MUDA,outflow_m3s,1.5,prose,BH025_09.01.2023.pdf,2026-08-16 05:16:21Z
2023-01-09,MUDA,storage_pct,72.13,prose,BH025_09.01.2023.pdf,2026-08-16 05:16:21Z
2023-01-10,CAHORA BASSA,storage_pct,80.89,prose,BH026_09.01.2023.pdf,2026-08-16 05:16:21Z
2023-01-10,CHICAMBA,storage_pct,53.86,prose,BH026_09.01.2023.pdf,2026-08-16 05:16:21Z
2023-01-10,MUDA,outflow_m3s,1.5,prose,BH026_09.01.2023.pdf,2026-08-16 05:16:21Z
2023-01-10,MUDA,storage_pct,72.13,prose,BH026_09.01.2023.pdf,2026-08-16 05:16:21Z
2023-01-11,CAHORA BASSA,storage_pct,81.21,prose,BH027_11.01.2023.pdf,2026-08-16 05:16:21Z
2023-01-11,CHICAMBA,storage_pct,53.9,prose,BH027_11.01.2023.pdf,2026-08-16 05:16:21Z
2023-01-11,MUDA,outflow_m3s,1.5,prose,BH027_11.01.2023.pdf,2026-08-16 05:16:21Z
2023-01-11,MUDA,storage_pct,72.13,prose,BH027_11.01.2023.pdf,2026-08-16 05:16:21Z
2023-01-12,CAHORA BASSA,storage_pct,81.49,prose,BH028_12.01.2023.pdf,2026-08-16 05:16:21Z
2023-01-12,CHICAMBA,outflow_m3s,682.28,prose,BH028_12.01.2023.pdf,2026-08-16 05:16:21Z
2023-01-12,CHICAMBA,storage_pct,54.07,prose,BH028_12.01.2023.pdf,2026-08-16 05:16:21Z
2023-01-12,MUDA,outflow_m3s,1.5,prose,BH028_12.01.2023.pdf,2026-08-16 05:16:21Z
2023-01-12,MUDA,storage_pct,72.13,prose,BH028_12.01.2023.pdf,2026-08-16 05:16:21Z
2023-01-14,CAHORA BASSA,storage_pct,81.81,prose,BH030_14.01.2023.pdf,2026-08-16 05:16:21Z
2023-01-14,MUDA,outflow_m3s,1.5,prose,BH030_14.01.2023.pdf,2026-08-16 05:16:21Z
2023-01-14,MUDA,storage_pct,71.09,prose,BH030_14.01.2023.pdf,2026-08-16 05:16:21Z
2023-01-15,CAHORA BASSA,storage_pct,81.86,prose,BH031_15.01.2023.pdf,2026-08-16 05:16:21Z
2023-01-15,MUDA,outflow_m3s,1.5,prose,BH031_15.01.2023.pdf,2026-08-16 05:16:21Z
2023-01-15,MUDA,storage_pct,71.09,prose,BH031_15.01.2023.pdf,2026-08-16 05:16:21Z
2023-01-16,MUDA,outflow_m3s,1.5,prose,BH032_16.01.2023.pdf,2026-08-16 05:16:21Z
2023-01-17,CAHORA BASSA,storage_pct,82.14,prose,BH033_17.01.2023.pdf,2026-08-16 05:16:21Z
2023-01-17,CHICAMBA,storage_pct,57.45,prose,BH033_17.01.2023.pdf,2026-08-16 05:16:21Z
2023-01-17,MUDA,outflow_m3s,1.5,prose,BH033_17.01.2023.pdf,2026-08-16 05:16:21Z
2023-01-17,MUDA,storage_pct,72.13,prose,BH033_17.01.2023.pdf,2026-08-16 05:16:21Z
2023-01-18,CAHORA BASSA,storage_pct,82.37,prose,BH034_18.01.2023.pdf,2026-08-16 05:16:21Z
2023-01-18,CHICAMBA,storage_pct,54.97,prose,BH034_18.01.2023.pdf,2026-08-16 05:16:21Z
2023-01-18,MUDA,outflow_m3s,1.5,prose,BH034_18.01.2023.pdf,2026-08-16 05:16:21Z
2023-01-18,MUDA,storage_pct,72.1,prose,BH034_18.01.2023.pdf,2026-08-16 05:16:21Z
2023-01-19,CAHORA BASSA,storage_pct,82.74,prose,BH035_19.01.2023.pdf,2026-08-16 05:16:21Z
2023-01-19,CHICAMBA,storage_pct,55.26,prose,BH035_19.01.2023.pdf,2026-08-16 05:16:21Z
2023-01-19,MUDA,outflow_m3s,1.5,prose,BH035_19.01.2023.pdf,2026-08-16 05:16:21Z
2023-01-19,MUDA,storage_pct,72.13,prose,BH035_19.01.2023.pdf,2026-08-16 05:16:21Z
2023-01-20,CAHORA BASSA,storage_pct,83.21,prose,BH036_20.01.2023.pdf,2026-08-16 05:16:21Z
2023-01-20,CHICAMBA,storage_pct,55.5,prose,BH036_20.01.2023.pdf,2026-08-16 05:16:21Z
2023-01-20,MUDA,outflow_m3s,1.5,prose,BH036_20.01.2023.pdf,2026-08-16 05:16:21Z
2023-01-20,MUDA,storage_pct,73.16,prose,BH036_20.01.2023.pdf,2026-08-16 05:16:21Z
2023-01-23,CAHORA BASSA,storage_pct,84.1,prose,BH037_23.01.2023.pdf,2026-08-16 05:16:21Z
2023-01-23,CHICAMBA,outflow_m3s,31.5,prose,BH037_23.01.2023.pdf,2026-08-16 05:16:21Z
2023-01-23,CHICAMBA,storage_pct,55.5,prose,BH037_23.01.2023.pdf,2026-08-16 05:16:21Z
2023-01-23,MUDA,outflow_m3s,1.5,prose,BH037_23.01.2023.pdf,2026-08-16 05:16:21Z
2023-01-23,MUDA,storage_pct,73.16,prose,BH037_23.01.2023.pdf,2026-08-16 05:16:21Z
2023-01-24,CAHORA BASSA,storage_pct,85.37,prose,BH038_24.01.2023.pdf,2026-08-16 05:16:21Z
2023-01-24,MUDA,outflow_m3s,1.5,prose,BH038_24.01.2023.pdf,2026-08-16 05:16:21Z
2023-01-24,MUDA,storage_pct,72.13,prose,BH038_24.01.2023.pdf,2026-08-16 05:16:21Z
2023-01-26,CAHORA BASSA,outflow_m3s,1870.88,prose,BH040_26.01.2023.pdf,2026-08-16 05:16:21Z
2023-01-26,CAHORA BASSA,storage_pct,86.8,prose,BH040_26.01.2023.pdf,2026-08-16 05:16:21Z
2023-01-26,CHICAMBA,outflow_m3s,29.8,prose,BH040_26.01.2023.pdf,2026-08-16 05:16:21Z
2023-01-26,CHICAMBA,storage_pct,55.55,prose,BH040_26.01.2023.pdf,2026-08-16 05:16:21Z
2023-01-26,MUDA,outflow_m3s,1.5,prose,BH040_26.01.2023.pdf,2026-08-16 05:16:21Z
2023-01-26,MUDA,storage_pct,72.13,prose,BH040_26.01.2023.pdf,2026-08-16 05:16:21Z
2023-02-01,CAHORA BASSA,outflow_m3s,2944.68,prose,BH044_01.02.2023.pdf,2026-09-01 09:37:44Z
2023-02-01,MUDA,outflow_m3s,1.5,prose,BH044_01.02.2023.pdf,2026-09-01 09:37:44Z
2023-02-03,CAHORA BASSA,outflow_m3s,2945.23,prose,BH046_03.02.2023.pdf,2026-09-01 09:37:44Z
2023-02-03,CAHORA BASSA,storage_pct,90.47,prose,BH046_03.02.2023.pdf,2026-09-01 09:37:44Z
2023-02-03,MUDA,outflow_m3s,1.5,prose,BH046_03.02.2023.pdf,2026-09-01 09:37:44Z
2023-02-03,MUDA,storage_pct,72.13,prose,BH046_03.02.2023.pdf,2026-09-01 09:37:44Z
2023-02-09,CAHORA BASSA,outflow_m3s,3527.87,prose,BH050_09.02.2023.pdf,2026-09-01 09:37:44Z
2023-02-09,CAHORA BASSA,storage_pct,90.56,prose,BH050_09.02.2023.pdf,2026-09-01 09:37:44Z
2023-02-09,MUDA,outflow_m3s,1.5,prose,BH050_09.02.2023.pdf,2026-09-01 09:37:44Z
2023-02-09,MUDA,storage_pct,71.09,prose,BH050_09.02.2023.pdf,2026-09-01 09:37:44Z
2023-02-10,CAHORA BASSA,outflow_m3s,3549.04,prose,BH051_10.02.2023.pdf,2026-09-01 09:37:44Z
2023-02-10,CAHORA BASSA,storage_pct,90.51,prose,BH051_10.02.2023.pdf,2026-09-01 09:37:44Z
2023-02-10,MUDA,outflow_m3s,1.5,prose,BH051_10.02.2023.pdf,2026-09-01 09:37:44Z
2023-02-10,MUDA,storage_pct,71.09,prose,BH051_10.02.2023.pdf,2026-09-01 09:37:44Z
2023-02-11,CAHORA BASSA,outflow_m3s,3567.27,prose,BH052_11.02.2023.pdf,2026-09-01 09:37:44Z
2023-02-11,MUDA,outflow_m3s,1.5,prose,BH052_11.02.2023.pdf,2026-09-01 09:37:44Z
2023-02-13,CAHORA BASSA,outflow_m3s,3550.12,prose,BH053_13.02.2023.pdf,2026-09-01 09:37:44Z
2023-02-13,CAHORA BASSA,storage_pct,90.91,prose,BH053_13.02.2023.pdf,2026-09-01 09:37:44Z
2023-02-13,CHICAMBA,outflow_m3s,29.1,prose,BH053_13.02.2023.pdf,2026-09-01 09:37:44Z
2023-02-13,CHICAMBA,storage_pct,56.29,prose,BH053_13.02.2023.pdf,2026-09-01 09:37:44Z
2023-02-13,MUDA,outflow_m3s,1.5,prose,BH053_13.02.2023.pdf,2026-09-01 09:37:44Z
2023-02-13,MUDA,storage_pct,69.02,prose,BH053_13.02.2023.pdf,2026-09-01 09:37:44Z
2023-02-14,CAHORA BASSA,outflow_m3s,3570.96,prose,BH054_14.02.2023.pdf,2026-09-01 09:37:44Z
2023-02-14,CAHORA BASSA,storage_pct,90.15,prose,BH054_14.02.2023.pdf,2026-09-01 09:37:44Z
2023-02-14,CHICAMBA,outflow_m3s,30.77,prose,BH054_14.02.2023.pdf,2026-09-01 09:37:44Z
2023-02-14,CHICAMBA,storage_pct,56.57,prose,BH054_14.02.2023.pdf,2026-09-01 09:37:44Z
2023-02-14,MUDA,outflow_m3s,1.5,prose,BH054_14.02.2023.pdf,2026-09-01 09:37:44Z
2023-02-14,MUDA,storage_pct,69.02,prose,BH054_14.02.2023.pdf,2026-09-01 09:37:44Z
2023-02-15,CAHORA BASSA,outflow_m3s,3559.27,prose,BH055_15.02.2023.pdf,2026-09-01 09:37:44Z
2023-02-15,CAHORA BASSA,storage_pct,91.3,prose,BH055_15.02.2023.pdf,2026-09-01 09:37:44Z
2023-02-15,CHICAMBA,outflow_m3s,31.43,prose,BH055_15.02.2023.pdf,2026-09-01 09:37:44Z
2023-02-15,CHICAMBA,storage_pct,57.4,prose,BH055_15.02.2023.pdf,2026-09-01 09:37:44Z
2023-02-15,MUDA,outflow_m3s,1.5,prose,BH055_15.02.2023.pdf,2026-09-01 09:37:44Z
2023-02-15,MUDA,storage_pct,69.02,prose,BH055_15.02.2023.pdf,2026-09-01 09:37:44Z
2023-02-17,CAHORA BASSA,outflow_m3s,3580.81,prose,BH057_17.02.2023.pdf,2026-09-01 09:37:44Z
2023-02-17,CAHORA BASSA,storage_pct,91.54,prose,BH057_17.02.2023.pdf,2026-09-01 09:37:44Z
2023-02-17,CHICAMBA,outflow_m3s,31.6,prose,BH057_17.02.2023.pdf,2026-09-01 09:37:44Z
2023-02-17,CHICAMBA,storage_pct,59.4,prose,BH057_17.02.2023.pdf,2026-09-01 09:37:44Z
2023-02-17,MUDA,outflow_m3s,1.5,prose,BH057_17.02.2023.pdf,2026-09-01 09:37:44Z
2023-02-17,MUDA,storage_pct,69.02,prose,BH057_17.02.2023.pdf,2026-09-01 09:37:44Z
2023-02-18,CAHORA BASSA,outflow_m3s,3581.28,prose,BH058_18.02.2023.pdf,2026-09-01 09:37:44Z
2023-02-18,CAHORA BASSA,storage_pct,91.64,prose,BH058_18.02.2023.pdf,2026-09-01 09:37:44Z
2023-02-18,CHICAMBA,outflow_m3s,39.9,prose,BH058_18.02.2023.pdf,2026-09-01 09:37:44Z
2023-02-18,CHICAMBA,storage_pct,63.16,prose,BH058_18.02.2023.pdf,2026-09-01 09:37:44Z
2023-02-18,MUDA,outflow_m3s,1.5,prose,BH058_18.02.2023.pdf,2026-09-01 09:37:44Z
2023-02-18,MUDA,storage_pct,69.02,prose,BH058_18.02.2023.pdf,2026-09-01 09:37:44Z
2023-02-19,CAHORA BASSA,outflow_m3s,3566.47,prose,BH059_19.02.2023.pdf,2026-09-01 09:37:44Z
2023-02-19,MUDA,outflow_m3s,1.5,prose,BH059_19.02.2023.pdf,2026-09-01 09:37:44Z
2023-02-19,MUDA,storage_pct,69.02,prose,BH059_19.02.2023.pdf,2026-09-01 09:37:44Z
2023-02-20,CAHORA BASSA,outflow_m3s,3372.33,prose,BH060_20.02.2023.pdf,2026-09-01 09:37:44Z
2023-02-20,MUDA,outflow_m3s,1.5,prose,BH060_20.02.2023.pdf,2026-09-01 09:37:44Z
2023-02-20,MUDA,storage_pct,68.21,prose,BH060_20.02.2023.pdf,2026-09-01 09:37:44Z
2023-02-21,CAHORA BASSA,outflow_m3s,2734.57,prose,BH061_21.02.2023.pdf,2026-09-01 09:37:44Z
2023-02-21,CAHORA BASSA,storage_pct,92.58,prose,BH061_21.02.2023.pdf,2026-09-01 09:37:44Z
2023-02-21,CHICAMBA,outflow_m3s,29.5,prose,BH061_21.02.2023.pdf,2026-09-01 09:37:44Z
2023-02-21,CHICAMBA,storage_pct,67.32,prose,BH061_21.02.2023.pdf,2026-09-01 09:37:44Z
2023-02-21,MUDA,outflow_m3s,1.5,prose,BH061_21.02.2023.pdf,2026-09-01 09:37:44Z
2023-02-21,MUDA,storage_pct,68.21,prose,BH061_21.02.2023.pdf,2026-09-01 09:37:44Z
2023-02-22,CAHORA BASSA,outflow_m3s,2017.86,prose,BH062_22.02.2023.pdf,2026-09-01 09:37:44Z
2023-02-22,CAHORA BASSA,storage_pct,92.97,prose,BH062_22.02.2023.pdf,2026-09-01 09:37:44Z
2023-02-22,CHICAMBA,outflow_m3s,27.2,prose,BH062_22.02.2023.pdf,2026-09-01 09:37:44Z
2023-02-22,CHICAMBA,storage_pct,67.95,prose,BH062_22.02.2023.pdf,2026-09-01 09:37:44Z
2023-02-22,MUDA,outflow_m3s,1.5,prose,BH062_22.02.2023.pdf,2026-09-01 09:37:44Z
2023-02-22,MUDA,storage_pct,68.21,prose,BH062_22.02.2023.pdf,2026-09-01 09:37:44Z
2023-02-23,CAHORA BASSA,outflow_m3s,1973.07,prose,BH063_23.02.2023.pdf,2026-09-01 09:37:44Z
2023-02-23,CAHORA BASSA,storage_pct,93.22,prose,BH063_23.02.2023.pdf,2026-09-01 09:37:44Z
2023-02-23,CHICAMBA,outflow_m3s,24.9,prose,BH063_23.02.2023.pdf,2026-09-01 09:37:44Z
2023-02-23,CHICAMBA,storage_pct,68.92,prose,BH063_23.02.2023.pdf,2026-09-01 09:37:44Z
2023-02-23,MUDA,outflow_m3s,1.5,prose,BH063_23.02.2023.pdf,2026-09-01 09:37:44Z
2023-02-23,MUDA,storage_pct,85.84,prose,BH063_23.02.2023.pdf,2026-09-01 09:37:44Z
2023-02-24,CAHORA BASSA,outflow_m3s,1962.03,prose,BH064_24.02.2023.pdf,2026-09-01 09:37:44Z
2023-02-24,CAHORA BASSA,storage_pct,93.57,prose,BH064_24.02.2023.pdf,2026-09-01 09:37:44Z
2023-02-24,CHICAMBA,outflow_m3s,29.14,prose,BH064_24.02.2023.pdf,2026-09-01 09:37:44Z
2023-02-24,CHICAMBA,storage_pct,69.36,prose,BH064_24.02.2023.pdf,2026-09-01 09:37:44Z
2023-02-24,MUDA,outflow_m3s,1.5,prose,BH064_24.02.2023.pdf,2026-09-01 09:37:44Z
2023-02-24,MUDA,storage_pct,91.53,prose,BH064_24.02.2023.pdf,2026-09-01 09:37:44Z
2023-02-27,CAHORA BASSA,outflow_m3s,1931.48,prose,BH065_27.02.2023.pdf,2026-09-01 09:37:44Z
2023-02-27,CAHORA BASSA,storage_pct,94.27,prose,BH065_27.02.2023.pdf,2026-09-01 09:37:44Z
2023-02-27,CHICAMBA,outflow_m3s,45.5,prose,BH065_27.02.2023.pdf,2026-09-01 09:37:44Z
2023-02-27,CHICAMBA,storage_pct,69.36,prose,BH065_27.02.2023.pdf,2026-09-01 09:37:44Z
2023-02-27,MUDA,outflow_m3s,3,prose,BH065_27.02.2023.pdf,2026-09-01 09:37:44Z
2023-02-27,MUDA,storage_pct,95.18,prose,BH065_27.02.2023.pdf,2026-09-01 09:37:44Z
2023-03-01,CAHORA BASSA,outflow_m3s,2221.8,prose,BH067_01.03.2023.pdf,2026-09-01 09:37:44Z
2023-03-01,CAHORA BASSA,storage_pct,94.52,prose,BH067_01.03.2023.pdf,2026-09-01 09:37:44Z
2023-03-01,CHICAMBA,outflow_m3s,26.45,prose,BH067_01.03.2023.pdf,2026-09-01 09:37:44Z
2023-03-01,CHICAMBA,storage_pct,70.33,prose,BH067_01.03.2023.pdf,2026-09-01 09:37:44Z
2023-03-01,MUDA,outflow_m3s,394.43,prose,BH067_01.03.2023.pdf,2026-09-01 09:37:44Z
2023-03-01,MUDA,storage_pct,116.77,prose,BH067_01.03.2023.pdf,2026-09-01 09:37:44Z
2023-03-02,CAHORA BASSA,outflow_m3s,3113.18,prose,BH068_02.03.2023.pdf,2026-09-01 09:37:44Z
2023-03-02,CAHORA BASSA,storage_pct,94.52,prose,BH068_02.03.2023.pdf,2026-09-01 09:37:44Z
2023-03-02,CHICAMBA,outflow_m3s,26.7,prose,BH068_02.03.2023.pdf,2026-09-01 09:37:44Z
2023-03-02,CHICAMBA,storage_pct,70.71,prose,BH068_02.03.2023.pdf,2026-09-01 09:37:44Z
2023-03-02,MUDA,outflow_m3s,138.3,prose,BH068_02.03.2023.pdf,2026-09-01 09:37:44Z
2023-03-02,MUDA,storage_pct,100,prose,BH068_02.03.2023.pdf,2026-09-01 09:37:44Z
2023-03-03,CAHORA BASSA,outflow_m3s,3477.06,prose,BH069_03.03.2023.pdf,2026-09-01 09:37:44Z
2023-03-03,CAHORA BASSA,storage_pct,94.32,prose,BH069_03.03.2023.pdf,2026-09-01 09:37:44Z
2023-03-03,CHICAMBA,outflow_m3s,26.6,prose,BH069_03.03.2023.pdf,2026-09-01 09:37:44Z
2023-03-03,CHICAMBA,storage_pct,70.71,prose,BH069_03.03.2023.pdf,2026-09-01 09:37:44Z
2023-03-03,MUDA,outflow_m3s,74.06,prose,BH069_03.03.2023.pdf,2026-09-01 09:37:44Z
2023-03-03,MUDA,storage_pct,100,prose,BH069_03.03.2023.pdf,2026-09-01 09:37:44Z
2023-03-04,CAHORA BASSA,outflow_m3s,3347.75,prose,BH070_04.03.2023.pdf,2026-09-01 09:37:44Z
2023-03-04,CAHORA BASSA,storage_pct,94.17,prose,BH070_04.03.2023.pdf,2026-09-01 09:37:44Z
2023-03-04,CHICAMBA,outflow_m3s,27,prose,BH070_04.03.2023.pdf,2026-09-01 09:37:44Z
2023-03-04,CHICAMBA,storage_pct,71.1,prose,BH070_04.03.2023.pdf,2026-09-01 09:37:44Z
2023-03-04,MUDA,outflow_m3s,50.86,prose,BH070_04.03.2023.pdf,2026-09-01 09:37:44Z
2023-03-04,MUDA,storage_pct,100,prose,BH070_04.03.2023.pdf,2026-09-01 09:37:44Z
2023-03-05,CAHORA BASSA,outflow_m3s,3473.92,prose,BH071_05.03.2023.pdf,2026-09-01 09:37:44Z
2023-03-05,CAHORA BASSA,storage_pct,94.12,prose,BH071_05.03.2023.pdf,2026-09-01 09:37:44Z
2023-03-05,CHICAMBA,outflow_m3s,32.7,prose,BH071_05.03.2023.pdf,2026-09-01 09:37:44Z
2023-03-05,CHICAMBA,storage_pct,71.15,prose,BH071_05.03.2023.pdf,2026-09-01 09:37:44Z
2023-03-05,MUDA,outflow_m3s,38.86,prose,BH071_05.03.2023.pdf,2026-09-01 09:37:44Z
2023-03-05,MUDA,storage_pct,100,prose,BH071_05.03.2023.pdf,2026-09-01 09:37:44Z
2023-03-06,CAHORA BASSA,outflow_m3s,3450,prose,BH072_06.03.2023.pdf,2026-09-01 09:37:44Z
2023-03-06,CAHORA BASSA,storage_pct,94.02,prose,BH072_06.03.2023.pdf,2026-09-01 09:37:44Z
2023-03-06,CHICAMBA,outflow_m3s,41.53,prose,BH072_06.03.2023.pdf,2026-09-01 09:37:44Z
2023-03-06,CHICAMBA,storage_pct,71.25,prose,BH072_06.03.2023.pdf,2026-09-01 09:37:44Z
2023-03-06,MUDA,outflow_m3s,42.64,prose,BH072_06.03.2023.pdf,2026-09-01 09:37:44Z
2023-03-06,MUDA,storage_pct,100,prose,BH072_06.03.2023.pdf,2026-09-01 09:37:44Z
2023-03-07,CAHORA BASSA,outflow_m3s,3476.41,prose,BH073_07.03.2023.pdf,2026-09-01 09:37:44Z
2023-03-07,CAHORA BASSA,storage_pct,93.92,prose,BH073_07.03.2023.pdf,2026-09-01 09:37:44Z
2023-03-07,CHICAMBA,outflow_m3s,30.43,prose,BH073_07.03.2023.pdf,2026-09-01 09:37:44Z
2023-03-07,CHICAMBA,storage_pct,71.39,prose,BH073_07.03.2023.pdf,2026-09-01 09:37:44Z
2023-03-07,MUDA,outflow_m3s,25,prose,BH073_07.03.2023.pdf,2026-09-01 09:37:44Z
2023-03-07,MUDA,storage_pct,100,prose,BH073_07.03.2023.pdf,2026-09-01 09:37:44Z
2023-03-08,CAHORA BASSA,outflow_m3s,3477.64,prose,BH074_08.03.2023.pdf,2026-09-01 09:37:44Z
2023-03-08,CAHORA BASSA,storage_pct,93.67,prose,BH074_08.03.2023.pdf,2026-09-01 09:37:44Z
2023-03-08,CHICAMBA,outflow_m3s,26.6,prose,BH074_08.03.2023.pdf,2026-09-01 09:37:44Z
2023-03-08,CHICAMBA,storage_pct,71.44,prose,BH074_08.03.2023.pdf,2026-09-01 09:37:44Z
2023-03-08,MUDA,outflow_m3s,22.48,prose,BH074_08.03.2023.pdf,2026-09-01 09:37:44Z
2023-03-08,MUDA,storage_pct,100,prose,BH074_08.03.2023.pdf,2026-09-01 09:37:44Z
2023-03-09,CAHORA BASSA,outflow_m3s,3474.16,prose,BH075_09.03.2023.pdf,2026-09-01 09:37:44Z
2023-03-09,CAHORA BASSA,storage_pct,93.57,prose,BH075_09.03.2023.pdf,2026-09-01 09:37:44Z
2023-03-09,CHICAMBA,outflow_m3s,26.6,prose,BH075_09.03.2023.pdf,2026-09-01 09:37:44Z
2023-03-09,CHICAMBA,storage_pct,71.59,prose,BH075_09.03.2023.pdf,2026-09-01 09:37:44Z
2023-03-09,MUDA,outflow_m3s,18.7,prose,BH075_09.03.2023.pdf,2026-09-01 09:37:44Z
2023-03-09,MUDA,storage_pct,100,prose,BH075_09.03.2023.pdf,2026-09-01 09:37:44Z
2023-03-10,CAHORA BASSA,outflow_m3s,3490.55,prose,BH076_10.03.2023.pdf,2026-09-01 09:37:44Z
2023-03-10,CAHORA BASSA,storage_pct,93.42,prose,BH076_10.03.2023.pdf,2026-09-01 09:37:44Z
2023-03-10,CHICAMBA,outflow_m3s,27.16,prose,BH076_10.03.2023.pdf,2026-09-01 09:37:44Z
2023-03-10,CHICAMBA,storage_pct,71.64,prose,BH076_10.03.2023.pdf,2026-09-01 09:37:44Z
2023-03-10,MUDA,outflow_m3s,16.18,prose,BH076_10.03.2023.pdf,2026-09-01 09:37:44Z
2023-03-10,MUDA,storage_pct,100,prose,BH076_10.03.2023.pdf,2026-09-01 09:37:44Z
2023-03-11,CAHORA BASSA,outflow_m3s,2951.87,prose,BH077_11.03.2023.pdf,2026-09-01 09:37:44Z
2023-03-11,MUDA,outflow_m3s,26.26,prose,BH077_11.03.2023.pdf,2026-09-01 09:37:44Z
2023-03-13,CAHORA BASSA,outflow_m3s,1891.51,prose,BH078_13.03.2023.pdf,2026-09-01 09:37:44Z
2023-03-13,CHICAMBA,outflow_m3s,26.8,prose,BH078_13.03.2023.pdf,2026-09-01 09:37:44Z
2023-03-14,CAHORA BASSA,outflow_m3s,2059.96,prose,BH079_14.03.2023.pdf,2026-09-01 09:37:44Z
2023-03-14,CHICAMBA,outflow_m3s,27.17,prose,BH079_14.03.2023.pdf,2026-09-01 09:37:44Z
2023-03-14,MUDA,outflow_m3s,261.69,prose,BH079_14.03.2023.pdf,2026-09-01 09:37:44Z
2023-03-15,CAHORA BASSA,outflow_m3s,1850.85,prose,BH080_15.03.2023.pdf,2026-09-01 09:37:44Z
2023-03-15,CHICAMBA,outflow_m3s,28.5,prose,BH080_15.03.2023.pdf,2026-09-01 09:37:44Z
2023-03-15,MUDA,outflow_m3s,109.6,prose,BH080_15.03.2023.pdf,2026-09-01 09:37:44Z
2023-03-16,CAHORA BASSA,outflow_m3s,1850.15,prose,BH081_16.03.2023.pdf,2026-09-01 09:37:44Z
2023-03-16,CHICAMBA,outflow_m3s,30.7,prose,BH081_16.03.2023.pdf,2026-09-01 09:37:44Z
2023-03-16,MUDA,outflow_m3s,67.15,prose,BH081_16.03.2023.pdf,2026-09-01 09:37:44Z
2023-03-17,CAHORA BASSA,outflow_m3s,1850.88,prose,BH082_17.03.2023.pdf,2026-09-16 09:33:43Z
2023-03-17,CHICAMBA,outflow_m3s,30.12,prose,BH082_17.03.2023.pdf,2026-09-16 09:33:43Z
2023-03-18,CAHORA BASSA,outflow_m3s,1851.13,prose,BH083_18.03.2023.pdf,2026-09-16 09:33:43Z
2023-03-18,CHICAMBA,outflow_m3s,30.23,prose,BH083_18.03.2023.pdf,2026-09-16 09:33:43Z
2023-03-18,MUDA,outflow_m3s,50.86,prose,BH083_18.03.2023.pdf,2026-09-16 09:33:43Z
2023-03-20,CAHORA BASSA,outflow_m3s,1764.62,prose,BH085_20.03.2023.pdf,2026-09-16 09:33:43Z
2023-03-20,CAHORA BASSA,storage_pct,93.72,prose,BH085_20.03.2023.pdf,2026-09-16 09:33:43Z
2023-03-20,CHICAMBA,outflow_m3s,27.2,prose,BH085_20.03.2023.pdf,2026-09-16 09:33:43Z
2023-03-20,CHICAMBA,storage_pct,73.29,prose,BH085_20.03.2023.pdf,2026-09-16 09:33:43Z
2023-03-20,MUDA,outflow_m3s,38.86,prose,BH085_20.03.2023.pdf,2026-09-16 09:33:43Z
2023-03-20,MUDA,storage_pct,100,prose,BH085_20.03.2023.pdf,2026-09-16 09:33:43Z
2023-03-21,CAHORA BASSA,outflow_m3s,1830.91,prose,BH086_21.03.2023.pdf,2026-09-16 09:33:43Z
2023-03-21,CAHORA BASSA,storage_pct,93.72,prose,BH086_21.03.2023.pdf,2026-09-16 09:33:43Z
2023-03-21,CHICAMBA,outflow_m3s,23.37,prose,BH086_21.03.2023.pdf,2026-09-16 09:33:43Z
2023-03-21,CHICAMBA,storage_pct,74.44,prose,BH086_21.03.2023.pdf,2026-09-16 09:33:43Z
2023-03-21,MUDA,outflow_m3s,36.34,prose,BH086_21.03.2023.pdf,2026-09-16 09:33:43Z
2023-03-21,MUDA,storage_pct,100,prose,BH086_21.03.2023.pdf,2026-09-16 09:33:43Z
2023-03-22,CAHORA BASSA,outflow_m3s,1836.55,prose,BH087_22.03.2023.pdf,2026-09-16 09:33:43Z
2023-03-22,CAHORA BASSA,storage_pct,93.72,prose,BH087_22.03.2023.pdf,2026-09-16 09:33:43Z
2023-03-22,CHICAMBA,outflow_m3s,23.4,prose,BH087_22.03.2023.pdf,2026-09-16 09:33:43Z
2023-03-22,CHICAMBA,storage_pct,74.64,prose,BH087_22.03.2023.pdf,2026-09-16 09:33:43Z
2023-03-22,MUDA,outflow_m3s,26.26,prose,BH087_22.03.2023.pdf,2026-09-16 09:33:43Z
2023-03-22,MUDA,storage_pct,100,prose,BH087_22.03.2023.pdf,2026-09-16 09:33:43Z
2023-03-23,CAHORA BASSA,outflow_m3s,1826.64,prose,BH088_23.03.2023.pdf,2026-09-16 09:33:43Z
2023-03-23,CAHORA BASSA,storage_pct,93.82,prose,BH088_23.03.2023.pdf,2026-09-16 09:33:43Z
2023-03-23,CHICAMBA,outflow_m3s,23.4,prose,BH088_23.03.2023.pdf,2026-09-16 09:33:43Z
2023-03-23,CHICAMBA,storage_pct,74.75,prose,BH088_23.03.2023.pdf,2026-09-16 09:33:43Z
2023-03-23,MUDA,outflow_m3s,23.74,prose,BH088_23.03.2023.pdf,2026-09-16 09:33:43Z
2023-03-23,MUDA,storage_pct,100,prose,BH088_23.03.2023.pdf,2026-09-16 09:33:43Z
2023-03-25,CAHORA BASSA,outflow_m3s,1845.14,prose,BH090_25.03.2023.pdf,2026-09-16 09:33:43Z
2023-03-25,CAHORA BASSA,storage_pct,94.12,prose,BH090_25.03.2023.pdf,2026-09-16 09:33:43Z
2023-03-25,CHICAMBA,outflow_m3s,23.6,prose,BH090_25.03.2023.pdf,2026-09-16 09:33:43Z
2023-03-25,CHICAMBA,storage_pct,74.75,prose,BH090_25.03.2023.pdf,2026-09-16 09:33:43Z
2023-03-25,MUDA,outflow_m3s,21.22,prose,BH090_25.03.2023.pdf,2026-09-16 09:33:43Z
2023-03-25,MUDA,storage_pct,100,prose,BH090_25.03.2023.pdf,2026-09-16 09:33:43Z
2023-03-26,CAHORA BASSA,outflow_m3s,1847.44,prose,BH091_26.03.2023.pdf,2026-09-16 09:33:43Z
2023-03-26,CAHORA BASSA,storage_pct,94.32,prose,BH091_26.03.2023.pdf,2026-09-16 09:33:43Z
2023-03-26,CHICAMBA,storage_pct,74.75,prose,BH091_26.03.2023.pdf,2026-09-16 09:33:43Z
2023-03-26,MUDA,outflow_m3s,18.7,prose,BH091_26.03.2023.pdf,2026-09-16 09:33:43Z
2023-03-26,MUDA,storage_pct,100,prose,BH091_26.03.2023.pdf,2026-09-16 09:33:43Z
2023-03-27,CAHORA BASSA,outflow_m3s,1781.04,prose,BH092_27.03.2023.pdf,2026-09-16 09:33:43Z
2023-03-27,CAHORA BASSA,storage_pct,94.62,prose,BH092_27.03.2023.pdf,2026-09-16 09:33:43Z
2023-03-27,MUDA,outflow_m3s,17.83,prose,BH092_27.03.2023.pdf,2026-09-16 09:33:43Z
2023-03-27,MUDA,storage_pct,100,prose,BH092_27.03.2023.pdf,2026-09-16 09:33:43Z
2023-03-28,CAHORA BASSA,outflow_m3s,1780.74,prose,BH093_28.03.2023.pdf,2026-09-16 09:33:43Z
2023-03-28,CAHORA BASSA,storage_pct,94.77,prose,BH093_28.03.2023.pdf,2026-09-16 09:33:43Z
2023-03-28,CHICAMBA,outflow_m3s,23.6,prose,BH093_28.03.2023.pdf,2026-09-16 09:33:43Z
2023-03-28,CHICAMBA,storage_pct,75.16,prose,BH093_28.03.2023.pdf,2026-09-16 09:33:43Z
2023-03-28,MUDA,outflow_m3s,22.48,prose,BH093_28.03.2023.pdf,2026-09-16 09:33:43Z
2023-03-28,MUDA,storage_pct,100,prose,BH093_28.03.2023.pdf,2026-09-16 09:33:43Z
2023-03-29,CAHORA BASSA,outflow_m3s,1812.28,prose,BH094_29.03.2023.pdf,2026-09-16 09:33:43Z
2023-03-29,CAHORA BASSA,storage_pct,94.87,prose,BH094_29.03.2023.pdf,2026-09-16 09:33:43Z
2023-03-29,CHICAMBA,outflow_m3s,23.9,prose,BH094_29.03.2023.pdf,2026-09-16 09:33:43Z
2023-03-29,CHICAMBA,storage_pct,75.16,prose,BH094_29.03.2023.pdf,2026-09-16 09:33:43Z
2023-03-29,MUDA,outflow_m3s,31.3,prose,BH094_29.03.2023.pdf,2026-09-16 09:33:43Z
2023-03-29,MUDA,storage_pct,100,prose,BH094_29.03.2023.pdf,2026-09-16 09:33:43Z
2023-03-30,CAHORA BASSA,outflow_m3s,1822.53,prose,BH095_30.03.2023.pdf,2026-09-16 09:33:43Z
2023-03-30,CAHORA BASSA,storage_pct,95.02,prose,BH095_30.03.2023.pdf,2026-09-16 09:33:43Z
2023-03-30,MUDA,outflow_m3s,28.78,prose,BH095_30.03.2023.pdf,2026-09-16 09:33:43Z
2023-03-30,MUDA,storage_pct,100,prose,BH095_30.03.2023.pdf,2026-09-16 09:33:43Z
2023-03-31,CAHORA BASSA,outflow_m3s,1815.88,prose,BH096_31.03.2023.pdf,2026-09-16 09:33:43Z
2023-03-31,CAHORA BASSA,storage_pct,95.12,prose,BH096_31.03.2023.pdf,2026-09-16 09:33:43Z
2023-03-31,CHICAMBA,outflow_m3s,23.5,prose,BH096_31.03.2023.pdf,2026-09-16 09:33:43Z
2023-03-31,CHICAMBA,storage_pct,75.26,prose,BH096_31.03.2023.pdf,2026-09-16 09:33:43Z
2023-04-01,CAHORA BASSA,outflow_m3s,1826.57,prose,BH097_01.04.2023.pdf,2026-09-16 09:33:43Z
2023-04-01,CAHORA BASSA,storage_pct,95.22,prose,BH097_01.04.2023.pdf,2026-09-16 09:33:43Z
2023-04-01,CHICAMBA,outflow_m3s,23.3,prose,BH097_01.04.2023.pdf,2026-09-16 09:33:43Z
2023-04-01,CHICAMBA,storage_pct,75.26,prose,BH097_01.04.2023.pdf,2026-09-16 09:33:43Z
2023-04-01,MUDA,outflow_m3s,21.22,prose,BH097_01.04.2023.pdf,2026-09-16 09:33:43Z
2023-04-01,MUDA,storage_pct,100,prose,BH097_01.04.2023.pdf,2026-09-16 09:33:43Z
2023-04-02,CAHORA BASSA,outflow_m3s,1826.57,prose,BH098_02.04.2023.pdf,2026-09-16 09:33:43Z
2023-04-02,CAHORA BASSA,storage_pct,95.22,prose,BH098_02.04.2023.pdf,2026-09-16 09:33:43Z
2023-04-02,CHICAMBA,outflow_m3s,23.3,prose,BH098_02.04.2023.pdf,2026-09-16 09:33:43Z
2023-04-02,CHICAMBA,storage_pct,75.26,prose,BH098_02.04.2023.pdf,2026-09-16 09:33:43Z
2023-04-02,MUDA,outflow_m3s,21.22,prose,BH098_02.04.2023.pdf,2026-09-16 09:33:43Z
2023-04-02,MUDA,storage_pct,100,prose,BH098_02.04.2023.pdf,2026-09-16 09:33:43Z
2023-04-03,CAHORA BASSA,outflow_m3s,1796.56,prose,BH099_03.04.2023.pdf,2026-09-16 09:33:43Z
2023-04-03,CAHORA BASSA,storage_pct,95.47,prose,BH099_03.04.2023.pdf,2026-09-16 09:33:43Z
2023-04-03,CHICAMBA,outflow_m3s,23.5,prose,BH099_03.04.2023.pdf,2026-09-16 09:33:43Z
2023-04-03,CHICAMBA,storage_pct,75.47,prose,BH099_03.04.2023.pdf,2026-09-16 09:33:43Z
2023-04-03,MUDA,outflow_m3s,15.96,prose,BH099_03.04.2023.pdf,2026-09-16 09:33:43Z
2023-04-03,MUDA,storage_pct,100,prose,BH099_03.04.2023.pdf,2026-09-16 09:33:43Z
2023-04-04,CAHORA BASSA,outflow_m3s,1788.17,prose,BH100_04.04.2023.pdf,2026-09-16 09:33:43Z
2023-04-04,CAHORA BASSA,storage_pct,95.62,prose,BH100_04.04.2023.pdf,2026-09-16 09:33:43Z
2023-04-04,CHICAMBA,outflow_m3s,23.3,prose,BH100_04.04.2023.pdf,2026-09-16 09:33:43Z
2023-04-04,CHICAMBA,storage_pct,75.47,prose,BH100_04.04.2023.pdf,2026-09-16 09:33:43Z
2023-04-04,MUDA,outflow_m3s,14.59,prose,BH100_04.04.2023.pdf,2026-09-16 09:33:43Z
2023-04-04,MUDA,storage_pct,100,prose,BH100_04.04.2023.pdf,2026-09-16 09:33:43Z
2023-04-05,CAHORA BASSA,outflow_m3s,1817.22,prose,BH101_05.04.2023.pdf,2026-09-16 09:33:43Z
2023-04-05,CAHORA BASSA,storage_pct,95.77,prose,BH101_05.04.2023.pdf,2026-09-16 09:33:43Z
2023-04-05,MUDA,outflow_m3s,13.22,prose,BH101_05.04.2023.pdf,2026-09-16 09:33:43Z
2023-04-05,MUDA,storage_pct,100,prose,BH101_05.04.2023.pdf,2026-09-16 09:33:43Z
2023-04-06,CAHORA BASSA,outflow_m3s,1836.75,prose,BH102_06.04.2023.pdf,2026-09-16 09:33:43Z
2023-04-06,CAHORA BASSA,storage_pct,95.97,prose,BH102_06.04.2023.pdf,2026-09-16 09:33:43Z
2023-04-06,CHICAMBA,outflow_m3s,23.5,prose,BH102_06.04.2023.pdf,2026-09-16 09:33:43Z
2023-04-06,CHICAMBA,storage_pct,75.52,prose,BH102_06.04.2023.pdf,2026-09-16 09:33:43Z
2023-04-06,MUDA,outflow_m3s,11.85,prose,BH102_06.04.2023.pdf,2026-09-16 09:33:43Z
2023-04-06,MUDA,storage_pct,100,prose,BH102_06.04.2023.pdf,2026-09-16 09:33:43Z
2023-04-07,CAHORA BASSA,outflow_m3s,1842.54,prose,BH103_07.04.2023.pdf,2026-09-16 09:33:43Z
2023-04-07,CAHORA BASSA,storage_pct,96.28,prose,BH103_07.04.2023.pdf,2026-09-16 09:33:43Z
2023-04-07,MUDA,outflow_m3s,11.17,prose,BH103_07.04.2023.pdf,2026-09-16 09:33:43Z
2023-04-07,MUDA,storage_pct,100,prose,BH103_07.04.2023.pdf,2026-09-16 09:33:43Z
2023-04-08,CAHORA BASSA,outflow_m3s,1824.13,prose,BH104_08.04.2023.pdf,2026-09-16 09:33:43Z
2023-04-08,CAHORA BASSA,storage_pct,96.28,prose,BH104_08.04.2023.pdf,2026-09-16 09:33:43Z
2023-04-08,MUDA,outflow_m3s,9.8,prose,BH104_08.04.2023.pdf,2026-09-16 09:33:43Z
2023-04-08,MUDA,storage_pct,100,prose,BH104_08.04.2023.pdf,2026-09-16 09:33:43Z
2023-04-09,CAHORA BASSA,outflow_m3s,1826.34,prose,BH105_09.04.2023-1.pdf,2026-09-16 09:33:43Z
2023-04-09,CAHORA BASSA,storage_pct,96.83,prose,BH105_09.04.2023-1.pdf,2026-09-16 09:33:43Z
2023-04-09,MUDA,outflow_m3s,8.43,prose,BH105_09.04.2023-1.pdf,2026-09-16 09:33:43Z
2023-04-09,MUDA,storage_pct,100,prose,BH105_09.04.2023-1.pdf,2026-09-16 09:33:43Z
2023-04-10,CAHORA BASSA,outflow_m3s,1844.18,prose,BH106_10.04.2023.pdf,2026-09-16 09:33:43Z
2023-04-10,CAHORA BASSA,storage_pct,97.14,prose,BH106_10.04.2023.pdf,2026-09-16 09:33:43Z
2023-04-10,CHICAMBA,outflow_m3s,23.2,prose,BH106_10.04.2023.pdf,2026-09-16 09:33:43Z
2023-04-10,CHICAMBA,storage_pct,75.47,prose,BH106_10.04.2023.pdf,2026-09-16 09:33:43Z
2023-04-10,MUDA,outflow_m3s,7.74,prose,BH106_10.04.2023.pdf,2026-09-16 09:33:43Z
2023-04-10,MUDA,storage_pct,100,prose,BH106_10.04.2023.pdf,2026-09-16 09:33:43Z
2023-04-11,CAHORA BASSA,outflow_m3s,2036.62,prose,BH107_11.04.2023.pdf,2026-09-16 09:33:43Z
2023-04-11,CAHORA BASSA,storage_pct,97.39,prose,BH107_11.04.2023.pdf,2026-09-16 09:33:43Z
2023-04-11,CHICAMBA,outflow_m3s,59.1,prose,BH107_11.04.2023.pdf,2026-09-16 09:33:43Z
2023-04-11,CHICAMBA,storage_pct,75.26,prose,BH107_11.04.2023.pdf,2026-09-16 09:33:43Z
2023-04-11,MUDA,outflow_m3s,7.06,prose,BH107_11.04.2023.pdf,2026-09-16 09:33:43Z
2023-04-11,MUDA,storage_pct,100,prose,BH107_11.04.2023.pdf,2026-09-16 09:33:43Z
2023-04-12,CAHORA BASSA,outflow_m3s,2036.62,prose,BH108_12.04.2023.pdf,2026-09-16 09:33:43Z
2023-04-12,CAHORA BASSA,storage_pct,97.49,prose,BH108_12.04.2023.pdf,2026-09-16 09:33:43Z
2023-04-12,CHICAMBA,outflow_m3s,32.2,prose,BH108_12.04.2023.pdf,2026-09-16 09:33:43Z
2023-04-12,CHICAMBA,storage_pct,75.26,prose,BH108_12.04.2023.pdf,2026-09-16 09:33:43Z
2023-04-12,MUDA,outflow_m3s,9.8,prose,BH108_12.04.2023.pdf,2026-09-16 09:33:43Z
2023-04-12,MUDA,storage_pct,100,prose,BH108_12.04.2023.pdf,2026-09-16 09:33:43Z
2023-04-13,CAHORA BASSA,outflow_m3s,2528.64,prose,BH109_13.04.2023.pdf,2026-09-16 09:33:43Z
2023-04-13,CAHORA BASSA,storage_pct,97.54,prose,BH109_13.04.2023.pdf,2026-09-16 09:33:43Z
2023-04-13,CHICAMBA,outflow_m3s,31.3,prose,BH109_13.04.2023.pdf,2026-09-16 09:33:43Z
2023-04-13,CHICAMBA,storage_pct,75.47,prose,BH109_13.04.2023.pdf,2026-09-16 09:33:43Z
2023-04-13,MUDA,outflow_m3s,9.11,prose,BH109_13.04.2023.pdf,2026-09-16 09:33:43Z
2023-04-13,MUDA,storage_pct,100,prose,BH109_13.04.2023.pdf,2026-09-16 09:33:43Z
2023-04-14,CAHORA BASSA,outflow_m3s,2534.53,prose,BH110_14.04.2023.pdf,2026-09-16 09:33:43Z
2023-04-14,CAHORA BASSA,storage_pct,97.49,prose,BH110_14.04.2023.pdf,2026-09-16 09:33:43Z
2023-04-14,CHICAMBA,outflow_m3s,50.7,prose,BH110_14.04.2023.pdf,2026-09-16 09:33:43Z
2023-04-14,CHICAMBA,storage_pct,75.47,prose,BH110_14.04.2023.pdf,2026-09-16 09:33:43Z
2023-04-14,MUDA,outflow_m3s,8.43,prose,BH110_14.04.2023.pdf,2026-09-16 09:33:43Z
2023-04-14,MUDA,storage_pct,100,prose,BH110_14.04.2023.pdf,2026-09-16 09:33:43Z
2023-04-15,CAHORA BASSA,outflow_m3s,2530.36,prose,BH111_15.04.2023.pdf,2026-09-16 09:33:43Z
2023-04-15,CAHORA BASSA,storage_pct,97.44,prose,BH111_15.04.2023.pdf,2026-09-16 09:33:43Z
2023-04-15,MUDA,outflow_m3s,9.8,prose,BH111_15.04.2023.pdf,2026-09-16 09:33:43Z
2023-04-15,MUDA,storage_pct,100,prose,BH111_15.04.2023.pdf,2026-09-16 09:33:43Z
2023-04-17,CAHORA BASSA,outflow_m3s,2386.8,prose,BH112_17.04.2023-1.pdf,2026-09-16 09:33:43Z
2023-04-17,CAHORA BASSA,storage_pct,97.24,prose,BH112_17.04.2023-1.pdf,2026-09-16 09:33:43Z
2023-04-17,CHICAMBA,outflow_m3s,52.86,prose,BH112_17.04.2023-1.pdf,2026-09-16 09:33:43Z
2023-04-17,CHICAMBA,storage_pct,75.11,prose,BH112_17.04.2023-1.pdf,2026-09-16 09:33:43Z
2023-04-17,MUDA,outflow_m3s,9.8,prose,BH112_17.04.2023-1.pdf,2026-09-16 09:33:43Z
2023-04-17,MUDA,storage_pct,100,prose,BH112_17.04.2023-1.pdf,2026-09-16 09:33:43Z
2023-04-18,CAHORA BASSA,outflow_m3s,2139.1,prose,BH113_18.04.2023.pdf,2026-09-16 09:33:43Z
2023-04-18,CAHORA BASSA,storage_pct,97.34,prose,BH113_18.04.2023.pdf,2026-09-16 09:33:43Z
2023-04-18,CHICAMBA,outflow_m3s,23.3,prose,BH113_18.04.2023.pdf,2026-09-16 09:33:43Z
2023-04-18,MUDA,outflow_m3s,9.11,prose,BH113_18.04.2023.pdf,2026-09-16 09:33:43Z
2023-04-18,MUDA,storage_pct,100,prose,BH113_18.04.2023.pdf,2026-09-16 09:33:43Z
2023-04-19,CAHORA BASSA,outflow_m3s,2138.87,prose,BH114_19.04.2023.pdf,2026-09-16 09:33:43Z
2023-04-19,CAHORA BASSA,storage_pct,97.39,prose,BH114_19.04.2023.pdf,2026-09-16 09:33:43Z
2023-04-19,CHICAMBA,outflow_m3s,23.2,prose,BH114_19.04.2023.pdf,2026-09-16 09:33:43Z
2023-04-19,CHICAMBA,storage_pct,75,prose,BH114_19.04.2023.pdf,2026-09-16 09:33:43Z
2023-04-19,MUDA,outflow_m3s,8.43,prose,BH114_19.04.2023.pdf,2026-09-16 09:33:43Z
2023-04-19,MUDA,storage_pct,100,prose,BH114_19.04.2023.pdf,2026-09-16 09:33:43Z
2023-04-20,CAHORA BASSA,outflow_m3s,2137.79,prose,BH115_20.04.2023.pdf,2026-09-16 09:33:43Z
2023-04-20,CAHORA BASSA,storage_pct,97.39,prose,BH115_20.04.2023.pdf,2026-09-16 09:33:43Z
2023-04-20,CHICAMBA,outflow_m3s,23.2,prose,BH115_20.04.2023.pdf,2026-09-16 09:33:43Z
2023-04-20,CHICAMBA,storage_pct,75,prose,BH115_20.04.2023.pdf,2026-09-16 09:33:43Z
2023-04-20,MUDA,outflow_m3s,7.74,prose,BH115_20.04.2023.pdf,2026-09-16 09:33:43Z
2023-04-20,MUDA,storage_pct,100,prose,BH115_20.04.2023.pdf,2026-09-16 09:33:43Z
2023-04-21,CAHORA BASSA,outflow_m3s,2138.29,prose,BH116_21.04.2023.pdf,2026-09-16 09:33:43Z
2023-04-21,CAHORA BASSA,storage_pct,97.69,prose,BH116_21.04.2023.pdf,2026-09-16 09:33:43Z
2023-04-21,CHICAMBA,outflow_m3s,23.38,prose,BH116_21.04.2023.pdf,2026-09-16 09:33:43Z
2023-04-21,CHICAMBA,storage_pct,74.8,prose,BH116_21.04.2023.pdf,2026-09-16 09:33:43Z
2023-04-21,MUDA,outflow_m3s,7.06,prose,BH116_21.04.2023.pdf,2026-09-16 09:33:43Z
2023-04-21,MUDA,storage_pct,100,prose,BH116_21.04.2023.pdf,2026-09-16 09:33:43Z
2023-04-22,CAHORA BASSA,outflow_m3s,2139.41,prose,BH117_22.04.2023.pdf,2026-09-16 09:33:43Z
2023-04-22,CAHORA BASSA,storage_pct,97.85,prose,BH117_22.04.2023.pdf,2026-09-16 09:33:43Z
2023-04-22,MUDA,outflow_m3s,7.06,prose,BH117_22.04.2023.pdf,2026-09-16 09:33:43Z
2023-04-22,MUDA,storage_pct,100,prose,BH117_22.04.2023.pdf,2026-09-16 09:33:43Z
2023-04-25,CAHORA BASSA,outflow_m3s,2246.35,prose,BH119_25.04.2023.pdf,2026-09-16 09:33:43Z
2023-04-25,CAHORA BASSA,storage_pct,97.85,prose,BH119_25.04.2023.pdf,2026-09-16 09:33:43Z
2023-04-25,MUDA,outflow_m3s,5,prose,BH119_25.04.2023.pdf,2026-09-16 09:33:43Z
2023-04-25,MUDA,storage_pct,100,prose,BH119_25.04.2023.pdf,2026-09-16 09:33:43Z
2023-04-26,CAHORA BASSA,outflow_m3s,2529.05,prose,BH120_26.04.2023.pdf,2026-09-16 09:33:43Z
2023-04-26,CAHORA BASSA,storage_pct,97.69,prose,BH120_26.04.2023.pdf,2026-09-16 09:33:43Z
2023-04-26,CHICAMBA,outflow_m3s,22.64,prose,BH120_26.04.2023.pdf,2026-09-16 09:33:43Z
2023-04-26,CHICAMBA,storage_pct,75,prose,BH120_26.04.2023.pdf,2026-09-16 09:33:43Z
2023-04-27,CAHORA BASSA,outflow_m3s,2514.25,prose,BH121_27.04.2023.pdf,2026-09-16 09:33:43Z
2023-04-27,CAHORA BASSA,storage_pct,97.54,prose,BH121_27.04.2023.pdf,2026-09-16 09:33:43Z
2023-04-27,MUDA,outflow_m3s,5,prose,BH121_27.04.2023.pdf,2026-09-16 09:33:43Z
2023-04-27,MUDA,storage_pct,100,prose,BH121_27.04.2023.pdf,2026-09-16 09:33:43Z
2023-04-28,CAHORA BASSA,outflow_m3s,2524.21,prose,BH122_28.04.2023.pdf,2026-09-24 18:35:38Z
2023-04-28,CAHORA BASSA,storage_pct,97.39,prose,BH122_28.04.2023.pdf,2026-09-24 18:35:38Z
2023-04-28,CHICAMBA,outflow_m3s,28.87,prose,BH122_28.04.2023.pdf,2026-09-24 18:35:38Z
2023-04-28,CHICAMBA,storage_pct,74.8,prose,BH122_28.04.2023.pdf,2026-09-24 18:35:38Z
2023-04-28,MUDA,outflow_m3s,5,prose,BH122_28.04.2023.pdf,2026-09-24 18:35:38Z
2023-04-28,MUDA,storage_pct,100,prose,BH122_28.04.2023.pdf,2026-09-24 18:35:38Z
2023-04-29,CAHORA BASSA,outflow_m3s,2528.55,prose,BH123_29.04.2023.pdf,2026-09-24 18:35:38Z
2023-04-29,CAHORA BASSA,storage_pct,97.24,prose,BH123_29.04.2023.pdf,2026-09-24 18:35:38Z
2023-04-29,MUDA,outflow_m3s,5,prose,BH123_29.04.2023.pdf,2026-09-24 18:35:38Z
2023-04-29,MUDA,storage_pct,100,prose,BH123_29.04.2023.pdf,2026-09-24 18:35:38Z
2023-04-30,CAHORA BASSA,outflow_m3s,2531.19,prose,BH124_30.04.2023.pdf,2026-09-24 18:35:38Z
2023-04-30,CAHORA BASSA,storage_pct,97.09,prose,BH124_30.04.2023.pdf,2026-09-24 18:35:38Z
2023-04-30,MUDA,outflow_m3s,5,prose,BH124_30.04.2023.pdf,2026-09-24 18:35:38Z
2023-04-30,MUDA,storage_pct,100,prose,BH124_30.04.2023.pdf,2026-09-24 18:35:38Z
2023-05-01,CAHORA BASSA,outflow_m3s,2527.69,prose,BH125_01.05.2023.pdf,2026-09-24 18:35:38Z
2023-05-01,CAHORA BASSA,storage_pct,96.93,prose,BH125_01.05.2023.pdf,2026-09-24 18:35:38Z
2023-05-01,MUDA,outflow_m3s,5,prose,BH125_01.05.2023.pdf,2026-09-24 18:35:38Z
2023-05-01,MUDA,storage_pct,100,prose,BH125_01.05.2023.pdf,2026-09-24 18:35:38Z
2023-05-02,CAHORA BASSA,outflow_m3s,2534.01,prose,BH126_02.05.2023.pdf,2026-09-24 18:35:38Z
2023-05-02,CAHORA BASSA,storage_pct,96.78,prose,BH126_02.05.2023.pdf,2026-09-24 18:35:38Z
2023-05-02,MUDA,outflow_m3s,5,prose,BH126_02.05.2023.pdf,2026-09-24 18:35:38Z
2023-05-02,MUDA,storage_pct,100,prose,BH126_02.05.2023.pdf,2026-09-24 18:35:38Z
2023-05-03,CAHORA BASSA,outflow_m3s,2534.1,prose,BH127_03.05.2023.pdf,2026-09-24 18:35:38Z
2023-05-03,CAHORA BASSA,storage_pct,96.73,prose,BH127_03.05.2023.pdf,2026-09-24 18:35:38Z
2023-05-03,CHICAMBA,outflow_m3s,23.6,prose,BH127_03.05.2023.pdf,2026-09-24 18:35:38Z
2023-05-03,CHICAMBA,storage_pct,74.64,prose,BH127_03.05.2023.pdf,2026-09-24 18:35:38Z
2023-05-03,MUDA,outflow_m3s,5,prose,BH127_03.05.2023.pdf,2026-09-24 18:35:38Z
2023-05-03,MUDA,storage_pct,100,prose,BH127_03.05.2023.pdf,2026-09-24 18:35:38Z
2023-05-04,CAHORA BASSA,outflow_m3s,2533.88,prose,BH128_04.05.2023.pdf,2026-09-24 18:35:38Z
2023-05-04,CAHORA BASSA,storage_pct,96.58,prose,BH128_04.05.2023.pdf,2026-09-24 18:35:38Z
2023-05-04,CHICAMBA,outflow_m3s,22.7,prose,BH128_04.05.2023.pdf,2026-09-24 18:35:38Z
2023-05-04,CHICAMBA,storage_pct,74.64,prose,BH128_04.05.2023.pdf,2026-09-24 18:35:38Z
2023-05-04,MUDA,outflow_m3s,5,prose,BH128_04.05.2023.pdf,2026-09-24 18:35:38Z
2023-05-04,MUDA,storage_pct,98.73,prose,BH128_04.05.2023.pdf,2026-09-24 18:35:38Z
2023-05-05,CAHORA BASSA,outflow_m3s,2533.71,prose,BH129_05.05.2023.pdf,2026-09-24 18:35:38Z
2023-05-05,CAHORA BASSA,storage_pct,96.53,prose,BH129_05.05.2023.pdf,2026-09-24 18:35:38Z
2023-05-05,MUDA,outflow_m3s,5,prose,BH129_05.05.2023.pdf,2026-09-24 18:35:38Z
2023-05-05,MUDA,storage_pct,98.73,prose,BH129_05.05.2023.pdf,2026-09-24 18:35:38Z
2023-12-04,CAHORA BASSA,outflow_m3s,1524.15,prose,BH001_04.12.2023-1.pdf,2026-09-24 18:35:38Z
2023-12-04,CAHORA BASSA,storage_pct,80.98,prose,BH001_04.12.2023-1.pdf,2026-09-24 18:35:38Z
2023-12-04,CHICAMBA,outflow_m3s,35.4,prose,BH001_04.12.2023-1.pdf,2026-09-24 18:35:38Z
2023-12-04,CHICAMBA,storage_pct,53.05,prose,BH001_04.12.2023-1.pdf,2026-09-24 18:35:38Z
2023-12-04,MUDA,outflow_m3s,1.8,prose,BH001_04.12.2023-1.pdf,2026-09-24 18:35:38Z
2023-12-04,MUDA,storage_pct,65.24,prose,BH001_04.12.2023-1.pdf,2026-09-24 18:35:38Z
2023-12-13,CAHORA BASSA,outflow_m3s,2833.23,prose,BH008_13.12.2023.pdf,2026-09-24 18:35:38Z
2023-12-13,CAHORA BASSA,storage_pct,78.83,prose,BH008_13.12.2023.pdf,2026-09-24 18:35:38Z
2023-12-13,CHICAMBA,outflow_m3s,40.3,prose,BH008_13.12.2023.pdf,2026-09-24 18:35:38Z
2023-12-13,CHICAMBA,storage_pct,52.05,prose,BH008_13.12.2023.pdf,2026-09-24 18:35:38Z
2023-12-13,MUDA,outflow_m3s,1.8,prose,BH008_13.12.2023.pdf,2026-09-24 18:35:38Z
2023-12-13,MUDA,storage_pct,63.78,prose,BH008_13.12.2023.pdf,2026-09-24 18:35:38Z
2023-12-15,CAHORA BASSA,outflow_m3s,2853.55,prose,BH010_15.12.2023.pdf,2026-09-24 18:35:38Z
2023-12-15,CAHORA BASSA,storage_pct,78.24,prose,BH010_15.12.2023.pdf,2026-09-24 18:35:38Z
2023-12-15,CHICAMBA,outflow_m3s,49.9,prose,BH010_15.12.2023.pdf,2026-09-24 18:35:38Z
2023-12-15,CHICAMBA,storage_pct,51.78,prose,BH010_15.12.2023.pdf,2026-09-24 18:35:38Z
2023-12-15,MUDA,outflow_m3s,1.8,prose,BH010_15.12.2023.pdf,2026-09-24 18:35:38Z
2023-12-15,MUDA,storage_pct,63.48,prose,BH010_15.12.2023.pdf,2026-09-24 18:35:38Z
2023-12-18,CAHORA BASSA,outflow_m3s,2777.47,prose,BH011_18.12.2023.pdf,2026-09-24 18:35:38Z
2023-12-18,CAHORA BASSA,storage_pct,77.52,prose,BH011_18.12.2023.pdf,2026-09-24 18:35:38Z
2023-12-18,CHICAMBA,outflow_m3s,40.3,prose,BH011_18.12.2023.pdf,2026-09-24 18:35:38Z
2023-12-18,CHICAMBA,storage_pct,51.35,prose,BH011_18.12.2023.pdf,2026-09-24 18:35:38Z
2023-12-18,MUDA,outflow_m3s,1.8,prose,BH011_18.12.2023.pdf,2026-09-24 18:35:38Z
2023-12-18,MUDA,storage_pct,64.25,prose,BH011_18.12.2023.pdf,2026-09-24 18:35:38Z
2023-12-19,CAHORA BASSA,outflow_m3s,2966.95,prose,BH012_19.12.2023.pdf,2026-09-24 18:35:38Z
2023-12-19,CAHORA BASSA,storage_pct,77.25,prose,BH012_19.12.2023.pdf,2026-09-24 18:35:38Z
2023-12-19,CHICAMBA,outflow_m3s,39.4,prose,BH012_19.12.2023.pdf,2026-09-24 18:35:38Z
2023-12-19,CHICAMBA,storage_pct,51.2,prose,BH012_19.12.2023.pdf,2026-09-24 18:35:38Z
2023-12-19,MUDA,outflow_m3s,1.8,prose,BH012_19.12.2023.pdf,2026-09-24 18:35:38Z
2023-12-19,MUDA,storage_pct,64.25,prose,BH012_19.12.2023.pdf,2026-09-24 18:35:38Z
2023-12-20,CAHORA BASSA,outflow_m3s,2989.04,prose,BH013_20.12.2023.pdf,2026-09-24 18:35:38Z
2023-12-20,CAHORA BASSA,storage_pct,76.98,prose,BH013_20.12.2023.pdf,2026-09-24 18:35:38Z
2023-12-20,CHICAMBA,outflow_m3s,42.9,prose,BH013_20.12.2023.pdf,2026-09-24 18:35:38Z
2023-12-20,CHICAMBA,storage_pct,51.2,prose,BH013_20.12.2023.pdf,2026-09-24 18:35:38Z
2023-12-20,MUDA,outflow_m3s,1.8,prose,BH013_20.12.2023.pdf,2026-09-24 18:35:38Z
2023-12-20,MUDA,storage_pct,64.25,prose,BH013_20.12.2023.pdf,2026-09-24 18:35:38Z
2023-12-21,CAHORA BASSA,outflow_m3s,2980.95,prose,BH014_21.12.2023.pdf,2026-09-24 18:35:38Z
2023-12-21,CAHORA BASSA,storage_pct,76.67,prose,BH014_21.12.2023.pdf,2026-09-24 18:35:38Z
2023-12-21,CHICAMBA,outflow_m3s,41.1,prose,BH014_21.12.2023.pdf,2026-09-24 18:35:38Z
2023-12-21,CHICAMBA,storage_pct,51,prose,BH014_21.12.2023.pdf,2026-09-24 18:35:38Z
2023-12-21,MUDA,outflow_m3s,1.8,prose,BH014_21.12.2023.pdf,2026-09-24 18:35:38Z
2023-12-21,MUDA,storage_pct,64.25,prose,BH014_21.12.2023.pdf,2026-09-24 18:35:38Z
2023-12-22,CAHORA BASSA,outflow_m3s,2972.17,prose,BH015_22.12.2023.pdf,2026-09-24 18:35:38Z
2023-12-22,CAHORA BASSA,storage_pct,76.31,prose,BH015_22.12.2023.pdf,2026-09-24 18:35:38Z
2023-12-22,CHICAMBA,outflow_m3s,42.1,prose,BH015_22.12.2023.pdf,2026-09-24 18:35:38Z
2023-12-22,CHICAMBA,storage_pct,50.93,prose,BH015_22.12.2023.pdf,2026-09-24 18:35:38Z
2023-12-22,MUDA,outflow_m3s,1.8,prose,BH015_22.12.2023.pdf,2026-09-24 18:35:38Z
2023-12-22,MUDA,storage_pct,63.48,prose,BH015_22.12.2023.pdf,2026-09-24 18:35:38Z
2023-12-26,CAHORA BASSA,outflow_m3s,2944.59,prose,BH016_26.12.2023.pdf,2026-09-24 18:35:38Z
2023-12-26,CAHORA BASSA,storage_pct,74.76,prose,BH016_26.12.2023.pdf,2026-09-24 18:35:38Z
2023-12-26,CHICAMBA,outflow_m3s,42.1,prose,BH016_26.12.2023.pdf,2026-09-24 18:35:38Z
2023-12-26,CHICAMBA,storage_pct,50.93,prose,BH016_26.12.2023.pdf,2026-09-24 18:35:38Z
2023-12-26,MUDA,outflow_m3s,1.8,prose,BH016_26.12.2023.pdf,2026-09-24 18:35:38Z
2023-12-26,MUDA,storage_pct,62.53,prose,BH016_26.12.2023.pdf,2026-09-24 18:35:38Z
2023-12-27,CAHORA BASSA,outflow_m3s,2994.4,prose,BH017_27.12.2023.pdf,2026-09-24 18:35:38Z
2023-12-27,CAHORA BASSA,storage_pct,74.49,prose,BH017_27.12.2023.pdf,2026-09-24 18:35:38Z
2023-12-27,CHICAMBA,outflow_m3s,38.3,prose,BH017_27.12.2023.pdf,2026-09-24 18:35:38Z
2023-12-27,CHICAMBA,storage_pct,50.54,prose,BH017_27.12.2023.pdf,2026-09-24 18:35:38Z
2023-12-27,MUDA,outflow_m3s,1.8,prose,BH017_27.12.2023.pdf,2026-09-24 18:35:38Z
2023-12-27,MUDA,storage_pct,63.48,prose,BH017_27.12.2023.pdf,2026-09-24 18:35:38Z
2024-01-02,CAHORA BASSA,outflow_m3s,1843.24,prose,BH020_02.01.2024.pdf,2026-09-24 18:35:38Z
2024-01-02,CAHORA BASSA,storage_pct,74.8,prose,BH020_02.01.2024.pdf,2026-09-24 18:35:38Z
2024-01-02,CHICAMBA,outflow_m3s,26.5,prose,BH020_02.01.2024.pdf,2026-09-24 18:35:38Z
2024-01-02,CHICAMBA,storage_pct,50.85,prose,BH020_02.01.2024.pdf,2026-09-24 18:35:38Z
2024-01-02,MUDA,outflow_m3s,1.8,prose,BH020_02.01.2024.pdf,2026-09-24 18:35:38Z
2024-01-02,MUDA,storage_pct,73.16,prose,BH020_02.01.2024.pdf,2026-09-24 18:35:38Z
2024-01-03,CAHORA BASSA,outflow_m3s,1903.68,prose,BH021_03.01.2024.pdf,2026-09-24 18:35:38Z
2024-01-03,CAHORA BASSA,storage_pct,74.71,prose,BH021_03.01.2024.pdf,2026-09-24 18:35:38Z
2024-01-03,CHICAMBA,outflow_m3s,26.5,prose,BH021_03.01.2024.pdf,2026-09-24 18:35:38Z
2024-01-03,CHICAMBA,storage_pct,50.89,prose,BH021_03.01.2024.pdf,2026-09-24 18:35:38Z
2024-01-03,MUDA,outflow_m3s,1.8,prose,BH021_03.01.2024.pdf,2026-09-24 18:35:38Z
2024-01-03,MUDA,storage_pct,74.03,prose,BH021_03.01.2024.pdf,2026-09-24 18:35:38Z
2024-01-05,CAHORA BASSA,outflow_m3s,1555.66,prose,BH023_05.01.2024.pdf,2026-09-24 18:35:38Z
2024-01-05,CAHORA BASSA,storage_pct,74.67,prose,BH023_05.01.2024.pdf,2026-09-24 18:35:38Z
2024-01-05,CHICAMBA,outflow_m3s,26.2,prose,BH023_05.01.2024.pdf,2026-09-24 18:35:38Z
2024-01-05,CHICAMBA,storage_pct,51.12,prose,BH023_05.01.2024.pdf,2026-09-24 18:35:38Z
2024-01-05,MUDA,outflow_m3s,1.8,prose,BH023_05.01.2024.pdf,2026-09-24 18:35:38Z
2024-01-05,MUDA,storage_pct,75.11,prose,BH023_05.01.2024.pdf,2026-09-24 18:35:38Z
2024-01-08,CAHORA BASSA,outflow_m3s,1886.64,prose,BH024_08.01.2024.pdf,2026-09-24 18:35:38Z
2024-01-08,CAHORA BASSA,storage_pct,74.32,prose,BH024_08.01.2024.pdf,2026-09-24 18:35:38Z
2024-01-08,CHICAMBA,outflow_m3s,24.1,prose,BH024_08.01.2024.pdf,2026-09-24 18:35:38Z
2024-01-08,CHICAMBA,storage_pct,51.27,prose,BH024_08.01.2024.pdf,2026-09-24 18:35:38Z
2024-01-08,MUDA,outflow_m3s,1.8,prose,BH024_08.01.2024.pdf,2026-09-24 18:35:38Z
2024-01-08,MUDA,storage_pct,73.16,prose,BH024_08.01.2024.pdf,2026-09-24 18:35:38Z
2024-01-09,CAHORA BASSA,outflow_m3s,1918.3,prose,BH025_09.01.2024.pdf,2026-09-24 18:35:38Z
2024-01-09,CAHORA BASSA,storage_pct,74.14,prose,BH025_09.01.2024.pdf,2026-09-24 18:35:38Z
2024-01-09,CHICAMBA,outflow_m3s,24.1,prose,BH025_09.01.2024.pdf,2026-09-24 18:35:38Z
2024-01-09,CHICAMBA,storage_pct,51.27,prose,BH025_09.01.2024.pdf,2026-09-24 18:35:38Z
2024-01-09,MUDA,outflow_m3s,1.8,prose,BH025_09.01.2024.pdf,2026-09-24 18:35:38Z
2024-01-09,MUDA,storage_pct,72.13,prose,BH025_09.01.2024.pdf,2026-09-24 18:35:38Z
2024-01-10,CAHORA BASSA,outflow_m3s,1923.57,prose,BH026_10.01.2024.pdf,2026-09-24 18:35:38Z
2024-01-10,CAHORA BASSA,storage_pct,73.96,prose,BH026_10.01.2024.pdf,2026-09-24 18:35:38Z
2024-01-10,CHICAMBA,outflow_m3s,24.1,prose,BH026_10.01.2024.pdf,2026-09-24 18:35:38Z
2024-01-10,CHICAMBA,storage_pct,51.27,prose,BH026_10.01.2024.pdf,2026-09-24 18:35:38Z
2024-01-10,MUDA,outflow_m3s,1.8,prose,BH026_10.01.2024.pdf,2026-09-24 18:35:38Z
2024-01-10,MUDA,storage_pct,72.13,prose,BH026_10.01.2024.pdf,2026-09-24 18:35:38Z
2024-01-11,CAHORA BASSA,outflow_m3s,1913.85,prose,BH027_11.01.2024.pdf,2026-09-24 18:35:38Z
2024-01-11,CAHORA BASSA,storage_pct,73.79,prose,BH027_11.01.2024.pdf,2026-09-24 18:35:38Z
2024-01-11,CHICAMBA,outflow_m3s,26.7,prose,BH027_11.01.2024.pdf,2026-09-24 18:35:38Z
2024-01-11,CHICAMBA,storage_pct,51.16,prose,BH027_11.01.2024.pdf,2026-09-24 18:35:38Z
2024-01-11,MUDA,outflow_m3s,1.8,prose,BH027_11.01.2024.pdf,2026-09-24 18:35:38Z
2024-01-11,MUDA,storage_pct,72.13,prose,BH027_11.01.2024.pdf,2026-09-24 18:35:38Z
2024-01-15,CAHORA BASSA,outflow_m3s,1893.79,prose,BH029_15.01.2024.pdf,2026-09-24 18:35:38Z
2024-01-15,CAHORA BASSA,storage_pct,73.79,prose,BH029_15.01.2024.pdf,2026-09-24 18:35:38Z
2024-01-15,CHICAMBA,outflow_m3s,24.2,prose,BH029_15.01.2024.pdf,2026-09-24 18:35:38Z
2024-01-15,CHICAMBA,storage_pct,51,prose,BH029_15.01.2024.pdf,2026-09-24 18:35:38Z
2024-01-15,MUDA,outflow_m3s,1.8,prose,BH029_15.01.2024.pdf,2026-09-24 18:35:38Z
2024-01-15,MUDA,storage_pct,71.09,prose,BH029_15.01.2024.pdf,2026-09-24 18:35:38Z
2024-01-16,CAHORA BASSA,outflow_m3s,1930.98,prose,BH030_16.01.20224.pdf,2026-09-24 18:35:38Z
2024-01-16,CAHORA BASSA,storage_pct,73.83,prose,BH030_16.01.20224.pdf,2026-09-24 18:35:38Z
2024-01-16,CHICAMBA,outflow_m3s,36,prose,BH030_16.01.20224.pdf,2026-09-24 18:35:38Z
2024-01-16,CHICAMBA,storage_pct,50.97,prose,BH030_16.01.20224.pdf,2026-09-24 18:35:38Z
2024-01-16,MUDA,outflow_m3s,1.8,prose,BH030_16.01.20224.pdf,2026-09-24 18:35:38Z
2024-01-16,MUDA,storage_pct,71.09,prose,BH030_16.01.20224.pdf,2026-09-24 18:35:38Z
2024-01-17,CAHORA BASSA,outflow_m3s,1934.13,prose,BH031_17.01.2024.pdf,2026-09-24 18:35:38Z
2024-01-17,CAHORA BASSA,storage_pct,73.88,prose,BH031_17.01.2024.pdf,2026-09-24 18:35:38Z
2024-01-17,CHICAMBA,outflow_m3s,21.5,prose,BH031_17.01.2024.pdf,2026-09-24 18:35:38Z
2024-01-17,CHICAMBA,storage_pct,50.93,prose,BH031_17.01.2024.pdf,2026-09-24 18:35:38Z
2024-01-17,MUDA,outflow_m3s,1,prose,BH031_17.01.2024.pdf,2026-09-24 18:35:38Z
2024-01-17,MUDA,storage_pct,71.09,prose,BH031_17.01.2024.pdf,2026-09-24 18:35:38Z
2024-01-19,CAHORA BASSA,outflow_m3s,1909.61,prose,BH033_19.01.2024.pdf,2026-09-24 18:35:38Z
2024-01-19,CAHORA BASSA,storage_pct,74.14,prose,BH033_19.01.2024.pdf,2026-09-24 18:35:38Z
2024-01-19,CHICAMBA,outflow_m3s,21.6,prose,BH033_19.01.2024.pdf,2026-09-24 18:35:38Z
2024-01-19,CHICAMBA,storage_pct,50.89,prose,BH033_19.01.2024.pdf,2026-09-24 18:35:38Z
2024-01-19,MUDA,outflow_m3s,1,prose,BH033_19.01.2024.pdf,2026-09-24 18:35:38Z
2024-01-19,MUDA,storage_pct,71.09,prose,BH033_19.01.2024.pdf,2026-09-24 18:35:38Z
2024-01-20,CAHORA BASSA,outflow_m3s,1910.48,prose,BH034_20.01.2024.pdf,2026-09-24 18:35:38Z
2024-01-20,CAHORA BASSA,storage_pct,74.76,prose,BH034_20.01.2024.pdf,2026-09-24 18:35:38Z
2024-01-20,MUDA,outflow_m3s,1,prose,BH034_20.01.2024.pdf,2026-09-24 18:35:38Z
2024-01-20,MUDA,storage_pct,71.09,prose,BH034_20.01.2024.pdf,2026-09-24 18:35:38Z
2024-01-22,CAHORA BASSA,outflow_m3s,1844.99,prose,BH035_22.01.2024.pdf,2026-09-24 18:35:38Z
2024-01-22,CHICAMBA,outflow_m3s,21.6,prose,BH035_22.01.2024.pdf,2026-09-24 18:35:38Z
2024-01-22,MUDA,outflow_m3s,1,prose,BH035_22.01.2024.pdf,2026-09-24 18:35:38Z
2024-01-23,CAHORA BASSA,outflow_m3s,1820.67,prose,BH036_23.01.2024.pdf,2026-09-24 18:35:38Z
2024-01-23,CAHORA BASSA,storage_pct,76.36,prose,BH036_23.01.2024.pdf,2026-09-24 18:35:38Z
2024-01-23,CHICAMBA,outflow_m3s,21.6,prose,BH036_23.01.2024.pdf,2026-09-24 18:35:38Z
2024-01-23,CHICAMBA,storage_pct,50.89,prose,BH036_23.01.2024.pdf,2026-09-24 18:35:38Z
2024-01-23,MUDA,outflow_m3s,1,prose,BH036_23.01.2024.pdf,2026-09-24 18:35:38Z
2024-01-23,MUDA,storage_pct,70.05,prose,BH036_23.01.2024.pdf,2026-09-24 18:35:38Z
2024-01-24,CAHORA BASSA,outflow_m3s,1912.36,prose,BH037_24.01.2024.pdf,2026-09-24 18:42:53Z
2024-01-24,CAHORA BASSA,storage_pct,76.67,prose,BH037_24.01.2024.pdf,2026-09-24 18:42:53Z
2024-01-24,CHICAMBA,outflow_m3s,18.9,prose,BH037_24.01.2024.pdf,2026-09-24 18:42:53Z
2024-01-24,CHICAMBA,storage_pct,51.43,prose,BH037_24.01.2024.pdf,2026-09-24 18:42:53Z
2024-01-24,MUDA,outflow_m3s,1,prose,BH037_24.01.2024.pdf,2026-09-24 18:42:53Z
2024-01-24,MUDA,storage_pct,70.05,prose,BH037_24.01.2024.pdf,2026-09-24 18:42:53Z
2024-01-25,CAHORA BASSA,outflow_m3s,1896.17,prose,BH038_25.01.2024.pdf,2026-09-24 18:42:53Z
2024-01-25,CAHORA BASSA,storage_pct,76.85,prose,BH038_25.01.2024.pdf,2026-09-24 18:42:53Z
2024-01-25,CHICAMBA,outflow_m3s,18.9,prose,BH038_25.01.2024.pdf,2026-09-24 18:42:53Z
2024-01-25,CHICAMBA,storage_pct,51.43,prose,BH038_25.01.2024.pdf,2026-09-24 18:42:53Z
2024-01-25,MUDA,outflow_m3s,1,prose,BH038_25.01.2024.pdf,2026-09-24 18:42:53Z
2024-01-25,MUDA,storage_pct,70.05,prose,BH038_25.01.2024.pdf,2026-09-24 18:42:53Z
2024-01-26,CAHORA BASSA,outflow_m3s,1901.24,prose,BH039_26.01.2024.pdf,2026-09-24 18:42:53Z
2024-01-26,CAHORA BASSA,storage_pct,77.03,prose,BH039_26.01.2024.pdf,2026-09-24 18:42:53Z
2024-01-26,CHICAMBA,outflow_m3s,18.9,prose,BH039_26.01.2024.pdf,2026-09-24 18:42:53Z
2024-01-26,CHICAMBA,storage_pct,51.43,prose,BH039_26.01.2024.pdf,2026-09-24 18:42:53Z
2024-01-26,MUDA,outflow_m3s,1,prose,BH039_26.01.2024.pdf,2026-09-24 18:42:53Z
2024-01-26,MUDA,storage_pct,70.05,prose,BH039_26.01.2024.pdf,2026-09-24 18:42:53Z
2024-01-27,CAHORA BASSA,outflow_m3s,1872.71,prose,BH040_27.01.2024.pdf,2026-09-24 18:42:53Z
2024-01-27,CAHORA BASSA,storage_pct,77.25,prose,BH040_27.01.2024.pdf,2026-09-24 18:42:53Z
2024-01-27,CHICAMBA,outflow_m3s,18.9,prose,BH040_27.01.2024.pdf,2026-09-24 18:42:53Z
2024-01-27,CHICAMBA,storage_pct,51.43,prose,BH040_27.01.2024.pdf,2026-09-24 18:42:53Z
2024-01-27,MUDA,outflow_m3s,1,prose,BH040_27.01.2024.pdf,2026-09-24 18:42:53Z
2024-01-27,MUDA,storage_pct,70.05,prose,BH040_27.01.2024.pdf,2026-09-24 18:42:53Z
2024-01-28,CAHORA BASSA,outflow_m3s,1930.6,prose,BH041_28.01.2024.pdf,2026-09-24 18:42:53Z
2024-01-28,CAHORA BASSA,storage_pct,77.39,prose,BH041_28.01.2024.pdf,2026-09-24 18:42:53Z
2024-01-28,CHICAMBA,outflow_m3s,18.9,prose,BH041_28.01.2024.pdf,2026-09-24 18:42:53Z
2024-01-28,CHICAMBA,storage_pct,51.43,prose,BH041_28.01.2024.pdf,2026-09-24 18:42:53Z
2024-01-28,MUDA,outflow_m3s,1,prose,BH041_28.01.2024.pdf,2026-09-24 18:42:53Z
2024-01-28,MUDA,storage_pct,70.05,prose,BH041_28.01.2024.pdf,2026-09-24 18:42:53Z
2024-01-29,CAHORA BASSA,outflow_m3s,1913.98,prose,BH042_29.01.2024.pdf,2026-09-24 18:42:53Z
2024-01-29,CAHORA BASSA,storage_pct,77.57,prose,BH042_29.01.2024.pdf,2026-09-24 18:42:53Z
2024-01-29,CHICAMBA,outflow_m3s,21.3,prose,BH042_29.01.2024.pdf,2026-09-24 18:42:53Z
2024-01-29,CHICAMBA,storage_pct,51.51,prose,BH042_29.01.2024.pdf,2026-09-24 18:42:53Z
2024-01-29,MUDA,outflow_m3s,1,prose,BH042_29.01.2024.pdf,2026-09-24 18:42:53Z
2024-01-29,MUDA,storage_pct,70.05,prose,BH042_29.01.2024.pdf,2026-09-24 18:42:53Z
2024-01-30,CAHORA BASSA,outflow_m3s,1930.71,prose,BH043_30.01.2024.pdf,2026-09-24 18:42:53Z
2024-01-30,CAHORA BASSA,storage_pct,77.66,prose,BH043_30.01.2024.pdf,2026-09-24 18:42:53Z
2024-01-30,CHICAMBA,outflow_m3s,21.3,prose,BH043_30.01.2024.pdf,2026-09-24 18:42:53Z
2024-01-30,CHICAMBA,storage_pct,51.51,prose,BH043_30.01.2024.pdf,2026-09-24 18:42:53Z
2024-01-30,MUDA,outflow_m3s,1,prose,BH043_30.01.2024.pdf,2026-09-24 18:42:53Z
2024-01-30,MUDA,storage_pct,70.05,prose,BH043_30.01.2024.pdf,2026-09-24 18:42:53Z
2024-01-31,CAHORA BASSA,outflow_m3s,1929.18,prose,BH044_31.01.2024.pdf,2026-09-24 18:42:53Z
2024-01-31,CAHORA BASSA,storage_pct,77.66,prose,BH044_31.01.2024.pdf,2026-09-24 18:42:53Z
2024-01-31,CHICAMBA,outflow_m3s,19.1,prose,BH044_31.01.2024.pdf,2026-09-24 18:42:53Z
2024-01-31,CHICAMBA,storage_pct,51.47,prose,BH044_31.01.2024.pdf,2026-09-24 18:42:53Z
2024-01-31,MUDA,outflow_m3s,1,prose,BH044_31.01.2024.pdf,2026-09-24 18:42:53Z
2024-01-31,MUDA,storage_pct,69.02,prose,BH044_31.01.2024.pdf,2026-09-24 18:42:53Z
2024-02-12,CAHORA BASSA,outflow_m3s,1906.91,prose,BH056_12.02.2024.pdf,2026-09-24 18:42:53Z
2024-02-12,CAHORA BASSA,storage_pct,77.25,prose,BH056_12.02.2024.pdf,2026-09-24 18:42:53Z
2024-02-12,CHICAMBA,outflow_m3s,19,prose,BH056_12.02.2024.pdf,2026-09-24 18:42:53Z
2024-02-12,CHICAMBA,storage_pct,51.27,prose,BH056_12.02.2024.pdf,2026-09-24 18:42:53Z
2024-02-12,MUDA,outflow_m3s,1,prose,BH056_12.02.2024.pdf,2026-09-24 18:42:53Z
2024-02-12,MUDA,storage_pct,69.02,prose,BH056_12.02.2024.pdf,2026-09-24 18:42:53Z
2024-02-13,CAHORA BASSA,outflow_m3s,1937.32,prose,BH057_13.02.2024.pdf,2026-09-24 18:42:53Z
2024-02-13,CAHORA BASSA,storage_pct,77.07,prose,BH057_13.02.2024.pdf,2026-09-24 18:42:53Z
2024-02-13,CHICAMBA,outflow_m3s,18.9,prose,BH057_13.02.2024.pdf,2026-09-24 18:42:53Z
2024-02-13,CHICAMBA,storage_pct,51.24,prose,BH057_13.02.2024.pdf,2026-09-24 18:42:53Z
2024-02-13,MUDA,outflow_m3s,1,prose,BH057_13.02.2024.pdf,2026-09-24 18:42:53Z
2024-02-13,MUDA,storage_pct,69.02,prose,BH057_13.02.2024.pdf,2026-09-24 18:42:53Z
2024-02-14,CAHORA BASSA,outflow_m3s,1933.78,prose,BH058_14.02.2024.pdf,2026-09-24 18:42:53Z
2024-02-14,CAHORA BASSA,storage_pct,76.98,prose,BH058_14.02.2024.pdf,2026-09-24 18:42:53Z
2024-02-14,CHICAMBA,outflow_m3s,19.2,prose,BH058_14.02.2024.pdf,2026-09-24 18:42:53Z
2024-02-14,CHICAMBA,storage_pct,51.24,prose,BH058_14.02.2024.pdf,2026-09-24 18:42:53Z
2024-02-14,MUDA,outflow_m3s,1,prose,BH058_14.02.2024.pdf,2026-09-24 18:42:53Z
2024-02-14,MUDA,storage_pct,69.02,prose,BH058_14.02.2024.pdf,2026-09-24 18:42:53Z
2024-02-15,CAHORA BASSA,outflow_m3s,1944.19,prose,BH059_15.02.2024.pdf,2026-09-24 18:42:53Z
2024-02-15,CAHORA BASSA,storage_pct,76.8,prose,BH059_15.02.2024.pdf,2026-09-24 18:42:53Z
2024-02-15,CHICAMBA,outflow_m3s,19.3,prose,BH059_15.02.2024.pdf,2026-09-24 18:42:53Z
2024-02-15,CHICAMBA,storage_pct,51.2,prose,BH059_15.02.2024.pdf,2026-09-24 18:42:53Z
2024-02-15,MUDA,outflow_m3s,1,prose,BH059_15.02.2024.pdf,2026-09-24 18:42:53Z
2024-02-15,MUDA,storage_pct,69.02,prose,BH059_15.02.2024.pdf,2026-09-24 18:42:53Z
2024-02-16,CAHORA BASSA,outflow_m3s,1938.49,prose,BH060_16.02.2024.pdf,2026-09-24 18:42:53Z
2024-02-16,CAHORA BASSA,storage_pct,76.67,prose,BH060_16.02.2024.pdf,2026-09-24 18:42:53Z
2024-02-16,CHICAMBA,outflow_m3s,19,prose,BH060_16.02.2024.pdf,2026-09-24 18:42:53Z
2024-02-16,CHICAMBA,storage_pct,51.2,prose,BH060_16.02.2024.pdf,2026-09-24 18:42:53Z
2024-02-16,MUDA,outflow_m3s,1,prose,BH060_16.02.2024.pdf,2026-09-24 18:42:53Z
2024-02-16,MUDA,storage_pct,69.02,prose,BH060_16.02.2024.pdf,2026-09-24 18:42:53Z
2024-02-17,CAHORA BASSA,outflow_m3s,1941.76,prose,BH061_17.02.2024.pdf,2026-09-24 18:42:53Z
2024-02-17,CAHORA BASSA,storage_pct,76.58,prose,BH061_17.02.2024.pdf,2026-09-24 18:42:53Z
2024-02-17,CHICAMBA,outflow_m3s,19,prose,BH061_17.02.2024.pdf,2026-09-24 18:42:53Z
2024-02-17,CHICAMBA,storage_pct,51.2,prose,BH061_17.02.2024.pdf,2026-09-24 18:42:53Z
2024-02-17,MUDA,outflow_m3s,1,prose,BH061_17.02.2024.pdf,2026-09-24 18:42:53Z
2024-02-17,MUDA,storage_pct,69.02,prose,BH061_17.02.2024.pdf,2026-09-24 18:42:53Z
2024-02-18,CAHORA BASSA,outflow_m3s,1951.5,prose,BH062_18.02.2024.pdf,2026-09-24 18:42:53Z
2024-02-18,CAHORA BASSA,storage_pct,76.44,prose,BH062_18.02.2024.pdf,2026-09-24 18:42:53Z
2024-02-18,CHICAMBA,outflow_m3s,19,prose,BH062_18.02.2024.pdf,2026-09-24 18:42:53Z
2024-02-18,CHICAMBA,storage_pct,51.2,prose,BH062_18.02.2024.pdf,2026-09-24 18:42:53Z
2024-02-18,MUDA,outflow_m3s,1,prose,BH062_18.02.2024.pdf,2026-09-24 18:42:53Z
2024-02-18,MUDA,storage_pct,69.02,prose,BH062_18.02.2024.pdf,2026-09-24 18:42:53Z
2024-02-19,CAHORA BASSA,outflow_m3s,1929.47,prose,BH063_19.02.2024.pdf,2026-09-24 18:42:53Z
2024-02-19,CAHORA BASSA,storage_pct,76.27,prose,BH063_19.02.2024.pdf,2026-09-24 18:42:53Z
2024-02-19,CHICAMBA,outflow_m3s,19.3,prose,BH063_19.02.2024.pdf,2026-09-24 18:42:53Z
2024-02-19,CHICAMBA,storage_pct,51.12,prose,BH063_19.02.2024.pdf,2026-09-24 18:42:53Z
2024-02-19,MUDA,outflow_m3s,1,prose,BH063_19.02.2024.pdf,2026-09-24 18:42:53Z
2024-02-19,MUDA,storage_pct,69.02,prose,BH063_19.02.2024.pdf,2026-09-24 18:42:53Z
2024-02-20,CAHORA BASSA,outflow_m3s,1951.17,prose,BH064_20.02.2024.pdf,2026-09-24 18:42:53Z
2024-02-20,CAHORA BASSA,storage_pct,76.09,prose,BH064_20.02.2024.pdf,2026-09-24 18:42:53Z
2024-02-20,CHICAMBA,outflow_m3s,21.1,prose,BH064_20.02.2024.pdf,2026-09-24 18:42:53Z
2024-02-20,CHICAMBA,storage_pct,51.12,prose,BH064_20.02.2024.pdf,2026-09-24 18:42:53Z
2024-02-20,MUDA,outflow_m3s,1,prose,BH064_20.02.2024.pdf,2026-09-24 18:42:53Z
2024-02-20,MUDA,storage_pct,69.02,prose,BH064_20.02.2024.pdf,2026-09-24 18:42:53Z
2024-02-21,CAHORA BASSA,outflow_m3s,1947.48,prose,BH065_21.02.2024.pdf,2026-09-24 18:42:53Z
2024-02-21,CAHORA BASSA,storage_pct,75.91,prose,BH065_21.02.2024.pdf,2026-09-24 18:42:53Z
2024-02-21,CHICAMBA,outflow_m3s,21.1,prose,BH065_21.02.2024.pdf,2026-09-24 18:42:53Z
2024-02-21,CHICAMBA,storage_pct,50.93,prose,BH065_21.02.2024.pdf,2026-09-24 18:42:53Z
2024-02-21,MUDA,outflow_m3s,1,prose,BH065_21.02.2024.pdf,2026-09-24 18:42:53Z
2024-02-21,MUDA,storage_pct,69.02,prose,BH065_21.02.2024.pdf,2026-09-24 18:42:53Z
2024-02-22,CAHORA BASSA,outflow_m3s,1550.52,prose,BH066_22.02.2024.pdf,2026-09-24 18:42:53Z
2024-02-22,CAHORA BASSA,storage_pct,75.82,prose,BH066_22.02.2024.pdf,2026-09-24 18:42:53Z
2024-02-22,CHICAMBA,outflow_m3s,19.9,prose,BH066_22.02.2024.pdf,2026-09-24 18:42:53Z
2024-02-22,CHICAMBA,storage_pct,50.93,prose,BH066_22.02.2024.pdf,2026-09-24 18:42:53Z
2024-02-22,MUDA,outflow_m3s,1,prose,BH066_22.02.2024.pdf,2026-09-24 18:42:53Z
2024-02-22,MUDA,storage_pct,69.02,prose,BH066_22.02.2024.pdf,2026-09-24 18:42:53Z
2024-02-23,CAHORA BASSA,outflow_m3s,1528.59,prose,BH067_23.02.2024.pdf,2026-09-24 18:42:53Z
2024-02-23,CAHORA BASSA,storage_pct,75.82,prose,BH067_23.02.2024.pdf,2026-09-24 18:42:53Z
2024-02-23,CHICAMBA,outflow_m3s,24.5,prose,BH067_23.02.2024.pdf,2026-09-24 18:42:53Z
2024-02-23,CHICAMBA,storage_pct,50.73,prose,BH067_23.02.2024.pdf,2026-09-24 18:42:53Z
2024-02-23,MUDA,outflow_m3s,1,prose,BH067_23.02.2024.pdf,2026-09-24 18:42:53Z
2024-02-23,MUDA,storage_pct,69.02,prose,BH067_23.02.2024.pdf,2026-09-24 18:42:53Z
2024-02-24,CAHORA BASSA,outflow_m3s,1494.22,prose,BH068_24.02.2024.pdf,2026-09-24 18:42:53Z
2024-02-24,CAHORA BASSA,storage_pct,75.78,prose,BH068_24.02.2024.pdf,2026-09-24 18:42:53Z
2024-02-24,CHICAMBA,outflow_m3s,24.5,prose,BH068_24.02.2024.pdf,2026-09-24 18:42:53Z
2024-02-24,CHICAMBA,storage_pct,50.73,prose,BH068_24.02.2024.pdf,2026-09-24 18:42:53Z
2024-02-24,MUDA,outflow_m3s,1,prose,BH068_24.02.2024.pdf,2026-09-24 18:42:53Z
2024-02-24,MUDA,storage_pct,69.02,prose,BH068_24.02.2024.pdf,2026-09-24 18:42:53Z
2024-02-25,CAHORA BASSA,outflow_m3s,1538.28,prose,BH069_25.02.2024.pdf,2026-09-24 18:42:53Z
2024-02-25,CAHORA BASSA,storage_pct,75.74,prose,BH069_25.02.2024.pdf,2026-09-24 18:42:53Z
2024-02-25,CHICAMBA,outflow_m3s,24.5,prose,BH069_25.02.2024.pdf,2026-09-24 18:42:53Z
2024-02-25,CHICAMBA,storage_pct,50.73,prose,BH069_25.02.2024.pdf,2026-09-24 18:42:53Z
2024-02-25,MUDA,outflow_m3s,1,prose,BH069_25.02.2024.pdf,2026-09-24 18:42:53Z
2024-02-25,MUDA,storage_pct,69.02,prose,BH069_25.02.2024.pdf,2026-09-24 18:42:53Z
2024-02-26,CAHORA BASSA,outflow_m3s,1540.51,prose,BH070_26.02.2024.pdf,2026-09-24 18:42:53Z
2024-02-26,CAHORA BASSA,storage_pct,75.78,prose,BH070_26.02.2024.pdf,2026-09-24 18:42:53Z
2024-02-26,CHICAMBA,outflow_m3s,43.9,prose,BH070_26.02.2024.pdf,2026-09-24 18:42:53Z
2024-02-26,CHICAMBA,storage_pct,50.39,prose,BH070_26.02.2024.pdf,2026-09-24 18:42:53Z
2024-02-26,MUDA,outflow_m3s,1,prose,BH070_26.02.2024.pdf,2026-09-24 18:42:53Z
2024-02-26,MUDA,storage_pct,69.02,prose,BH070_26.02.2024.pdf,2026-09-24 18:42:53Z
2024-02-27,CAHORA BASSA,outflow_m3s,1538.76,prose,BH071_27.02.2024.pdf,2026-09-24 18:42:53Z
2024-02-27,CAHORA BASSA,storage_pct,75.82,prose,BH071_27.02.2024.pdf,2026-09-24 18:42:53Z
2024-02-27,CHICAMBA,outflow_m3s,43.6,prose,BH071_27.02.2024.pdf,2026-09-24 18:42:53Z
2024-02-27,CHICAMBA,storage_pct,50.27,prose,BH071_27.02.2024.pdf,2026-09-24 18:42:53Z
2024-02-27,MUDA,outflow_m3s,1,prose,BH071_27.02.2024.pdf,2026-09-24 18:42:53Z
2024-02-27,MUDA,storage_pct,69.02,prose,BH071_27.02.2024.pdf,2026-09-24 18:42:53Z
2024-02-28,CAHORA BASSA,outflow_m3s,1542.05,prose,BH072_28.02.2024.pdf,2026-09-24 18:42:53Z
2024-02-28,CAHORA BASSA,storage_pct,75.82,prose,BH072_28.02.2024.pdf,2026-09-24 18:42:53Z
2024-02-28,CHICAMBA,outflow_m3s,43.6,prose,BH072_28.02.2024.pdf,2026-09-24 18:42:53Z
2024-02-28,CHICAMBA,storage_pct,50.23,prose,BH072_28.02.2024.pdf,2026-09-24 18:42:53Z
2024-02-28,MUDA,outflow_m3s,1,prose,BH072_28.02.2024.pdf,2026-09-24 18:42:53Z
2024-02-28,MUDA,storage_pct,69.02,prose,BH072_28.02.2024.pdf,2026-09-24 18:42:53Z
2024-02-29,CAHORA BASSA,outflow_m3s,1542.05,prose,BH073_29.02.2024.pdf,2026-09-24 18:42:53Z
2024-02-29,CAHORA BASSA,storage_pct,75.82,prose,BH073_29.02.2024.pdf,2026-09-24 18:42:53Z
2024-02-29,CHICAMBA,outflow_m3s,43.6,prose,BH073_29.02.2024.pdf,2026-09-24 18:42:53Z
2024-02-29,CHICAMBA,storage_pct,50.23,prose,BH073_29.02.2024.pdf,2026-09-24 18:42:53Z
2024-02-29,MUDA,outflow_m3s,1,prose,BH073_29.02.2024.pdf,2026-09-24 18:42:53Z
2024-02-29,MUDA,storage_pct,69.02,prose,BH073_29.02.2024.pdf,2026-09-24 18:42:53Z
2024-03-01,CAHORA BASSA,outflow_m3s,1539.26,prose,BH074_01.03.2024.pdf,2026-09-24 18:42:53Z
2024-03-01,CAHORA BASSA,storage_pct,76,prose,BH074_01.03.2024.pdf,2026-09-24 18:42:53Z
2024-03-01,MUDA,outflow_m3s,1,prose,BH074_01.03.2024.pdf,2026-09-24 18:42:53Z
2024-03-01,MUDA,storage_pct,69.02,prose,BH074_01.03.2024.pdf,2026-09-24 18:42:53Z
2024-03-02,CAHORA BASSA,outflow_m3s,1535.11,prose,BH075_02.03.2024.pdf,2026-09-24 18:42:53Z
2024-03-02,CAHORA BASSA,storage_pct,75.95,prose,BH075_02.03.2024.pdf,2026-09-24 18:42:53Z
2024-03-02,CHICAMBA,outflow_m3s,43.6,prose,BH075_02.03.2024.pdf,2026-09-24 18:42:53Z
2024-03-02,CHICAMBA,storage_pct,50.23,prose,BH075_02.03.2024.pdf,2026-09-24 18:42:53Z
2024-03-02,MUDA,outflow_m3s,1,prose,BH075_02.03.2024.pdf,2026-09-24 18:42:53Z
2024-03-02,MUDA,storage_pct,69.02,prose,BH075_02.03.2024.pdf,2026-09-24 18:42:53Z
2024-03-03,CAHORA BASSA,outflow_m3s,1535.07,prose,BH076_03.03.2024.pdf,2026-09-24 18:42:53Z
2024-03-03,CAHORA BASSA,storage_pct,75.87,prose,BH076_03.03.2024.pdf,2026-09-24 18:42:53Z
2024-03-03,CHICAMBA,outflow_m3s,43.6,prose,BH076_03.03.2024.pdf,2026-09-24 18:42:53Z
2024-03-03,CHICAMBA,storage_pct,50.23,prose,BH076_03.03.2024.pdf,2026-09-24 18:42:53Z
2024-03-03,MUDA,outflow_m3s,1,prose,BH076_03.03.2024.pdf,2026-09-24 18:42:53Z
2024-03-03,MUDA,storage_pct,69.02,prose,BH076_03.03.2024.pdf,2026-09-24 18:42:53Z
2024-03-04,CAHORA BASSA,outflow_m3s,1533.38,prose,BH077_04.03.2024.pdf,2026-09-24 18:44:29Z
2024-03-04,CAHORA BASSA,storage_pct,75.91,prose,BH077_04.03.2024.pdf,2026-09-24 18:44:29Z
2024-03-04,CHICAMBA,outflow_m3s,24.5,prose,BH077_04.03.2024.pdf,2026-09-24 18:44:29Z
2024-03-04,CHICAMBA,storage_pct,49.79,prose,BH077_04.03.2024.pdf,2026-09-24 18:44:29Z
2024-03-04,MUDA,outflow_m3s,1,prose,BH077_04.03.2024.pdf,2026-09-24 18:44:29Z
2024-03-04,MUDA,storage_pct,69.02,prose,BH077_04.03.2024.pdf,2026-09-24 18:44:29Z
2024-03-05,CAHORA BASSA,outflow_m3s,1534.05,prose,BH078_05.03.2024.pdf,2026-09-24 18:44:29Z
2024-03-05,CAHORA BASSA,storage_pct,75.91,prose,BH078_05.03.2024.pdf,2026-09-24 18:44:29Z
2024-03-05,CHICAMBA,outflow_m3s,24.5,prose,BH078_05.03.2024.pdf,2026-09-24 18:44:29Z
2024-03-05,CHICAMBA,storage_pct,49.79,prose,BH078_05.03.2024.pdf,2026-09-24 18:44:29Z
2024-03-05,MUDA,outflow_m3s,1,prose,BH078_05.03.2024.pdf,2026-09-24 18:44:29Z
2024-03-05,MUDA,storage_pct,69.02,prose,BH078_05.03.2024.pdf,2026-09-24 18:44:29Z
2024-03-06,CAHORA BASSA,outflow_m3s,1523.9,prose,BH079_06.03.2024.pdf,2026-09-24 18:44:29Z
2024-03-06,CAHORA BASSA,storage_pct,75.91,prose,BH079_06.03.2024.pdf,2026-09-24 18:44:29Z
2024-03-06,CHICAMBA,outflow_m3s,24.5,prose,BH079_06.03.2024.pdf,2026-09-24 18:44:29Z
2024-03-06,CHICAMBA,storage_pct,49.79,prose,BH079_06.03.2024.pdf,2026-09-24 18:44:29Z
2024-03-06,MUDA,outflow_m3s,1,prose,BH079_06.03.2024.pdf,2026-09-24 18:44:29Z
2024-03-06,MUDA,storage_pct,69.02,prose,BH079_06.03.2024.pdf,2026-09-24 18:44:29Z
2024-03-08,CAHORA BASSA,outflow_m3s,1522.89,prose,BH081_08.03.2024.pdf,2026-09-24 18:44:29Z
2024-03-08,CAHORA BASSA,storage_pct,76.13,prose,BH081_08.03.2024.pdf,2026-09-24 18:44:29Z
2024-03-08,CHICAMBA,outflow_m3s,24.1,prose,BH081_08.03.2024.pdf,2026-09-24 18:44:29Z
2024-03-08,CHICAMBA,storage_pct,49.32,prose,BH081_08.03.2024.pdf,2026-09-24 18:44:29Z
2024-03-08,MUDA,outflow_m3s,1,prose,BH081_08.03.2024.pdf,2026-09-24 18:44:29Z
2024-03-08,MUDA,storage_pct,69.02,prose,BH081_08.03.2024.pdf,2026-09-24 18:44:29Z
2024-03-09,CAHORA BASSA,outflow_m3s,1504.63,prose,BH082_09.03.2024.pdf,2026-09-24 18:44:29Z
2024-03-09,CAHORA BASSA,storage_pct,76.27,prose,BH082_09.03.2024.pdf,2026-09-24 18:44:29Z
2024-03-09,CHICAMBA,outflow_m3s,24.1,prose,BH082_09.03.2024.pdf,2026-09-24 18:44:29Z
2024-03-09,CHICAMBA,storage_pct,49.32,prose,BH082_09.03.2024.pdf,2026-09-24 18:44:29Z
2024-03-09,MUDA,outflow_m3s,1,prose,BH082_09.03.2024.pdf,2026-09-24 18:44:29Z
2024-03-09,MUDA,storage_pct,69.02,prose,BH082_09.03.2024.pdf,2026-09-24 18:44:29Z
2024-03-10,CAHORA BASSA,outflow_m3s,1522.89,prose,BH083_10.03.2024.pdf,2026-09-24 18:44:29Z
2024-03-10,CAHORA BASSA,storage_pct,76.31,prose,BH083_10.03.2024.pdf,2026-09-24 18:44:29Z
2024-03-10,CHICAMBA,outflow_m3s,24.1,prose,BH083_10.03.2024.pdf,2026-09-24 18:44:29Z
2024-03-10,CHICAMBA,storage_pct,49.32,prose,BH083_10.03.2024.pdf,2026-09-24 18:44:29Z
2024-03-10,MUDA,outflow_m3s,1,prose,BH083_10.03.2024.pdf,2026-09-24 18:44:29Z
2024-03-10,MUDA,storage_pct,69.02,prose,BH083_10.03.2024.pdf,2026-09-24 18:44:29Z
2024-03-11,CAHORA BASSA,outflow_m3s,1499.38,prose,BH084_11.03.2024.pdf,2026-09-24 18:44:29Z
2024-03-11,CAHORA BASSA,storage_pct,76.13,prose,BH084_11.03.2024.pdf,2026-09-24 18:44:29Z
2024-03-11,CHICAMBA,outflow_m3s,16,prose,BH084_11.03.2024.pdf,2026-09-24 18:44:29Z
2024-03-11,CHICAMBA,storage_pct,49.9,prose,BH084_11.03.2024.pdf,2026-09-24 18:44:29Z
2024-03-11,MUDA,outflow_m3s,1,prose,BH084_11.03.2024.pdf,2026-09-24 18:44:29Z
2024-03-11,MUDA,storage_pct,69.02,prose,BH084_11.03.2024.pdf,2026-09-24 18:44:29Z
2024-03-12,CAHORA BASSA,outflow_m3s,1524.04,prose,BH085_12.03.2024.pdf,2026-09-24 18:44:29Z
2024-03-12,CAHORA BASSA,storage_pct,76.8,prose,BH085_12.03.2024.pdf,2026-09-24 18:44:29Z
2024-03-12,CHICAMBA,outflow_m3s,23.6,prose,BH085_12.03.2024.pdf,2026-09-24 18:44:29Z
2024-03-12,CHICAMBA,storage_pct,48.75,prose,BH085_12.03.2024.pdf,2026-09-24 18:44:29Z
2024-03-12,MUDA,outflow_m3s,1,prose,BH085_12.03.2024.pdf,2026-09-24 18:44:29Z
2024-03-12,MUDA,storage_pct,69.02,prose,BH085_12.03.2024.pdf,2026-09-24 18:44:29Z
2024-03-13,CAHORA BASSA,outflow_m3s,1529.87,prose,BH086_13.03.2024.pdf,2026-09-24 18:44:29Z
2024-03-13,CAHORA BASSA,storage_pct,76.94,prose,BH086_13.03.2024.pdf,2026-09-24 18:44:29Z
2024-03-13,CHICAMBA,outflow_m3s,23.6,prose,BH086_13.03.2024.pdf,2026-09-24 18:44:29Z
2024-03-13,CHICAMBA,storage_pct,48.61,prose,BH086_13.03.2024.pdf,2026-09-24 18:44:29Z
2024-03-13,MUDA,outflow_m3s,1,prose,BH086_13.03.2024.pdf,2026-09-24 18:44:29Z
2024-03-13,MUDA,storage_pct,69.02,prose,BH086_13.03.2024.pdf,2026-09-24 18:44:29Z
2024-03-14,CAHORA BASSA,outflow_m3s,1525.74,prose,BH087_14.03.2024.pdf,2026-09-24 18:44:29Z
2024-03-14,CAHORA BASSA,storage_pct,77.03,prose,BH087_14.03.2024.pdf,2026-09-24 18:44:29Z
2024-03-14,CHICAMBA,outflow_m3s,23.8,prose,BH087_14.03.2024.pdf,2026-09-24 18:44:29Z
2024-03-14,CHICAMBA,storage_pct,48.5,prose,BH087_14.03.2024.pdf,2026-09-24 18:44:29Z
2024-03-14,MUDA,outflow_m3s,1,prose,BH087_14.03.2024.pdf,2026-09-24 18:44:29Z
2024-03-14,MUDA,storage_pct,64.25,prose,BH087_14.03.2024.pdf,2026-09-24 18:44:29Z
2024-03-15,CAHORA BASSA,outflow_m3s,1532.06,prose,BH088_15.03.2024.pdf,2026-09-24 18:44:29Z
2024-03-15,CAHORA BASSA,storage_pct,77.12,prose,BH088_15.03.2024.pdf,2026-09-24 18:44:29Z
2024-03-15,CHICAMBA,outflow_m3s,20.9,prose,BH088_15.03.2024.pdf,2026-09-24 18:44:29Z
2024-03-15,CHICAMBA,storage_pct,49.32,prose,BH088_15.03.2024.pdf,2026-09-24 18:44:29Z
2024-03-15,MUDA,outflow_m3s,1,prose,BH088_15.03.2024.pdf,2026-09-24 18:44:29Z
2024-03-15,MUDA,storage_pct,64.25,prose,BH088_15.03.2024.pdf,2026-09-24 18:44:29Z
2024-03-16,CAHORA BASSA,outflow_m3s,1527.52,prose,BH089_16.03.2024.pdf,2026-09-24 18:44:29Z
2024-03-16,CAHORA BASSA,storage_pct,77.12,prose,BH089_16.03.2024.pdf,2026-09-24 18:44:29Z
2024-03-16,CHICAMBA,outflow_m3s,20.9,prose,BH089_16.03.2024.pdf,2026-09-24 18:44:29Z
2024-03-16,CHICAMBA,storage_pct,48.5,prose,BH089_16.03.2024.pdf,2026-09-24 18:44:29Z
2024-03-16,MUDA,outflow_m3s,1,prose,BH089_16.03.2024.pdf,2026-09-24 18:44:29Z
2024-03-16,MUDA,storage_pct,63.48,prose,BH089_16.03.2024.pdf,2026-09-24 18:44:29Z
2024-03-18,CAHORA BASSA,outflow_m3s,1654,prose,BH090_18.03.2024.pdf,2026-09-24 18:44:29Z
2024-03-18,CAHORA BASSA,storage_pct,77.21,prose,BH090_18.03.2024.pdf,2026-09-24 18:44:29Z
2024-03-18,CHICAMBA,outflow_m3s,42.3,prose,BH090_18.03.2024.pdf,2026-09-24 18:44:29Z
2024-03-18,CHICAMBA,storage_pct,48.15,prose,BH090_18.03.2024.pdf,2026-09-24 18:44:29Z
2024-03-18,MUDA,outflow_m3s,1,prose,BH090_18.03.2024.pdf,2026-09-24 18:44:29Z
2024-03-18,MUDA,storage_pct,63.48,prose,BH090_18.03.2024.pdf,2026-09-24 18:44:29Z
2024-03-19,CAHORA BASSA,outflow_m3s,1531.54,prose,BH091_19.03.2024.pdf,2026-09-24 18:44:29Z
2024-03-19,CAHORA BASSA,storage_pct,77.16,prose,BH091_19.03.2024.pdf,2026-09-24 18:44:29Z
2024-03-19,CHICAMBA,outflow_m3s,20.4,prose,BH091_19.03.2024.pdf,2026-09-24 18:44:29Z
2024-03-19,CHICAMBA,storage_pct,48.04,prose,BH091_19.03.2024.pdf,2026-09-24 18:44:29Z
2024-03-19,MUDA,outflow_m3s,1,prose,BH091_19.03.2024.pdf,2026-09-24 18:44:29Z
2024-03-19,MUDA,storage_pct,63.48,prose,BH091_19.03.2024.pdf,2026-09-24 18:44:29Z
2024-03-20,CAHORA BASSA,outflow_m3s,1532.24,prose,BH092_20.03.2024.pdf,2026-09-24 18:44:29Z
2024-03-20,CAHORA BASSA,storage_pct,77.07,prose,BH092_20.03.2024.pdf,2026-09-24 18:44:29Z
2024-03-20,CHICAMBA,outflow_m3s,20.4,prose,BH092_20.03.2024.pdf,2026-09-24 18:44:29Z
2024-03-20,CHICAMBA,storage_pct,48.04,prose,BH092_20.03.2024.pdf,2026-09-24 18:44:29Z
2024-03-20,MUDA,outflow_m3s,1,prose,BH092_20.03.2024.pdf,2026-09-24 18:44:29Z
2024-03-20,MUDA,storage_pct,62.53,prose,BH092_20.03.2024.pdf,2026-09-24 18:44:29Z
2024-03-22,CAHORA BASSA,outflow_m3s,1530.96,prose,BH093_22.03.2024.pdf,2026-09-24 18:44:29Z
2024-03-22,CAHORA BASSA,storage_pct,76.94,prose,BH093_22.03.2024.pdf,2026-09-24 18:44:29Z
2024-03-22,CHICAMBA,outflow_m3s,19.7,prose,BH093_22.03.2024.pdf,2026-09-24 18:44:29Z
2024-03-22,CHICAMBA,storage_pct,47.9,prose,BH093_22.03.2024.pdf,2026-09-24 18:44:29Z
2024-03-22,MUDA,outflow_m3s,1,prose,BH093_22.03.2024.pdf,2026-09-24 18:44:29Z
2024-03-22,MUDA,storage_pct,62.53,prose,BH093_22.03.2024.pdf,2026-09-24 18:44:29Z
2024-03-25,CAHORA BASSA,outflow_m3s,1507.23,prose,BH096_25.03.2024.pdf,2026-09-24 18:44:29Z
2024-03-25,CAHORA BASSA,storage_pct,77.03,prose,BH096_25.03.2024.pdf,2026-09-24 18:44:29Z
2024-03-25,CHICAMBA,outflow_m3s,23,prose,BH096_25.03.2024.pdf,2026-09-24 18:44:29Z
2024-03-25,CHICAMBA,storage_pct,47.65,prose,BH096_25.03.2024.pdf,2026-09-24 18:44:29Z
2024-03-25,MUDA,outflow_m3s,1,prose,BH096_25.03.2024.pdf,2026-09-24 18:44:29Z
2024-03-25,MUDA,storage_pct,62.53,prose,BH096_25.03.2024.pdf,2026-09-24 18:44:29Z
2024-03-26,CAHORA BASSA,outflow_m3s,1774.88,prose,BH097_26.03.2024.pdf,2026-09-24 18:44:29Z
2024-03-26,CAHORA BASSA,storage_pct,76.94,prose,BH097_26.03.2024.pdf,2026-09-24 18:44:29Z
2024-03-26,CHICAMBA,outflow_m3s,23.3,prose,BH097_26.03.2024.pdf,2026-09-24 18:44:29Z
2024-03-26,CHICAMBA,storage_pct,47.65,prose,BH097_26.03.2024.pdf,2026-09-24 18:44:29Z
2024-03-26,MUDA,outflow_m3s,1,prose,BH097_26.03.2024.pdf,2026-09-24 18:44:29Z
2024-03-26,MUDA,storage_pct,61.58,prose,BH097_26.03.2024.pdf,2026-09-24 18:44:29Z
2024-03-27,CAHORA BASSA,outflow_m3s,1774.88,prose,BH098_27.03.2024.pdf,2026-09-24 18:44:29Z
2024-03-27,CAHORA BASSA,storage_pct,76.94,prose,BH098_27.03.2024.pdf,2026-09-24 18:44:29Z
2024-03-27,CHICAMBA,outflow_m3s,23.3,prose,BH098_27.03.2024.pdf,2026-09-24 18:44:29Z
2024-03-27,CHICAMBA,storage_pct,47.65,prose,BH098_27.03.2024.pdf,2026-09-24 18:44:29Z
2024-03-27,MUDA,outflow_m3s,1,prose,BH098_27.03.2024.pdf,2026-09-24 18:44:29Z
2024-03-27,MUDA,storage_pct,61.58,prose,BH098_27.03.2024.pdf,2026-09-24 18:44:29Z
2024-03-28,CAHORA BASSA,outflow_m3s,1932.18,prose,BH099_28.03.2024.pdf,2026-09-24 18:44:29Z
2024-03-28,CAHORA BASSA,storage_pct,76.76,prose,BH099_28.03.2024.pdf,2026-09-24 18:44:29Z
2024-03-28,CHICAMBA,outflow_m3s,23,prose,BH099_28.03.2024.pdf,2026-09-24 18:44:29Z
2024-03-28,CHICAMBA,storage_pct,47.5,prose,BH099_28.03.2024.pdf,2026-09-24 18:44:29Z
2024-03-28,MUDA,outflow_m3s,1,prose,BH099_28.03.2024.pdf,2026-09-24 18:44:29Z
2024-03-28,MUDA,storage_pct,61.58,prose,BH099_28.03.2024.pdf,2026-09-24 18:44:29Z
2024-03-29,CAHORA BASSA,outflow_m3s,1935.15,prose,BH0100_29.03.2024.pdf,2026-09-24 18:44:29Z
2024-03-29,CAHORA BASSA,storage_pct,76.62,prose,BH0100_29.03.2024.pdf,2026-09-24 18:44:29Z
2024-03-29,CHICAMBA,outflow_m3s,23,prose,BH0100_29.03.2024.pdf,2026-09-24 18:44:29Z
2024-03-29,CHICAMBA,storage_pct,47.5,prose,BH0100_29.03.2024.pdf,2026-09-24 18:44:29Z
2024-03-29,MUDA,outflow_m3s,1,prose,BH0100_29.03.2024.pdf,2026-09-24 18:44:29Z
2024-03-29,MUDA,storage_pct,61.58,prose,BH0100_29.03.2024.pdf,2026-09-24 18:44:29Z
2024-03-30,CAHORA BASSA,outflow_m3s,1930.81,prose,BH0101_30.03.2024.pdf,2026-09-24 18:44:29Z
2024-03-30,CAHORA BASSA,storage_pct,76.49,prose,BH0101_30.03.2024.pdf,2026-09-24 18:44:29Z
2024-03-30,CHICAMBA,outflow_m3s,23,prose,BH0101_30.03.2024.pdf,2026-09-24 18:44:29Z
2024-03-30,CHICAMBA,storage_pct,47.5,prose,BH0101_30.03.2024.pdf,2026-09-24 18:44:29Z
2024-03-30,MUDA,outflow_m3s,1,prose,BH0101_30.03.2024.pdf,2026-09-24 18:44:29Z
2024-03-30,MUDA,storage_pct,61.58,prose,BH0101_30.03.2024.pdf,2026-09-24 18:44:29Z
2024-03-31,CAHORA BASSA,outflow_m3s,1620.96,prose,BH0102_31.03.2024.pdf,2026-09-24 18:44:29Z
2024-03-31,CAHORA BASSA,storage_pct,76.4,prose,BH0102_31.03.2024.pdf,2026-09-24 18:44:29Z
2024-03-31,CHICAMBA,outflow_m3s,23,prose,BH0102_31.03.2024.pdf,2026-09-24 18:44:29Z
2024-03-31,CHICAMBA,storage_pct,47.5,prose,BH0102_31.03.2024.pdf,2026-09-24 18:44:29Z
2024-03-31,MUDA,outflow_m3s,1,prose,BH0102_31.03.2024.pdf,2026-09-24 18:44:29Z
2024-03-31,MUDA,storage_pct,61.58,prose,BH0102_31.03.2024.pdf,2026-09-24 18:44:29Z
2024-04-01,CAHORA BASSA,outflow_m3s,1788.19,prose,BH103_01.04.2024.pdf,2026-09-24 18:44:29Z
2024-04-01,CAHORA BASSA,storage_pct,76.27,prose,BH103_01.04.2024.pdf,2026-09-24 18:44:29Z
2024-04-01,CHICAMBA,outflow_m3s,23.2,prose,BH103_01.04.2024.pdf,2026-09-24 18:44:29Z
2024-04-01,CHICAMBA,storage_pct,47.18,prose,BH103_01.04.2024.pdf,2026-09-24 18:44:29Z
2024-04-01,MUDA,outflow_m3s,1,prose,BH103_01.04.2024.pdf,2026-09-24 18:44:29Z
2024-04-01,MUDA,storage_pct,60.64,prose,BH103_01.04.2024.pdf,2026-09-24 18:44:29Z
2024-04-02,CAHORA BASSA,outflow_m3s,1939.67,prose,BH104_02.04.2024.pdf,2026-09-24 18:44:29Z
2024-04-02,CAHORA BASSA,storage_pct,76.13,prose,BH104_02.04.2024.pdf,2026-09-24 18:44:29Z
2024-04-02,CHICAMBA,outflow_m3s,23.3,prose,BH104_02.04.2024.pdf,2026-09-24 18:44:29Z
2024-04-02,CHICAMBA,storage_pct,47.18,prose,BH104_02.04.2024.pdf,2026-09-24 18:44:29Z
2024-04-02,MUDA,outflow_m3s,1,prose,BH104_02.04.2024.pdf,2026-09-24 18:44:29Z
2024-04-02,MUDA,storage_pct,60.64,prose,BH104_02.04.2024.pdf,2026-09-24 18:44:29Z
2024-04-03,CAHORA BASSA,outflow_m3s,1937.68,prose,BH105_03.04.2024.pdf,2026-09-24 18:44:29Z
2024-04-03,CAHORA BASSA,storage_pct,75.95,prose,BH105_03.04.2024.pdf,2026-09-24 18:44:29Z
2024-04-03,CHICAMBA,outflow_m3s,23.3,prose,BH105_03.04.2024.pdf,2026-09-24 18:44:29Z
2024-04-03,CHICAMBA,storage_pct,47.01,prose,BH105_03.04.2024.pdf,2026-09-24 18:44:29Z
2024-04-03,MUDA,outflow_m3s,1,prose,BH105_03.04.2024.pdf,2026-09-24 18:44:29Z
2024-04-03,MUDA,storage_pct,60.64,prose,BH105_03.04.2024.pdf,2026-09-24 18:44:29Z
2024-04-04,CAHORA BASSA,outflow_m3s,1939.79,prose,BH106_04.04.2024.pdf,2026-09-24 18:44:29Z
2024-04-04,CAHORA BASSA,storage_pct,75.78,prose,BH106_04.04.2024.pdf,2026-09-24 18:44:29Z
2024-04-04,CHICAMBA,outflow_m3s,23.4,prose,BH106_04.04.2024.pdf,2026-09-24 18:44:29Z
2024-04-04,CHICAMBA,storage_pct,46.9,prose,BH106_04.04.2024.pdf,2026-09-24 18:44:29Z
2024-04-04,MUDA,outflow_m3s,1,prose,BH106_04.04.2024.pdf,2026-09-24 18:44:29Z
2024-04-04,MUDA,storage_pct,60.64,prose,BH106_04.04.2024.pdf,2026-09-24 18:44:29Z
2024-04-05,CAHORA BASSA,outflow_m3s,1889.83,prose,BH107_05.04.2024.pdf,2026-09-24 18:44:29Z
2024-04-05,CAHORA BASSA,storage_pct,75.6,prose,BH107_05.04.2024.pdf,2026-09-24 18:44:29Z
2024-04-05,CHICAMBA,outflow_m3s,23,prose,BH107_05.04.2024.pdf,2026-09-24 18:44:29Z
2024-04-05,CHICAMBA,storage_pct,46.79,prose,BH107_05.04.2024.pdf,2026-09-24 18:44:29Z
2024-04-05,MUDA,outflow_m3s,1,prose,BH107_05.04.2024.pdf,2026-09-24 18:44:29Z
2024-04-05,MUDA,storage_pct,60.64,prose,BH107_05.04.2024.pdf,2026-09-24 18:44:29Z
2024-04-06,CAHORA BASSA,outflow_m3s,1889.83,prose,BH108_06.04.2024.pdf,2026-09-24 18:44:29Z
2024-04-06,CAHORA BASSA,storage_pct,75.6,prose,BH108_06.04.2024.pdf,2026-09-24 18:44:29Z
2024-04-06,CHICAMBA,outflow_m3s,23,prose,BH108_06.04.2024.pdf,2026-09-24 18:44:29Z
2024-04-06,CHICAMBA,storage_pct,46.9,prose,BH108_06.04.2024.pdf,2026-09-24 18:44:29Z
2024-04-06,MUDA,outflow_m3s,1,prose,BH108_06.04.2024.pdf,2026-09-24 18:44:29Z
2024-04-06,MUDA,storage_pct,59.69,prose,BH108_06.04.2024.pdf,2026-09-24 18:44:29Z
2024-04-09,CAHORA BASSA,outflow_m3s,19397.4,prose,BH109_09.04.2024.pdf,2026-09-24 18:44:29Z
2024-04-09,CAHORA BASSA,storage_pct,74.89,prose,BH109_09.04.2024.pdf,2026-09-24 18:44:29Z
2024-04-09,CHICAMBA,outflow_m3s,23.2,prose,BH109_09.04.2024.pdf,2026-09-24 18:44:29Z
2024-04-09,CHICAMBA,storage_pct,46.55,prose,BH109_09.04.2024.pdf,2026-09-24 18:44:29Z
2024-04-09,MUDA,outflow_m3s,1,prose,BH109_09.04.2024.pdf,2026-09-24 18:44:29Z
2024-04-09,MUDA,storage_pct,59.69,prose,BH109_09.04.2024.pdf,2026-09-24 18:44:29Z
2024-04-10,CAHORA BASSA,outflow_m3s,1792.51,prose,BH112_12.04.2024.pdf,2026-09-24 18:44:29Z
2024-04-10,CAHORA BASSA,storage_pct,74.62,prose,BH112_12.04.2024.pdf,2026-09-24 18:44:29Z
2024-04-10,CHICAMBA,outflow_m3s,23.4,prose,BH111_11.04.2024.pdf,2026-09-24 18:44:29Z
2024-04-10,CHICAMBA,storage_pct,46.51,prose,BH111_11.04.2024.pdf,2026-09-24 18:44:29Z
2024-04-10,MUDA,outflow_m3s,1,prose,BH110_10.04.2024.pdf,2026-09-24 18:44:29Z
2024-04-10,MUDA,storage_pct,58.97,prose,BH110_10.04.2024.pdf,2026-09-24 18:44:29Z
2024-04-15,CAHORA BASSA,outflow_m3s,1704.28,prose,BH113_15.04.2024.pdf,2026-09-24 18:44:29Z
2024-04-15,CAHORA BASSA,storage_pct,74.1,prose,BH113_15.04.2024.pdf,2026-09-24 18:44:29Z
2024-04-15,CHICAMBA,outflow_m3s,39.2,prose,BH113_15.04.2024.pdf,2026-09-24 18:44:29Z
2024-04-15,CHICAMBA,storage_pct,46.44,prose,BH113_15.04.2024.pdf,2026-09-24 18:44:29Z
2024-04-15,MUDA,outflow_m3s,1,prose,BH113_15.04.2024.pdf,2026-09-24 18:44:29Z
2024-04-15,MUDA,storage_pct,61.58,prose,BH113_15.04.2024.pdf,2026-09-24 18:44:29Z
2024-04-16,CAHORA BASSA,outflow_m3s,1898.78,prose,BH114_16.04.2024.pdf,2026-09-24 18:44:29Z
2024-04-16,CAHORA BASSA,storage_pct,73.88,prose,BH114_16.04.2024.pdf,2026-09-24 18:44:29Z
2024-04-16,CHICAMBA,outflow_m3s,23.1,prose,BH114_16.04.2024.pdf,2026-09-24 18:44:29Z
2024-04-16,CHICAMBA,storage_pct,46.37,prose,BH114_16.04.2024.pdf,2026-09-24 18:44:29Z
2024-04-16,MUDA,outflow_m3s,1,prose,BH114_16.04.2024.pdf,2026-09-24 18:44:29Z
2024-04-16,MUDA,storage_pct,61.58,prose,BH114_16.04.2024.pdf,2026-09-24 18:44:29Z
2024-04-17,CAHORA BASSA,outflow_m3s,1940.52,prose,BH115_17.04.2024.pdf,2026-09-24 18:44:29Z
2024-04-17,CAHORA BASSA,storage_pct,73.66,prose,BH115_17.04.2024.pdf,2026-09-24 18:44:29Z
2024-04-17,CHICAMBA,outflow_m3s,23.5,prose,BH115_17.04.2024.pdf,2026-09-24 18:44:29Z
2024-04-17,CHICAMBA,storage_pct,46.27,prose,BH115_17.04.2024.pdf,2026-09-24 18:44:29Z
2024-04-17,MUDA,outflow_m3s,1,prose,BH115_17.04.2024.pdf,2026-09-24 18:44:29Z
2024-04-17,MUDA,storage_pct,61.58,prose,BH115_17.04.2024.pdf,2026-09-24 18:44:29Z
2024-04-18,CAHORA BASSA,outflow_m3s,1941.34,prose,BH116_18.04.2024.pdf,2026-09-24 18:44:29Z
2024-04-18,CAHORA BASSA,storage_pct,73.44,prose,BH116_18.04.2024.pdf,2026-09-24 18:44:29Z
2024-04-18,CHICAMBA,outflow_m3s,23.3,prose,BH116_18.04.2024.pdf,2026-09-24 18:44:29Z
2024-04-18,CHICAMBA,storage_pct,46.17,prose,BH116_18.04.2024.pdf,2026-09-24 18:44:29Z
2024-04-18,MUDA,outflow_m3s,1.5,prose,BH116_18.04.2024.pdf,2026-09-24 18:44:29Z
2024-04-18,MUDA,storage_pct,63.48,prose,BH116_18.04.2024.pdf,2026-09-24 18:44:29Z
2024-04-19,CAHORA BASSA,outflow_m3s,1941.34,prose,BH117_19.04.2024.pdf,2026-09-24 18:44:29Z
2024-04-19,CAHORA BASSA,storage_pct,73.22,prose,BH117_19.04.2024.pdf,2026-09-24 18:44:29Z
2024-04-19,CHICAMBA,outflow_m3s,23.3,prose,BH117_19.04.2024.pdf,2026-09-24 18:44:29Z
2024-04-19,CHICAMBA,storage_pct,46.07,prose,BH117_19.04.2024.pdf,2026-09-24 18:44:29Z
2024-04-19,MUDA,outflow_m3s,1.5,prose,BH117_19.04.2024.pdf,2026-09-24 18:44:29Z
2024-04-19,MUDA,storage_pct,63.48,prose,BH117_19.04.2024.pdf,2026-09-24 18:44:29Z
2024-04-22,CAHORA BASSA,outflow_m3s,1932.07,prose,BH118_22.04.2024.pdf,2026-09-24 18:44:29Z
2024-04-22,CAHORA BASSA,storage_pct,72.61,prose,BH118_22.04.2024.pdf,2026-09-24 18:44:29Z
2024-04-22,CHICAMBA,outflow_m3s,23.4,prose,BH118_22.04.2024.pdf,2026-09-24 18:44:29Z
2024-04-22,CHICAMBA,storage_pct,46.07,prose,BH118_22.04.2024.pdf,2026-09-24 18:44:29Z
2024-04-22,MUDA,outflow_m3s,1.5,prose,BH118_22.04.2024.pdf,2026-09-24 18:44:29Z
2024-04-22,MUDA,storage_pct,61.58,prose,BH118_22.04.2024.pdf,2026-09-24 18:44:29Z
2024-04-23,CAHORA BASSA,outflow_m3s,1884.96,prose,BH119_23.04.2024.pdf,2026-09-24 18:44:29Z
2024-04-23,CAHORA BASSA,storage_pct,72.44,prose,BH119_23.04.2024.pdf,2026-09-24 18:44:29Z
2024-04-23,CHICAMBA,outflow_m3s,23.4,prose,BH119_23.04.2024.pdf,2026-09-24 18:44:29Z
2024-04-23,CHICAMBA,storage_pct,46.07,prose,BH119_23.04.2024.pdf,2026-09-24 18:44:29Z
2024-04-23,MUDA,outflow_m3s,1.5,prose,BH119_23.04.2024.pdf,2026-09-24 18:44:29Z
2024-04-23,MUDA,storage_pct,61.58,prose,BH119_23.04.2024.pdf,2026-09-24 18:44:29Z
2024-04-24,CAHORA BASSA,outflow_m3s,1884.96,prose,BH120_24.04.2024.pdf,2026-09-24 18:45:55Z
2024-04-24,CAHORA BASSA,storage_pct,72.26,prose,BH120_24.04.2024.pdf,2026-09-24 18:45:55Z
2024-04-24,CHICAMBA,outflow_m3s,23.4,prose,BH120_24.04.2024.pdf,2026-09-24 18:45:55Z
2024-04-24,CHICAMBA,storage_pct,45.76,prose,BH120_24.04.2024.pdf,2026-09-24 18:45:55Z
2024-04-24,MUDA,outflow_m3s,1.5,prose,BH120_24.04.2024.pdf,2026-09-24 18:45:55Z
2024-04-24,MUDA,storage_pct,61.58,prose,BH120_24.04.2024.pdf,2026-09-24 18:45:55Z
2024-04-25,CAHORA BASSA,outflow_m3s,1936.03,prose,BH121_25.04.2024.pdf,2026-09-24 18:45:55Z
2024-04-25,CAHORA BASSA,storage_pct,72.04,prose,BH121_25.04.2024.pdf,2026-09-24 18:45:55Z
2024-04-25,CHICAMBA,outflow_m3s,22.7,prose,BH121_25.04.2024.pdf,2026-09-24 18:45:55Z
2024-04-25,CHICAMBA,storage_pct,45.76,prose,BH121_25.04.2024.pdf,2026-09-24 18:45:55Z
2024-04-25,MUDA,outflow_m3s,1.5,prose,BH121_25.04.2024.pdf,2026-09-24 18:45:55Z
2024-04-25,MUDA,storage_pct,61.58,prose,BH121_25.04.2024.pdf,2026-09-24 18:45:55Z
2024-04-26,CAHORA BASSA,outflow_m3s,1950.95,prose,BH122_26.04.2024.pdf,2026-09-24 18:45:55Z
2024-04-26,CAHORA BASSA,storage_pct,71.83,prose,BH122_26.04.2024.pdf,2026-09-24 18:45:55Z
2024-04-26,CHICAMBA,outflow_m3s,22.7,prose,BH122_26.04.2024.pdf,2026-09-24 18:45:55Z
2024-04-26,CHICAMBA,storage_pct,45.76,prose,BH122_26.04.2024.pdf,2026-09-24 18:45:55Z
2024-04-26,MUDA,outflow_m3s,1.5,prose,BH122_26.04.2024.pdf,2026-09-24 18:45:55Z
2024-04-26,MUDA,storage_pct,61.58,prose,BH122_26.04.2024.pdf,2026-09-24 18:45:55Z
2024-04-29,CAHORA BASSA,outflow_m3s,1878.33,prose,BH123_29.04.2024.pdf,2026-09-24 18:45:55Z
2024-04-29,CAHORA BASSA,storage_pct,71.31,prose,BH123_29.04.2024.pdf,2026-09-24 18:45:55Z
2024-04-29,CHICAMBA,outflow_m3s,22.9,prose,BH123_29.04.2024.pdf,2026-09-24 18:45:55Z
2024-04-29,CHICAMBA,storage_pct,45.39,prose,BH123_29.04.2024.pdf,2026-09-24 18:45:55Z
2024-04-29,MUDA,outflow_m3s,1.5,prose,BH123_29.04.2024.pdf,2026-09-24 18:45:55Z
2024-04-29,MUDA,storage_pct,60.64,prose,BH123_29.04.2024.pdf,2026-09-24 18:45:55Z
2024-04-30,CAHORA BASSA,outflow_m3s,1913.02,prose,BH124_30.04.2024.pdf,2026-09-24 18:45:55Z
2024-04-30,CAHORA BASSA,storage_pct,71.14,prose,BH124_30.04.2024.pdf,2026-09-24 18:45:55Z
2024-04-30,CHICAMBA,outflow_m3s,22.7,prose,BH124_30.04.2024.pdf,2026-09-24 18:45:55Z
2024-04-30,CHICAMBA,storage_pct,45.39,prose,BH124_30.04.2024.pdf,2026-09-24 18:45:55Z
2024-04-30,MUDA,outflow_m3s,1.5,prose,BH124_30.04.2024.pdf,2026-09-24 18:45:55Z
2024-04-30,MUDA,storage_pct,60.64,prose,BH124_30.04.2024.pdf,2026-09-24 18:45:55Z
2024-05-02,CAHORA BASSA,outflow_m3s,1817.21,prose,BH125_02.05.2024.pdf,2026-09-24 18:45:55Z
2024-05-02,CAHORA BASSA,storage_pct,71.05,prose,BH125_02.05.2024.pdf,2026-09-24 18:45:55Z
2024-05-02,CHICAMBA,outflow_m3s,22.7,prose,BH125_02.05.2024.pdf,2026-09-24 18:45:55Z
2024-05-02,CHICAMBA,storage_pct,45.12,prose,BH125_02.05.2024.pdf,2026-09-24 18:45:55Z
2024-05-02,MUDA,outflow_m3s,1.5,prose,BH125_02.05.2024.pdf,2026-09-24 18:45:55Z
2024-05-02,MUDA,storage_pct,59.69,prose,BH125_02.05.2024.pdf,2026-09-24 18:45:55Z
2024-05-03,CAHORA BASSA,outflow_m3s,1946.82,prose,BH126_03.05.2024.pdf,2026-09-24 18:45:55Z
2024-05-03,CAHORA BASSA,storage_pct,70.92,prose,BH126_03.05.2024.pdf,2026-09-24 18:45:55Z
2024-05-03,CHICAMBA,outflow_m3s,22.7,prose,BH126_03.05.2024.pdf,2026-09-24 18:45:55Z
2024-05-03,CHICAMBA,storage_pct,45.12,prose,BH126_03.05.2024.pdf,2026-09-24 18:45:55Z
2024-05-03,MUDA,outflow_m3s,1.5,prose,BH126_03.05.2024.pdf,2026-09-24 18:45:55Z
2024-05-03,MUDA,storage_pct,59.69,prose,BH126_03.05.2024.pdf,2026-09-24 18:45:55Z
2024-05-06,CAHORA BASSA,outflow_m3s,1817.53,prose,BH127_06.05.2024.pdf,2026-09-24 18:45:55Z
2024-05-06,CAHORA BASSA,storage_pct,70.37,prose,BH127_06.05.2024.pdf,2026-09-24 18:45:55Z
2024-05-06,CHICAMBA,outflow_m3s,22.9,prose,BH127_06.05.2024.pdf,2026-09-24 18:45:55Z
2024-05-06,CHICAMBA,storage_pct,44.89,prose,BH127_06.05.2024.pdf,2026-09-24 18:45:55Z
2024-05-06,MUDA,outflow_m3s,1.5,prose,BH127_06.05.2024.pdf,2026-09-24 18:45:55Z
2024-05-06,MUDA,storage_pct,59.69,prose,BH127_06.05.2024.pdf,2026-09-24 18:45:55Z
2024-05-07,CAHORA BASSA,outflow_m3s,1823.54,prose,BH128_07.05.2024.pdf,2026-09-24 18:45:55Z
2024-05-07,CAHORA BASSA,storage_pct,70.15,prose,BH128_07.05.2024.pdf,2026-09-24 18:45:55Z
2024-05-07,CHICAMBA,outflow_m3s,22.8,prose,BH128_07.05.2024.pdf,2026-09-24 18:45:55Z
2024-05-07,CHICAMBA,storage_pct,44.82,prose,BH128_07.05.2024.pdf,2026-09-24 18:45:55Z
2024-05-07,MUDA,outflow_m3s,1.5,prose,BH128_07.05.2024.pdf,2026-09-24 18:45:55Z
2024-05-07,MUDA,storage_pct,58.97,prose,BH128_07.05.2024.pdf,2026-09-24 18:45:55Z
2024-05-08,CAHORA BASSA,outflow_m3s,1886.31,prose,BH129_08.05.2024.pdf,2026-09-24 18:45:55Z
2024-05-08,CAHORA BASSA,storage_pct,69.94,prose,BH129_08.05.2024.pdf,2026-09-24 18:45:55Z
2024-05-08,CHICAMBA,outflow_m3s,22.7,prose,BH129_08.05.2024.pdf,2026-09-24 18:45:55Z
2024-05-08,CHICAMBA,storage_pct,44.65,prose,BH129_08.05.2024.pdf,2026-09-24 18:45:55Z
2024-05-08,MUDA,outflow_m3s,1.5,prose,BH129_08.05.2024.pdf,2026-09-24 18:45:55Z
2024-05-08,MUDA,storage_pct,58.97,prose,BH129_08.05.2024.pdf,2026-09-24 18:45:55Z
2024-05-09,CAHORA BASSA,outflow_m3s,1931.5,prose,BH130_09.05.2024.pdf,2026-09-24 18:45:55Z
2024-05-09,CAHORA BASSA,storage_pct,69.72,prose,BH130_09.05.2024.pdf,2026-09-24 18:45:55Z
2024-05-09,CHICAMBA,outflow_m3s,20.3,prose,BH130_09.05.2024.pdf,2026-09-24 18:45:55Z
2024-05-09,CHICAMBA,storage_pct,44.58,prose,BH130_09.05.2024.pdf,2026-09-24 18:45:55Z
2024-05-09,MUDA,outflow_m3s,1.5,prose,BH130_09.05.2024.pdf,2026-09-24 18:45:55Z
2024-05-09,MUDA,storage_pct,58.97,prose,BH130_09.05.2024.pdf,2026-09-24 18:45:55Z
2024-05-10,CAHORA BASSA,outflow_m3s,1973.99,prose,BH131_10.05.2024.pdf,2026-09-24 18:45:55Z
2024-05-10,CAHORA BASSA,storage_pct,69.51,prose,BH131_10.05.2024.pdf,2026-09-24 18:45:55Z
2024-05-10,CHICAMBA,outflow_m3s,18.8,prose,BH131_10.05.2024.pdf,2026-09-24 18:45:55Z
2024-05-10,CHICAMBA,storage_pct,44.58,prose,BH131_10.05.2024.pdf,2026-09-24 18:45:55Z
2024-05-10,MUDA,outflow_m3s,1.5,prose,BH131_10.05.2024.pdf,2026-09-24 18:45:55Z
2024-05-10,MUDA,storage_pct,58.97,prose,BH131_10.05.2024.pdf,2026-09-24 18:45:55Z
2024-05-13,CAHORA BASSA,outflow_m3s,1765.03,prose,BH132_13.05.2024.pdf,2026-09-24 18:45:55Z
2024-05-13,CAHORA BASSA,storage_pct,68.92,prose,BH132_13.05.2024.pdf,2026-09-24 18:45:55Z
2024-05-13,CHICAMBA,outflow_m3s,18.8,prose,BH132_13.05.2024.pdf,2026-09-24 18:45:55Z
2024-05-13,CHICAMBA,storage_pct,44.58,prose,BH132_13.05.2024.pdf,2026-09-24 18:45:55Z
2024-05-13,MUDA,outflow_m3s,1.5,prose,BH132_13.05.2024.pdf,2026-09-24 18:45:55Z
2024-05-13,MUDA,storage_pct,58.97,prose,BH132_13.05.2024.pdf,2026-09-24 18:45:55Z
2024-05-14,CAHORA BASSA,outflow_m3s,1878.07,prose,BH133_14.05.2024.pdf,2026-09-24 18:45:55Z
2024-05-14,CAHORA BASSA,storage_pct,68.71,prose,BH133_14.05.2024.pdf,2026-09-24 18:45:55Z
2024-05-14,CHICAMBA,outflow_m3s,21.8,prose,BH133_14.05.2024.pdf,2026-09-24 18:45:55Z
2024-05-14,CHICAMBA,storage_pct,44.15,prose,BH133_14.05.2024.pdf,2026-09-24 18:45:55Z
2024-05-14,MUDA,outflow_m3s,1.5,prose,BH133_14.05.2024.pdf,2026-09-24 18:45:55Z
2024-05-14,MUDA,storage_pct,58.07,prose,BH133_14.05.2024.pdf,2026-09-24 18:45:55Z
2024-05-15,CAHORA BASSA,outflow_m3s,1909.81,prose,BH134_15.05.2024.pdf,2026-09-24 18:45:55Z
2024-05-15,CAHORA BASSA,storage_pct,68.49,prose,BH134_15.05.2024.pdf,2026-09-24 18:45:55Z
2024-05-15,CHICAMBA,outflow_m3s,22.2,prose,BH134_15.05.2024.pdf,2026-09-24 18:45:55Z
2024-05-15,CHICAMBA,storage_pct,44.08,prose,BH134_15.05.2024.pdf,2026-09-24 18:45:55Z
2024-05-15,MUDA,outflow_m3s,1.5,prose,BH134_15.05.2024.pdf,2026-09-24 18:45:55Z
2024-05-15,MUDA,storage_pct,58.07,prose,BH134_15.05.2024.pdf,2026-09-24 18:45:55Z
2024-05-16,CAHORA BASSA,outflow_m3s,1969.59,prose,BH135_16.05.2024.pdf,2026-09-24 18:45:55Z
2024-05-16,CAHORA BASSA,storage_pct,68.28,prose,BH135_16.05.2024.pdf,2026-09-24 18:45:55Z
2024-05-16,CHICAMBA,outflow_m3s,36.5,prose,BH135_16.05.2024.pdf,2026-09-24 18:45:55Z
2024-05-16,CHICAMBA,storage_pct,44.08,prose,BH135_16.05.2024.pdf,2026-09-24 18:45:55Z
2024-05-16,MUDA,outflow_m3s,1.5,prose,BH135_16.05.2024.pdf,2026-09-24 18:45:55Z
2024-05-16,MUDA,storage_pct,58.07,prose,BH135_16.05.2024.pdf,2026-09-24 18:45:55Z
2024-05-17,CAHORA BASSA,outflow_m3s,1979.2,prose,BH136_17.05.2024.pdf,2026-09-24 18:45:55Z
2024-05-17,CAHORA BASSA,storage_pct,68.07,prose,BH136_17.05.2024.pdf,2026-09-24 18:45:55Z
2024-05-17,CHICAMBA,outflow_m3s,29.5,prose,BH136_17.05.2024.pdf,2026-09-24 18:45:55Z
2024-05-17,CHICAMBA,storage_pct,44.91,prose,BH136_17.05.2024.pdf,2026-09-24 18:45:55Z
2024-05-17,MUDA,outflow_m3s,1.5,prose,BH136_17.05.2024.pdf,2026-09-24 18:45:55Z
2024-05-17,MUDA,storage_pct,58.07,prose,BH136_17.05.2024.pdf,2026-09-24 18:45:55Z
2024-05-20,CAHORA BASSA,outflow_m3s,1975.51,prose,BH137_20.05.2024.pdf,2026-09-24 18:45:55Z
2024-05-20,CAHORA BASSA,storage_pct,67.44,prose,BH137_20.05.2024.pdf,2026-09-24 18:45:55Z
2024-05-20,CHICAMBA,outflow_m3s,21.1,prose,BH137_20.05.2024.pdf,2026-09-24 18:45:55Z
2024-05-20,CHICAMBA,storage_pct,43.78,prose,BH137_20.05.2024.pdf,2026-09-24 18:45:55Z
2024-05-20,MUDA,outflow_m3s,1.5,prose,BH137_20.05.2024.pdf,2026-09-24 18:45:55Z
2024-05-20,MUDA,storage_pct,51.17,prose,BH137_20.05.2024.pdf,2026-09-24 18:45:55Z
2024-05-21,CAHORA BASSA,outflow_m3s,1959.61,prose,BH138_21.05.2024.pdf,2026-09-24 18:45:55Z
2024-05-21,CAHORA BASSA,storage_pct,67.23,prose,BH138_21.05.2024.pdf,2026-09-24 18:45:55Z
2024-05-21,CHICAMBA,outflow_m3s,23.3,prose,BH138_21.05.2024.pdf,2026-09-24 18:45:55Z
2024-05-21,CHICAMBA,storage_pct,43.71,prose,BH138_21.05.2024.pdf,2026-09-24 18:45:55Z
2024-05-21,MUDA,outflow_m3s,1.5,prose,BH138_21.05.2024.pdf,2026-09-24 18:45:55Z
2024-05-21,MUDA,storage_pct,51.17,prose,BH138_21.05.2024.pdf,2026-09-24 18:45:55Z
2024-05-22,CAHORA BASSA,outflow_m3s,1911.04,prose,BH139_22.05.2024.pdf,2026-09-24 18:45:55Z
2024-05-22,CAHORA BASSA,storage_pct,67.02,prose,BH139_22.05.2024.pdf,2026-09-24 18:45:55Z
2024-05-22,CHICAMBA,outflow_m3s,23.3,prose,BH139_22.05.2024.pdf,2026-09-24 18:45:55Z
2024-05-22,CHICAMBA,storage_pct,43.64,prose,BH139_22.05.2024.pdf,2026-09-24 18:45:55Z
2024-05-22,MUDA,outflow_m3s,1.5,prose,BH139_22.05.2024.pdf,2026-09-24 18:45:55Z
2024-05-22,MUDA,storage_pct,51.17,prose,BH139_22.05.2024.pdf,2026-09-24 18:45:55Z
2024-05-23,CAHORA BASSA,outflow_m3s,1990.02,prose,BH140_23.05.2024.pdf,2026-09-24 18:45:55Z
2024-05-23,CAHORA BASSA,storage_pct,66.82,prose,BH140_23.05.2024.pdf,2026-09-24 18:45:55Z
2024-05-23,CHICAMBA,outflow_m3s,22,prose,BH140_23.05.2024.pdf,2026-09-24 18:45:55Z
2024-05-23,CHICAMBA,storage_pct,43.54,prose,BH140_23.05.2024.pdf,2026-09-24 18:45:55Z
2024-05-23,MUDA,outflow_m3s,1.5,prose,BH140_23.05.2024.pdf,2026-09-24 18:45:55Z
2024-05-23,MUDA,storage_pct,51.17,prose,BH140_23.05.2024.pdf,2026-09-24 18:45:55Z
2024-05-24,CAHORA BASSA,outflow_m3s,1987.22,prose,BH141_24.05.2024.pdf,2026-09-24 18:45:55Z
2024-05-24,CAHORA BASSA,storage_pct,66.61,prose,BH141_24.05.2024.pdf,2026-09-24 18:45:55Z
2024-05-24,CHICAMBA,outflow_m3s,20.8,prose,BH141_24.05.2024.pdf,2026-09-24 18:45:55Z
2024-05-24,CHICAMBA,storage_pct,43.54,prose,BH141_24.05.2024.pdf,2026-09-24 18:45:55Z
2024-05-24,MUDA,outflow_m3s,1.5,prose,BH141_24.05.2024.pdf,2026-09-24 18:45:55Z
2024-05-24,MUDA,storage_pct,51.17,prose,BH141_24.05.2024.pdf,2026-09-24 18:45:55Z
2025-01-06,CAHORA BASSA,outflow_m3s,1492.5,prose,BH001_06.01.2025.pdf,2026-09-24 18:45:55Z
2025-01-06,CAHORA BASSA,storage_pct,20.57,prose,BH001_06.01.2025.pdf,2026-09-24 18:45:55Z
2025-01-06,CHICAMBA,outflow_m3s,37.5,prose,BH001_06.01.2025.pdf,2026-09-24 18:45:55Z
2025-01-06,CHICAMBA,storage_pct,24.66,prose,BH001_06.01.2025.pdf,2026-09-24 18:45:55Z
2025-01-06,MUDA,outflow_m3s,1.2,prose,BH001_06.01.2025.pdf,2026-09-24 18:45:55Z
2025-01-06,MUDA,storage_pct,24.84,prose,BH001_06.01.2025.pdf,2026-09-24 18:45:55Z
2025-01-07,CAHORA BASSA,outflow_m3s,1497.88,prose,BH002_07.01.2025-.pdf,2026-09-24 18:45:55Z
2025-01-07,CAHORA BASSA,storage_pct,20.47,prose,BH002_07.01.2025-.pdf,2026-09-24 18:45:55Z
2025-01-07,CHICAMBA,outflow_m3s,37.1,prose,BH002_07.01.2025-.pdf,2026-09-24 18:45:55Z
2025-01-07,CHICAMBA,storage_pct,24.52,prose,BH002_07.01.2025-.pdf,2026-09-24 18:45:55Z
2025-01-07,MUDA,outflow_m3s,1.2,prose,BH002_07.01.2025-.pdf,2026-09-24 18:45:55Z
2025-01-07,MUDA,storage_pct,24.84,prose,BH002_07.01.2025-.pdf,2026-09-24 18:45:55Z
2025-01-08,CAHORA BASSA,outflow_m3s,1498.91,prose,BH003_08.01.2025-.pdf,2026-09-24 18:45:55Z
2025-01-08,CAHORA BASSA,storage_pct,20.39,prose,BH003_08.01.2025-.pdf,2026-09-24 18:45:55Z
2025-01-08,CHICAMBA,outflow_m3s,37.8,prose,BH003_08.01.2025-.pdf,2026-09-24 18:45:55Z
2025-01-08,CHICAMBA,storage_pct,24.39,prose,BH003_08.01.2025-.pdf,2026-09-24 18:45:55Z
2025-01-08,MUDA,outflow_m3s,1.2,prose,BH003_08.01.2025-.pdf,2026-09-24 18:45:55Z
2025-01-08,MUDA,storage_pct,24.35,prose,BH003_08.01.2025-.pdf,2026-09-24 18:45:55Z
2025-01-09,CAHORA BASSA,outflow_m3s,1498.39,prose,BH004_09.01.2025-.pdf,2026-09-24 18:45:55Z
2025-01-09,CAHORA BASSA,storage_pct,20.32,prose,BH004_09.01.2025-.pdf,2026-09-24 18:45:55Z
2025-01-09,CHICAMBA,outflow_m3s,37.1,prose,BH004_09.01.2025-.pdf,2026-09-24 18:45:55Z
2025-01-09,CHICAMBA,storage_pct,24.52,prose,BH004_09.01.2025-.pdf,2026-09-24 18:45:55Z
2025-01-09,MUDA,outflow_m3s,1.2,prose,BH004_09.01.2025-.pdf,2026-09-24 18:45:55Z
2025-01-09,MUDA,storage_pct,24.35,prose,BH004_09.01.2025-.pdf,2026-09-24 18:45:55Z
2025-01-10,CAHORA BASSA,outflow_m3s,1491.53,prose,BH005_10.01.2025-.pdf,2026-09-24 18:45:55Z
2025-01-10,CAHORA BASSA,storage_pct,20.27,prose,BH005_10.01.2025-.pdf,2026-09-24 18:45:55Z
2025-01-10,CHICAMBA,outflow_m3s,37.6,prose,BH005_10.01.2025-.pdf,2026-09-24 18:45:55Z
2025-01-10,CHICAMBA,storage_pct,24.05,prose,BH005_10.01.2025-.pdf,2026-09-24 18:45:55Z
2025-01-10,MUDA,outflow_m3s,1.2,prose,BH005_10.01.2025-.pdf,2026-09-24 18:45:55Z
2025-01-10,MUDA,storage_pct,24.35,prose,BH005_10.01.2025-.pdf,2026-09-24 18:45:55Z
2025-01-13,CAHORA BASSA,outflow_m3s,1498.14,prose,BH006_13.01.2025-.pdf,2026-09-24 18:45:55Z
2025-01-13,CAHORA BASSA,storage_pct,20.27,prose,BH006_13.01.2025-.pdf,2026-09-24 18:45:55Z
2025-01-13,CHICAMBA,outflow_m3s,15.8,prose,BH006_13.01.2025-.pdf,2026-09-24 18:45:55Z
2025-01-13,CHICAMBA,storage_pct,23.67,prose,BH006_13.01.2025-.pdf,2026-09-24 18:45:55Z
2025-01-13,MUDA,outflow_m3s,1.2,prose,BH006_13.01.2025-.pdf,2026-09-24 18:45:55Z
2025-01-13,MUDA,storage_pct,23.51,prose,BH006_13.01.2025-.pdf,2026-09-24 18:45:55Z
2025-01-14,CAHORA BASSA,outflow_m3s,490.71,prose,BH007_14.01.2025-.pdf,2026-09-24 18:45:55Z
2025-01-14,CAHORA BASSA,storage_pct,20.27,prose,BH007_14.01.2025-.pdf,2026-09-24 18:45:55Z
2025-01-14,CHICAMBA,outflow_m3s,22.3,prose,BH007_14.01.2025-.pdf,2026-09-24 18:45:55Z
2025-01-14,CHICAMBA,storage_pct,23.58,prose,BH007_14.01.2025-.pdf,2026-09-24 18:45:55Z
2025-01-14,MUDA,outflow_m3s,1.2,prose,BH007_14.01.2025-.pdf,2026-09-24 18:45:55Z
2025-01-14,MUDA,storage_pct,23.51,prose,BH007_14.01.2025-.pdf,2026-09-24 18:45:55Z
2025-01-16,CAHORA BASSA,outflow_m3s,498.33,prose,BH008_16.01.2025-.pdf,2026-09-24 18:45:55Z
2025-01-16,CAHORA BASSA,storage_pct,20.29,prose,BH008_16.01.2025-.pdf,2026-09-24 18:45:55Z
2025-01-16,CHICAMBA,outflow_m3s,15.8,prose,BH008_16.01.2025-.pdf,2026-09-24 18:45:55Z
2025-01-16,CHICAMBA,storage_pct,23.37,prose,BH008_16.01.2025-.pdf,2026-09-24 18:45:55Z
2025-01-16,MUDA,outflow_m3s,1.8,prose,BH008_16.01.2025-.pdf,2026-09-24 18:45:55Z
2025-01-16,MUDA,storage_pct,19.29,prose,BH008_16.01.2025-.pdf,2026-09-24 18:45:55Z
2025-01-17,CAHORA BASSA,outflow_m3s,504.58,prose,BH009_17.01.2025-.pdf,2026-09-24 18:45:55Z
2025-01-17,CAHORA BASSA,storage_pct,20.22,prose,BH009_17.01.2025-.pdf,2026-09-24 18:45:55Z
2025-01-17,CHICAMBA,outflow_m3s,26,prose,BH009_17.01.2025-.pdf,2026-09-24 18:45:55Z
2025-01-17,CHICAMBA,storage_pct,23.31,prose,BH009_17.01.2025-.pdf,2026-09-24 18:45:55Z
2025-01-17,MUDA,outflow_m3s,1.8,prose,BH009_17.01.2025-.pdf,2026-09-24 18:45:55Z
2025-01-17,MUDA,storage_pct,23.51,prose,BH009_17.01.2025-.pdf,2026-09-24 18:45:55Z
2025-01-20,CAHORA BASSA,outflow_m3s,496.06,prose,BH010_20.01.2025-.pdf,2026-09-24 18:45:55Z
2025-01-20,CAHORA BASSA,storage_pct,20.04,prose,BH010_20.01.2025-.pdf,2026-09-24 18:45:55Z
2025-01-20,CHICAMBA,outflow_m3s,15.5,prose,BH010_20.01.2025-.pdf,2026-09-24 18:45:55Z
2025-01-20,CHICAMBA,storage_pct,23.52,prose,BH010_20.01.2025-.pdf,2026-09-24 18:45:55Z
2025-01-20,MUDA,outflow_m3s,1.8,prose,BH010_20.01.2025-.pdf,2026-09-24 18:45:55Z
2025-01-20,MUDA,storage_pct,24.84,prose,BH010_20.01.2025-.pdf,2026-09-24 18:45:55Z
2025-01-21,CAHORA BASSA,outflow_m3s,501.93,prose,BH011_21.01.2025-.pdf,2026-09-24 18:45:55Z
2025-01-21,CAHORA BASSA,storage_pct,19.99,prose,BH011_21.01.2025-.pdf,2026-09-24 18:45:55Z
2025-01-21,CHICAMBA,outflow_m3s,14.2,prose,BH011_21.01.2025-.pdf,2026-09-24 18:45:55Z
2025-01-21,CHICAMBA,storage_pct,23.69,prose,BH011_21.01.2025-.pdf,2026-09-24 18:45:55Z
2025-01-21,MUDA,outflow_m3s,1.8,prose,BH011_21.01.2025-.pdf,2026-09-24 18:45:55Z
2025-01-21,MUDA,storage_pct,26.7,prose,BH011_21.01.2025-.pdf,2026-09-24 18:45:55Z
2025-01-22,CAHORA BASSA,outflow_m3s,494.15,prose,BH012_22.01.2025-.pdf,2026-09-24 18:45:55Z
2025-01-22,CAHORA BASSA,storage_pct,19.91,prose,BH012_22.01.2025-.pdf,2026-09-24 18:45:55Z
2025-01-22,CHICAMBA,outflow_m3s,11.2,prose,BH012_22.01.2025-.pdf,2026-09-24 18:45:55Z
2025-01-22,CHICAMBA,storage_pct,23.88,prose,BH012_22.01.2025-.pdf,2026-09-24 18:45:55Z
2025-01-22,MUDA,outflow_m3s,1.8,prose,BH012_22.01.2025-.pdf,2026-09-24 18:45:55Z
2025-01-22,MUDA,storage_pct,27.75,prose,BH012_22.01.2025-.pdf,2026-09-24 18:45:55Z
2025-01-23,CAHORA BASSA,outflow_m3s,491.41,prose,BH013_23.01.2025-.doc.pdf,2026-09-24 18:45:55Z
2025-01-23,CAHORA BASSA,storage_pct,19.86,prose,BH013_23.01.2025-.doc.pdf,2026-09-24 18:45:55Z
2025-01-23,CHICAMBA,outflow_m3s,15.2,prose,BH013_23.01.2025-.doc.pdf,2026-09-24 18:45:55Z
2025-01-23,CHICAMBA,storage_pct,24.05,prose,BH013_23.01.2025-.doc.pdf,2026-09-24 18:45:55Z
2025-01-23,MUDA,outflow_m3s,1.8,prose,BH013_23.01.2025-.doc.pdf,2026-09-24 18:45:55Z
2025-01-23,MUDA,storage_pct,27.75,prose,BH013_23.01.2025-.doc.pdf,2026-09-24 18:45:55Z
2025-01-24,CAHORA BASSA,outflow_m3s,489.93,prose,BH014_24_01_2025-.pdf,2026-09-24 18:45:55Z
2025-01-24,CAHORA BASSA,storage_pct,19.86,prose,BH014_24_01_2025-.pdf,2026-09-24 18:45:55Z
2025-01-24,CHICAMBA,outflow_m3s,17.7,prose,BH014_24_01_2025-.pdf,2026-09-24 18:45:55Z
2025-01-24,CHICAMBA,storage_pct,24.18,prose,BH014_24_01_2025-.pdf,2026-09-24 18:45:55Z
2025-01-24,MUDA,outflow_m3s,1.8,prose,BH014_24_01_2025-.pdf,2026-09-24 18:45:55Z
2025-01-24,MUDA,storage_pct,29.77,prose,BH014_24_01_2025-.pdf,2026-09-24 18:45:55Z
2025-01-27,CAHORA BASSA,outflow_m3s,482.25,prose,BH015_27_01_2025-.pdf,2026-09-24 18:45:55Z
2025-01-27,CAHORA BASSA,storage_pct,20.34,prose,BH015_27_01_2025-.pdf,2026-09-24 18:45:55Z
2025-01-27,CHICAMBA,outflow_m3s,10.2,prose,BH015_27_01_2025-.pdf,2026-09-24 18:45:55Z
2025-01-27,CHICAMBA,storage_pct,24.48,prose,BH015_27_01_2025-.pdf,2026-09-24 18:45:55Z
2025-01-27,MUDA,outflow_m3s,1.8,prose,BH015_27_01_2025-.pdf,2026-09-24 18:45:55Z
2025-01-27,MUDA,storage_pct,34.78,prose,BH015_27_01_2025-.pdf,2026-09-24 18:45:55Z
2025-01-28,CAHORA BASSA,outflow_m3s,498.25,prose,BH016_28_01_2025-.pdf,2026-09-24 18:45:55Z
2025-01-28,CAHORA BASSA,storage_pct,20.62,prose,BH016_28_01_2025-.pdf,2026-09-24 18:45:55Z
2025-01-28,CHICAMBA,outflow_m3s,15.7,prose,BH016_28_01_2025-.pdf,2026-09-24 18:45:55Z
2025-01-28,CHICAMBA,storage_pct,24.43,prose,BH016_28_01_2025-.pdf,2026-09-24 18:45:55Z
2025-01-28,MUDA,outflow_m3s,1.8,prose,BH016_28_01_2025-.pdf,2026-09-24 18:45:55Z
2025-01-28,MUDA,storage_pct,34.78,prose,BH016_28_01_2025-.pdf,2026-09-24 18:45:55Z
2025-01-29,CAHORA BASSA,outflow_m3s,489.93,prose,BH017_29_01_2025-.pdf,2026-09-24 18:50:33Z
2025-01-29,CAHORA BASSA,storage_pct,19.86,prose,BH017_29_01_2025-.pdf,2026-09-24 18:50:33Z
2025-01-29,CHICAMBA,outflow_m3s,17.7,prose,BH017_29_01_2025-.pdf,2026-09-24 18:50:33Z
2025-01-29,CHICAMBA,storage_pct,24.18,prose,BH017_29_01_2025-.pdf,2026-09-24 18:50:33Z
2025-01-29,MUDA,outflow_m3s,1.8,prose,BH017_29_01_2025-.pdf,2026-09-24 18:50:33Z
2025-01-29,MUDA,storage_pct,29.77,prose,BH017_29_01_2025-.pdf,2026-09-24 18:50:33Z
2025-01-30,CAHORA BASSA,outflow_m3s,492.9,prose,BH018_30_01_2025-.pdf,2026-09-24 18:50:33Z
2025-01-30,CAHORA BASSA,storage_pct,20.98,prose,BH018_30_01_2025-.pdf,2026-09-24 18:50:33Z
2025-01-30,CHICAMBA,outflow_m3s,29.3,prose,BH018_30_01_2025-.pdf,2026-09-24 18:50:33Z
2025-01-30,CHICAMBA,storage_pct,24.64,prose,BH018_30_01_2025-.pdf,2026-09-24 18:50:33Z
2025-01-30,MUDA,outflow_m3s,1.8,prose,BH018_30_01_2025-.pdf,2026-09-24 18:50:33Z
2025-01-30,MUDA,storage_pct,37.84,prose,BH018_30_01_2025-.pdf,2026-09-24 18:50:33Z
2025-01-31,CAHORA BASSA,outflow_m3s,488.65,prose,BH019_31_01_2025-.pdf,2026-09-24 18:50:33Z
2025-01-31,CAHORA BASSA,storage_pct,21.39,prose,BH019_31_01_2025-.pdf,2026-09-24 18:50:33Z
2025-01-31,CHICAMBA,outflow_m3s,18.2,prose,BH019_31_01_2025-.pdf,2026-09-24 18:50:33Z
2025-01-31,CHICAMBA,storage_pct,24.68,prose,BH019_31_01_2025-.pdf,2026-09-24 18:50:33Z
2025-01-31,MUDA,outflow_m3s,1.8,prose,BH019_31_01_2025-.pdf,2026-09-24 18:50:33Z
2025-01-31,MUDA,storage_pct,32.5,prose,BH019_31_01_2025-.pdf,2026-09-24 18:50:33Z
2025-02-04,CAHORA BASSA,outflow_m3s,473.55,prose,BH020_04_02_2025-.pdf,2026-09-24 18:50:33Z
2025-02-04,CAHORA BASSA,storage_pct,22.12,prose,BH020_04_02_2025-.pdf,2026-09-24 18:50:33Z
2025-02-04,CHICAMBA,outflow_m3s,15.3,prose,BH020_04_02_2025-.pdf,2026-09-24 18:50:33Z
2025-02-04,CHICAMBA,storage_pct,24.57,prose,BH020_04_02_2025-.pdf,2026-09-24 18:50:33Z
2025-02-04,MUDA,outflow_m3s,1.8,prose,BH020_04_02_2025-.pdf,2026-09-24 18:50:33Z
2025-02-04,MUDA,storage_pct,31.51,prose,BH020_04_02_2025-.pdf,2026-09-24 18:50:33Z
2025-02-05,CAHORA BASSA,outflow_m3s,480.73,prose,BH021_05_02_2025-.pdf,2026-09-24 18:50:33Z
2025-02-05,CAHORA BASSA,storage_pct,22.25,prose,BH021_05_02_2025-.pdf,2026-09-24 18:50:33Z
2025-02-05,CHICAMBA,outflow_m3s,20.1,prose,BH021_05_02_2025-.pdf,2026-09-24 18:50:33Z
2025-02-05,CHICAMBA,storage_pct,24.52,prose,BH021_05_02_2025-.pdf,2026-09-24 18:50:33Z
2025-02-05,MUDA,outflow_m3s,1,prose,BH021_05_02_2025-.pdf,2026-09-24 18:50:33Z
2025-02-05,MUDA,storage_pct,38.51,prose,BH021_05_02_2025-.pdf,2026-09-24 18:50:33Z
2025-02-06,CAHORA BASSA,outflow_m3s,489.99,prose,BH022_06_02_2025-.pdf,2026-09-24 18:50:33Z
2025-02-06,CAHORA BASSA,storage_pct,22.33,prose,BH022_06_02_2025-.pdf,2026-09-24 18:50:33Z
2025-02-06,CHICAMBA,outflow_m3s,18.4,prose,BH022_06_02_2025-.pdf,2026-09-24 18:50:33Z
2025-02-06,CHICAMBA,storage_pct,24.48,prose,BH022_06_02_2025-.pdf,2026-09-24 18:50:33Z
2025-02-06,MUDA,outflow_m3s,1,prose,BH022_06_02_2025-.pdf,2026-09-24 18:50:33Z
2025-02-06,MUDA,storage_pct,38.51,prose,BH022_06_02_2025-.pdf,2026-09-24 18:50:33Z
2025-02-07,CAHORA BASSA,outflow_m3s,486.76,prose,BH023_07_02_2025-.pdf,2026-09-24 18:50:33Z
2025-02-07,CAHORA BASSA,storage_pct,22.35,prose,BH023_07_02_2025-.pdf,2026-09-24 18:50:33Z
2025-02-07,CHICAMBA,outflow_m3s,15.3,prose,BH023_07_02_2025-.pdf,2026-09-24 18:50:33Z
2025-02-07,CHICAMBA,storage_pct,24.41,prose,BH023_07_02_2025-.pdf,2026-09-24 18:50:33Z
2025-02-07,MUDA,outflow_m3s,1,prose,BH023_07_02_2025-.pdf,2026-09-24 18:50:33Z
2025-02-07,MUDA,storage_pct,38.51,prose,BH023_07_02_2025-.pdf,2026-09-24 18:50:33Z
2025-02-10,CAHORA BASSA,outflow_m3s,486.69,prose,BH024_10_02_2025-.pdf,2026-09-24 18:50:33Z
2025-02-10,CAHORA BASSA,storage_pct,22.3,prose,BH024_10_02_2025-.pdf,2026-09-24 18:50:33Z
2025-02-10,CHICAMBA,outflow_m3s,15.6,prose,BH024_10_02_2025-.pdf,2026-09-24 18:50:33Z
2025-02-10,CHICAMBA,storage_pct,24.84,prose,BH024_10_02_2025-.pdf,2026-09-24 18:50:33Z
2025-02-10,MUDA,outflow_m3s,1,prose,BH024_10_02_2025-.pdf,2026-09-24 18:50:33Z
2025-02-10,MUDA,storage_pct,39.86,prose,BH024_10_02_2025-.pdf,2026-09-24 18:50:33Z
2025-02-11,CAHORA BASSA,outflow_m3s,1472.46,prose,BH025_11_02_2025-.pdf,2026-09-24 18:50:33Z
2025-02-11,CAHORA BASSA,storage_pct,22.35,prose,BH025_11_02_2025-.pdf,2026-09-24 18:50:33Z
2025-02-11,CHICAMBA,outflow_m3s,15,prose,BH025_11_02_2025-.pdf,2026-09-24 18:50:33Z
2025-02-11,CHICAMBA,storage_pct,25.14,prose,BH025_11_02_2025-.pdf,2026-09-24 18:50:33Z
2025-02-11,MUDA,outflow_m3s,1,prose,BH025_11_02_2025-.pdf,2026-09-24 18:50:33Z
2025-02-11,MUDA,storage_pct,40.34,prose,BH025_11_02_2025-.pdf,2026-09-24 18:50:33Z
2025-02-12,CAHORA BASSA,outflow_m3s,1466.52,prose,BH026_12_02_2025-.pdf,2026-09-24 18:50:33Z
2025-02-12,CAHORA BASSA,storage_pct,22.4,prose,BH026_12_02_2025-.pdf,2026-09-24 18:50:33Z
2025-02-12,CHICAMBA,outflow_m3s,15,prose,BH026_12_02_2025-.pdf,2026-09-24 18:50:33Z
2025-02-12,CHICAMBA,storage_pct,25.32,prose,BH026_12_02_2025-.pdf,2026-09-24 18:50:33Z
2025-02-12,MUDA,outflow_m3s,1,prose,BH026_12_02_2025-.pdf,2026-09-24 18:50:33Z
2025-02-12,MUDA,storage_pct,40.52,prose,BH026_12_02_2025-.pdf,2026-09-24 18:50:33Z
2025-02-13,CAHORA BASSA,outflow_m3s,1415.69,prose,BH027_13_02_2025-.pdf,2026-09-24 18:50:33Z
2025-02-13,CAHORA BASSA,storage_pct,22.4,prose,BH027_13_02_2025-.pdf,2026-09-24 18:50:33Z
2025-02-13,CHICAMBA,outflow_m3s,15,prose,BH027_13_02_2025-.pdf,2026-09-24 18:50:33Z
2025-02-13,CHICAMBA,storage_pct,25.32,prose,BH027_13_02_2025-.pdf,2026-09-24 18:50:33Z
2025-02-13,MUDA,outflow_m3s,1,prose,BH027_13_02_2025-.pdf,2026-09-24 18:50:33Z
2025-02-13,MUDA,storage_pct,49.06,prose,BH027_13_02_2025-.pdf,2026-09-24 18:50:33Z
2025-02-14,CAHORA BASSA,outflow_m3s,1469.45,prose,BH028_14_02_2025-.pdf,2026-09-24 18:50:33Z
2025-02-14,CAHORA BASSA,storage_pct,22.38,prose,BH028_14_02_2025-.pdf,2026-09-24 18:50:33Z
2025-02-14,CHICAMBA,outflow_m3s,15.3,prose,BH028_14_02_2025-.pdf,2026-09-24 18:50:33Z
2025-02-14,CHICAMBA,storage_pct,26.56,prose,BH028_14_02_2025-.pdf,2026-09-24 18:50:33Z
2025-02-14,MUDA,outflow_m3s,1,prose,BH028_14_02_2025-.pdf,2026-09-24 18:50:33Z
2025-02-14,MUDA,storage_pct,49.06,prose,BH028_14_02_2025-.pdf,2026-09-24 18:50:33Z
2025-02-17,CAHORA BASSA,outflow_m3s,1464.17,prose,BH029_17_02_2025-.pdf,2026-09-24 18:50:33Z
2025-02-17,CAHORA BASSA,storage_pct,22.4,prose,BH029_17_02_2025-.pdf,2026-09-24 18:50:33Z
2025-02-17,CHICAMBA,outflow_m3s,15.2,prose,BH029_17_02_2025-.pdf,2026-09-24 18:50:33Z
2025-02-17,CHICAMBA,storage_pct,27.58,prose,BH029_17_02_2025-.pdf,2026-09-24 18:50:33Z
2025-02-17,MUDA,outflow_m3s,1,prose,BH029_17_02_2025-.pdf,2026-09-24 18:50:33Z
2025-02-17,MUDA,storage_pct,54.72,prose,BH029_17_02_2025-.pdf,2026-09-24 18:50:33Z
2025-02-18,CAHORA BASSA,outflow_m3s,1470.68,prose,BH030_18_02_2025-.pdf,2026-09-24 18:50:33Z
2025-02-18,CAHORA BASSA,storage_pct,22.51,prose,BH030_18_02_2025-.pdf,2026-09-24 18:50:33Z
2025-02-18,CHICAMBA,outflow_m3s,15.6,prose,BH030_18_02_2025-.pdf,2026-09-24 18:50:33Z
2025-02-18,CHICAMBA,storage_pct,27.65,prose,BH030_18_02_2025-.pdf,2026-09-24 18:50:33Z
2025-02-18,MUDA,outflow_m3s,1,prose,BH030_18_02_2025-.pdf,2026-09-24 18:50:33Z
2025-02-18,MUDA,storage_pct,55.37,prose,BH030_18_02_2025-.pdf,2026-09-24 18:50:33Z
2025-02-19,CAHORA BASSA,outflow_m3s,1465.9,prose,BH031_19_02_2025-.pdf,2026-09-24 18:50:33Z
2025-02-19,CAHORA BASSA,storage_pct,22.67,prose,BH031_19_02_2025-.pdf,2026-09-24 18:50:33Z
2025-02-19,CHICAMBA,outflow_m3s,18.1,prose,BH031_19_02_2025-.pdf,2026-09-24 18:50:33Z
2025-02-19,CHICAMBA,storage_pct,27.6,prose,BH031_19_02_2025-.pdf,2026-09-24 18:50:33Z
2025-02-19,MUDA,outflow_m3s,1,prose,BH031_19_02_2025-.pdf,2026-09-24 18:50:33Z
2025-02-19,MUDA,storage_pct,56.27,prose,BH031_19_02_2025-.pdf,2026-09-24 18:50:33Z
2025-02-20,CAHORA BASSA,outflow_m3s,1455.46,prose,BH032_20_02_2025-.pdf,2026-09-24 18:50:33Z
2025-02-20,CAHORA BASSA,storage_pct,22.8,prose,BH032_20_02_2025-.pdf,2026-09-24 18:50:33Z
2025-02-20,CHICAMBA,outflow_m3s,19,prose,BH032_20_02_2025-.pdf,2026-09-24 18:50:33Z
2025-02-20,CHICAMBA,storage_pct,27.53,prose,BH032_20_02_2025-.pdf,2026-09-24 18:50:33Z
2025-02-20,MUDA,outflow_m3s,1,prose,BH032_20_02_2025-.pdf,2026-09-24 18:50:33Z
2025-02-20,MUDA,storage_pct,56.27,prose,BH032_20_02_2025-.pdf,2026-09-24 18:50:33Z
2025-02-21,CAHORA BASSA,outflow_m3s,1468,prose,BH033_21_02_2025-.pdf,2026-09-24 18:50:33Z
2025-02-21,CAHORA BASSA,storage_pct,22.98,prose,BH033_21_02_2025-.pdf,2026-09-24 18:50:33Z
2025-02-21,CHICAMBA,outflow_m3s,52.3,prose,BH033_21_02_2025-.pdf,2026-09-24 18:50:33Z
2025-02-21,CHICAMBA,storage_pct,27.65,prose,BH033_21_02_2025-.pdf,2026-09-24 18:50:33Z
2025-02-21,MUDA,outflow_m3s,1,prose,BH033_21_02_2025-.pdf,2026-09-24 18:50:33Z
2025-02-21,MUDA,storage_pct,57.17,prose,BH033_21_02_2025-.pdf,2026-09-24 18:50:33Z
2025-02-25,CAHORA BASSA,outflow_m3s,1453.01,prose,BH035_25_02_2025-.pdf,2026-09-24 18:50:33Z
2025-02-25,CAHORA BASSA,storage_pct,23.54,prose,BH035_25_02_2025-.pdf,2026-09-24 18:50:33Z
2025-02-25,CHICAMBA,outflow_m3s,14.8,prose,BH035_25_02_2025-.pdf,2026-09-24 18:50:33Z
2025-02-25,CHICAMBA,storage_pct,28.99,prose,BH035_25_02_2025-.pdf,2026-09-24 18:50:33Z
2025-02-25,MUDA,outflow_m3s,1,prose,BH035_25_02_2025-.pdf,2026-09-24 18:50:33Z
2025-02-25,MUDA,storage_pct,58.07,prose,BH035_25_02_2025-.pdf,2026-09-24 18:50:33Z
2025-02-26,CAHORA BASSA,outflow_m3s,1452.44,prose,BH036_26_02_2025-.pdf,2026-09-24 18:50:33Z
2025-02-26,CAHORA BASSA,storage_pct,23.74,prose,BH036_26_02_2025-.pdf,2026-09-24 18:50:33Z
2025-02-26,CHICAMBA,outflow_m3s,14.5,prose,BH036_26_02_2025-.pdf,2026-09-24 18:50:33Z
2025-02-26,CHICAMBA,storage_pct,29.07,prose,BH036_26_02_2025-.pdf,2026-09-24 18:50:33Z
2025-02-26,MUDA,outflow_m3s,1,prose,BH036_26_02_2025-.pdf,2026-09-24 18:50:33Z
2025-02-26,MUDA,storage_pct,58.07,prose,BH036_26_02_2025-.pdf,2026-09-24 18:50:33Z
2025-02-27,CAHORA BASSA,outflow_m3s,1455.44,prose,BH037_27_02_2025-.pdf,2026-09-24 18:50:33Z
2025-02-27,CAHORA BASSA,storage_pct,23.97,prose,BH037_27_02_2025-.pdf,2026-09-24 18:50:33Z
2025-02-27,CHICAMBA,outflow_m3s,13.6,prose,BH037_27_02_2025-.pdf,2026-09-24 18:50:33Z
2025-02-27,CHICAMBA,storage_pct,29.12,prose,BH037_27_02_2025-.pdf,2026-09-24 18:50:33Z
2025-02-27,MUDA,outflow_m3s,1,prose,BH037_27_02_2025-.pdf,2026-09-24 18:50:33Z
2025-02-27,MUDA,storage_pct,58.07,prose,BH037_27_02_2025-.pdf,2026-09-24 18:50:33Z
2025-02-28,CAHORA BASSA,outflow_m3s,1452.95,prose,BH038_28_02_2025-.pdf,2026-09-24 18:50:33Z
2025-02-28,CAHORA BASSA,storage_pct,24.18,prose,BH038_28_02_2025-.pdf,2026-09-24 18:50:33Z
2025-02-28,CHICAMBA,outflow_m3s,14.8,prose,BH038_28_02_2025-.pdf,2026-09-24 18:50:33Z
2025-02-28,CHICAMBA,storage_pct,29.2,prose,BH038_28_02_2025-.pdf,2026-09-24 18:50:33Z
2025-02-28,MUDA,outflow_m3s,1,prose,BH038_28_02_2025-.pdf,2026-09-24 18:50:33Z
2025-02-28,MUDA,storage_pct,58.07,prose,BH038_28_02_2025-.pdf,2026-09-24 18:50:33Z
2025-03-03,CAHORA BASSA,outflow_m3s,1456.02,prose,BH039_03_03_2025-.pdf,2026-09-24 18:50:33Z
2025-03-03,CAHORA BASSA,storage_pct,24.78,prose,BH039_03_03_2025-.pdf,2026-09-24 18:50:33Z
2025-03-03,CHICAMBA,outflow_m3s,14.6,prose,BH039_03_03_2025-.pdf,2026-09-24 18:50:33Z
2025-03-03,CHICAMBA,storage_pct,29.63,prose,BH039_03_03_2025-.pdf,2026-09-24 18:50:33Z
2025-03-03,MUDA,outflow_m3s,1,prose,BH039_03_03_2025-.pdf,2026-09-24 18:50:33Z
2025-03-03,MUDA,storage_pct,58.07,prose,BH039_03_03_2025-.pdf,2026-09-24 18:50:33Z
2025-03-04,CAHORA BASSA,outflow_m3s,1318.71,prose,BH040_04_03_2025-.pdf,2026-09-24 18:50:33Z
2025-03-04,CAHORA BASSA,storage_pct,24.99,prose,BH040_04_03_2025-.pdf,2026-09-24 18:50:33Z
2025-03-04,CHICAMBA,outflow_m3s,18.2,prose,BH040_04_03_2025-.pdf,2026-09-24 18:50:33Z
2025-03-04,CHICAMBA,storage_pct,29.79,prose,BH040_04_03_2025-.pdf,2026-09-24 18:50:33Z
2025-03-04,MUDA,outflow_m3s,1,prose,BH040_04_03_2025-.pdf,2026-09-24 18:50:33Z
2025-03-04,MUDA,storage_pct,58.07,prose,BH040_04_03_2025-.pdf,2026-09-24 18:50:33Z
2025-03-05,CAHORA BASSA,outflow_m3s,1405.49,prose,BH041_05_03_2025-.pdf,2026-09-24 18:50:33Z
2025-03-05,CAHORA BASSA,storage_pct,24.99,prose,BH041_05_03_2025-.pdf,2026-09-24 18:50:33Z
2025-03-05,CHICAMBA,outflow_m3s,18.2,prose,BH041_05_03_2025-.pdf,2026-09-24 18:50:33Z
2025-03-05,CHICAMBA,storage_pct,29.89,prose,BH041_05_03_2025-.pdf,2026-09-24 18:50:33Z
2025-03-05,MUDA,outflow_m3s,1,prose,BH041_05_03_2025-.pdf,2026-09-24 18:50:33Z
2025-03-05,MUDA,storage_pct,58.07,prose,BH041_05_03_2025-.pdf,2026-09-24 18:50:33Z
2025-03-06,CAHORA BASSA,outflow_m3s,1451.34,prose,BH042_06_03_2025.pdf,2026-09-24 18:50:33Z
2025-03-06,CAHORA BASSA,storage_pct,25.13,prose,BH042_06_03_2025.pdf,2026-09-24 18:50:33Z
2025-03-06,CHICAMBA,outflow_m3s,16.6,prose,BH042_06_03_2025.pdf,2026-09-24 18:50:33Z
2025-03-06,CHICAMBA,storage_pct,30.05,prose,BH042_06_03_2025.pdf,2026-09-24 18:50:33Z
2025-03-06,MUDA,outflow_m3s,1,prose,BH042_06_03_2025.pdf,2026-09-24 18:50:33Z
2025-03-06,MUDA,storage_pct,58.07,prose,BH042_06_03_2025.pdf,2026-09-24 18:50:33Z
2025-03-07,CAHORA BASSA,outflow_m3s,1449.98,prose,BH043_07_03_2025.pdf,2026-09-24 18:50:33Z
2025-03-07,CAHORA BASSA,storage_pct,25.21,prose,BH043_07_03_2025.pdf,2026-09-24 18:50:33Z
2025-03-07,CHICAMBA,outflow_m3s,17.4,prose,BH043_07_03_2025.pdf,2026-09-24 18:50:33Z
2025-03-07,CHICAMBA,storage_pct,30.07,prose,BH043_07_03_2025.pdf,2026-09-24 18:50:33Z
2025-03-07,MUDA,outflow_m3s,1,prose,BH043_07_03_2025.pdf,2026-09-24 18:50:33Z
2025-03-07,MUDA,storage_pct,58.07,prose,BH043_07_03_2025.pdf,2026-09-24 18:50:33Z
2025-03-10,CAHORA BASSA,outflow_m3s,1431.97,prose,BH044_10_03_2025.pdf,2026-09-24 18:50:33Z
2025-03-10,CAHORA BASSA,storage_pct,25.48,prose,BH044_10_03_2025.pdf,2026-09-24 18:50:33Z
2025-03-10,CHICAMBA,outflow_m3s,14.4,prose,BH044_10_03_2025.pdf,2026-09-24 18:50:33Z
2025-03-10,CHICAMBA,storage_pct,30.17,prose,BH044_10_03_2025.pdf,2026-09-24 18:50:33Z
2025-03-10,MUDA,outflow_m3s,1.5,prose,BH044_10_03_2025.pdf,2026-09-24 18:50:33Z
2025-03-10,MUDA,storage_pct,58.07,prose,BH044_10_03_2025.pdf,2026-09-24 18:50:33Z
2025-03-11,CAHORA BASSA,outflow_m3s,1444.2,prose,BH045_11_03_2025-.pdf,2026-09-24 18:50:33Z
2025-03-11,CAHORA BASSA,storage_pct,25.54,prose,BH045_11_03_2025-.pdf,2026-09-24 18:50:33Z
2025-03-11,CHICAMBA,outflow_m3s,15,prose,BH045_11_03_2025-.pdf,2026-09-24 18:50:33Z
2025-03-11,CHICAMBA,storage_pct,30.17,prose,BH045_11_03_2025-.pdf,2026-09-24 18:50:33Z
2025-03-11,MUDA,outflow_m3s,1.5,prose,BH045_11_03_2025-.pdf,2026-09-24 18:50:33Z
2025-03-11,MUDA,storage_pct,58.97,prose,BH045_11_03_2025-.pdf,2026-09-24 18:50:33Z
2025-03-12,CAHORA BASSA,outflow_m3s,1441.04,prose,BH046_12_03_2025-.pdf,2026-09-24 18:50:33Z
2025-03-12,CAHORA BASSA,storage_pct,25.65,prose,BH046_12_03_2025-.pdf,2026-09-24 18:50:33Z
2025-03-12,CHICAMBA,outflow_m3s,14.8,prose,BH046_12_03_2025-.pdf,2026-09-24 18:50:33Z
2025-03-12,CHICAMBA,storage_pct,30.53,prose,BH046_12_03_2025-.pdf,2026-09-24 18:50:33Z
2025-03-12,MUDA,outflow_m3s,1.5,prose,BH046_12_03_2025-.pdf,2026-09-24 18:50:33Z
2025-03-12,MUDA,storage_pct,59.69,prose,BH046_12_03_2025-.pdf,2026-09-24 18:50:33Z
2025-03-13,CAHORA BASSA,outflow_m3s,1445.17,prose,BH047_13_03_2025-.pdf,2026-09-24 18:50:33Z
2025-03-13,CAHORA BASSA,storage_pct,25.7,prose,BH047_13_03_2025-.pdf,2026-09-24 18:50:33Z
2025-03-13,CHICAMBA,outflow_m3s,14.6,prose,BH047_13_03_2025-.pdf,2026-09-24 18:50:33Z
2025-03-13,CHICAMBA,storage_pct,31.15,prose,BH047_13_03_2025-.pdf,2026-09-24 18:50:33Z
2025-03-13,MUDA,outflow_m3s,1.5,prose,BH047_13_03_2025-.pdf,2026-09-24 18:50:33Z
2025-03-13,MUDA,storage_pct,59.69,prose,BH047_13_03_2025-.pdf,2026-09-24 18:50:33Z
2025-03-14,CAHORA BASSA,outflow_m3s,1451.51,prose,BH048_14_03_2025.pdf,2026-09-24 18:50:33Z
2025-03-14,CAHORA BASSA,storage_pct,25.7,prose,BH048_14_03_2025.pdf,2026-09-24 18:50:33Z
2025-03-14,CHICAMBA,outflow_m3s,14.7,prose,BH048_14_03_2025.pdf,2026-09-24 18:50:33Z
2025-03-14,CHICAMBA,storage_pct,31.49,prose,BH048_14_03_2025.pdf,2026-09-24 18:50:33Z
2025-03-14,MUDA,outflow_m3s,1.5,prose,BH048_14_03_2025.pdf,2026-09-24 18:50:33Z
2025-03-14,MUDA,storage_pct,59.69,prose,BH048_14_03_2025.pdf,2026-09-24 18:50:33Z
2025-03-17,CAHORA BASSA,outflow_m3s,1453.41,prose,BH049_17_03_2025.pdf,2026-09-24 18:50:33Z
2025-03-17,CAHORA BASSA,storage_pct,25.84,prose,BH049_17_03_2025.pdf,2026-09-24 18:50:33Z
2025-03-17,CHICAMBA,outflow_m3s,14.8,prose,BH049_17_03_2025.pdf,2026-09-24 18:50:33Z
2025-03-17,CHICAMBA,storage_pct,31.95,prose,BH049_17_03_2025.pdf,2026-09-24 18:50:33Z
2025-03-17,MUDA,outflow_m3s,1.5,prose,BH049_17_03_2025.pdf,2026-09-24 18:50:33Z
2025-03-17,MUDA,storage_pct,70.05,prose,BH049_17_03_2025.pdf,2026-09-24 18:50:33Z
2025-03-18,CAHORA BASSA,outflow_m3s,1453.05,prose,BH050_18_03_2025.pdf,2026-09-24 18:50:33Z
2025-03-18,CAHORA BASSA,storage_pct,25.84,prose,BH050_18_03_2025.pdf,2026-09-24 18:50:33Z
2025-03-18,CHICAMBA,outflow_m3s,14.6,prose,BH050_18_03_2025.pdf,2026-09-24 18:50:33Z
2025-03-18,CHICAMBA,storage_pct,32.01,prose,BH050_18_03_2025.pdf,2026-09-24 18:50:33Z
2025-03-18,MUDA,outflow_m3s,1.5,prose,BH050_18_03_2025.pdf,2026-09-24 18:50:33Z
2025-03-18,MUDA,storage_pct,70.05,prose,BH050_18_03_2025.pdf,2026-09-24 18:50:33Z
2025-03-19,CAHORA BASSA,outflow_m3s,1451.5,prose,BH051_19_03_2025.pdf,2026-09-24 18:50:33Z
2025-03-19,CAHORA BASSA,storage_pct,25.87,prose,BH051_19_03_2025.pdf,2026-09-24 18:50:33Z
2025-03-19,CHICAMBA,outflow_m3s,15.3,prose,BH051_19_03_2025.pdf,2026-09-24 18:50:33Z
2025-03-19,CHICAMBA,storage_pct,32.14,prose,BH051_19_03_2025.pdf,2026-09-24 18:50:33Z
2025-03-19,MUDA,outflow_m3s,1.5,prose,BH051_19_03_2025.pdf,2026-09-24 18:50:33Z
2025-03-19,MUDA,storage_pct,72.13,prose,BH051_19_03_2025.pdf,2026-09-24 18:50:33Z
2025-03-20,CAHORA BASSA,outflow_m3s,1415.65,prose,BH052_20_03_2025-2.pdf,2026-09-24 18:50:33Z
2025-03-20,CAHORA BASSA,storage_pct,25.9,prose,BH052_20_03_2025-2.pdf,2026-09-24 18:50:33Z
2025-03-20,CHICAMBA,outflow_m3s,15.1,prose,BH052_20_03_2025-2.pdf,2026-09-24 18:50:33Z
2025-03-20,CHICAMBA,storage_pct,32.2,prose,BH052_20_03_2025-2.pdf,2026-09-24 18:50:33Z
2025-03-20,MUDA,outflow_m3s,1.5,prose,BH052_20_03_2025-2.pdf,2026-09-24 18:50:33Z
2025-03-20,MUDA,storage_pct,72.13,prose,BH052_20_03_2025-2.pdf,2026-09-24 18:50:33Z
2025-03-24,CAHORA BASSA,outflow_m3s,1407.23,prose,BH053_24_03_2025.pdf,2026-09-24 18:50:33Z
2025-03-24,CAHORA BASSA,storage_pct,26.01,prose,BH053_24_03_2025.pdf,2026-09-24 18:50:33Z
2025-03-24,CHICAMBA,outflow_m3s,14.4,prose,BH053_24_03_2025.pdf,2026-09-24 18:50:33Z
2025-03-24,CHICAMBA,storage_pct,32.61,prose,BH053_24_03_2025.pdf,2026-09-24 18:50:33Z
2025-03-24,MUDA,outflow_m3s,1.5,prose,BH053_24_03_2025.pdf,2026-09-24 18:50:33Z
2025-03-24,MUDA,storage_pct,72.13,prose,BH053_24_03_2025.pdf,2026-09-24 18:50:33Z
2025-03-25,CAHORA BASSA,outflow_m3s,1426.71,prose,BH054_25_03_2025.pdf,2026-09-24 18:50:33Z
2025-03-25,CAHORA BASSA,storage_pct,25.98,prose,BH054_25_03_2025.pdf,2026-09-24 18:50:33Z
2025-03-25,CHICAMBA,outflow_m3s,14.5,prose,BH054_25_03_2025.pdf,2026-09-24 18:50:33Z
2025-03-25,CHICAMBA,storage_pct,32.8,prose,BH054_25_03_2025.pdf,2026-09-24 18:50:33Z
2025-03-25,MUDA,outflow_m3s,1.5,prose,BH054_25_03_2025.pdf,2026-09-24 18:50:33Z
2025-03-25,MUDA,storage_pct,72.13,prose,BH054_25_03_2025.pdf,2026-09-24 18:50:33Z
2025-03-26,CAHORA BASSA,outflow_m3s,1468.04,prose,BH055_26_03_2025.pdf,2026-09-24 18:50:33Z
2025-03-26,CAHORA BASSA,storage_pct,26.03,prose,BH055_26_03_2025.pdf,2026-09-24 18:50:33Z
2025-03-26,CHICAMBA,outflow_m3s,14.5,prose,BH055_26_03_2025.pdf,2026-09-24 18:50:33Z
2025-03-26,CHICAMBA,storage_pct,32.8,prose,BH055_26_03_2025.pdf,2026-09-24 18:50:33Z
2025-03-26,MUDA,outflow_m3s,1.5,prose,BH055_26_03_2025.pdf,2026-09-24 18:50:33Z
2025-03-26,MUDA,storage_pct,72.13,prose,BH055_26_03_2025.pdf,2026-09-24 18:50:33Z
2025-03-27,CAHORA BASSA,outflow_m3s,1471.39,prose,BH056_27_03_2025.pdf,2026-09-24 18:51:51Z
2025-03-27,CAHORA BASSA,storage_pct,26.01,prose,BH056_27_03_2025.pdf,2026-09-24 18:51:51Z
2025-03-27,CHICAMBA,outflow_m3s,14.6,prose,BH056_27_03_2025.pdf,2026-09-24 18:51:51Z
2025-03-27,CHICAMBA,storage_pct,32.85,prose,BH056_27_03_2025.pdf,2026-09-24 18:51:51Z
2025-03-27,MUDA,outflow_m3s,1.5,prose,BH056_27_03_2025.pdf,2026-09-24 18:51:51Z
2025-03-27,MUDA,storage_pct,72.13,prose,BH056_27_03_2025.pdf,2026-09-24 18:51:51Z
2025-03-28,CAHORA BASSA,outflow_m3s,1468.49,prose,BH057_28_03_2025.pdf,2026-09-24 18:51:51Z
2025-03-28,CAHORA BASSA,storage_pct,26.01,prose,BH057_28_03_2025.pdf,2026-09-24 18:51:51Z
2025-03-28,CHICAMBA,outflow_m3s,14.4,prose,BH057_28_03_2025.pdf,2026-09-24 18:51:51Z
2025-03-28,CHICAMBA,storage_pct,32.91,prose,BH057_28_03_2025.pdf,2026-09-24 18:51:51Z
2025-03-28,MUDA,outflow_m3s,1.5,prose,BH057_28_03_2025.pdf,2026-09-24 18:51:51Z
2025-03-28,MUDA,storage_pct,72.13,prose,BH057_28_03_2025.pdf,2026-09-24 18:51:51Z
2025-03-31,CAHORA BASSA,outflow_m3s,1024.53,prose,BH058_31_03_2025.pdf,2026-09-24 18:51:51Z
2025-03-31,CAHORA BASSA,storage_pct,25.98,prose,BH058_31_03_2025.pdf,2026-09-24 18:51:51Z
2025-03-31,CHICAMBA,outflow_m3s,33.5,prose,BH058_31_03_2025.pdf,2026-09-24 18:51:51Z
2025-03-31,CHICAMBA,storage_pct,32.91,prose,BH058_31_03_2025.pdf,2026-09-24 18:51:51Z
2025-03-31,MUDA,outflow_m3s,1.5,prose,BH058_31_03_2025.pdf,2026-09-24 18:51:51Z
2025-03-31,MUDA,storage_pct,72.13,prose,BH058_31_03_2025.pdf,2026-09-24 18:51:51Z
2025-04-01,CAHORA BASSA,outflow_m3s,1456.21,prose,BH059_01_04_2025.pdf,2026-09-24 18:51:51Z
2025-04-01,CAHORA BASSA,storage_pct,26.01,prose,BH059_01_04_2025.pdf,2026-09-24 18:51:51Z
2025-04-01,CHICAMBA,outflow_m3s,14.6,prose,BH059_01_04_2025.pdf,2026-09-24 18:51:51Z
2025-04-01,CHICAMBA,storage_pct,32.88,prose,BH059_01_04_2025.pdf,2026-09-24 18:51:51Z
2025-04-01,MUDA,outflow_m3s,1.5,prose,BH059_01_04_2025.pdf,2026-09-24 18:51:51Z
2025-04-01,MUDA,storage_pct,72.13,prose,BH059_01_04_2025.pdf,2026-09-24 18:51:51Z
2025-04-02,CAHORA BASSA,outflow_m3s,14562.9,prose,BH060_02_04_2025.pdf,2026-09-24 18:51:51Z
2025-04-02,CAHORA BASSA,storage_pct,25.95,prose,BH060_02_04_2025.pdf,2026-09-24 18:51:51Z
2025-04-02,CHICAMBA,outflow_m3s,17.6,prose,BH060_02_04_2025.pdf,2026-09-24 18:51:51Z
2025-04-02,CHICAMBA,storage_pct,32.88,prose,BH060_02_04_2025.pdf,2026-09-24 18:51:51Z
2025-04-02,MUDA,outflow_m3s,1.5,prose,BH060_02_04_2025.pdf,2026-09-24 18:51:51Z
2025-04-02,MUDA,storage_pct,72.13,prose,BH060_02_04_2025.pdf,2026-09-24 18:51:51Z
2025-04-03,CAHORA BASSA,outflow_m3s,1467.76,prose,BH061_03_04_2025.pdf,2026-09-24 18:51:51Z
2025-04-03,CAHORA BASSA,storage_pct,25.92,prose,BH061_03_04_2025.pdf,2026-09-24 18:51:51Z
2025-04-03,CHICAMBA,outflow_m3s,14.6,prose,BH061_03_04_2025.pdf,2026-09-24 18:51:51Z
2025-04-03,CHICAMBA,storage_pct,32.82,prose,BH061_03_04_2025.pdf,2026-09-24 18:51:51Z
2025-04-03,MUDA,outflow_m3s,1.5,prose,BH061_03_04_2025.pdf,2026-09-24 18:51:51Z
2025-04-03,MUDA,storage_pct,72.13,prose,BH061_03_04_2025.pdf,2026-09-24 18:51:51Z
2025-04-04,CAHORA BASSA,outflow_m3s,1464.14,prose,BH062_04_04_2025.pdf,2026-09-24 18:51:51Z
2025-04-04,CAHORA BASSA,storage_pct,25.92,prose,BH062_04_04_2025.pdf,2026-09-24 18:51:51Z
2025-04-04,CHICAMBA,outflow_m3s,17.7,prose,BH062_04_04_2025.pdf,2026-09-24 18:51:51Z
2025-04-04,CHICAMBA,storage_pct,32.8,prose,BH062_04_04_2025.pdf,2026-09-24 18:51:51Z
2025-04-04,MUDA,outflow_m3s,1.5,prose,BH062_04_04_2025.pdf,2026-09-24 18:51:51Z
2025-04-04,MUDA,storage_pct,72.13,prose,BH062_04_04_2025.pdf,2026-09-24 18:51:51Z
2025-04-08,CAHORA BASSA,outflow_m3s,1472.21,prose,BH063_08_04_2025.pdf,2026-09-24 18:51:51Z
2025-04-08,CAHORA BASSA,storage_pct,25.7,prose,BH063_08_04_2025.pdf,2026-09-24 18:51:51Z
2025-04-08,CHICAMBA,outflow_m3s,14.3,prose,BH063_08_04_2025.pdf,2026-09-24 18:51:51Z
2025-04-08,CHICAMBA,storage_pct,32.72,prose,BH063_08_04_2025.pdf,2026-09-24 18:51:51Z
2025-04-08,MUDA,outflow_m3s,1.5,prose,BH063_08_04_2025.pdf,2026-09-24 18:51:51Z
2025-04-08,MUDA,storage_pct,72.13,prose,BH063_08_04_2025.pdf,2026-09-24 18:51:51Z
2025-04-09,CAHORA BASSA,outflow_m3s,1471.43,prose,BH064_09_04_2025.pdf,2026-09-24 18:51:51Z
2025-04-09,CAHORA BASSA,storage_pct,25.62,prose,BH064_09_04_2025.pdf,2026-09-24 18:51:51Z
2025-04-09,CHICAMBA,outflow_m3s,17.4,prose,BH064_09_04_2025.pdf,2026-09-24 18:51:51Z
2025-04-09,CHICAMBA,storage_pct,32.69,prose,BH064_09_04_2025.pdf,2026-09-24 18:51:51Z
2025-04-09,MUDA,outflow_m3s,1.5,prose,BH064_09_04_2025.pdf,2026-09-24 18:51:51Z
2025-04-09,MUDA,storage_pct,72.13,prose,BH064_09_04_2025.pdf,2026-09-24 18:51:51Z
2025-04-10,CAHORA BASSA,outflow_m3s,1472.11,prose,BH065_10_04_2025.pdf,2026-09-24 18:51:51Z
2025-04-10,CAHORA BASSA,storage_pct,25.54,prose,BH065_10_04_2025.pdf,2026-09-24 18:51:51Z
2025-04-10,CHICAMBA,outflow_m3s,15.6,prose,BH065_10_04_2025.pdf,2026-09-24 18:51:51Z
2025-04-10,CHICAMBA,storage_pct,32.66,prose,BH065_10_04_2025.pdf,2026-09-24 18:51:51Z
2025-04-10,MUDA,outflow_m3s,1.5,prose,BH065_10_04_2025.pdf,2026-09-24 18:51:51Z
2025-04-10,MUDA,storage_pct,72.13,prose,BH065_10_04_2025.pdf,2026-09-24 18:51:51Z
2025-04-11,CAHORA BASSA,outflow_m3s,1473.45,prose,BH066_11_04_2025.pdf,2026-09-24 18:51:51Z
2025-04-11,CAHORA BASSA,storage_pct,25.46,prose,BH066_11_04_2025.pdf,2026-09-24 18:51:51Z
2025-04-11,CHICAMBA,outflow_m3s,14.8,prose,BH066_11_04_2025.pdf,2026-09-24 18:51:51Z
2025-04-11,CHICAMBA,storage_pct,32.63,prose,BH066_11_04_2025.pdf,2026-09-24 18:51:51Z
2025-04-11,MUDA,outflow_m3s,1.5,prose,BH066_11_04_2025.pdf,2026-09-24 18:51:51Z
2025-04-11,MUDA,storage_pct,72.13,prose,BH066_11_04_2025.pdf,2026-09-24 18:51:51Z
2025-04-14,CAHORA BASSA,outflow_m3s,1467.52,prose,BH067_14_04_2025.pdf,2026-09-24 18:51:51Z
2025-04-14,CAHORA BASSA,storage_pct,25.29,prose,BH067_14_04_2025.pdf,2026-09-24 18:51:51Z
2025-04-14,CHICAMBA,outflow_m3s,14.5,prose,BH067_14_04_2025.pdf,2026-09-24 18:51:51Z
2025-04-14,CHICAMBA,storage_pct,33.18,prose,BH067_14_04_2025.pdf,2026-09-24 18:51:51Z
2025-04-14,MUDA,outflow_m3s,1.5,prose,BH067_14_04_2025.pdf,2026-09-24 18:51:51Z
2025-04-14,MUDA,storage_pct,72.13,prose,BH067_14_04_2025.pdf,2026-09-24 18:51:51Z
2025-04-15,CAHORA BASSA,outflow_m3s,1391.61,prose,BH068_15_04_2025.pdf,2026-09-24 18:51:51Z
2025-04-15,CAHORA BASSA,storage_pct,25.27,prose,BH068_15_04_2025.pdf,2026-09-24 18:51:51Z
2025-04-15,CHICAMBA,outflow_m3s,14.3,prose,BH068_15_04_2025.pdf,2026-09-24 18:51:51Z
2025-04-15,CHICAMBA,storage_pct,33.18,prose,BH068_15_04_2025.pdf,2026-09-24 18:51:51Z
2025-04-15,MUDA,outflow_m3s,1.5,prose,BH068_15_04_2025.pdf,2026-09-24 18:51:51Z
2025-04-15,MUDA,storage_pct,72.13,prose,BH068_15_04_2025.pdf,2026-09-24 18:51:51Z
2025-04-16,CAHORA BASSA,outflow_m3s,1391.61,prose,BH069_16_04_2025.pdf,2026-09-24 18:51:51Z
2025-04-16,CAHORA BASSA,storage_pct,25.27,prose,BH069_16_04_2025.pdf,2026-09-24 18:51:51Z
2025-04-16,CHICAMBA,outflow_m3s,14.3,prose,BH069_16_04_2025.pdf,2026-09-24 18:51:51Z
2025-04-16,CHICAMBA,storage_pct,33.18,prose,BH069_16_04_2025.pdf,2026-09-24 18:51:51Z
2025-04-16,MUDA,outflow_m3s,1.5,prose,BH069_16_04_2025.pdf,2026-09-24 18:51:51Z
2025-04-16,MUDA,storage_pct,72.13,prose,BH069_16_04_2025.pdf,2026-09-24 18:51:51Z
2025-04-17,CAHORA BASSA,outflow_m3s,1465.99,prose,BH070_17_04_2025.pdf,2026-09-24 18:51:51Z
2025-04-17,CAHORA BASSA,storage_pct,25.21,prose,BH070_17_04_2025.pdf,2026-09-24 18:51:51Z
2025-04-17,CHICAMBA,outflow_m3s,9.9,prose,BH070_17_04_2025.pdf,2026-09-24 18:51:51Z
2025-04-17,CHICAMBA,storage_pct,33.31,prose,BH070_17_04_2025.pdf,2026-09-24 18:51:51Z
2025-04-17,MUDA,outflow_m3s,1.5,prose,BH070_17_04_2025.pdf,2026-09-24 18:51:51Z
2025-04-17,MUDA,storage_pct,72.13,prose,BH070_17_04_2025.pdf,2026-09-24 18:51:51Z
2025-04-21,CAHORA BASSA,outflow_m3s,1446.69,prose,BH071_21_04_2025.pdf,2026-09-24 18:51:51Z
2025-04-21,CAHORA BASSA,storage_pct,25.27,prose,BH071_21_04_2025.pdf,2026-09-24 18:51:51Z
2025-04-21,CHICAMBA,outflow_m3s,9.9,prose,BH071_21_04_2025.pdf,2026-09-24 18:51:51Z
2025-04-21,CHICAMBA,storage_pct,33.75,prose,BH071_21_04_2025.pdf,2026-09-24 18:51:51Z
2025-04-21,MUDA,outflow_m3s,1.5,prose,BH071_21_04_2025.pdf,2026-09-24 18:51:51Z
2025-04-21,MUDA,storage_pct,72.13,prose,BH071_21_04_2025.pdf,2026-09-24 18:51:51Z
2025-04-22,CAHORA BASSA,outflow_m3s,1446.69,prose,BH072_22_04_2025.pdf,2026-09-24 18:51:51Z
2025-04-22,CAHORA BASSA,storage_pct,25.21,prose,BH072_22_04_2025.pdf,2026-09-24 18:51:51Z
2025-04-22,CHICAMBA,outflow_m3s,14.4,prose,BH072_22_04_2025.pdf,2026-09-24 18:51:51Z
2025-04-22,CHICAMBA,storage_pct,33.86,prose,BH072_22_04_2025.pdf,2026-09-24 18:51:51Z
2025-04-22,MUDA,outflow_m3s,2.2,prose,BH072_22_04_2025.pdf,2026-09-24 18:51:51Z
2025-04-22,MUDA,storage_pct,74.03,prose,BH072_22_04_2025.pdf,2026-09-24 18:51:51Z
2025-04-23,CHICAMBA,outflow_m3s,13.1,prose,BH073_23_04_2025.pdf,2026-09-24 18:51:51Z
2025-04-23,CHICAMBA,storage_pct,33.86,prose,BH073_23_04_2025.pdf,2026-09-24 18:51:51Z
2025-04-23,MUDA,outflow_m3s,2.2,prose,BH073_23_04_2025.pdf,2026-09-24 18:51:51Z
2025-04-23,MUDA,storage_pct,74.03,prose,BH073_23_04_2025.pdf,2026-09-24 18:51:51Z
2025-04-24,CAHORA BASSA,outflow_m3s,1459,prose,BH074_24_04_2025.pdf,2026-09-24 18:51:51Z
2025-04-24,CAHORA BASSA,storage_pct,25.07,prose,BH074_24_04_2025.pdf,2026-09-24 18:51:51Z
2025-04-24,CHICAMBA,outflow_m3s,14.4,prose,BH074_24_04_2025.pdf,2026-09-24 18:51:51Z
2025-04-24,CHICAMBA,storage_pct,33.89,prose,BH074_24_04_2025.pdf,2026-09-24 18:51:51Z
2025-04-24,MUDA,outflow_m3s,2.2,prose,BH074_24_04_2025.pdf,2026-09-24 18:51:51Z
2025-04-24,MUDA,storage_pct,74.03,prose,BH074_24_04_2025.pdf,2026-09-24 18:51:51Z
2025-04-25,CAHORA BASSA,outflow_m3s,1472.62,prose,BH075_25_04_2025.pdf,2026-09-24 18:51:51Z
2025-04-25,CAHORA BASSA,storage_pct,24.99,prose,BH075_25_04_2025.pdf,2026-09-24 18:51:51Z
2025-04-25,CHICAMBA,outflow_m3s,14.3,prose,BH075_25_04_2025.pdf,2026-09-24 18:51:51Z
2025-04-25,CHICAMBA,storage_pct,33.94,prose,BH075_25_04_2025.pdf,2026-09-24 18:51:51Z
2025-04-25,MUDA,outflow_m3s,2.2,prose,BH075_25_04_2025.pdf,2026-09-24 18:51:51Z
2025-04-25,MUDA,storage_pct,74.03,prose,BH075_25_04_2025.pdf,2026-09-24 18:51:51Z
2025-04-28,CAHORA BASSA,outflow_m3s,1475.25,prose,BH076_28_04_2025.pdf,2026-09-24 18:51:51Z
2025-04-28,CAHORA BASSA,storage_pct,24.91,prose,BH076_28_04_2025.pdf,2026-09-24 18:51:51Z
2025-04-28,CHICAMBA,outflow_m3s,29.3,prose,BH076_28_04_2025.pdf,2026-09-24 18:51:51Z
2025-04-28,CHICAMBA,storage_pct,33.91,prose,BH076_28_04_2025.pdf,2026-09-24 18:51:51Z
2025-04-28,MUDA,outflow_m3s,2.2,prose,BH076_28_04_2025.pdf,2026-09-24 18:51:51Z
2025-04-28,MUDA,storage_pct,74.03,prose,BH076_28_04_2025.pdf,2026-09-24 18:51:51Z
2025-04-29,CAHORA BASSA,outflow_m3s,1303.88,prose,BH077_29_04_2025.pdf,2026-09-24 18:51:51Z
2025-04-29,CAHORA BASSA,storage_pct,24.78,prose,BH077_29_04_2025.pdf,2026-09-24 18:51:51Z
2025-04-29,CHICAMBA,outflow_m3s,14.6,prose,BH077_29_04_2025.pdf,2026-09-24 18:51:51Z
2025-04-29,CHICAMBA,storage_pct,33.91,prose,BH077_29_04_2025.pdf,2026-09-24 18:51:51Z
2025-04-29,MUDA,outflow_m3s,2.2,prose,BH077_29_04_2025.pdf,2026-09-24 18:51:51Z
2025-04-29,MUDA,storage_pct,74.03,prose,BH077_29_04_2025.pdf,2026-09-24 18:51:51Z
2025-04-30,CAHORA BASSA,outflow_m3s,1471.52,prose,BH078_30_04_2025.pdf,2026-09-24 18:51:51Z
2025-04-30,CAHORA BASSA,storage_pct,24.72,prose,BH078_30_04_2025.pdf,2026-09-24 18:51:51Z
2025-04-30,CHICAMBA,outflow_m3s,14.2,prose,BH078_30_04_2025.pdf,2026-09-24 18:51:51Z
2025-04-30,CHICAMBA,storage_pct,33.91,prose,BH078_30_04_2025.pdf,2026-09-24 18:51:51Z
2025-04-30,MUDA,outflow_m3s,2.2,prose,BH078_30_04_2025.pdf,2026-09-24 18:51:51Z
2025-04-30,MUDA,storage_pct,73.16,prose,BH078_30_04_2025.pdf,2026-09-24 18:51:51Z
